row_id,benchmark_score,nmf_score,svd_score,nmf_percentile,svd_percentile,rank
9789,1.0,0.3053859572437738,6.923739452176246,1.0,1.0,1
2020,0.9999,0.29871838990634453,6.772571731692674,0.9999,0.9999,2
2839,0.9998,0.29783149564848704,6.752463980771722,0.9998,0.9998,3
2309,0.9997,0.2965465812143289,6.723332278578259,0.9997,0.9997,4
8243,0.9996,0.2962837996003263,6.717374468846085,0.9996,0.9996,5
2004,0.9995,0.29563389486828096,6.702639766982072,0.9995,0.9995,6
6662,0.9994,0.29528736940332856,6.694783308700481,0.9994,0.9994,7
7097,0.9993,0.2950616382551096,6.6896655106507525,0.9993,0.9993,8
3208,0.9992,0.29343828868156313,6.652860774805427,0.9992,0.9992,9
3421,0.9991,0.29256774151771553,6.633123646754117,0.9991,0.9991,10
4370,0.999,0.2922807150082376,6.626616154445754,0.999,0.999,11
4987,0.9989,0.2917746211162548,6.61514194561943,0.9989,0.9989,12
8821,0.9988,0.29149326268895953,6.608762960609983,0.9988,0.9988,13
8106,0.9987,0.2912343936272022,6.602893856633672,0.9987,0.9987,14
7160,0.9986,0.29110600828034927,6.599983091846338,0.9986,0.9986,15
3690,0.9985,0.2910924426734074,6.5996755311154365,0.9985,0.9985,16
5905,0.9984,0.2905006414325802,6.586258157127744,0.9984,0.9984,17
8222,0.9983,0.29045393133878733,6.585199141440638,0.9983,0.9983,18
7767,0.9982,0.29019010610097484,6.579217670571151,0.9982,0.9982,19
4679,0.9981,0.2892492087429195,6.557885556228603,0.9981,0.9981,20
2704,0.998,0.28911981512981116,6.554951931932286,0.998,0.998,21
1881,0.9979,0.28884390237118507,6.548696411640576,0.9979,0.9979,22
2643,0.9978,0.288826414323412,6.548299920960254,0.9978,0.9978,23
9213,0.9977,0.28878175061267436,6.547287301063459,0.9977,0.9977,24
1124,0.9976,0.2885696470592433,6.5424784691384605,0.9976,0.9976,25
2895,0.9975,0.28838839793343723,6.538369171729158,0.9975,0.9975,26
6126,0.9974,0.28810349559492887,6.531909838827691,0.9974,0.9974,27
9976,0.9973,0.2880574629330326,6.5308661819413265,0.9973,0.9973,28
4526,0.9972,0.28796814842629964,6.528841234954744,0.9972,0.9972,29
8070,0.9971,0.28792495427839515,6.527861933127872,0.9971,0.9971,30
7897,0.997,0.2877946739407208,6.524908204927741,0.997,0.997,31
7431,0.9969,0.28778168877734916,6.52461380406897,0.9969,0.9969,32
8332,0.9968,0.28770038316059005,6.522770435397116,0.9968,0.9968,33
6190,0.9967,0.28734466640166767,6.514705591225108,0.9967,0.9967,34
4963,0.9966,0.2871966902235959,6.511350661249409,0.9966,0.9966,35
3224,0.9965,0.2869416479903419,6.5055683194929905,0.9965,0.9965,36
3506,0.9964,0.28693274835581484,6.505366546133161,0.9964,0.9964,37
1113,0.9963,0.28685345353213004,6.503568766353386,0.9963,0.9963,38
9690,0.9962,0.28671199967494926,6.50036171105712,0.9962,0.9962,39
3195,0.9961,0.28663331533239744,6.498577772162462,0.9961,0.9961,40
4379,0.996,0.2865740697633917,6.497234550990429,0.996,0.996,41
8586,0.9959,0.2862812422138973,6.490595536952455,0.9959,0.9959,42
3401,0.9958,0.28626515951759524,6.490230908532193,0.9958,0.9958,43
9553,0.9957,0.2862306439678848,6.489448368708621,0.9957,0.9957,44
1319,0.9956,0.2862254336876993,6.489330240741194,0.9956,0.9956,45
7081,0.9955,0.286199128951374,6.488733857259274,0.9955,0.9955,46
4320,0.9954,0.2861100667986458,6.486714631665768,0.9954,0.9954,47
1548,0.9953,0.28580293856675854,6.4797513911978015,0.9953,0.9953,48
253,0.9952,0.2857789128095613,6.479206676945501,0.9952,0.9952,49
8464,0.9951,0.2857374517427523,6.478266667698224,0.9951,0.9951,50
1045,0.995,0.2855332190645539,6.473636285004097,0.995,0.995,51
8481,0.9949,0.28535457997371383,6.469586162555446,0.9949,0.9949,52
6973,0.9948,0.2852691955861301,6.467650319603726,0.9948,0.9948,53
7687,0.9947,0.28517738301222256,6.46556873620059,0.9947,0.9947,54
9823,0.9946,0.2851179288850051,6.464220786576107,0.9946,0.9946,55
7406,0.9945,0.2850880009581437,6.463542257773661,0.9945,0.9945,56
3183,0.9944,0.28491424370374685,6.459602816784945,0.9944,0.9944,57
8552,0.9943,0.2847569683359141,6.456037054696101,0.9943,0.9943,58
6422,0.9942,0.28475275912427744,6.455941623049222,0.9942,0.9942,59
3264,0.9941,0.28474791509031966,6.455831798650644,0.9941,0.9941,60
9629,0.994,0.2847460053906291,6.455788501758125,0.994,0.994,61
5421,0.9939,0.2845030074102048,6.4502792284463055,0.9939,0.9939,62
6236,0.9938,0.28438950619132225,6.44770591802355,0.9938,0.9938,63
3239,0.9937,0.28394641352475597,6.437660078966519,0.9937,0.9937,64
6502,0.9936,0.2839424266468871,6.437569688093366,0.9936,0.9936,65
32,0.9935,0.28369237848233086,6.431900572336737,0.9935,0.9935,66
5808,0.9934,0.2835586837053487,6.428869431644334,0.9934,0.9934,67
5727,0.9933,0.2835502452121302,6.428678113323111,0.9933,0.9933,68
9708,0.9932,0.28353966359729904,6.428438205945891,0.9932,0.9932,69
3518,0.9931,0.28353195806215054,6.428263505320554,0.9931,0.9931,70
3804,0.993,0.28345185788379795,6.42644746646368,0.993,0.993,71
8762,0.9929,0.28339604439385185,6.425182057713381,0.9929,0.9929,72
7188,0.9928,0.28330613571509133,6.423143639602253,0.9928,0.9928,73
7559,0.9927,0.28315389702109894,6.419692069459811,0.9927,0.9927,74
6162,0.9926,0.2831355989721618,6.419277214354921,0.9926,0.9926,75
3695,0.9925,0.28297432664562816,6.415620832837766,0.9925,0.9925,76
1336,0.9924,0.28286412375029907,6.413122302318905,0.9924,0.9924,77
342,0.9923,0.28285073313852216,6.412818709095971,0.9923,0.9923,78
3965,0.9922,0.2827933030891754,6.411516649558505,0.9922,0.9922,79
8763,0.9921,0.2827718516892748,6.411030301381437,0.9921,0.9921,80
8264,0.992,0.28252411507055725,6.40541359321197,0.992,0.992,81
6706,0.9919,0.28251211251833575,6.405141470207174,0.9919,0.9919,82
1381,0.9918,0.28248584023232254,6.4045458224408,0.9918,0.9918,83
5296,0.9917,0.2824225502299674,6.403110905491192,0.9917,0.9917,84
6679,0.9916,0.2823915035486088,6.402407012180087,0.9916,0.9916,85
9472,0.9915,0.2823478105172693,6.401416399619088,0.9915,0.9915,86
6839,0.9914,0.2822747384280311,6.399759702267198,0.9914,0.9914,87
460,0.9913,0.2822601541368304,6.399429045830043,0.9913,0.9913,88
4612,0.9912,0.2818939785170293,6.391127077369976,0.9912,0.9912,89
6152,0.9911,0.2817676400842319,6.388262720412536,0.9911,0.9911,90
854,0.991,0.28170290619226723,6.386795067460008,0.991,0.991,91
5861,0.9909,0.2815748703153211,6.383892225885792,0.9909,0.9909,92
7940,0.9908,0.2815426272786039,6.383161208693442,0.9908,0.9908,93
3656,0.9907,0.281508879737316,6.382396081228991,0.9907,0.9907,94
6610,0.9906,0.28148744978739254,6.381910219367027,0.9906,0.9906,95
7284,0.9905,0.2814571179256708,6.381222532516102,0.9905,0.9905,96
9450,0.9904,0.2813743391382888,6.379345763979259,0.9904,0.9904,97
3832,0.9903,0.2811926845578949,6.375227274064151,0.9903,0.9903,98
7618,0.9902,0.28118732080031306,6.375105666442482,0.9902,0.9902,99
7997,0.9901,0.28114975351041166,6.374253937274818,0.9901,0.9901,100
9153,0.99,0.2810969895208029,6.373057667086008,0.99,0.99,101
371,0.9899,0.28106478574257526,6.372327539964666,0.9899,0.9899,102
9852,0.9898,0.281040121219916,6.371768343563503,0.9898,0.9898,103
7356,0.9897,0.28080671471972146,6.366476529203007,0.9897,0.9897,104
57,0.9896,0.28075171768002755,6.365229631091238,0.9896,0.9896,105
6811,0.9895,0.28070276568813657,6.3641197868783035,0.9895,0.9895,106
6418,0.9894,0.28046965927074524,6.358834776024058,0.9894,0.9894,107
485,0.9893,0.2803895496049424,6.357018522065507,0.9893,0.9893,108
7724,0.9892,0.2803354386561336,6.355791713490069,0.9892,0.9892,109
6822,0.9891,0.2802383011521159,6.353589402766364,0.9891,0.9891,110
4425,0.989,0.28018462180249165,6.352372379449133,0.989,0.989,111
8506,0.9889,0.28012787156297053,6.351085732624017,0.9889,0.9889,112
6726,0.9888,0.28012773925825424,6.351082732999609,0.9888,0.9888,113
1127,0.9887,0.2801160653839521,6.350818061810187,0.9887,0.9887,114
5733,0.9886,0.28008751212748323,6.350170699666003,0.9886,0.9886,115
2628,0.9885,0.2800359988249587,6.349002785174344,0.9885,0.9885,116
9330,0.9884,0.27998998483462545,6.347959551611186,0.9884,0.9884,117
9222,0.9883,0.2799383442761121,6.346788751959902,0.9883,0.9883,118
3265,0.9882,0.2797366471699713,6.342215855996552,0.9882,0.9882,119
6661,0.9881,0.27968343436734494,6.341009410276664,0.9881,0.9881,120
9638,0.988,0.2796258377805222,6.339703574985693,0.988,0.988,121
8484,0.9879,0.27956768101177143,6.338385039195959,0.9879,0.9879,122
4736,0.9878,0.2795397065901144,6.337750800449056,0.9878,0.9878,123
2158,0.9877,0.2795388440905585,6.337731245778119,0.9877,0.9877,124
909,0.9876,0.2795055604910603,6.336976636846107,0.9876,0.9876,125
5048,0.9875,0.2794539032198838,6.335805458282147,0.9875,0.9875,126
1908,0.9874,0.2794209043096708,6.335057303854549,0.9874,0.9874,127
5154,0.9873,0.27933076143032165,6.333013575924849,0.9873,0.9873,128
8946,0.9872,0.2792698062520779,6.331631594329438,0.9872,0.9872,129
6708,0.9871,0.279208722143229,6.330246689606358,0.9871,0.9871,130
2876,0.987,0.2791697160658433,6.329362340112474,0.987,0.987,131
8708,0.9869,0.27916233090674764,6.329194903083433,0.9869,0.9869,132
7377,0.9868,0.2791017978413176,6.327822491669494,0.9868,0.9868,133
9911,0.9867,0.27901068923666,6.325756868723759,0.9867,0.9867,134
1427,0.9866,0.27889712592470534,6.323182150521245,0.9866,0.9866,135
875,0.9865,0.2787598884413669,6.320070689252897,0.9865,0.9865,136
5245,0.9864,0.2787288842568054,6.31936775943293,0.9864,0.9864,137
9862,0.9863,0.27868275417625554,6.318321893861465,0.9863,0.9863,138
9625,0.9862,0.2786209580260028,6.316920845668428,0.9862,0.9862,139
4089,0.9861,0.2785688473971732,6.315739388538892,0.9861,0.9861,140
1430,0.986,0.27834659837238135,6.310700537521912,0.986,0.986,141
5837,0.9859,0.2782940010114523,6.3095080451541135,0.9859,0.9859,142
2650,0.9858,0.2782848843163082,6.309301350575735,0.9858,0.9858,143
4610,0.9857,0.27826378310781763,6.308822941971996,0.9857,0.9857,144
7975,0.9856,0.27825523102307276,6.308629048293837,0.9856,0.9856,145
2421,0.9855,0.2782118195761771,6.307644819842343,0.9855,0.9855,146
2788,0.9854,0.27819343745691094,6.3072280586867615,0.9854,0.9854,147
9724,0.9853,0.2781832397924769,6.306996856269833,0.9853,0.9853,148
7419,0.9852,0.2781692411690159,6.306679478147585,0.9852,0.9852,149
4644,0.9851,0.2780284375291134,6.303487164639293,0.9851,0.9851,150
5855,0.985,0.2779670120942509,6.302094521340806,0.985,0.985,151
3209,0.9849,0.27791850075851204,6.300994667724501,0.9849,0.9849,152
4833,0.9848,0.2779049829893038,6.300688191575981,0.9848,0.9848,153
9190,0.9847,0.2778203470853993,6.2987693183188425,0.9847,0.9847,154
9640,0.9846,0.27775927418442387,6.297384667701798,0.9846,0.9846,155
5739,0.9845,0.2777346939896657,6.296827383189763,0.9845,0.9845,156
3066,0.9844,0.27767557931112236,6.2954871295785875,0.9844,0.9844,157
629,0.9843,0.2776604759155935,6.295144703958642,0.9843,0.9843,158
7821,0.9842,0.27758585636763455,6.293452922475557,0.9842,0.9842,159
2452,0.9841,0.2775635599619843,6.292947416246218,0.9841,0.9841,160
4540,0.984,0.277491700755704,6.291318217490793,0.984,0.984,161
7442,0.9839,0.2773578479375656,6.288283493674311,0.9839,0.9839,162
4516,0.9838,0.277333714997554,6.287736349363595,0.9838,0.9838,163
5864,0.9837,0.27717220502641443,6.284074579945462,0.9837,0.9837,164
824,0.9836,0.27713449100129534,6.283219523983288,0.9836,0.9836,165
7045,0.9835,0.2770698627226212,6.281754265506319,0.9835,0.9835,166
9532,0.9834,0.27696792301877776,6.279443078850723,0.9834,0.9834,167
7576,0.9833,0.27677796041768865,6.275136228701285,0.9833,0.9833,168
564,0.9832,0.2767352285274071,6.2741674072226,0.9832,0.9832,169
254,0.9831,0.27673251892440004,6.274105974844817,0.9831,0.9831,170
4753,0.983,0.27668415244497385,6.27300940542599,0.983,0.983,171
4349,0.9829,0.27658151501115924,6.270682399770273,0.9829,0.9829,172
9688,0.9828,0.27643040008373415,6.267256307770111,0.9828,0.9828,173
6607,0.9827,0.2763863209665732,6.266256941835907,0.9827,0.9827,174
5878,0.9826,0.2763372392562658,6.265144156634615,0.9826,0.9826,175
2442,0.9825,0.276335043804948,6.265094381153264,0.9825,0.9825,176
9034,0.9824,0.2763033494968494,6.264375804787427,0.9824,0.9824,177
5137,0.9823,0.2762865797039761,6.263995598448957,0.9823,0.9823,178
8230,0.9822,0.2762652427674557,6.263511845395687,0.9822,0.9822,179
4264,0.9821,0.2762520517928507,6.26321277836644,0.9821,0.9821,180
7069,0.982,0.27624070779393795,6.26295558614333,0.982,0.982,181
5346,0.9819,0.2762355396401926,6.262838413270987,0.9819,0.9819,182
5439,0.9818,0.2762345811633811,6.2628166825933755,0.9818,0.9818,183
9869,0.9817,0.2762105391102038,6.262271598878394,0.9817,0.9817,184
6456,0.9816,0.27618758020481027,6.261751072393507,0.9816,0.9816,185
1948,0.9815,0.2760080953534361,6.257681774781167,0.9815,0.9815,186
5251,0.9814,0.2758492870726439,6.254081258343471,0.9814,0.9814,187
3457,0.9813,0.2758140722540274,6.253282864628729,0.9813,0.9813,188
7148,0.9812,0.275811230704941,6.253218440757174,0.9812,0.9812,189
4983,0.9811,0.27580291676816476,6.253029946391353,0.9811,0.9811,190
9429,0.981,0.27575617297379307,6.2519701666418035,0.981,0.981,191
8236,0.9809,0.27575551338322574,6.2519552123421045,0.9809,0.9809,192
7028,0.9808,0.275749981954241,6.251829803259387,0.9808,0.9808,193
9287,0.9807,0.2757352393653196,6.251495557881641,0.9807,0.9807,194
2596,0.9806,0.2757225445318819,6.251207739410002,0.9806,0.9806,195
5131,0.9805,0.2756899094600577,6.2504678339602755,0.9805,0.9805,196
2929,0.9804,0.2756457197735257,6.249465961185985,0.9804,0.9804,197
5260,0.9803,0.27564313481923153,6.249407354857861,0.9803,0.9803,198
7476,0.9802,0.275602360071524,6.248482905901209,0.9802,0.9802,199
8279,0.9801,0.2755296303855063,6.2468339715466445,0.9801,0.9801,200
8864,0.98,0.27546524957511215,6.245374323692362,0.98,0.98,201
450,0.9799,0.27535586041955895,6.2428942423597,0.9799,0.9799,202
6584,0.9798,0.2753419819287258,6.242579587896684,0.9798,0.9798,203
9193,0.9797,0.27502871735931256,6.235477223799923,0.9797,0.9797,204
1830,0.9796,0.27501846216307524,6.235244717015296,0.9796,0.9796,205
3351,0.9795,0.27499057941093763,6.234612556610248,0.9795,0.9795,206
7171,0.9794,0.27490756686681583,6.232730488318475,0.9794,0.9794,207
1470,0.9793,0.2748704906401728,6.231889892584005,0.9793,0.9793,208
6056,0.9792,0.2748523447036843,6.231478486185956,0.9792,0.9792,209
4235,0.9791,0.2748260842969024,6.230883107747288,0.9791,0.9791,210
4507,0.979,0.27480385854341377,6.23037920335198,0.979,0.979,211
4363,0.9789,0.27473905452623343,6.228909960514902,0.9789,0.9789,212
3218,0.9788,0.27470353269892694,6.228104606267371,0.9788,0.9788,213
6923,0.9787,0.2746786691497462,6.227540897517849,0.9787,0.9787,214
7496,0.9786,0.2745954308310952,6.225653710446203,0.9786,0.9786,215
8559,0.9785,0.2745835170032401,6.225383599007265,0.9785,0.9785,216
7011,0.9784,0.27455904721923396,6.224828817738528,0.9784,0.9784,217
879,0.9783,0.27455653860952006,6.2247719423001655,0.9783,0.9783,218
4454,0.9782,0.27454567073261743,6.224525544761437,0.9782,0.9782,219
9234,0.9781,0.2744785905629773,6.2230046967805315,0.9781,0.9781,220
1081,0.978,0.27444228333456,6.222181535845358,0.978,0.978,221
5871,0.9779,0.2744310681934765,6.221927265100535,0.9779,0.9779,222
5153,0.9778,0.2743916480856881,6.221033528669848,0.9778,0.9778,223
9830,0.9777,0.2743901612182435,6.220999818269769,0.9777,0.9777,224
4818,0.9776,0.2743515920871914,6.220125375264235,0.9776,0.9776,225
1356,0.9775,0.2743299856518631,6.219635512107818,0.9775,0.9775,226
6743,0.9774,0.2743131961252469,6.219254858365072,0.9774,0.9774,227
4865,0.9773,0.2742526004093075,6.2178810265337825,0.9773,0.9773,228
3854,0.9772,0.27411788043602703,6.214826642493661,0.9772,0.9772,229
3826,0.9771,0.27410961207707424,6.214639181472653,0.9771,0.9771,230
3335,0.977,0.2740522601932369,6.213338894110357,0.977,0.977,231
1846,0.9769,0.27405224206056206,6.21333848300375,0.9769,0.9769,232
3248,0.9768,0.27405191170517984,6.213330993155846,0.9768,0.9768,233
9675,0.9767,0.274020958321788,6.212629215105763,0.9767,0.9767,234
3617,0.9766,0.27401871282514273,6.212578304991698,0.9766,0.9766,235
2343,0.9765,0.27401671743022643,6.212533065208805,0.9765,0.9765,236
3535,0.9764,0.2740158815900689,6.212514114961815,0.9764,0.9764,237
7798,0.9763,0.2739677261028814,6.211422329178362,0.9763,0.9763,238
2093,0.9762,0.2739508170356226,6.211038965198049,0.9762,0.9762,239
8477,0.9761,0.27387362655617853,6.209288895310876,0.9761,0.9761,240
4386,0.976,0.27383237569258617,6.208353651810357,0.976,0.976,241
1014,0.9759,0.2737846938261686,6.207272604001501,0.9759,0.9759,242
9336,0.9758,0.2737807961464391,6.207184235436547,0.9758,0.9758,243
7271,0.9757,0.2737462365558444,6.206400697113568,0.9757,0.9757,244
8288,0.9756,0.2736896076943234,6.205116802181361,0.9756,0.9756,245
9780,0.9755,0.27367759084766136,6.204844355091942,0.9755,0.9755,246
3896,0.9754,0.2736608658652839,6.204465164702183,0.9754,0.9754,247
9978,0.9753,0.27363453780497987,6.2038682524160365,0.9753,0.9753,248
5487,0.9752,0.2736244851139621,6.203640336849406,0.9752,0.9752,249
7679,0.9751,0.27361559114333334,6.203438691902862,0.9751,0.9751,250
6913,0.975,0.2735860330399036,6.2027685477710355,0.975,0.975,251
8637,0.9749,0.2735714747183318,6.202438480121287,0.9749,0.9749,252
3338,0.9748,0.27355375413333455,6.202036717333601,0.9748,0.9748,253
83,0.9747,0.27352756370438974,6.201442925438373,0.9747,0.9747,254
8329,0.9746,0.273472667279214,6.200198308468099,0.9746,0.9746,255
6636,0.9745,0.27346847846700184,6.200103339318766,0.9745,0.9745,256
5316,0.9744,0.2734665026359907,6.200058543091874,0.9744,0.9744,257
1370,0.9743,0.27341216700897464,6.198826640591391,0.9743,0.9743,258
3764,0.9742,0.2733654909182314,6.197768395824766,0.9742,0.9742,259
8101,0.9741,0.2733140250004678,6.196601555645346,0.9741,0.9741,260
2148,0.974,0.2733085072012541,6.196476455575819,0.974,0.974,261
7091,0.9739,0.27327748646459055,6.195773150486803,0.9739,0.9739,262
35,0.9738,0.2732669552960865,6.195534386832673,0.9738,0.9738,263
7734,0.9737,0.2732472556387698,6.195087754328715,0.9737,0.9737,264
7482,0.9736,0.2732377388293966,6.19487198832204,0.9736,0.9736,265
2794,0.9735,0.27319657492062294,6.193938716270074,0.9735,0.9735,266
5277,0.9734,0.27317590189971924,6.193470015574424,0.9734,0.9734,267
6861,0.9733,0.273163526774759,6.193189445565298,0.9733,0.9733,268
2335,0.9732,0.2731590160569198,6.193087178141259,0.9732,0.9732,269
3373,0.9731,0.2731415915215331,6.192692127417867,0.9731,0.9731,270
141,0.973,0.2730135065440511,6.189788172633792,0.973,0.973,271
8862,0.9729,0.2730047871407376,6.189590485493456,0.9729,0.9729,272
8579,0.9728,0.27297854632405577,6.188995551202921,0.9728,0.9728,273
7293,0.9727,0.2729086072183065,6.187409885149465,0.9727,0.9727,274
5683,0.9726,0.27283410130947017,6.18572068010034,0.9726,0.9726,275
3534,0.9725,0.2727630503713149,6.18410980647714,0.9725,0.9725,276
2180,0.9724,0.2727585471528168,6.184007709080314,0.9724,0.9724,277
5124,0.9723,0.272753035618673,6.183882751053722,0.9723,0.9723,278
3808,0.9722,0.2727025034847454,6.182737081709366,0.9722,0.9722,279
9998,0.9721,0.2726999754474078,6.182679765806743,0.9721,0.9721,280
5367,0.972,0.2726638803639516,6.181861414642949,0.972,0.972,281
2917,0.9719,0.27265443062502426,6.181647169264576,0.9719,0.9719,282
7144,0.9718,0.27260424655101095,6.180509391168371,0.9718,0.9718,283
2877,0.9717,0.2725899203411291,6.180184585975184,0.9717,0.9717,284
3920,0.9716,0.2725816144703819,6.179996274484342,0.9716,0.9716,285
9010,0.9715,0.2725780543194175,6.179915558403739,0.9715,0.9715,286
3797,0.9714,0.27251776198663874,6.178548604903143,0.9714,0.9714,287
9164,0.9713,0.2724727486373317,6.177528057969168,0.9713,0.9713,288
9412,0.9712,0.2724391297534395,6.17676584743683,0.9712,0.9712,289
3595,0.9711,0.27243304078423713,6.176627797748535,0.9711,0.9711,290
8796,0.971,0.2723647381863513,6.175079234756205,0.971,0.971,291
5423,0.9709,0.2723483214552501,6.174707033068714,0.9709,0.9709,292
9393,0.9708,0.27232025902050255,6.17407079888097,0.9708,0.9708,293
8012,0.9707,0.2723024128830778,6.173666189556363,0.9707,0.9707,294
8529,0.9706,0.27229495226286793,6.17349704166509,0.9706,0.9706,295
8119,0.9705,0.2722705300171324,6.17294333818905,0.9705,0.9705,296
3328,0.9704,0.27225304710831144,6.172546964018177,0.9704,0.9704,297
172,0.9703,0.2722237151478195,6.171881947022321,0.9703,0.9703,298
6302,0.9702,0.2722173824866892,6.171738372326946,0.9702,0.9702,299
3635,0.9701,0.27217922870312355,6.1708733461193255,0.9701,0.9701,300
6568,0.97,0.27216877865104194,6.170636421545484,0.97,0.97,301
4728,0.9699,0.2721279671944213,6.169711140320764,0.9699,0.9699,302
6635,0.9698,0.27203014998744424,6.167493419305431,0.9698,0.9698,303
4721,0.9697,0.27195674873925907,6.165829259229301,0.9697,0.9697,304
5122,0.9696,0.27195441791298236,6.165776414514944,0.9696,0.9696,305
7042,0.9695,0.2719040216455873,6.16463382554966,0.9695,0.9695,306
108,0.9694,0.2719032585280184,6.164616524075687,0.9694,0.9694,307
4435,0.9693,0.2718615585453755,6.163671098104845,0.9693,0.9693,308
2041,0.9692,0.27183698768984943,6.163114025332169,0.9692,0.9692,309
2820,0.9691,0.27178124819032035,6.161850294101406,0.9691,0.9691,310
8602,0.969,0.2717570093199531,6.161300748127353,0.969,0.969,311
6976,0.9689,0.2717512885653783,6.161171046637006,0.9689,0.9689,312
6171,0.9688,0.27171646672366034,6.1603815625314065,0.9688,0.9688,313
9865,0.9687,0.2716777036262914,6.159502721902558,0.9687,0.9687,314
5814,0.9686,0.2716716296961717,6.1593650131822075,0.9686,0.9686,315
2611,0.9685,0.27164055164797374,6.158660408719531,0.9685,0.9685,316
5601,0.9684,0.2716278734254651,6.158372966853442,0.9684,0.9684,317
4126,0.9683,0.2716058678895626,6.157874055251752,0.9683,0.9683,318
881,0.9682,0.271605488965643,6.157865464251644,0.9682,0.9682,319
209,0.9681,0.27150273646150475,6.1555358497096115,0.9681,0.9681,320
7887,0.968,0.27149814376297715,6.155431723613367,0.968,0.968,321
5111,0.9679,0.27149703703225697,6.155406631708622,0.9679,0.9679,322
2715,0.9678,0.2714835421927351,6.155100675424304,0.9678,0.9678,323
7673,0.9677,0.27146439004986234,6.154666456220816,0.9677,0.9677,324
8804,0.9676,0.2714625429858716,6.154624579410779,0.9676,0.9676,325
6992,0.9675,0.27144056385012033,6.154126266356033,0.9675,0.9675,326
499,0.9674,0.2714157368286122,6.153563385763523,0.9674,0.9674,327
6532,0.9673,0.27141390124534964,6.153521769245477,0.9673,0.9673,328
1131,0.9672,0.2714012086384933,6.153234001257164,0.9672,0.9672,329
8929,0.9671,0.27139567878434656,6.153108627877671,0.9671,0.9671,330
6300,0.967,0.27133989582287754,6.151843911272262,0.967,0.967,331
1183,0.9669,0.2713244174336449,6.151492983760195,0.9669,0.9669,332
571,0.9668,0.27132195985958285,6.151437265407282,0.9668,0.9668,333
802,0.9667,0.27130544340890483,6.151062802868232,0.9667,0.9667,334
9459,0.9666,0.27130281683295404,6.151003252888548,0.9666,0.9666,335
5406,0.9665,0.2712597670780317,6.150027224751931,0.9665,0.9665,336
8414,0.9664,0.2712387774609379,6.149551346157045,0.9664,0.9664,337
6176,0.9663,0.2712339859463666,6.149442712485428,0.9663,0.9663,338
2789,0.9662,0.27119661332542255,6.14859539686943,0.9662,0.9662,339
7278,0.9661,0.2711907197525207,6.148461777225175,0.9661,0.9661,340
2714,0.966,0.27117685373950867,6.148147405659355,0.966,0.966,341
1799,0.9659,0.27117147192567814,6.14802538866593,0.9659,0.9659,342
1487,0.9658,0.2710453354011346,6.145165609390773,0.9658,0.9658,343
9115,0.9657,0.2710214025010536,6.144623000403985,0.9657,0.9657,344
8311,0.9656,0.2709963812280414,6.14405571572462,0.9656,0.9656,345
5822,0.9655,0.27099401649274774,6.1440021022212745,0.9655,0.9655,346
8240,0.9654,0.27091304213477124,6.142166243879469,0.9654,0.9654,347
2765,0.9653,0.27090196135823197,6.141915019459991,0.9653,0.9653,348
2280,0.9652,0.2708861291678957,6.141556070536858,0.9652,0.9652,349
2397,0.9651,0.2708631148077508,6.141034286775702,0.9651,0.9651,350
4062,0.965,0.27084064999919566,6.140524962499774,0.965,0.965,351
7754,0.9649,0.270813982320735,6.139920350358814,0.9649,0.9649,352
1121,0.9648,0.27077427534775156,6.139020110094182,0.9648,0.9648,353
1753,0.9647,0.27077031552376957,6.138930332586432,0.9647,0.9647,354
2212,0.9646,0.27076107111147624,6.138720742393286,0.9646,0.9646,355
9362,0.9645,0.2707499817369508,6.138469323039669,0.9645,0.9645,356
4974,0.9644,0.27074846064008457,6.138434836588043,0.9644,0.9644,357
3509,0.9643,0.27072116597109264,6.137816009257414,0.9643,0.9643,358
9668,0.9642,0.2707146208290329,6.137667617174631,0.9642,0.9642,359
5982,0.9641,0.27069829109848104,6.137297387970731,0.9641,0.9641,360
3069,0.964,0.270690349232608,6.137117329233157,0.964,0.964,361
7856,0.9639,0.270660391591544,6.136438126746994,0.9639,0.9639,362
9502,0.9638,0.27059155201171514,6.134877389248753,0.9638,0.9638,363
9119,0.9637,0.27057972208380326,6.134609179999022,0.9637,0.9637,364
3657,0.9636,0.2705591929512339,6.134143741553765,0.9636,0.9636,365
8693,0.9635,0.27055757239096984,6.134107000057794,0.9635,0.9635,366
1308,0.9634,0.27054505561320324,6.1338232184819335,0.9634,0.9634,367
9105,0.9633,0.27051143738962474,6.133061022922504,0.9633,0.9633,368
6769,0.9632,0.2705091946342595,6.133010174959053,0.9632,0.9632,369
6510,0.9631,0.27049046363970863,6.1325855040691,0.9631,0.9631,370
9138,0.963,0.27044115419633974,6.1314675556816,0.963,0.963,371
6697,0.9629,0.2704251227643917,6.131104089533523,0.9629,0.9629,372
7844,0.9628,0.2704118576340115,6.130803341236009,0.9628,0.9628,373
8627,0.9627,0.27034350835025983,6.129253719778695,0.9627,0.9627,374
5467,0.9626,0.2703372379206551,6.12911155600195,0.9626,0.9626,375
3158,0.9625,0.27032922650048924,6.128929920322229,0.9625,0.9625,376
830,0.9624,0.2703274210048695,6.1288889859526785,0.9624,0.9624,377
8161,0.9623,0.2702886111573862,6.1280090854031375,0.9623,0.9623,378
8377,0.9622,0.2702482092879739,6.12709309037938,0.9622,0.9622,379
6522,0.9621,0.27024713174596743,6.127068660244397,0.9621,0.9621,380
5073,0.962,0.2702286487299492,6.126649611548797,0.962,0.962,381
1140,0.9619,0.2702242230478403,6.126549272061414,0.9619,0.9619,382
8964,0.9618,0.27020446030267314,6.1261012092249905,0.9618,0.9618,383
2359,0.9617,0.27017997880071976,6.125546162285748,0.9617,0.9617,384
612,0.9616,0.2701692489029437,6.125302893023502,0.9616,0.9616,385
3392,0.9615,0.2701572359081425,6.125030533264524,0.9615,0.9615,386
8148,0.9614,0.2701244165701628,6.124286450112844,0.9614,0.9614,387
176,0.9613,0.27007748273943755,6.123222361841316,0.9613,0.9613,388
1456,0.9612,0.27007507177885376,6.123167700314307,0.9612,0.9612,389
8078,0.9611,0.2700735515631258,6.123133233837402,0.9611,0.9611,390
8177,0.961,0.27005228628013467,6.122651105320876,0.961,0.961,391
502,0.9609,0.2700016080323114,6.1215021232687,0.9609,0.9609,392
9953,0.9608,0.2699951383315137,6.121355441597377,0.9608,0.9608,393
2702,0.9607,0.26997137966141244,6.120816782770749,0.9607,0.9607,394
6705,0.9606,0.26995733082466433,6.120498266207235,0.9606,0.9606,395
187,0.9605,0.2699224805097987,6.119708136556896,0.9605,0.9605,396
982,0.9604,0.2698408083306399,6.117856457147111,0.9604,0.9604,397
2906,0.9603,0.2698324267378089,6.1176664288773255,0.9603,0.9603,398
6543,0.9602,0.2698317617002626,6.117651351083282,0.9602,0.9602,399
8851,0.9601,0.2698306879786103,6.117627007564141,0.9601,0.9601,400
1665,0.96,0.2697658472027126,6.116156931328233,0.96,0.96,401
973,0.9599,0.26972556683585436,6.115243691022506,0.9599,0.9599,402
9516,0.9598,0.26969415164338006,6.1145314427928295,0.9598,0.9598,403
9854,0.9597,0.2696686269026672,6.113952743443859,0.9597,0.9597,404
7108,0.9596,0.26966234513225695,6.113810322549465,0.9596,0.9596,405
5233,0.9595,0.2695477791707804,6.111212872179982,0.9595,0.9595,406
617,0.9594,0.2695238831200091,6.110671098644336,0.9594,0.9594,407
5570,0.9593,0.2694710048230567,6.1094722368711905,0.9593,0.9593,408
8917,0.9592,0.26946969564910245,6.109442555154188,0.9592,0.9592,409
9124,0.9591,0.2694686379944568,6.1094185759077915,0.9591,0.9591,410
5320,0.959,0.2694640841421335,6.109315330534097,0.959,0.959,411
9212,0.9589,0.26943172246226693,6.108581623452814,0.9589,0.9589,412
9710,0.9588,0.2693871920016726,6.107572024617124,0.9588,0.9588,413
4642,0.9587,0.26934458197267946,6.106605965989006,0.9587,0.9587,414
8220,0.9586,0.26933731432094304,6.106441193097127,0.9586,0.9586,415
7501,0.9585,0.26932621418112,6.106189529672063,0.9585,0.9585,416
3849,0.9584,0.269308053905268,6.105777798172015,0.9584,0.9584,417
9079,0.9583,0.26922266807846296,6.1038419225909335,0.9583,0.9583,418
3512,0.9582,0.26921881106470186,6.103754476007809,0.9582,0.9582,419
894,0.9581,0.26918490498734676,6.102985754198417,0.9581,0.9581,420
9901,0.958,0.2691845420646506,6.102977525980802,0.958,0.958,421
3537,0.9579,0.2691794380286779,6.102861806792484,0.9579,0.9579,422
5936,0.9578,0.2691458042640979,6.1020992588847145,0.9578,0.9578,423
4451,0.9577,0.2691328201149797,6.101804881021613,0.9577,0.9577,424
9882,0.9576,0.2691242484868134,6.101610544252459,0.9576,0.9576,425
6891,0.9575,0.2691241066480677,6.101607328470308,0.9575,0.9575,426
999,0.9574,0.2690826117690083,6.100666552628598,0.9574,0.9574,427
7177,0.9573,0.2690571849812559,6.100090074078742,0.9573,0.9573,428
2483,0.9572,0.26904669795981306,6.099852311332821,0.9572,0.9572,429
6820,0.9571,0.2690244621040635,6.099348177898293,0.9571,0.9571,430
968,0.957,0.2690074223992244,6.098961852089474,0.957,0.957,431
5621,0.9569,0.2689856048702532,6.098467202999804,0.9569,0.9569,432
7186,0.9568,0.26896875461411723,6.098085172389947,0.9568,0.9568,433
5933,0.9567,0.2689577432678456,6.0978355221009375,0.9567,0.9567,434
2025,0.9566,0.26895491969241164,6.097771505729395,0.9566,0.9566,435
1513,0.9565,0.26894982413452195,6.09765597875749,0.9565,0.9565,436
8371,0.9564,0.26893139552345124,6.097238163535749,0.9564,0.9564,437
2984,0.9563,0.26891747376125325,6.096922528019083,0.9563,0.9563,438
38,0.9562,0.26890282519945174,6.0965904144331615,0.9562,0.9562,439
7126,0.9561,0.2688876388000012,6.096246106941334,0.9561,0.9561,440
5581,0.956,0.2688598898220511,6.095616979476791,0.956,0.956,441
2942,0.9559,0.26876738883017004,6.093519788194931,0.9559,0.9559,442
484,0.9558,0.2687535312416574,6.09320560763156,0.9558,0.9558,443
7877,0.9557,0.26873452725886504,6.092774747525886,0.9557,0.9557,444
344,0.9556,0.2687279193946394,6.092624933400213,0.9556,0.9556,445
4590,0.9555,0.2687171195847761,6.092380079083853,0.9555,0.9555,446
6309,0.9554,0.26865859551877586,6.091053215897214,0.9554,0.9554,447
8721,0.9553,0.26864753042606376,6.09080234706335,0.9553,0.9553,448
1802,0.9552,0.26864302178867655,6.090700126807909,0.9552,0.9552,449
3170,0.9551,0.26859170548798417,6.089536678759711,0.9551,0.9551,450
4797,0.955,0.26858980084542206,6.089493496523033,0.955,0.955,451
8412,0.9549,0.2685380408409772,6.088319988782955,0.9549,0.9549,452
6181,0.9548,0.2685279526851609,6.088091269154391,0.9548,0.9548,453
6953,0.9547,0.268520751029519,6.0879279925337855,0.9547,0.9547,454
2506,0.9546,0.2684933282896221,6.08730626156779,0.9546,0.9546,455
427,0.9545,0.2684780318487239,6.086959459205421,0.9545,0.9545,456
9720,0.9544,0.2684517074763022,6.086362630532062,0.9544,0.9544,457
3720,0.9543,0.2684436492498718,6.086179933655955,0.9543,0.9543,458
9462,0.9542,0.26844011882680874,6.08609989156923,0.9542,0.9542,459
3473,0.9541,0.26840131893717517,6.085220216781906,0.9541,0.9541,460
2244,0.954,0.26838861350320614,6.084932157975584,0.954,0.954,461
5101,0.9539,0.26835125111295716,6.084085074312571,0.9539,0.9539,462
5872,0.9538,0.2683508320523184,6.084075573330573,0.9538,0.9538,463
6528,0.9537,0.2683349075405984,6.0837145312868985,0.9537,0.9537,464
1439,0.9536,0.2682682165031405,6.082202505745774,0.9536,0.9536,465
9642,0.9535,0.2682456879636347,6.08169173655717,0.9535,0.9535,466
9352,0.9534,0.268236825230617,6.081490799830913,0.9534,0.9534,467
832,0.9533,0.2682269086215559,6.081265969527001,0.9533,0.9533,468
9225,0.9532,0.26820330287866456,6.0807307778810396,0.9532,0.9532,469
2619,0.9531,0.2682002632750686,6.080661863699943,0.9531,0.9531,470
7540,0.953,0.26817339933416023,6.080052801877265,0.953,0.953,471
3602,0.9529,0.26815636030397616,6.079666491365397,0.9529,0.9529,472
4563,0.9528,0.26815556095857956,6.079648368530262,0.9528,0.9528,473
9829,0.9527,0.26814536879487766,6.079417290826848,0.9527,0.9527,474
7463,0.9526,0.26812350128745427,6.0789215086193105,0.9526,0.9526,475
4403,0.9525,0.2681109141417241,6.078636131654763,0.9525,0.9525,476
4548,0.9524,0.2680899870153172,6.07816166985517,0.9524,0.9524,477
7789,0.9523,0.2680685528833279,6.077675713177994,0.9523,0.9523,478
8568,0.9522,0.26802265284276705,6.076635063095301,0.9522,0.9522,479
959,0.9521,0.26801471201414473,6.07645502787261,0.9521,0.9521,480
4711,0.952,0.26801013461005824,6.076351248532071,0.952,0.952,481
8670,0.9519,0.26800502336728327,6.076235365951404,0.9519,0.9519,482
626,0.9518,0.2679717464602604,6.0754809087507535,0.9518,0.9518,483
2461,0.9517,0.2679614574295757,6.075247634869905,0.9517,0.9517,484
5495,0.9516,0.2679539162568848,6.075076660685448,0.9516,0.9516,485
9694,0.9515,0.2679449028510009,6.074872307890238,0.9515,0.9515,486
6876,0.9514,0.26792568906972114,6.074436691215082,0.9514,0.9514,487
4147,0.9513,0.2679256889024114,6.074436687422157,0.9513,0.9513,488
2090,0.9512,0.2679166861877291,6.074232577018565,0.9512,0.9512,489
9968,0.9511,0.26789344600243126,6.073705673327885,0.9511,0.9511,490
7071,0.951,0.26788337379726,6.073477315334959,0.951,0.951,491
6554,0.9509,0.2678585642867036,6.072914831753335,0.9509,0.9509,492
4180,0.9508,0.2678584700548164,6.072912695319089,0.9508,0.9508,493
6702,0.9507,0.2678572745807776,6.072885591418724,0.9507,0.9507,494
8182,0.9506,0.2678476981490262,6.072668473647386,0.9506,0.9506,495
6015,0.9505,0.26783191363129255,6.072310605560588,0.9505,0.9505,496
6108,0.9504,0.26782932503275647,6.0722519166095115,0.9504,0.9504,497
1374,0.9503,0.267794296004842,6.071457735157076,0.9503,0.9503,498
6123,0.9502,0.2677808660026896,6.07115324887232,0.9502,0.9502,499
2381,0.9501,0.26777764324407916,6.071080182183103,0.9501,0.9501,500
9759,0.95,0.26774021706842915,6.070231652371077,0.95,0.95,501
8037,0.9499,0.2677300833296912,6.070001899283266,0.9499,0.9499,502
300,0.9498,0.26772057118993653,6.069786239146376,0.9498,0.9498,503
5870,0.9497,0.2676933503081534,6.069169084727469,0.9497,0.9497,504
5736,0.9496,0.26766797755889776,6.0685938313450025,0.9496,0.9496,505
1733,0.9495,0.2676396407611396,6.067951376771629,0.9495,0.9495,506
7330,0.9494,0.2676182877717188,6.067467259766554,0.9494,0.9494,507
5136,0.9493,0.26760070557433996,6.067068634514642,0.9493,0.9493,508
605,0.9492,0.2675970835186136,6.066986514923257,0.9492,0.9492,509
5003,0.9491,0.267582466712423,6.066655121304161,0.9491,0.9491,510
6455,0.949,0.26756907891232534,6.066351591827764,0.949,0.949,511
268,0.9489,0.2675314716489353,6.065498956377263,0.9489,0.9489,512
6689,0.9488,0.26748426399699754,6.064428660005075,0.9488,0.9488,513
4508,0.9487,0.26748384707618067,6.064419207537338,0.9487,0.9487,514
4102,0.9486,0.2674824341700575,6.064387173995499,0.9486,0.9486,515
2755,0.9485,0.2674774998960409,6.064275303665192,0.9485,0.9485,516
1512,0.9484,0.2674088835285477,6.062719626858684,0.9484,0.9484,517
6588,0.9483,0.26740227466896693,6.062569790166644,0.9483,0.9483,518
2773,0.9482,0.26739861896971245,6.062486907804986,0.9482,0.9482,519
2785,0.9481,0.2673930144305869,6.062359841161237,0.9481,0.9481,520
3632,0.948,0.2673891633392546,6.062272528853534,0.948,0.948,521
5445,0.9479,0.2673774566611627,6.062007113933518,0.9479,0.9479,522
5508,0.9478,0.2673066190999019,6.060401078011132,0.9478,0.9478,523
3919,0.9477,0.2673016647012326,6.060288751413857,0.9477,0.9477,524
9420,0.9476,0.2672955502604964,6.060150124232149,0.9476,0.9476,525
2321,0.9475,0.2672827910072021,6.059860845229105,0.9475,0.9475,526
1812,0.9474,0.26727495176205807,6.059683113117901,0.9474,0.9474,527
2225,0.9473,0.26727395328886283,6.059660475638244,0.9473,0.9473,528
3934,0.9472,0.26725945521399935,6.059331773907214,0.9472,0.9472,529
7927,0.9471,0.2672547572917204,6.059225262165742,0.9471,0.9471,530
493,0.947,0.26723886837549726,6.058865027146837,0.947,0.947,531
1355,0.9469,0.2672342704477182,6.058760782492443,0.9469,0.9469,532
214,0.9468,0.2671980241934582,6.057939003970373,0.9468,0.9468,533
3816,0.9467,0.26718890102009946,6.057732162517346,0.9467,0.9467,534
3918,0.9466,0.267137758917146,6.0565726638955,0.9466,0.9466,535
4117,0.9465,0.267127957644148,6.056350448502463,0.9465,0.9465,536
8341,0.9464,0.2671172844250203,6.056108464265664,0.9464,0.9464,537
9270,0.9463,0.26710003158945006,6.055717306335869,0.9463,0.9463,538
2850,0.9462,0.26707539760083826,6.055158802204295,0.9462,0.9462,539
8513,0.9461,0.2670455337130945,6.0544817253029795,0.9461,0.9461,540
9636,0.946,0.2670421225338411,6.0544043867237685,0.946,0.946,541
7629,0.9459,0.26699443292420655,6.053323163359263,0.9459,0.9459,542
9687,0.9458,0.2669876324444512,6.0531689822362695,0.9458,0.9458,543
7113,0.9457,0.266969923022282,6.052767472533523,0.9457,0.9457,544
5446,0.9456,0.2669667920852097,6.052696487631309,0.9456,0.9456,545
5985,0.9455,0.26695438130278804,6.052415109192279,0.9455,0.9455,546
2326,0.9454,0.26693154888899046,6.0518974505356375,0.9454,0.9454,547
4225,0.9453,0.2669313906432932,6.051893862774929,0.9453,0.9453,548
2642,0.9452,0.26690335296256007,6.051258189812663,0.9452,0.9452,549
3204,0.9451,0.2668521839407831,6.050098080886646,0.9451,0.9451,550
1951,0.945,0.26681238455398043,6.049195745404936,0.945,0.945,551
8629,0.9449,0.2667961218482195,6.048827035794845,0.9449,0.9449,552
3588,0.9448,0.2667922008210764,6.04873813789452,0.9448,0.9448,553
5278,0.9447,0.26677707396317873,6.048395180334384,0.9447,0.9447,554
7573,0.9446,0.2667750701371753,6.048349749400754,0.9446,0.9446,555
6395,0.9445,0.26669281453055377,6.046484842467427,0.9445,0.9445,556
6133,0.9444,0.2666714443158912,6.046000334928688,0.9444,0.9444,557
7307,0.9443,0.26666918764363595,6.045949171441866,0.9443,0.9443,558
4780,0.9442,0.26663777662992927,6.045237017954051,0.9442,0.9442,559
5185,0.9441,0.2666013165342037,6.04441039119626,0.9441,0.9441,560
2969,0.944,0.2665962819597325,6.044296246846353,0.944,0.944,561
3027,0.9439,0.2665925773080339,6.044212254630575,0.9439,0.9439,562
7713,0.9438,0.2665823217861913,6.043979740464256,0.9438,0.9438,563
9350,0.9437,0.26657333671233563,6.04377603001544,0.9437,0.9437,564
7114,0.9436,0.26650938797859386,6.04232617824594,0.9436,0.9436,565
6987,0.9435,0.2664956488840628,6.042014684187469,0.9435,0.9435,566
6071,0.9434,0.2664848272430755,6.041769334915061,0.9434,0.9434,567
6564,0.9433,0.2664470238711953,6.040912253274157,0.9433,0.9433,568
589,0.9432,0.2664425268873557,6.040810297228587,0.9432,0.9432,569
5107,0.9431,0.266437675737227,6.040700311492227,0.9431,0.9431,570
4995,0.943,0.26643557462609563,6.040652674900096,0.943,0.943,571
3428,0.9429,0.26639759169771027,6.039791522337979,0.9429,0.9429,572
559,0.9428,0.26637672405856533,6.039318409239443,0.9428,0.9428,573
6837,0.9427,0.2663742754899453,6.039262895058608,0.9427,0.9427,574
3517,0.9426,0.2663541377671705,6.038806330694801,0.9426,0.9426,575
3014,0.9425,0.2663493041413432,6.038696742270502,0.9425,0.9425,576
2194,0.9424,0.2663443128026067,6.038583578164713,0.9424,0.9424,577
56,0.9423,0.26634215465216216,6.038534648371924,0.9423,0.9423,578
9100,0.9422,0.26630154374242887,6.037613913966239,0.9422,0.9422,579
6040,0.9421,0.2662801495037653,6.037128861753883,0.9421,0.9421,580
5801,0.942,0.26627244965960517,6.036954290154437,0.942,0.942,581
372,0.9419,0.26627196975547784,6.036943409723463,0.9419,0.9419,582
6146,0.9418,0.2662395237050676,6.036207789784286,0.9418,0.9418,583
2538,0.9417,0.26622676068650564,6.035918425413274,0.9417,0.9417,584
1015,0.9416,0.26622628724151737,6.035907691423618,0.9416,0.9416,585
1119,0.9415,0.2661995344029099,6.035301148522671,0.9415,0.9415,586
2315,0.9414,0.26617028507425095,6.0346380049637665,0.9414,0.9414,587
6927,0.9413,0.26616089169650947,6.034425037409733,0.9413,0.9413,588
1858,0.9412,0.26615512835455885,6.034294370374734,0.9412,0.9412,589
1856,0.9411,0.26614954228211657,6.034167722408642,0.9411,0.9411,590
5742,0.941,0.2661456976485002,6.034080556509725,0.941,0.941,591
1780,0.9409,0.2661400825114993,6.03395324958988,0.9409,0.9409,592
4655,0.9408,0.2661359130686249,6.033858719584766,0.9408,0.9408,593
8169,0.9407,0.2661322276610063,6.033775163673291,0.9407,0.9407,594
1627,0.9406,0.2661172845259871,6.033436371494903,0.9406,0.9406,595
6182,0.9405,0.26611431056687196,6.033368945611336,0.9405,0.9405,596
4201,0.9404,0.2661121217886244,6.033319321422825,0.9404,0.9404,597
7536,0.9403,0.2660357370954579,6.031587520397904,0.9403,0.9403,598
8625,0.9402,0.2660230204027685,6.031299206333074,0.9402,0.9402,599
4950,0.9401,0.26599423309653947,6.03064653778956,0.9401,0.9401,600
9035,0.94,0.265986432002366,6.030469670641485,0.94,0.94,601
4657,0.9399,0.2659673037418372,6.030035992899387,0.9399,0.9399,602
6279,0.9398,0.2659478284826084,6.029594447972459,0.9398,0.9398,603
7852,0.9397,0.2659361836738407,6.029330435760475,0.9397,0.9397,604
9425,0.9396,0.26592052363003327,6.02897538975892,0.9396,0.9396,605
8455,0.9395,0.2658507785400659,6.027394122449246,0.9395,0.9395,606
150,0.9394,0.2658341750958616,6.027017687584544,0.9394,0.9394,607
8525,0.9393,0.26580875018908523,6.026441251680589,0.9393,0.9393,608
2793,0.9392,0.265781031720591,6.0258128159273205,0.9392,0.9392,609
2927,0.9391,0.26577293804324664,6.025629315306054,0.9391,0.9391,610
8595,0.939,0.26577084989880934,6.025581972696096,0.939,0.939,611
1651,0.9389,0.2657472442066049,6.025046782198718,0.9389,0.9389,612
9181,0.9388,0.26574690648043087,6.025039125238927,0.9388,0.9388,613
3137,0.9387,0.2657253276693886,6.024549888383234,0.9387,0.9387,614
8972,0.9386,0.2657157352303918,6.024332407694445,0.9386,0.9386,615
1869,0.9385,0.2656925242784541,6.023806166785884,0.9385,0.9385,616
5759,0.9384,0.2656884850547372,6.02371458912104,0.9384,0.9384,617
7881,0.9383,0.26559711853747026,6.021643118758637,0.9383,0.9383,618
8174,0.9382,0.26558089537114526,6.021275305588439,0.9382,0.9382,619
9618,0.9381,0.2655317783505591,6.020161719828356,0.9381,0.9381,620
7581,0.938,0.2655296544769014,6.020113567163294,0.938,0.938,621
8690,0.9379,0.265514308083696,6.019765632276844,0.9379,0.9379,622
8582,0.9378,0.26549068841111445,6.0192301248161435,0.9378,0.9378,623
5780,0.9377,0.2654826102864023,6.019046976803851,0.9377,0.9377,624
4028,0.9376,0.26546483099933665,6.018643883117363,0.9376,0.9376,625
7962,0.9375,0.2654436146174512,6.018162863289977,0.9375,0.9375,626
6269,0.9374,0.26543094594398664,6.017875637922213,0.9374,0.9374,627
2740,0.9373,0.2654123111259962,6.017453147557015,0.9373,0.9373,628
8282,0.9372,0.2653813974813492,6.0167522704658705,0.9372,0.9372,629
9318,0.9371,0.2653751650653349,6.016610968537521,0.9371,0.9371,630
5650,0.937,0.26535018341956246,6.016044582290628,0.937,0.937,631
8381,0.9369,0.26531128802417603,6.015162742189258,0.9369,0.9369,632
5371,0.9368,0.2652949019880999,6.014791236422148,0.9368,0.9368,633
3500,0.9367,0.26528377631382577,6.014538994076884,0.9367,0.9367,634
1214,0.9366,0.2652723720187916,6.0142804348170396,0.9366,0.9366,635
5478,0.9365,0.2652099524181156,6.012865251694943,0.9365,0.9365,636
9577,0.9364,0.265198385671898,6.012603009327309,0.9364,0.9364,637
8024,0.9363,0.26518303615025596,6.012255003513489,0.9363,0.9363,638
2946,0.9362,0.2651726196627496,6.012018839916549,0.9362,0.9362,639
7481,0.9361,0.26514691030593746,6.01143595493509,0.9361,0.9361,640
8537,0.936,0.2651403086042726,6.011286280527667,0.936,0.936,641
454,0.9359,0.26513267713452243,6.011113259121029,0.9359,0.9359,642
7429,0.9358,0.26512095175381595,6.01084742017526,0.9358,0.9358,643
4558,0.9357,0.265107808952506,6.010549445334956,0.9357,0.9357,644
8170,0.9356,0.26510322573542255,6.0104455342005885,0.9356,0.9356,645
2363,0.9355,0.26510038010834425,6.010381017872179,0.9355,0.9355,646
8993,0.9354,0.26507762289817904,6.009865064241602,0.9354,0.9354,647
1202,0.9353,0.26507524205632,6.009811085568026,0.9353,0.9353,648
2455,0.9352,0.2650672480785222,6.009629845343467,0.9352,0.9352,649
5097,0.9351,0.26505736792711293,6.00940584161154,0.9351,0.9351,650
4136,0.935,0.2650267337463655,6.008711300552575,0.935,0.935,651
3624,0.9349,0.26499148736511546,6.007912191247218,0.9349,0.9349,652
7257,0.9348,0.2649609872653235,6.0072206900857665,0.9348,0.9348,653
4480,0.9347,0.2648592711864127,6.004914573475208,0.9347,0.9347,654
7195,0.9346,0.26483186158544275,6.004293140397018,0.9346,0.9346,655
3752,0.9345,0.26481097979171625,6.003819706385297,0.9345,0.9345,656
3646,0.9344,0.26474460522843263,6.002314855975318,0.9344,0.9344,657
6663,0.9343,0.2647339894448257,6.00207417392157,0.9343,0.9343,658
4282,0.9342,0.26472998887969945,6.001983472729221,0.9342,0.9342,659
71,0.9341,0.2647032403233238,6.0013770269163595,0.9341,0.9341,660
8380,0.934,0.26470191212062305,6.001346913777343,0.934,0.934,661
9101,0.9339,0.26467057045394066,6.000636332532101,0.9339,0.9339,662
9397,0.9338,0.2646568306770448,6.000324823004202,0.9338,0.9338,663
2722,0.9337,0.2646229925629418,5.99955764206322,0.9337,0.9337,664
4113,0.9336,0.2646143898624489,5.999362600820261,0.9336,0.9336,665
36,0.9335,0.2646007259111333,5.999052810418191,0.9335,0.9335,666
4329,0.9334,0.26459945824120407,5.99902406968413,0.9334,0.9334,667
4054,0.9333,0.2645612523293886,5.998157861620065,0.9333,0.9333,668
7416,0.9332,0.2645298662756878,5.997446274027262,0.9332,0.9332,669
8175,0.9331,0.26450341328359717,5.99684652927604,0.9331,0.9331,670
5890,0.933,0.264500323085871,5.9967764680193385,0.933,0.933,671
8551,0.9329,0.2644858878649535,5.996449191318748,0.9329,0.9329,672
6517,0.9328,0.2644545983724363,5.995739792970022,0.9328,0.9328,673
9229,0.9327,0.2644512549064652,5.995663989590588,0.9327,0.9327,674
85,0.9326,0.2644480165634746,5.995590569572191,0.9326,0.9326,675
2879,0.9325,0.26443672123976597,5.995334480918175,0.9325,0.9325,676
7609,0.9324,0.2644285005226253,5.9951481000383,0.9324,0.9324,677
8162,0.9323,0.2644260305980111,5.995092101672592,0.9323,0.9323,678
848,0.9322,0.264418980415817,5.994932259271196,0.9322,0.9322,679
6962,0.9321,0.26441348936893544,5.994807765734565,0.9321,0.9321,680
9529,0.932,0.264398435595397,5.994466465150129,0.932,0.932,681
7240,0.9319,0.26437408690667613,5.993914429365761,0.9319,0.9319,682
7243,0.9318,0.26437310347623494,5.993892132935908,0.9318,0.9318,683
4505,0.9317,0.2643653578518198,5.993716523402992,0.9317,0.9317,684
7388,0.9316,0.26435528585893636,5.993488170223207,0.9316,0.9316,685
3950,0.9315,0.26433768409208175,5.993089101290675,0.9315,0.9315,686
1467,0.9314,0.26431292729364747,5.992527812804877,0.9314,0.9314,687
9774,0.9313,0.2642829384200647,5.991847902211793,0.9313,0.9313,688
7577,0.9312,0.2642813505462,5.991811901784231,0.9312,0.9312,689
3475,0.9311,0.2642761971716362,5.991695063987215,0.9311,0.9311,690
5791,0.931,0.26425962928366653,5.991319435255339,0.931,0.931,691
3082,0.9309,0.2642488800168731,5.991075726857032,0.9309,0.9309,692
4769,0.9308,0.26421837483491534,5.990384110472486,0.9308,0.9308,693
9168,0.9307,0.2641939357489229,5.989830025191301,0.9307,0.9307,694
6912,0.9306,0.2641637811822006,5.98914635798749,0.9306,0.9306,695
1170,0.9305,0.26416259728801905,5.989119516627367,0.9305,0.9305,696
989,0.9304,0.2641249401114518,5.988265749539383,0.9304,0.9304,697
136,0.9303,0.2641016545280049,5.987737816577294,0.9303,0.9303,698
7964,0.9302,0.26409243746536554,5.987528846459019,0.9302,0.9302,699
8997,0.9301,0.26404326391043087,5.986413978946339,0.9301,0.9301,700
3123,0.93,0.26402882431103986,5.9860866029765,0.93,0.93,701
713,0.9299,0.26401746650163727,5.985829097641541,0.9299,0.9299,702
538,0.9298,0.26399546318579037,5.985330236372947,0.9298,0.9298,703
4401,0.9297,0.2639840352032548,5.985071140066482,0.9297,0.9297,704
1499,0.9296,0.26397776585539484,5.984929000817017,0.9296,0.9296,705
9196,0.9295,0.2639764322841335,5.984898765962286,0.9295,0.9295,706
9175,0.9294,0.2639032820320714,5.98324029649336,0.9294,0.9294,707
8358,0.9293,0.26389969787881457,5.983159036231152,0.9293,0.9293,708
1474,0.9292,0.2638970035732425,5.983097950678145,0.9292,0.9292,709
7637,0.9291,0.2638934121570953,5.983016525750301,0.9291,0.9291,710
937,0.929,0.2638837013884601,5.98279636228106,0.929,0.929,711
8031,0.9289,0.2638664574456206,5.98240540596799,0.9289,0.9289,712
6657,0.9288,0.2638566994391126,5.98218417151821,0.9288,0.9288,713
390,0.9287,0.2638512815307567,5.9820613361850254,0.9287,0.9287,714
659,0.9286,0.26383553574967916,5.981704346339842,0.9286,0.9286,715
2036,0.9285,0.2638349476784878,5.981691013532951,0.9285,0.9285,716
1566,0.9284,0.2638289196997322,5.981554346626861,0.9284,0.9284,717
4245,0.9283,0.26379203339608726,5.9807180568421385,0.9283,0.9283,718
3028,0.9282,0.26377730251687603,5.980384076948956,0.9282,0.9282,719
9557,0.9281,0.26377643351392555,5.980364374832317,0.9281,0.9281,720
5979,0.928,0.2637603862454316,5.9800005496352595,0.928,0.928,721
8272,0.9279,0.2637580781392322,5.979948220031952,0.9279,0.9279,722
3693,0.9278,0.26373087812611296,5.9793315387493955,0.9278,0.9278,723
3380,0.9277,0.2637279412365982,5.979264953311327,0.9277,0.9277,724
782,0.9276,0.2637250951806334,5.979200427260012,0.9276,0.9276,725
3574,0.9275,0.26371897109990267,5.9790615815190735,0.9275,0.9275,726
9020,0.9274,0.26371607624447335,5.978995949081785,0.9274,0.9274,727
5718,0.9273,0.26369048153573554,5.978415663412345,0.9273,0.9273,728
6076,0.9272,0.26368391386355866,5.978266760523044,0.9272,0.9272,729
1734,0.9271,0.26368223454838285,5.978228686931341,0.9271,0.9271,730
840,0.927,0.2636682545768915,5.977911731688033,0.927,0.927,731
9481,0.9269,0.2636657473353979,5.97785488727031,0.9269,0.9269,732
9253,0.9268,0.26365012141653543,5.977500614952718,0.9268,0.9268,733
8112,0.9267,0.2636276464537945,5.976991060460719,0.9267,0.9267,734
2584,0.9266,0.2636004849051767,5.976375251249136,0.9266,0.9266,735
3447,0.9265,0.2635852306020734,5.976029404239455,0.9265,0.9265,736
732,0.9264,0.26356553240908676,5.975582804935466,0.9264,0.9264,737
7550,0.9263,0.2635316656717057,5.974814975046422,0.9263,0.9263,738
2869,0.9262,0.26351847445305576,5.974515902483039,0.9262,0.9262,739
2224,0.9261,0.26351540364876386,5.974446280915104,0.9261,0.9261,740
5672,0.926,0.26351043326438983,5.974333591889386,0.926,0.926,741
6270,0.9259,0.26349627628154476,5.974012623428646,0.9259,0.9259,742
4986,0.9258,0.2634848984754321,5.973754664725885,0.9258,0.9258,743
8942,0.9257,0.26345975511712905,5.973184612115725,0.9257,0.9257,744
2705,0.9256,0.2634351802961009,5.972627449437542,0.9256,0.9256,745
7106,0.9255,0.2634234183091418,5.97236078055286,0.9255,0.9255,746
2551,0.9254,0.26339783490487995,5.9717807511783505,0.9254,0.9254,747
1890,0.9253,0.26339778800674213,5.971779687900748,0.9253,0.9253,748
3272,0.9252,0.2633917972459249,5.971643864800857,0.9252,0.9252,749
6284,0.9251,0.2633818159276527,5.971417567404051,0.9251,0.9251,750
9445,0.925,0.263367505107345,5.971093111124946,0.925,0.925,751
3969,0.9249,0.26333704990140216,5.970402627802161,0.9249,0.9249,752
7591,0.9248,0.263313044775278,5.969858381299847,0.9248,0.9248,753
4931,0.9247,0.2633087552067834,5.969761127795761,0.9247,0.9247,754
4319,0.9246,0.26330458127382705,5.969666495990886,0.9246,0.9246,755
477,0.9245,0.26329555758508544,5.969461910061071,0.9245,0.9245,756
4380,0.9244,0.26324666708595723,5.968353460018032,0.9244,0.9244,757
8244,0.9243,0.26324533536650596,5.968323267148342,0.9243,0.9243,758
4712,0.9242,0.26324415042617794,5.968296402068009,0.9242,0.9242,759
8315,0.9241,0.2632274748802898,5.967918332506286,0.9241,0.9241,760
8135,0.924,0.26322442470406116,5.9678491786218855,0.924,0.924,761
2854,0.9239,0.263202917528617,5.967361565895081,0.9239,0.9239,762
9058,0.9238,0.263155314099278,5.966282296420483,0.9238,0.9238,763
7008,0.9237,0.2630765790629465,5.964497208191384,0.9237,0.9237,764
1736,0.9236,0.2630631095540453,5.964191826205469,0.9236,0.9236,765
4251,0.9235,0.2630487221308547,5.963865633179445,0.9235,0.9235,766
395,0.9234,0.2629860047016368,5.96244369766236,0.9234,0.9234,767
3446,0.9233,0.26294692252516644,5.961557622843592,0.9233,0.9233,768
5201,0.9232,0.26294433453143007,5.96149894760355,0.9232,0.9232,769
685,0.9231,0.2629037713296967,5.960579294836751,0.9231,0.9231,770
3289,0.923,0.26290237146746764,5.960547557028115,0.923,0.923,771
1342,0.9229,0.2628724269079926,5.95986865112846,0.9229,0.9229,772
9041,0.9228,0.2628712946734466,5.959842980999439,0.9228,0.9228,773
7346,0.9227,0.2628598818026914,5.959584227308548,0.9227,0.9227,774
7024,0.9226,0.26285722322699684,5.959523951828121,0.9226,0.9226,775
9904,0.9225,0.26283029509065525,5.958913434560549,0.9225,0.9225,776
8914,0.9224,0.2628202907137554,5.958686614376521,0.9224,0.9224,777
9755,0.9223,0.262815323795495,5.958574003933813,0.9223,0.9223,778
2129,0.9222,0.26280699652411516,5.958385207245383,0.9222,0.9222,779
3286,0.9221,0.2628036836234416,5.958310096845998,0.9221,0.9221,780
7147,0.922,0.262764364060435,5.95741863997629,0.922,0.922,781
2634,0.9219,0.2627514198330696,5.957125167223806,0.9219,0.9219,782
4806,0.9218,0.26275011997765346,5.957095696777754,0.9218,0.9218,783
1775,0.9217,0.2627434683772853,5.956944891062804,0.9217,0.9217,784
9734,0.9216,0.2627428878286123,5.956931728807026,0.9216,0.9216,785
9477,0.9215,0.26273709530999523,5.956800400274829,0.9215,0.9215,786
7470,0.9214,0.26273530107560505,5.956759721222255,0.9214,0.9214,787
7385,0.9213,0.2627267732961635,5.956566378594328,0.9213,0.9213,788
4934,0.9212,0.2627188714321079,5.956387226782114,0.9212,0.9212,789
3316,0.9211,0.2627097872403119,5.956181269122979,0.9211,0.9211,790
8286,0.921,0.2627066282531173,5.956109648265277,0.921,0.921,791
8133,0.9209,0.2626967904898959,5.95588660556179,0.9209,0.9209,792
8059,0.9208,0.2626799077305841,5.955503838037546,0.9208,0.9208,793
3481,0.9207,0.26267875166426746,5.955477627591595,0.9207,0.9207,794
7603,0.9206,0.2626725326253491,5.955336628951035,0.9206,0.9206,795
2471,0.9205,0.26266011022565305,5.9550549871254415,0.9205,0.9205,796
1778,0.9204,0.26265738921036663,5.954993296007045,0.9204,0.9204,797
3189,0.9203,0.2626444017405879,5.954698842857719,0.9203,0.9203,798
3516,0.9202,0.2626224527042342,5.95420121221976,0.9202,0.9202,799
6352,0.9201,0.2626194398172486,5.954132903757709,0.9201,0.9201,800
2383,0.92,0.2625964310100764,5.953611245896596,0.92,0.92,801
3465,0.9199,0.2625555397516698,5.952684155398481,0.9199,0.9199,802
3993,0.9198,0.26255282073773223,5.9526225096554795,0.9198,0.9198,803
3845,0.9197,0.2625495764051653,5.952548953837947,0.9197,0.9197,804
3423,0.9196,0.2625325856739898,5.952163738366371,0.9196,0.9196,805
2988,0.9195,0.2625152388767868,5.951770450130458,0.9195,0.9195,806
8331,0.9194,0.2625087196008415,5.951622644487364,0.9194,0.9194,807
9258,0.9193,0.2625044703107222,5.951526304178363,0.9193,0.9193,808
4718,0.9192,0.2624808184202088,5.950990066269004,0.9192,0.9192,809
8173,0.9191,0.2624543798744684,5.950390649046218,0.9191,0.9191,810
2621,0.919,0.262452628720603,5.950350946719225,0.919,0.919,811
5172,0.9189,0.26245219206631687,5.950341046851803,0.9189,0.9189,812
6333,0.9188,0.2624378176186211,5.9500151480071475,0.9188,0.9188,813
5305,0.9187,0.262436742076725,5.949990763218502,0.9187,0.9187,814
2403,0.9186,0.26243212358255746,5.949886052279617,0.9186,0.9186,815
8543,0.9185,0.2624046188825089,5.949262463105688,0.9185,0.9185,816
9641,0.9184,0.26239124683999804,5.948959290885896,0.9184,0.9184,817
8575,0.9183,0.26236352512133543,5.9483307814452155,0.9183,0.9183,818
5123,0.9182,0.2623502659780318,5.948030168888656,0.9182,0.9182,819
8359,0.9181,0.262330369892075,5.9475790829369855,0.9181,0.9181,820
8657,0.918,0.2622962242584479,5.946804929884992,0.918,0.918,821
810,0.9179,0.26228261305298706,5.946496335340722,0.9179,0.9179,822
9371,0.9178,0.2622785372893779,5.9464039292410815,0.9178,0.9178,823
6169,0.9177,0.2622717816896911,5.946250765643742,0.9177,0.9177,824
4892,0.9176,0.26224962343934227,5.945748391684326,0.9176,0.9176,825
8716,0.9175,0.2622112989870883,5.944879496060128,0.9175,0.9175,826
3887,0.9174,0.2622102775300311,5.944856337488668,0.9174,0.9174,827
6869,0.9173,0.2621946145730434,5.944501225438681,0.9173,0.9173,828
1714,0.9172,0.2621555755777866,5.943616129627346,0.9172,0.9172,829
4808,0.9171,0.26214497131576703,5.9433757087910335,0.9171,0.9171,830
240,0.917,0.26212717734970176,5.94297228230073,0.917,0.917,831
5898,0.9169,0.26211809199996755,5.942766298387828,0.9169,0.9169,832
2024,0.9168,0.26211591685908553,5.942716983388162,0.9168,0.9168,833
1444,0.9167,0.2621116295482394,5.9426197810686014,0.9167,0.9167,834
1475,0.9166,0.2620861250966005,5.942041541715655,0.9166,0.9166,835
7901,0.9165,0.2620597039737749,5.941442519507447,0.9165,0.9165,836
5945,0.9164,0.26205724913468426,5.941386863162368,0.9164,0.9164,837
1479,0.9163,0.26205420708883237,5.941317893609739,0.9163,0.9163,838
5786,0.9162,0.2620502303735155,5.9412277331417425,0.9162,0.9162,839
1950,0.9161,0.26202184039650134,5.940584072884502,0.9161,0.9161,840
4628,0.916,0.2620181764204726,5.940501002871436,0.916,0.916,841
624,0.9159,0.2619242893821647,5.938372387014504,0.9159,0.9159,842
3478,0.9158,0.2619237016886881,5.938359062771853,0.9158,0.9158,843
4144,0.9157,0.26192000974550467,5.938275358685421,0.9157,0.9157,844
3988,0.9156,0.2618754361465147,5.937264781812235,0.9156,0.9156,845
5211,0.9155,0.26187291432342363,5.937207606799391,0.9155,0.9155,846
8226,0.9154,0.2618721795687691,5.937190948371757,0.9154,0.9154,847
3310,0.9153,0.26186262564525764,5.9369743409104325,0.9153,0.9153,848
8462,0.9152,0.2618409964308079,5.9364839613034315,0.9152,0.9152,849
349,0.9151,0.2618334005545077,5.936311746874765,0.9151,0.9151,850
3083,0.915,0.26182708148499034,5.9361684803290675,0.915,0.915,851
9574,0.9149,0.26180104787833347,5.935578243924929,0.9149,0.9149,852
6205,0.9148,0.26179497252192774,5.935440502865796,0.9148,0.9148,853
5444,0.9147,0.2617415740445717,5.934229847511832,0.9147,0.9147,854
1707,0.9146,0.2617381888519181,5.934153098102754,0.9146,0.9146,855
4086,0.9145,0.26173667183827387,5.934118704224612,0.9145,0.9145,856
6186,0.9144,0.2617112710016446,5.933542814041888,0.9144,0.9144,857
9240,0.9143,0.26170145224824504,5.933320202331659,0.9143,0.9143,858
1523,0.9142,0.2616984346400969,5.933251786833448,0.9142,0.9142,859
8385,0.9141,0.26167671182153074,5.932759285025437,0.9141,0.9141,860
3522,0.914,0.2616416578520041,5.931964538096746,0.914,0.914,861
6105,0.9139,0.26158958299217744,5.930783891923706,0.9139,0.9139,862
7194,0.9138,0.2615550970353182,5.930002023031967,0.9138,0.9138,863
9584,0.9137,0.26154989876541396,5.929884167362231,0.9137,0.9137,864
8403,0.9136,0.26154441263473416,5.9297597852862385,0.9136,0.9136,865
4079,0.9135,0.261543291414949,5.929734364885902,0.9135,0.9135,866
4068,0.9134,0.2615250631430552,5.929321091772048,0.9134,0.9134,867
8836,0.9133,0.2615220998662161,5.929253908077389,0.9133,0.9133,868
6175,0.9132,0.2615111585326219,5.92900584512173,0.9132,0.9132,869
7746,0.9131,0.26150524295317074,5.928871726542482,0.9131,0.9131,870
6497,0.913,0.26149312111207496,5.928596899009187,0.913,0.913,871
3772,0.9129,0.2614740490076306,5.9281644944442204,0.9129,0.9129,872
8782,0.9128,0.26144831382737654,5.927581023991472,0.9128,0.9128,873
2376,0.9127,0.2614153984970037,5.926834764490978,0.9127,0.9127,874
7733,0.9126,0.26141070434186925,5.926728338160659,0.9126,0.9126,875
5180,0.9125,0.26138846339654903,5.926224089333221,0.9125,0.9125,876
5079,0.9124,0.2613874890440184,5.9262019987204795,0.9124,0.9124,877
9761,0.9123,0.2613847307526884,5.926139462477721,0.9123,0.9123,878
4148,0.9122,0.2613826798515143,5.9260929642520495,0.9122,0.9122,879
4759,0.9121,0.26137127924352327,5.92583448858237,0.9121,0.9121,880
2501,0.912,0.2613271457943577,5.924833890828026,0.912,0.912,881
5806,0.9119,0.26132562256047476,5.924799355924026,0.9119,0.9119,882
7286,0.9118,0.2613006202536897,5.924232501247506,0.9118,0.9118,883
5903,0.9117,0.2612670479490439,5.9234713467661875,0.9117,0.9117,884
3550,0.9116,0.261263729962448,5.923396121059516,0.9116,0.9116,885
5223,0.9115,0.26125564936686035,5.9232129170275005,0.9115,0.9115,886
4259,0.9114,0.2612505586294235,5.92309749934474,0.9114,0.9114,887
8953,0.9113,0.2612411406575827,5.922883974192234,0.9113,0.9113,888
6672,0.9112,0.2612355394568511,5.922756983236471,0.9112,0.9112,889
9751,0.9111,0.2612320684420848,5.922678288060061,0.9111,0.9111,890
4985,0.911,0.26122944273009185,5.922618757668221,0.911,0.911,891
5586,0.9109,0.2612198579067903,5.922401449642722,0.9109,0.9109,892
5486,0.9108,0.2612098695692959,5.92217499310557,0.9108,0.9108,893
9137,0.9107,0.26120003663151453,5.921952059805833,0.9107,0.9107,894
7757,0.9106,0.26119950086741095,5.921939912910203,0.9106,0.9106,895
719,0.9105,0.26118643927791424,5.921643779311808,0.9105,0.9105,896
2693,0.9104,0.2611862920774905,5.921640441969476,0.9104,0.9104,897
2196,0.9103,0.26117120639917524,5.921298418038178,0.9103,0.9103,898
1350,0.9102,0.2611569255941718,5.9209746422696465,0.9102,0.9102,899
5186,0.9101,0.26114839176772453,5.920781162543707,0.9101,0.9101,900
4072,0.91,0.26112239436388707,5.920191746933568,0.91,0.91,901
1039,0.9099,0.26111834056775113,5.920099838881627,0.9099,0.9099,902
3453,0.9098,0.26110048909820777,5.919695108667605,0.9098,0.9098,903
3251,0.9097,0.2610904538253977,5.919467588009446,0.9097,0.9097,904
7645,0.9096,0.26108725877305755,5.919395149476897,0.9096,0.9096,905
9940,0.9095,0.2610669391615728,5.918934461314973,0.9095,0.9095,906
2028,0.9094,0.26106373992128135,5.91886192783475,0.9094,0.9094,907
8356,0.9093,0.2610576407001705,5.918723645714493,0.9093,0.9093,908
6031,0.9092,0.2610495996979552,5.918541339347769,0.9092,0.9092,909
7211,0.9091,0.2610393006766581,5.918307838957763,0.9091,0.9091,910
51,0.909,0.26101347682618886,5.917722358165313,0.909,0.909,911
1638,0.9089,0.26100867028635844,5.917613383837492,0.9089,0.9089,912
2102,0.9088,0.26100117825940783,5.917443523889894,0.9088,0.9088,913
258,0.9087,0.26099454270464467,5.917293081960998,0.9087,0.9087,914
7951,0.9086,0.2609903317758393,5.917197611383317,0.9086,0.9086,915
447,0.9085,0.26097283605307636,5.9168009466933995,0.9085,0.9085,916
4533,0.9084,0.2609504953487924,5.91629443612156,0.9084,0.9084,917
6704,0.9083,0.2609459248710074,5.916190813815401,0.9083,0.9083,918
9858,0.9082,0.2609436320735682,5.916138831294693,0.9082,0.9082,919
4907,0.9081,0.26094159653428434,5.916092681354236,0.9081,0.9081,920
9928,0.908,0.26094061292498116,5.916070380871653,0.908,0.908,921
4700,0.9079,0.26093258494011784,5.91588836963359,0.9079,0.9079,922
1887,0.9078,0.26091113143981387,5.91540197383719,0.9078,0.9078,923
9416,0.9077,0.2609104617301043,5.915386790113222,0.9077,0.9077,924
5852,0.9076,0.26089582312041043,5.915054902162536,0.9076,0.9076,925
5681,0.9075,0.26089436978342045,5.91502195196862,0.9075,0.9075,926
7413,0.9074,0.2608916982364219,5.914961382402427,0.9074,0.9074,927
8822,0.9073,0.260865506212381,5.91436755434305,0.9073,0.9073,928
3470,0.9072,0.2608516824593128,5.9140541408986085,0.9072,0.9072,929
5504,0.9071,0.2608309121234123,5.913583233868899,0.9071,0.9071,930
2255,0.907,0.260808614165005,5.913077692436352,0.907,0.907,931
8349,0.9069,0.2608027539748148,5.912944829648418,0.9069,0.9069,932
5206,0.9068,0.2607972238643838,5.91281945045737,0.9068,0.9068,933
6544,0.9067,0.2607964766035817,5.912802508490565,0.9067,0.9067,934
2568,0.9066,0.2607946010433341,5.912759985609917,0.9066,0.9066,935
8124,0.9065,0.26079323103419927,5.912728924632996,0.9065,0.9065,936
9434,0.9064,0.26079281331857,5.91271945414522,0.9064,0.9064,937
7976,0.9063,0.2607821894899463,5.912478589691247,0.9063,0.9063,938
742,0.9062,0.2607800100847004,5.912429178009106,0.9062,0.9062,939
9313,0.9061,0.2607717205429916,5.912241236731403,0.9061,0.9061,940
6986,0.906,0.2607604875009649,5.911986560133661,0.906,0.906,941
2228,0.9059,0.2607521433326952,5.911797380358553,0.9059,0.9059,942
88,0.9058,0.2607381519258831,5.911480165853605,0.9058,0.9058,943
5317,0.9057,0.26072808207839554,5.911251861312619,0.9057,0.9057,944
7819,0.9056,0.26072387004230296,5.9111563656312045,0.9056,0.9056,945
5573,0.9055,0.2607233704914588,5.911145039767385,0.9055,0.9055,946
6030,0.9054,0.2607012924585467,5.9106444845060775,0.9054,0.9054,947
9146,0.9053,0.2606811866800007,5.910188644383293,0.9053,0.9053,948
4457,0.9052,0.26068020110829726,5.910166299407644,0.9052,0.9052,949
1973,0.9051,0.26063462437348234,5.909132979344847,0.9051,0.9051,950
5080,0.905,0.2606319281486487,5.909071850279128,0.905,0.905,951
6298,0.9049,0.26062692714196856,5.908958466979755,0.9049,0.9049,952
3630,0.9048,0.26061311051696745,5.908645215143161,0.9048,0.9048,953
2521,0.9047,0.2605628484345523,5.907505668434021,0.9047,0.9047,954
8604,0.9046,0.26054564727356655,5.907115682076392,0.9046,0.9046,955
6145,0.9045,0.260539272308121,5.906971148254736,0.9045,0.9045,956
1776,0.9044,0.26053598687066504,5.906896660504852,0.9044,0.9044,957
1294,0.9043,0.26049659512990564,5.9060035672124735,0.9043,0.9043,958
6112,0.9042,0.2604830514776046,5.905696504240517,0.9042,0.9042,959
5220,0.9041,0.26047327141581383,5.905474769750385,0.9041,0.9041,960
8705,0.904,0.26045767385598206,5.905121140389331,0.904,0.904,961
6001,0.9039,0.2604466588862784,5.904871407950387,0.9039,0.9039,962
8664,0.9038,0.26042160571388334,5.904303400044351,0.9038,0.9038,963
2252,0.9037,0.26038317960219115,5.903432199587048,0.9037,0.9037,964
4962,0.9036,0.260379361298951,5.903345630654257,0.9036,0.9036,965
6881,0.9035,0.26037791111260533,5.903312751891402,0.9035,0.9035,966
9778,0.9034,0.26037645977461005,5.903279847017778,0.9034,0.9034,967
7139,0.9033,0.260373264903711,5.90320741260129,0.9033,0.9033,968
9840,0.9032,0.2603586629225092,5.902876355095581,0.9032,0.9032,969
7124,0.9031,0.26035633660578233,5.902823612621671,0.9031,0.9031,970
8828,0.903,0.2603537359124371,5.902764649453486,0.903,0.903,971
471,0.9029,0.26034653568023897,5.902601405106382,0.9029,0.9029,972
877,0.9028,0.2603345384263796,5.902329402225851,0.9028,0.9028,973
8884,0.9027,0.2603236738478842,5.902083079468236,0.9027,0.9027,974
9500,0.9026,0.26032312456872303,5.902070626160184,0.9026,0.9026,975
9209,0.9025,0.2603174083755868,5.901941028085322,0.9025,0.9025,976
4168,0.9024,0.260312264096415,5.90182439649975,0.9024,0.9024,977
7051,0.9023,0.2602939518827351,5.901409220249571,0.9023,0.9023,978
5175,0.9022,0.2602858116508358,5.901224664137571,0.9022,0.9022,979
1840,0.9021,0.2602856959444693,5.901222040833488,0.9021,0.9021,980
1694,0.902,0.2602694814149236,5.9008544234773685,0.902,0.902,981
419,0.9019,0.26025889906805805,5.900614499503651,0.9019,0.9019,982
8618,0.9018,0.26024730125248524,5.900351552725928,0.9018,0.9018,983
7775,0.9017,0.2602314861838067,5.899992991985937,0.9017,0.9017,984
5089,0.9016,0.26022157709746485,5.899768332238386,0.9016,0.9016,985
5416,0.9015,0.26021134411033425,5.899536328982395,0.9015,0.9015,986
4854,0.9014,0.26019871560107755,5.899250014219345,0.9014,0.9014,987
3986,0.9013,0.2601934311253036,5.89913020408194,0.9013,0.9013,988
1897,0.9012,0.26019022829417876,5.899057589190281,0.9012,0.9012,989
8390,0.9011,0.2601707658369166,5.898616334509762,0.9011,0.9011,990
8323,0.901,0.260168285302616,5.8985600956001,0.901,0.901,991
4745,0.9009,0.2601550671981265,5.89826041347883,0.9009,0.9009,992
9501,0.9008,0.26015292068519474,5.898211747533268,0.9008,0.9008,993
4330,0.9007,0.2601308867880758,5.897712192922695,0.9007,0.9007,994
9237,0.9006,0.2600968605615519,5.896940747081379,0.9006,0.9006,995
859,0.9005,0.2600806949263985,5.89657423826314,0.9005,0.9005,996
1691,0.9004,0.2600775426137764,5.89650276873258,0.9004,0.9004,997
3145,0.9003,0.26006746623340515,5.89627431607919,0.9003,0.9003,998
3976,0.9002,0.260065362796003,5.896226626747346,0.9002,0.9002,999
8662,0.9001,0.2600587387039076,5.896076444700808,0.9001,0.9001,1000
2377,0.9,0.2600580178429975,5.896060101273491,0.9,0.9,1001
310,0.8999,0.26004251562344477,5.895708633478645,0.8999,0.8999,1002
6378,0.8998,0.2600411745951115,5.895678229556262,0.8998,0.8998,1003
7888,0.8997,0.26003605285256676,5.8955621089222054,0.8997,0.8997,1004
7228,0.8996,0.2600341689977905,5.895519397988331,0.8996,0.8996,1005
5351,0.8995,0.26002809154921924,5.895381609495881,0.8995,0.8995,1006
4470,0.8994,0.2600070383785127,5.894904290008969,0.8994,0.8994,1007
8191,0.8993,0.2599943496212964,5.894616609299277,0.8993,0.8993,1008
7099,0.8992,0.25998959831185947,5.894508887159656,0.8992,0.8992,1009
7234,0.8991,0.2599686756309011,5.894034526149138,0.8991,0.8991,1010
8832,0.899,0.25995387983395846,5.893699074433453,0.899,0.899,1011
3260,0.8989,0.2599383696733836,5.893347426598445,0.8989,0.8989,1012
7494,0.8988,0.25992436830591537,5.893029986263904,0.8988,0.8988,1013
7870,0.8987,0.2599022954469293,5.89252954830622,0.8987,0.8987,1014
7857,0.8986,0.2598992477191411,5.892460449933187,0.8986,0.8986,1015
6228,0.8985,0.25988425069854665,5.892120436056623,0.8985,0.8985,1016
5286,0.8984,0.2598744734602893,5.891898765581838,0.8984,0.8984,1017
8080,0.8983,0.25986867990049284,5.891767413441946,0.8983,0.8983,1018
9363,0.8982,0.25986400859968223,5.891661505267691,0.8982,0.8982,1019
3321,0.8981,0.25985052699028127,5.891355848936433,0.8981,0.8981,1020
159,0.898,0.25981162970768534,5.890473966047791,0.898,0.898,1021
7427,0.8979,0.25980952342584185,5.890426212226227,0.8979,0.8979,1022
3727,0.8978,0.2597938095470337,5.890069945671163,0.8978,0.8978,1023
1794,0.8977,0.2597784004908536,5.889720590086046,0.8977,0.8977,1024
3712,0.8976,0.2597573762623702,5.889243926779404,0.8976,0.8976,1025
1023,0.8975,0.25974347488597466,5.88892875345149,0.8975,0.8975,1026
983,0.8974,0.2597421236491923,5.888898118082379,0.8974,0.8974,1027
1960,0.8973,0.25972565028492123,5.888524632402359,0.8973,0.8973,1028
9198,0.8972,0.2597189901015857,5.8883736320926605,0.8972,0.8972,1029
2614,0.8971,0.25971177316936983,5.888210009120034,0.8971,0.8971,1030
5534,0.897,0.25970538652876934,5.888065210596609,0.897,0.897,1031
692,0.8969,0.25970217010031865,5.887992287424904,0.8969,0.8969,1032
9284,0.8968,0.25969537261143966,5.887838174112124,0.8968,0.8968,1033
1834,0.8967,0.2596915338402406,5.887751141125341,0.8967,0.8967,1034
9490,0.8966,0.2596843182007272,5.8875875474603685,0.8966,0.8966,1035
6325,0.8965,0.2596790674753394,5.887468502515779,0.8965,0.8965,1036
1859,0.8964,0.25967869868608456,5.887460141289933,0.8964,0.8964,1037
9712,0.8963,0.2596786550072282,5.88745915099968,0.8963,0.8963,1038
4566,0.8962,0.259668331440634,5.887225094116391,0.8962,0.8962,1039
8681,0.8961,0.25965529005053745,5.886929418479825,0.8961,0.8961,1040
6503,0.896,0.25961418819601756,5.885997553328257,0.896,0.896,1041
403,0.8959,0.2596010431208254,5.8856995269337515,0.8959,0.8959,1042
5255,0.8958,0.2595903503214355,5.88545709876957,0.8958,0.8958,1043
7742,0.8957,0.25956371687804297,5.884853262809561,0.8957,0.8957,1044
4163,0.8956,0.25954577506941756,5.884446484417551,0.8956,0.8956,1045
70,0.8955,0.25952578378551194,5.88399324012916,0.8955,0.8955,1046
5254,0.8954,0.2595217348845238,5.8839014430602985,0.8954,0.8954,1047
650,0.8953,0.2595132613281845,5.88370932978568,0.8953,0.8953,1048
3095,0.8952,0.25950127759128366,5.8834376333629095,0.8952,0.8952,1049
895,0.8951,0.2594917235582199,5.883221023418692,0.8951,0.8951,1050
8201,0.895,0.25948662562289404,5.883105442543901,0.895,0.895,1051
5567,0.8949,0.2594793072384085,5.882939519434917,0.8949,0.8949,1052
9623,0.8948,0.25945271959132504,5.882336721772547,0.8948,0.8948,1053
9021,0.8947,0.2594326380105135,5.8818814302642455,0.8947,0.8947,1054
9539,0.8946,0.2594322826688413,5.881873373923597,0.8946,0.8946,1055
282,0.8945,0.2594207699186267,5.881612355756387,0.8945,0.8945,1056
4017,0.8944,0.2594160326762783,5.88150495254774,0.8944,0.8944,1057
104,0.8943,0.25941339318544215,5.881445109759344,0.8943,0.8943,1058
3258,0.8942,0.25940883896753525,5.8813418560980555,0.8942,0.8942,1059
6404,0.8941,0.2594086154060969,5.881336787493226,0.8941,0.8941,1060
2782,0.894,0.2594072208774722,5.881305170607687,0.894,0.894,1061
566,0.8939,0.2593982797739116,5.881102457057456,0.8939,0.8939,1062
1071,0.8938,0.25939577944284964,5.8810457693143725,0.8938,0.8938,1063
8289,0.8937,0.2593872966045745,5.880853445597395,0.8937,0.8937,1064
9912,0.8936,0.2593705484708252,5.880473730317543,0.8936,0.8936,1065
8500,0.8935,0.2593646141963245,5.880339187882449,0.8935,0.8935,1066
9411,0.8934,0.2593164377257866,5.879246926362505,0.8934,0.8934,1067
808,0.8933,0.2592878129891159,5.878597943611376,0.8933,0.8933,1068
7860,0.8932,0.2592661595723566,5.878107015289233,0.8932,0.8932,1069
6430,0.8931,0.259265268892399,5.878086821708026,0.8931,0.8931,1070
7845,0.893,0.25926079512207234,5.877985391962098,0.893,0.893,1071
4993,0.8929,0.2592604966009482,5.877978623862897,0.8929,0.8929,1072
3353,0.8928,0.2592567630163029,5.877893975676043,0.8928,0.8928,1073
1176,0.8927,0.2592437369469097,5.87759864739308,0.8927,0.8927,1074
1979,0.8926,0.2592435929153299,5.877595381896202,0.8926,0.8926,1075
1272,0.8925,0.2592393319852686,5.877498777683661,0.8925,0.8925,1076
5402,0.8924,0.2592257442534811,5.877190715336949,0.8924,0.8924,1077
1448,0.8923,0.2592212769210647,5.877089431551789,0.8923,0.8923,1078
6581,0.8922,0.25920824340735177,5.876793934489751,0.8922,0.8922,1079
5992,0.8921,0.25920529226263345,5.876727025857303,0.8921,0.8921,1080
1103,0.892,0.2592001817840504,5.876611160601003,0.892,0.892,1081
1056,0.8919,0.25915721196201663,5.875636944710369,0.8919,0.8919,1082
4244,0.8918,0.25912498318276805,5.874906250764712,0.8918,0.8918,1083
3741,0.8917,0.25910167183249383,5.874377733614721,0.8917,0.8917,1084
9298,0.8916,0.25909122333953033,5.874140844388401,0.8916,0.8916,1085
8699,0.8915,0.2590782782673621,5.873847352482368,0.8915,0.8915,1086
2289,0.8914,0.25905441801270856,5.873306390520488,0.8914,0.8914,1087
2384,0.8913,0.25904761228472967,5.873152090408916,0.8913,0.8913,1088
5509,0.8912,0.25904622362384466,5.87312060655725,0.8912,0.8912,1089
2783,0.8911,0.25903906553436046,5.872958317671687,0.8911,0.8911,1090
8538,0.891,0.25902177014289285,5.872566194911979,0.891,0.891,1091
9448,0.8909,0.259018926203877,5.872501716857176,0.8909,0.8909,1092
3147,0.8908,0.25901144554467065,5.872332114639871,0.8908,0.8908,1093
9799,0.8907,0.25901061205579795,5.872313217701635,0.8907,0.8907,1094
3579,0.8906,0.25899709248016545,5.872006700598033,0.8906,0.8906,1095
2451,0.8905,0.2589814742263329,5.871652602061374,0.8905,0.8905,1096
2283,0.8904,0.2589693419495341,5.871377537929468,0.8904,0.8904,1097
8873,0.8903,0.25896571547198244,5.87129531808551,0.8903,0.8903,1098
1244,0.8902,0.25895303283428756,5.871007776118136,0.8902,0.8902,1099
2479,0.8901,0.25891685867323316,5.87018763209952,0.8901,0.8901,1100
7000,0.89,0.25891418592354476,5.870127035264877,0.89,0.89,1101
7034,0.8899,0.25890253068397784,5.86986278656586,0.8899,0.8899,1102
7489,0.8898,0.2588958647716173,5.8697116563673415,0.8898,0.8898,1103
6121,0.8897,0.258892697430518,5.869639846107991,0.8897,0.8897,1104
4574,0.8896,0.258882251572979,5.869403016632015,0.8896,0.8896,1105
8082,0.8895,0.258878222535505,5.869311669912606,0.8895,0.8895,1106
437,0.8894,0.258848580072217,5.8686396131662315,0.8894,0.8894,1107
8689,0.8893,0.25884682963843164,5.868599927165833,0.8893,0.8893,1108
1919,0.8892,0.258835207433648,5.8683364274339445,0.8892,0.8892,1109
5396,0.8891,0.2588350865154993,5.868333685967354,0.8891,0.8891,1110
9172,0.889,0.2588287908960153,5.868190951082616,0.889,0.889,1111
4918,0.8889,0.2588207520590081,5.868008693805403,0.8889,0.8889,1112
8178,0.8888,0.25880452302416435,5.8676407475864885,0.8888,0.8888,1113
33,0.8887,0.25880396888870266,5.867628184174128,0.8887,0.8887,1114
93,0.8886,0.2588036887962453,5.867621833891134,0.8886,0.8886,1115
3110,0.8885,0.2587971146064686,5.8674727832347875,0.8885,0.8885,1116
8292,0.8884,0.25877242220441055,5.866912954747812,0.8884,0.8884,1117
6806,0.8883,0.25876555207862484,5.866757194603857,0.8883,0.8883,1118
3254,0.8882,0.2587362251552053,5.866092291807206,0.8882,0.8882,1119
6027,0.8881,0.25873483380084483,5.866060746889428,0.8881,0.8881,1120
7827,0.888,0.2587106393642664,5.865512208323725,0.888,0.888,1121
6392,0.8879,0.2586842808538985,5.864914605671115,0.8879,0.8879,1122
1554,0.8878,0.25867917757639747,5.864798903678542,0.8878,0.8878,1123
5917,0.8877,0.25867903434132855,5.864795656239866,0.8877,0.8877,1124
8560,0.8876,0.258657753320011,5.864313170900928,0.8876,0.8876,1125
7310,0.8875,0.258643098195941,5.863980908534447,0.8875,0.8875,1126
2595,0.8874,0.2586281848098379,5.863642790828768,0.8874,0.8874,1127
924,0.8873,0.25861102236453576,5.863253682235767,0.8873,0.8873,1128
2997,0.8872,0.2585910430601958,5.862800709549714,0.8872,0.8872,1129
991,0.8871,0.2585824091190862,5.8626049600170065,0.8871,0.8871,1130
9455,0.887,0.25857172261928657,5.862362674676589,0.887,0.887,1131
5468,0.8869,0.2585584253486478,5.8620611976923245,0.8869,0.8869,1132
360,0.8868,0.2585570158403156,5.862029241184709,0.8868,0.8868,1133
4924,0.8867,0.2585507256863133,5.8618866302159605,0.8867,0.8867,1134
3947,0.8866,0.25854947818637086,5.8618583467787735,0.8866,0.8866,1135
3397,0.8865,0.25853669645098076,5.861568558059634,0.8865,0.8865,1136
7771,0.8864,0.2585352020872222,5.861534677702114,0.8864,0.8864,1137
5552,0.8863,0.2585301296866656,5.861419675755155,0.8863,0.8863,1138
7732,0.8862,0.25852938692510724,5.861402835793646,0.8862,0.8862,1139
438,0.8861,0.25852637347383145,5.8613345145405615,0.8861,0.8861,1140
1330,0.886,0.25851221216314935,5.861013447957796,0.886,0.886,1141
3510,0.8859,0.25849959730912037,5.860727442788046,0.8859,0.8859,1142
4160,0.8858,0.2584787241218513,5.8602542039021,0.8858,0.8858,1143
3681,0.8857,0.25845374416210437,5.859687855881034,0.8857,0.8857,1144
8867,0.8856,0.25842880654115946,5.859122467768295,0.8856,0.8856,1145
4708,0.8855,0.2584029309282805,5.858535813413765,0.8855,0.8855,1146
1864,0.8854,0.25839990910862304,5.858467302429587,0.8854,0.8854,1147
1781,0.8853,0.2583876052949105,5.858188349196308,0.8853,0.8853,1148
9783,0.8852,0.2583682936443063,5.85775051361724,0.8852,0.8852,1149
5565,0.8851,0.2583592588537154,5.857545675986514,0.8851,0.8851,1150
6106,0.885,0.2583472998194033,5.857274539624017,0.885,0.885,1151
6033,0.8849,0.25828277283255324,5.855811577645039,0.8849,0.8849,1152
492,0.8848,0.2582786658482905,5.855718463707465,0.8848,0.8848,1153
7699,0.8847,0.25827687587968995,5.855677881369249,0.8847,0.8847,1154
2233,0.8846,0.25826039439261894,5.855304211527968,0.8846,0.8846,1155
3383,0.8845,0.2582576830251524,5.855242739147029,0.8845,0.8845,1156
2449,0.8844,0.2582560634440403,5.8552060198483575,0.8844,0.8844,1157
8426,0.8843,0.25822830428338245,5.854576661520383,0.8843,0.8843,1158
8271,0.8842,0.25822766504711414,5.854562168694113,0.8842,0.8842,1159
2569,0.8841,0.25822489599642906,5.854499388513903,0.8841,0.8841,1160
3298,0.884,0.2582220400186589,5.854434637515344,0.884,0.884,1161
9571,0.8839,0.25819193170940824,5.853752019064502,0.8839,0.8839,1162
9611,0.8838,0.2581778375258028,5.853432474394944,0.8838,0.8838,1163
5895,0.8837,0.2581756441100181,5.853382745064949,0.8837,0.8837,1164
891,0.8836,0.2581677128839156,5.853202927551048,0.8836,0.8836,1165
1762,0.8835,0.2581634385579665,5.853106019628541,0.8835,0.8835,1166
7973,0.8834,0.258160499982432,5.853039395963458,0.8834,0.8834,1167
307,0.8833,0.2581471512017112,5.852736751138347,0.8833,0.8833,1168
1463,0.8832,0.25813697725513773,5.852506086454704,0.8832,0.8832,1169
765,0.8831,0.25812913643817087,5.852328318706573,0.8831,0.8831,1170
551,0.883,0.258125481466352,5.852245452838979,0.883,0.883,1171
4714,0.8829,0.258116667034617,5.8520456112042,0.8829,0.8829,1172
2717,0.8828,0.2581108818370715,5.851914448655549,0.8828,0.8828,1173
8517,0.8827,0.25807958692669225,5.851204927472657,0.8827,0.8827,1174
606,0.8826,0.258069959576821,5.850986655281269,0.8826,0.8826,1175
7123,0.8825,0.2580672560106009,5.850925359771478,0.8825,0.8825,1176
3337,0.8824,0.25805484635165304,5.85064400680202,0.8824,0.8824,1177
5268,0.8823,0.2579771433837037,5.848882317727131,0.8823,0.8823,1178
2308,0.8822,0.25795230626323407,5.8483192081713264,0.8822,0.8822,1179
8578,0.8821,0.257951275236364,5.848295832632407,0.8821,0.8821,1180
1786,0.882,0.25795107988632704,5.848291403636907,0.882,0.882,1181
456,0.8819,0.2579485666489645,5.848234423280845,0.8819,0.8819,1182
9779,0.8818,0.2579331937552328,5.847885887573286,0.8818,0.8818,1183
2256,0.8817,0.2579285629719016,5.847780898013418,0.8817,0.8817,1184
4661,0.8816,0.2579051888352712,5.847250957366133,0.8816,0.8816,1185
6117,0.8815,0.257902887037643,5.847198770791423,0.8815,0.8815,1186
2898,0.8814,0.25788292754595576,5.846746247297067,0.8814,0.8814,1187
5447,0.8813,0.25785630767029327,5.846142718946279,0.8813,0.8813,1188
9936,0.8812,0.2578460234180757,5.845909553402903,0.8812,0.8812,1189
7334,0.8811,0.2578458290212376,5.845905146018932,0.8811,0.8811,1190
9913,0.881,0.2578391525696153,5.845753776873857,0.881,0.881,1191
6041,0.8809,0.25782518619519684,5.845437129904332,0.8809,0.8809,1192
2711,0.8808,0.2578060016654358,5.845002176422817,0.8808,0.8808,1193
3235,0.8807,0.25777170286562334,5.84422455077169,0.8807,0.8807,1194
7848,0.8806,0.2577445282491909,5.843608445285076,0.8806,0.8806,1195
5548,0.8805,0.2577427766297272,5.843568732402824,0.8805,0.8805,1196
2124,0.8804,0.25772300737912324,5.843120522073776,0.8804,0.8804,1197
3594,0.8803,0.2577210471903247,5.84307608048716,0.8803,0.8803,1198
5076,0.8802,0.25769201629626154,5.842417889297518,0.8802,0.8802,1199
2007,0.8801,0.25768958964612587,5.842362872054036,0.8801,0.8801,1200
8022,0.88,0.25767761032252473,5.84209127569145,0.88,0.88,1201
9410,0.8799,0.25767026621121586,5.8419247693003875,0.8799,0.8799,1202
9247,0.8798,0.25766954811440945,5.841908488541603,0.8798,0.8798,1203
2070,0.8797,0.25765636955400684,5.841609702968355,0.8797,0.8797,1204
562,0.8796,0.25764649853086335,5.841385906193216,0.8796,0.8796,1205
5114,0.8795,0.25764072720616243,5.841255058171436,0.8795,0.8795,1206
1819,0.8794,0.25759023580418194,5.840110312306224,0.8794,0.8794,1207
9592,0.8793,0.25758416087776737,5.839972580996148,0.8793,0.8793,1208
3429,0.8792,0.25758240611390965,5.839932796823356,0.8792,0.8792,1209
5387,0.8791,0.2575753491290451,5.839772800192116,0.8791,0.8791,1210
6585,0.879,0.2575639011989792,5.839513251633321,0.879,0.879,1211
2959,0.8789,0.2575370067950131,5.838903499149784,0.8789,0.8789,1212
1810,0.8788,0.2575247208522991,5.838624951088485,0.8788,0.8788,1213
4333,0.8787,0.2575198686366618,5.838514941194104,0.8787,0.8787,1214
4430,0.8786,0.2575180625007836,5.838473992310777,0.8786,0.8786,1215
9652,0.8785,0.2575084610033762,5.8382563062494865,0.8785,0.8785,1216
1841,0.8784,0.257473658881589,5.837467269234635,0.8784,0.8784,1217
8395,0.8783,0.25746765189271265,5.837331078212269,0.8783,0.8783,1218
4250,0.8782,0.2574592066468022,5.837139606793955,0.8782,0.8782,1219
1845,0.8781,0.2574587091756689,5.83712832808149,0.8781,0.8781,1220
4187,0.878,0.2574513995188282,5.836962602847089,0.878,0.878,1221
9879,0.8779,0.2574438098405381,5.836790528939556,0.8779,0.8779,1222
1539,0.8778,0.25744118046701736,5.836730915532813,0.8778,0.8778,1223
2456,0.8777,0.25740739404816315,5.835964906633288,0.8777,0.8777,1224
3021,0.8776,0.25740246443258463,5.835853141919311,0.8776,0.8776,1225
8098,0.8775,0.25739646381671916,5.835717095385395,0.8775,0.8775,1226
3157,0.8774,0.25737618144810914,5.835257251596058,0.8774,0.8774,1227
6276,0.8773,0.25734840084743205,5.834627407178391,0.8773,0.8773,1228
3212,0.8772,0.2573150822267941,5.833872004242598,0.8772,0.8772,1229
5328,0.8771,0.2573048849959684,5.8336408116574034,0.8771,0.8771,1230
754,0.877,0.25729519861441863,5.833421201093545,0.877,0.877,1231
391,0.8769,0.2572940904018911,5.833396075594415,0.8769,0.8769,1232
7131,0.8768,0.2572585920430843,5.832591253428554,0.8768,0.8768,1233
4455,0.8767,0.2572572123697659,5.832559973344359,0.8767,0.8767,1234
6131,0.8766,0.25724102385252184,5.832192945742544,0.8766,0.8766,1235
9872,0.8765,0.2572217644224396,5.8317562941131635,0.8765,0.8765,1236
1295,0.8764,0.25720487404089093,5.831373353776785,0.8764,0.8764,1237
2008,0.8763,0.2571881776163127,5.830994810851109,0.8763,0.8763,1238
6470,0.8762,0.2571857092231658,5.830938847206268,0.8762,0.8762,1239
3448,0.8761,0.257171612853258,5.83061925296748,0.8761,0.8761,1240
7926,0.876,0.25712913691664685,5.829656234495311,0.876,0.876,1241
8352,0.8759,0.25709868496495114,5.828965824952447,0.8759,0.8759,1242
4746,0.8758,0.25706318894787855,5.828161055878781,0.8758,0.8758,1243
1248,0.8757,0.2570506657586548,5.827877128942258,0.8757,0.8757,1244
9817,0.8756,0.25705049089715654,5.827873164466993,0.8756,0.8756,1245
4546,0.8755,0.257036420523521,5.827554159617834,0.8755,0.8755,1246
3182,0.8754,0.2570354292787166,5.827531686021512,0.8754,0.8754,1247
5331,0.8753,0.2570326480534756,5.827468629818539,0.8753,0.8753,1248
6627,0.8752,0.25702920456771733,5.827390558782201,0.8752,0.8752,1249
9730,0.8751,0.25701525382173984,5.827074266142983,0.8751,0.8751,1250
2872,0.875,0.2569545075220063,5.825697020259811,0.875,0.875,1251
1618,0.8749,0.25693952126164005,5.825357250342036,0.8749,0.8749,1252
5007,0.8748,0.2569384040249425,5.8253319202437455,0.8748,0.8748,1253
8507,0.8747,0.2569217160727529,5.824953569406506,0.8747,0.8747,1254
1848,0.8746,0.2569202916616581,5.824921275021743,0.8746,0.8746,1255
415,0.8745,0.2569101237902499,5.824690748075011,0.8745,0.8745,1256
5566,0.8744,0.2568953130212205,5.824354956911905,0.8744,0.8744,1257
4625,0.8743,0.2568715944597564,5.823817207431319,0.8743,0.8743,1258
3468,0.8742,0.2568622368139182,5.8236050499953995,0.8742,0.8742,1259
58,0.8741,0.2568527411742877,5.823389763951643,0.8741,0.8741,1260
4848,0.874,0.25683890524407277,5.823076074427275,0.874,0.874,1261
9888,0.8739,0.25683097608968564,5.822896303885151,0.8739,0.8739,1262
7064,0.8738,0.25682238913506156,5.822701619633447,0.8738,0.8738,1263
8858,0.8737,0.256821543545544,5.822682448348101,0.8737,0.8737,1264
4571,0.8736,0.2568062808090761,5.822336410135412,0.8736,0.8736,1265
5691,0.8735,0.2567940410528531,5.822058909217862,0.8735,0.8735,1266
6013,0.8734,0.2567738222042562,5.821600505560763,0.8734,0.8734,1267
8976,0.8733,0.2567717277418353,5.821553019710215,0.8733,0.8733,1268
5598,0.8732,0.2567670465327471,5.821446886892999,0.8732,0.8732,1269
8452,0.8731,0.2567218800174706,5.820422867364226,0.8731,0.8731,1270
6143,0.873,0.2567214964751537,5.8204141716569735,0.873,0.873,1271
6680,0.8729,0.25672125479853275,5.820408692342086,0.8729,0.8729,1272
5327,0.8728,0.2567180438433966,5.820335893261441,0.8728,0.8728,1273
1865,0.8727,0.2567159193216925,5.820287725903225,0.8727,0.8727,1274
9811,0.8726,0.25671246756748795,5.820209467404656,0.8726,0.8726,1275
2921,0.8725,0.25670776609610546,5.82010287519763,0.8725,0.8725,1276
6611,0.8724,0.25669970075981535,5.819920017126472,0.8724,0.8724,1277
1345,0.8723,0.25669406335633066,5.819792205379449,0.8723,0.8723,1278
4888,0.8722,0.2566804441257208,5.819483428887397,0.8722,0.8722,1279
2395,0.8721,0.2566760440297301,5.819383669493917,0.8721,0.8721,1280
2907,0.872,0.25665766346063346,5.8189669434835976,0.872,0.872,1281
8413,0.8719,0.25664809148877715,5.818749926828049,0.8719,0.8719,1282
2958,0.8718,0.2566381741852561,5.818525080778957,0.8718,0.8718,1283
5631,0.8717,0.25663454266980473,5.818442746716987,0.8717,0.8717,1284
1928,0.8716,0.2566315900195752,5.81837580394996,0.8716,0.8716,1285
6299,0.8715,0.2566295944055289,5.818330559198247,0.8715,0.8715,1286
2323,0.8714,0.25660258161372634,5.817718122615157,0.8714,0.8714,1287
3466,0.8713,0.2565833002002278,5.817280972574756,0.8713,0.8713,1288
1389,0.8712,0.25657421858949203,5.817075073433434,0.8712,0.8712,1289
8619,0.8711,0.2565667454334915,5.816905641329157,0.8711,0.8711,1290
7410,0.871,0.2565543261032394,5.816624069094192,0.871,0.871,1291
1264,0.8709,0.25654898196653697,5.816502906318789,0.8709,0.8709,1292
8562,0.8708,0.2565212216868826,5.815873522618473,0.8708,0.8708,1293
3992,0.8707,0.2565083735441923,5.815582228307191,0.8707,0.8707,1294
2774,0.8706,0.2565064308175911,5.815538182624042,0.8706,0.8706,1295
7631,0.8705,0.25649330911553075,5.815240686147918,0.8705,0.8705,1296
5239,0.8704,0.2564820364918831,5.814985112154164,0.8704,0.8704,1297
1504,0.8703,0.25647616445984567,5.81485198088446,0.8703,0.8703,1298
2838,0.8702,0.2564732517772177,5.814785944266814,0.8702,0.8702,1299
8680,0.8701,0.25647110495114367,5.814737271223549,0.8701,0.8701,1300
7204,0.87,0.2564669065211303,5.814642084017324,0.87,0.87,1301
7567,0.8699,0.25646235819587626,5.8145389639560845,0.8699,0.8699,1302
6698,0.8698,0.2564453497392043,5.814153346609729,0.8698,0.8698,1303
3375,0.8697,0.25641028379955616,5.813358328292375,0.8697,0.8697,1304
661,0.8696,0.2563898073424383,5.812894084110487,0.8696,0.8696,1305
3668,0.8695,0.2563794171867646,5.812658517513126,0.8695,0.8695,1306
318,0.8694,0.2563584739392487,5.812183690214299,0.8694,0.8694,1307
9659,0.8693,0.25635330898630826,5.812066589909785,0.8693,0.8693,1308
7893,0.8692,0.25633816805402,5.811723313254845,0.8692,0.8692,1309
7740,0.8691,0.25631295343026367,5.811151644907724,0.8691,0.8691,1310
3333,0.869,0.25627785505655715,5.810355891243038,0.869,0.869,1311
7541,0.8689,0.25627113368319426,5.810203503627209,0.8689,0.8689,1312
4338,0.8688,0.25626918127625176,5.810159238470874,0.8688,0.8688,1313
758,0.8687,0.25626827124603396,5.810138606178958,0.8687,0.8687,1314
4832,0.8686,0.2562529655531551,5.8097915940557225,0.8686,0.8686,1315
9311,0.8685,0.25623248202156107,5.8093271894797995,0.8685,0.8685,1316
8172,0.8684,0.2562202517904888,5.809049904518645,0.8684,0.8684,1317
4283,0.8683,0.25621651326939066,5.808965144413333,0.8683,0.8683,1318
8996,0.8682,0.2561837372811544,5.808222044092135,0.8682,0.8682,1319
5070,0.8681,0.25617914842426814,5.808118005092128,0.8681,0.8681,1320
5743,0.868,0.2561731226358339,5.807981387844502,0.868,0.868,1321
8436,0.8679,0.2561701031125315,5.80791292892499,0.8679,0.8679,1322
4284,0.8678,0.25614494135796356,5.807342459233359,0.8678,0.8678,1323
6931,0.8677,0.256141951257803,5.807274667398211,0.8677,0.8677,1324
7563,0.8676,0.2561135353032039,5.806630418174967,0.8676,0.8676,1325
5904,0.8675,0.25611102399701274,5.806573481602088,0.8675,0.8675,1326
305,0.8674,0.2561088868236262,5.806525027404109,0.8674,0.8674,1327
9680,0.8673,0.2561047609018313,5.806431484112469,0.8673,0.8673,1328
5523,0.8672,0.2561042710030686,5.806420377081266,0.8672,0.8672,1329
3719,0.8671,0.2560917490803298,5.806136478858146,0.8671,0.8671,1330
2762,0.867,0.2560684056992443,5.805607235504073,0.867,0.867,1331
123,0.8669,0.2560628408984783,5.805481069812024,0.8669,0.8669,1332
7983,0.8668,0.25603887162759875,5.804937636223649,0.8668,0.8668,1333
6521,0.8667,0.25601803071965684,5.804465129177441,0.8667,0.8667,1334
7657,0.8666,0.2560164679241135,5.804429697328533,0.8666,0.8666,1335
9875,0.8665,0.25600615248690367,5.804195824755427,0.8665,0.8665,1336
1004,0.8664,0.2559828546182129,5.803667613261928,0.8664,0.8664,1337
6591,0.8663,0.2559780179823546,5.80355795659469,0.8663,0.8663,1338
1142,0.8662,0.25595390219298364,5.803011201124742,0.8662,0.8662,1339
5452,0.8661,0.25595171184170395,5.802961541272693,0.8661,0.8661,1340
597,0.866,0.2559504576031073,5.802933105056905,0.866,0.866,1341
15,0.8659,0.2559366110120525,5.802619173828086,0.8659,0.8659,1342
6359,0.8658,0.25593219122514166,5.802518967998701,0.8658,0.8658,1343
3,0.8657,0.255887403629495,5.801503539372831,0.8657,0.8657,1344
2599,0.8656,0.2558870566873499,5.801495673467407,0.8656,0.8656,1345
6077,0.8655,0.25586148924634944,5.800916006013749,0.8655,0.8655,1346
4751,0.8654,0.25585736688766386,5.800822543506458,0.8654,0.8654,1347
1414,0.8653,0.2558546004019714,5.800759821479476,0.8653,0.8653,1348
5311,0.8652,0.2558450966491148,5.800544351491933,0.8652,0.8652,1349
8239,0.8651,0.2558398547367179,5.8004255063559365,0.8651,0.8651,1350
8810,0.865,0.25583573765204065,5.800332163420344,0.865,0.865,1351
7936,0.8649,0.2558350172446008,5.800315830273521,0.8649,0.8649,1352
14,0.8648,0.2558301770980903,5.800206094012126,0.8648,0.8648,1353
8622,0.8647,0.25581914022768815,5.799955865037194,0.8647,0.8647,1354
2009,0.8646,0.2558093321240002,5.79973349477862,0.8646,0.8646,1355
636,0.8645,0.2558073621835369,5.799688832101171,0.8645,0.8645,1356
9887,0.8644,0.25580562979068366,5.799649555126553,0.8644,0.8644,1357
6021,0.8643,0.255751316330407,5.798418155190767,0.8643,0.8643,1358
7094,0.8642,0.2557298532874444,5.7979315430412095,0.8642,0.8642,1359
3263,0.8641,0.25571592199114695,5.797615691367317,0.8641,0.8641,1360
2753,0.864,0.25571254641369606,5.7975391599544235,0.864,0.864,1361
2781,0.8639,0.2556479178000041,5.796073893881214,0.8639,0.8639,1362
9289,0.8638,0.2556443947540317,5.795994019047969,0.8638,0.8638,1363
7664,0.8637,0.25563791964947136,5.795847214862331,0.8637,0.8637,1364
2612,0.8636,0.255630053554471,5.795668874008528,0.8636,0.8636,1365
8967,0.8635,0.25561312466926017,5.795285060713748,0.8635,0.8635,1366
476,0.8634,0.2556058665754291,5.795120504519658,0.8634,0.8634,1367
1107,0.8633,0.2555772662547342,5.7944720753319645,0.8633,0.8633,1368
4887,0.8632,0.255571570097185,5.7943429315053026,0.8632,0.8632,1369
9920,0.8631,0.25555278446143415,5.793917021786882,0.8631,0.8631,1370
6681,0.863,0.25554618503743776,5.793767399017342,0.863,0.863,1371
6794,0.8629,0.2555459295438803,5.793761606442806,0.8629,0.8629,1372
5693,0.8628,0.25553828856861827,5.793588369525844,0.8628,0.8628,1373
5060,0.8627,0.2555380606075412,5.793583201171327,0.8627,0.8627,1374
5882,0.8626,0.25552529610586106,5.793293803175688,0.8626,0.8626,1375
2097,0.8625,0.25552075315199185,5.793190804894227,0.8625,0.8625,1376
8251,0.8624,0.25551604642153036,5.793084093453591,0.8624,0.8624,1377
7755,0.8623,0.25551437574609653,5.793046215740099,0.8623,0.8623,1378
9402,0.8622,0.255509474802444,5.792935101080367,0.8622,0.8622,1379
2559,0.8621,0.25548211120146663,5.7923147109182365,0.8621,0.8621,1380
7987,0.862,0.2554800046809403,5.792266951684221,0.862,0.862,1381
9957,0.8619,0.25547901965460795,5.792244619073407,0.8619,0.8619,1382
7661,0.8618,0.2554577399534691,5.791762163666415,0.8618,0.8618,1383
6633,0.8617,0.2554461073588373,5.791498428375276,0.8617,0.8617,1384
6192,0.8616,0.25544019984402744,5.791364492637846,0.8616,0.8616,1385
34,0.8615,0.25541427237312514,5.790776662553345,0.8615,0.8615,1386
5006,0.8614,0.2554139780997828,5.790769990758763,0.8614,0.8614,1387
615,0.8613,0.2554110435576369,5.790703458541351,0.8613,0.8613,1388
6550,0.8612,0.25540841152172233,5.790643784772295,0.8612,0.8612,1389
5793,0.8611,0.2553949308046629,5.790338148674449,0.8611,0.8611,1390
9582,0.861,0.25539329827818297,5.7903011358777405,0.861,0.861,1391
5061,0.8609,0.255390366848916,5.790234674234499,0.8609,0.8609,1392
7053,0.8608,0.2553883058649601,5.790187947411292,0.8608,0.8608,1393
8427,0.8607,0.25538392030548385,5.790088517590384,0.8607,0.8607,1394
4441,0.8606,0.25538085541495253,5.790019030100537,0.8606,0.8606,1395
5110,0.8605,0.25537605329751933,5.789910156037835,0.8605,0.8605,1396
817,0.8604,0.2553681313459448,5.789730548798015,0.8604,0.8604,1397
384,0.8603,0.2553601559462083,5.789549729778079,0.8603,0.8603,1398
3009,0.8602,0.2553547225408972,5.789426543095749,0.8602,0.8602,1399
978,0.8601,0.25535006620356604,5.789320974172541,0.8601,0.8601,1400
7658,0.86,0.2553442575198089,5.7891892791428665,0.86,0.86,1401
844,0.8599,0.2553211935841623,5.788666371401433,0.8599,0.8599,1402
2976,0.8598,0.25529311750239836,5.788029827806604,0.8598,0.8598,1403
7731,0.8597,0.2552831183219452,5.787803125436296,0.8597,0.8597,1404
3722,0.8596,0.25528185119371544,5.787774396986006,0.8596,0.8596,1405
9050,0.8595,0.255280445478144,5.787742526469138,0.8595,0.8595,1406
6098,0.8594,0.2552770408145874,5.7876653356121075,0.8594,0.8594,1407
496,0.8593,0.25527268823035903,5.787566653409851,0.8593,0.8593,1408
1161,0.8592,0.25526316538177507,5.787350750480657,0.8592,0.8592,1409
175,0.8591,0.25524716108016693,5.7869878994345525,0.8591,0.8591,1410
9031,0.859,0.255230421529742,5.786608378755205,0.859,0.859,1411
8042,0.8589,0.25522984481039257,5.786595303319371,0.8589,0.8589,1412
5221,0.8588,0.2552270268128829,5.786531413410711,0.8588,0.8588,1413
4696,0.8587,0.25522535649693934,5.786493543850851,0.8587,0.8587,1414
3800,0.8586,0.2552014341509579,5.785951174147436,0.8586,0.8586,1415
9857,0.8585,0.2551907639218481,5.785709257699499,0.8585,0.8585,1416
4314,0.8584,0.2551825733053654,5.785523559263663,0.8584,0.8584,1417
3938,0.8583,0.2551742380941281,5.785334582562131,0.8583,0.8583,1418
8061,0.8582,0.2551612526060044,5.785040174340794,0.8582,0.8582,1419
8296,0.8581,0.25515623279419214,5.784926364689708,0.8581,0.8581,1420
4289,0.858,0.2551441791708813,5.7846530837969485,0.858,0.858,1421
1438,0.8579,0.2551219192602959,5.784148404988651,0.8579,0.8579,1422
7308,0.8578,0.255118022393892,5.78406005486259,0.8578,0.8578,1423
3213,0.8577,0.25511433685734436,5.783976496028115,0.8577,0.8577,1424
3422,0.8576,0.25511103063651674,5.783901537075433,0.8576,0.8576,1425
6036,0.8575,0.25509781404239873,5.783601889196167,0.8575,0.8575,1426
3407,0.8574,0.25509685313956215,5.783580103515843,0.8574,0.8574,1427
6485,0.8573,0.2550918189343037,5.783465967536532,0.8573,0.8573,1428
9227,0.8572,0.25508580635876427,5.783329649852351,0.8572,0.8572,1429
9561,0.8571,0.25505787306591315,5.782696343580096,0.8571,0.8571,1430
6676,0.857,0.2550479664368449,5.78247173954452,0.857,0.857,1431
9192,0.8569,0.25502698906173144,5.781996138501635,0.8569,0.8569,1432
2583,0.8568,0.25501645574137316,5.781757326060744,0.8568,0.8568,1433
1701,0.8567,0.25501182101584413,5.781652247124452,0.8567,0.8567,1434
9395,0.8566,0.254997900054331,5.781336629761799,0.8566,0.8566,1435
6454,0.8565,0.25498402382027724,5.781022026464309,0.8565,0.8565,1436
6565,0.8564,0.2549691216089297,5.780684162110342,0.8564,0.8564,1437
9048,0.8563,0.25496277014000274,5.7805401610040175,0.8563,0.8563,1438
6379,0.8562,0.2549619778114404,5.780522197256015,0.8562,0.8562,1439
8344,0.8561,0.2549485295049325,5.780217295971227,0.8561,0.8561,1440
9268,0.856,0.2549412945950835,5.780053265409298,0.856,0.856,1441
8903,0.8559,0.2549312207925171,5.77982487119874,0.8559,0.8559,1442
6087,0.8558,0.25492297704772965,5.779637968234418,0.8558,0.8558,1443
6372,0.8557,0.25490815841545905,5.779301998794721,0.8557,0.8557,1444
1074,0.8556,0.2548959143091444,5.77902439925154,0.8556,0.8556,1445
3413,0.8555,0.2548875242759782,5.77883417962217,0.8555,0.8555,1446
5043,0.8554,0.25487561581669577,5.778564189901747,0.8554,0.8554,1447
2279,0.8553,0.25486516495900274,5.778327247062025,0.8553,0.8553,1448
3881,0.8552,0.25482943446589623,5.777517161925454,0.8552,0.8552,1449
7015,0.8551,0.25482341064860947,5.777380589367633,0.8551,0.8551,1450
4255,0.855,0.25482281540546686,5.777367093959436,0.855,0.855,1451
3888,0.8549,0.254817160771996,5.777238891571638,0.8549,0.8549,1452
1925,0.8548,0.2548161819305266,5.777216699185541,0.8548,0.8548,1453
6853,0.8547,0.2548152397941714,5.7771953389800235,0.8547,0.8547,1454
1952,0.8546,0.25480973072151797,5.777070436761356,0.8546,0.8546,1455
7265,0.8545,0.2548079165536231,5.7770293057744375,0.8545,0.8545,1456
6541,0.8544,0.254797691381083,5.776797479690146,0.8544,0.8544,1457
446,0.8543,0.254789346624395,5.77660828657333,0.8543,0.8543,1458
7311,0.8542,0.25478698895605456,5.776554833293098,0.8542,0.8542,1459
6829,0.8541,0.2547628138423614,5.776006732816686,0.8541,0.8541,1460
5200,0.854,0.25472321467980513,5.77510893683931,0.854,0.854,1461
4615,0.8539,0.2547207574903946,5.7750532272072945,0.8539,0.8539,1462
6533,0.8538,0.2547092684639202,5.7747927469069325,0.8538,0.8538,1463
1159,0.8537,0.2547021154216297,5.774630572452488,0.8537,0.8537,1464
1602,0.8536,0.25469401577922673,5.774446936589187,0.8536,0.8536,1465
9960,0.8535,0.25467421779445065,5.773998074796905,0.8535,0.8535,1466
4327,0.8534,0.2546725143336071,5.773959453770992,0.8534,0.8534,1467
1508,0.8533,0.2546709394618556,5.773923748128138,0.8533,0.8533,1468
5615,0.8532,0.2546649042280516,5.7737869167338856,0.8532,0.8532,1469
1250,0.8531,0.2546583286537801,5.773637834689257,0.8531,0.8531,1470
222,0.853,0.2546527343204834,5.773510999432315,0.853,0.853,1471
302,0.8529,0.25464937100935997,5.773434746123842,0.8529,0.8529,1472
7813,0.8528,0.2546442708756443,5.773319115407749,0.8528,0.8528,1473
2553,0.8527,0.2546399434863611,5.773221004425443,0.8527,0.8527,1474
5017,0.8526,0.25462558853300143,5.772895547557927,0.8526,0.8526,1475
9737,0.8525,0.25461797661249586,5.772722969372138,0.8525,0.8525,1476
9478,0.8524,0.2545950777075446,5.772203803223324,0.8524,0.8524,1477
9487,0.8523,0.25458692119800225,5.772018878063539,0.8523,0.8523,1478
2463,0.8522,0.25457763217313084,5.771808276408918,0.8522,0.8522,1479
4796,0.8521,0.25457746772799805,5.771804548093642,0.8521,0.8521,1480
4278,0.852,0.25456351734270577,5.77148826363163,0.852,0.852,1481
3090,0.8519,0.25455240960024955,5.771236427838199,0.8519,0.8519,1482
2967,0.8518,0.25454630927613103,5.7710981207109135,0.8518,0.8518,1483
4061,0.8517,0.25452063170863337,5.770515956459379,0.8517,0.8517,1484
7580,0.8516,0.2545200061893721,5.770501774627072,0.8516,0.8516,1485
8469,0.8515,0.2545176623728513,5.770448635396391,0.8515,0.8515,1486
8555,0.8514,0.2545170507284603,5.770434768136552,0.8514,0.8514,1487
646,0.8513,0.2545101611243028,5.770278566375532,0.8513,0.8513,1488
3678,0.8512,0.2545081123804827,5.7702321170613375,0.8512,0.8512,1489
3073,0.8511,0.2544885681317647,5.769789007997099,0.8511,0.8511,1490
8644,0.851,0.25446800440589934,5.769322785249473,0.851,0.851,1491
6500,0.8509,0.2544640658414831,5.769233489741949,0.8509,0.8509,1492
4464,0.8508,0.25444420615349994,5.7687832290087995,0.8508,0.8508,1493
8723,0.8507,0.2544354966628013,5.768585766606225,0.8507,0.8507,1494
6328,0.8506,0.25441345049160413,5.768085933718712,0.8506,0.8506,1495
185,0.8505,0.2544042134423535,5.767876510460212,0.8505,0.8505,1496
6249,0.8504,0.254394124435642,5.767647771541521,0.8504,0.8504,1497
9698,0.8503,0.25438778551736924,5.767504054983476,0.8503,0.8503,1498
4673,0.8502,0.25437036471075053,5.7671090887983345,0.8502,0.8502,1499
7582,0.8501,0.2543638513368796,5.766961416967306,0.8501,0.8501,1500
9533,0.85,0.2543456866481949,5.76654958541872,0.85,0.85,1501
9981,0.8499,0.254327214752921,5.7661307888535465,0.8499,0.8499,1502
7688,0.8498,0.2543255590804264,5.7660932512888206,0.8498,0.8498,1503
192,0.8497,0.25432522996691065,5.766085789595993,0.8497,0.8497,1504
8899,0.8496,0.25431605529311047,5.765877780519055,0.8496,0.8496,1505
585,0.8495,0.25431034678524006,5.765748356686807,0.8495,0.8495,1506
7694,0.8494,0.2543042190217512,5.765609427450824,0.8494,0.8494,1507
4556,0.8493,0.2543010432349756,5.76553742571163,0.8493,0.8493,1508
8210,0.8492,0.25428636798202925,5.765204706980146,0.8492,0.8492,1509
5199,0.8491,0.2542823505549059,5.765113623491823,0.8491,0.8491,1510
5177,0.849,0.25427790562880637,5.765012847704052,0.849,0.849,1511
1927,0.8489,0.2542680825897864,5.764790138831235,0.8489,0.8489,1512
5877,0.8488,0.2542655867572427,5.764733553077057,0.8488,0.8488,1513
6332,0.8487,0.2542565932901293,5.764529652335384,0.8487,0.8487,1514
565,0.8486,0.25424476543757013,5.764261490138605,0.8486,0.8486,1515
7763,0.8485,0.2542280046196473,5.763881487281506,0.8485,0.8485,1516
7464,0.8484,0.25421891867617114,5.763675489905951,0.8484,0.8484,1517
8958,0.8483,0.2542045160086781,5.763348951260364,0.8483,0.8483,1518
7979,0.8482,0.2542041381400996,5.76334038418798,0.8482,0.8482,1519
3012,0.8481,0.2541905417843135,5.763032126318345,0.8481,0.8481,1520
9356,0.848,0.25415592819780974,5.762247363793376,0.848,0.848,1521
7090,0.8479,0.25413778410461035,5.761835999187966,0.8479,0.8479,1522
8463,0.8478,0.2541302796855822,5.761665858287378,0.8478,0.8478,1523
8159,0.8477,0.2541203384080352,5.761440468697012,0.8477,0.8477,1524
7794,0.8476,0.2541190513838881,5.761411289163129,0.8476,0.8476,1525
3615,0.8475,0.25411055303255886,5.761218613733593,0.8475,0.8475,1526
9155,0.8474,0.2541054933478944,5.761103900082834,0.8474,0.8474,1527
9615,0.8473,0.25409912941024826,5.760959616283276,0.8473,0.8473,1528
455,0.8472,0.2540939874099989,5.7608430363648395,0.8472,0.8472,1529
5922,0.8471,0.25408174899900104,5.760565565947189,0.8471,0.8471,1530
5997,0.847,0.2540788015842167,5.760498741878619,0.847,0.847,1531
1761,0.8469,0.25404471312359517,5.759725885058603,0.8469,0.8469,1532
9681,0.8468,0.2540323666316296,5.759445964218458,0.8468,0.8468,1533
4660,0.8467,0.25403216029543035,5.759441286145698,0.8467,0.8467,1534
6348,0.8466,0.254029522043129,5.759381471438593,0.8466,0.8466,1535
126,0.8465,0.2540176650066489,5.759112647580217,0.8465,0.8465,1536
4895,0.8464,0.2540091078660154,5.758918639274668,0.8464,0.8464,1537
678,0.8463,0.25399727688233625,5.758650406087806,0.8463,0.8463,1538
4192,0.8462,0.25399041056254146,5.758494732233718,0.8462,0.8462,1539
8653,0.8461,0.25397887604654085,5.758233220589385,0.8461,0.8461,1540
8550,0.846,0.25396670341257327,5.757957241475151,0.846,0.846,1541
6765,0.8459,0.253957791377459,5.757755186968194,0.8459,0.8459,1542
9310,0.8458,0.2539508303382595,5.757597365625646,0.8458,0.8458,1543
6109,0.8457,0.25392004993980627,5.756899509506207,0.8457,0.8457,1544
17,0.8456,0.2539017469461454,5.756484542294749,0.8456,0.8456,1545
277,0.8455,0.2539003872755504,5.756453715712653,0.8455,0.8455,1546
6242,0.8454,0.25389617834689704,5.756358290482508,0.8454,0.8454,1547
8219,0.8453,0.253867244642182,5.75570230277944,0.8453,0.8453,1548
8038,0.8452,0.2538654386503667,5.755661357161266,0.8452,0.8452,1549
9026,0.8451,0.2538511759364733,5.755337991555483,0.8451,0.8451,1550
784,0.845,0.25383389774362325,5.754946258724631,0.845,0.845,1551
4849,0.8449,0.2538311523501579,5.7548840149025935,0.8449,0.8449,1552
6886,0.8448,0.25382584139867015,5.754763604506019,0.8448,0.8448,1553
2202,0.8447,0.25381358790601005,5.75448579215617,0.8447,0.8447,1554
9634,0.8446,0.25379819453879804,5.754136792270601,0.8446,0.8446,1555
1773,0.8445,0.2537527925888589,5.753107434946256,0.8445,0.8445,1556
6779,0.8444,0.25375170301270167,5.753082731971385,0.8444,0.8444,1557
6768,0.8443,0.2537449552042669,5.752929745016628,0.8443,0.8443,1558
3565,0.8442,0.25371695895401825,5.752295011369913,0.8442,0.8442,1559
3064,0.8441,0.2537103652143246,5.752145517476821,0.8441,0.8441,1560
1316,0.844,0.2537016441485195,5.75194779264427,0.844,0.844,1561
3573,0.8439,0.2536946644287224,5.751789547773527,0.8439,0.8439,1562
8870,0.8438,0.25368704658295976,5.751616835251857,0.8438,0.8438,1563
6896,0.8437,0.25367830326152324,5.751418605837031,0.8437,0.8437,1564
5451,0.8436,0.2536756823440341,5.751359184144948,0.8436,0.8436,1565
7035,0.8435,0.253660135142495,5.751006696513769,0.8435,0.8435,1566
9691,0.8434,0.2536577284452072,5.750952131644147,0.8434,0.8434,1567
9729,0.8433,0.25359747925654047,5.749586156312388,0.8433,0.8433,1568
7483,0.8432,0.2535928039986208,5.749480158419546,0.8432,0.8432,1569
8432,0.8431,0.2535890163734108,5.749394285020439,0.8431,0.8431,1570
9013,0.843,0.25357024217138996,5.7489686345287865,0.843,0.843,1571
6668,0.8429,0.2535448457498706,5.748392844444586,0.8429,0.8429,1572
4057,0.8428,0.25353105681740745,5.748080220457509,0.8428,0.8428,1573
4858,0.8427,0.25352587504454177,5.74796273881217,0.8427,0.8427,1574
8633,0.8426,0.25350985631863365,5.747599560734706,0.8426,0.8426,1575
9722,0.8425,0.25350533814736137,5.747497124324817,0.8425,0.8425,1576
6572,0.8424,0.2535037415274593,5.747460925606578,0.8424,0.8424,1577
9151,0.8423,0.25346168052568113,5.746507314576678,0.8423,0.8423,1578
340,0.8422,0.253456928409428,5.746399574145976,0.8422,0.8422,1579
1388,0.8421,0.2534461335369303,5.746154831770441,0.8421,0.8421,1580
9205,0.842,0.25343884447843973,5.745989573543462,0.842,0.842,1581
8372,0.8419,0.2534355267814579,5.745914354402428,0.8419,0.8419,1582
6686,0.8418,0.2534216176562069,5.745599005391652,0.8418,0.8418,1583
2799,0.8417,0.25341920378107696,5.745544277786551,0.8417,0.8417,1584
6452,0.8416,0.2533952048190571,5.745000171037755,0.8416,0.8416,1585
5275,0.8415,0.25339248686240695,5.744938549265543,0.8415,0.8415,1586
3718,0.8414,0.2533886121097932,5.744850700506633,0.8414,0.8414,1587
7314,0.8413,0.25338457005212195,5.744759058591248,0.8413,0.8413,1588
8509,0.8412,0.2533826860378699,5.744716344040398,0.8412,0.8412,1589
6102,0.8411,0.2533642518292353,5.744298401910262,0.8411,0.8411,1590
3020,0.841,0.2533624520405803,5.744257596930731,0.841,0.841,1591
547,0.8409,0.253355277160346,5.74409492736365,0.8409,0.8409,1592
4896,0.8408,0.253351588958303,5.7440113080958035,0.8408,0.8408,1593
5189,0.8407,0.2533432110726694,5.743821363877194,0.8407,0.8407,1594
3162,0.8406,0.2533195782312681,5.743285557851143,0.8406,0.8406,1595
2125,0.8405,0.25331840077490136,5.743258862448163,0.8405,0.8405,1596
9805,0.8404,0.25329334680568877,5.742690836474996,0.8404,0.8404,1597
7909,0.8403,0.25329275792536526,5.742677485325058,0.8403,0.8403,1598
4633,0.8402,0.25329271754559163,5.742676569831384,0.8402,0.8402,1599
6301,0.8401,0.2532827322789478,5.742450182916821,0.8401,0.8401,1600
6273,0.84,0.25327911232184486,5.742368110904355,0.84,0.84,1601
2848,0.8399,0.2532497021218664,5.741701320055201,0.8399,0.8399,1602
5071,0.8398,0.2532462875088057,5.741623903623093,0.8398,0.8398,1603
4106,0.8397,0.25324298310522525,5.741548985872512,0.8397,0.8397,1604
6537,0.8396,0.25321394950284665,5.74089073327813,0.8396,0.8396,1605
2390,0.8395,0.2532053872090393,5.7406966081397615,0.8395,0.8395,1606
5143,0.8394,0.2532030831063771,5.740644369305067,0.8394,0.8394,1607
4968,0.8393,0.2531992419048209,5.7405572812172325,0.8393,0.8393,1608
2017,0.8392,0.25319519159555015,5.740465452221498,0.8392,0.8392,1609
1146,0.8391,0.25318108681522544,5.740145667300328,0.8391,0.8391,1610
1488,0.839,0.2531799082475657,5.740118946702198,0.839,0.839,1611
9342,0.8389,0.25317426826422684,5.739991076463981,0.8389,0.8389,1612
6385,0.8388,0.25316624758409667,5.739809230842761,0.8388,0.8388,1613
7777,0.8387,0.25312862817050347,5.738956319921401,0.8387,0.8387,1614
256,0.8386,0.25312417683905253,5.738855398910556,0.8386,0.8386,1615
5794,0.8385,0.2531159594235265,5.738669092885324,0.8385,0.8385,1616
9701,0.8384,0.253105324436339,5.738427975444622,0.8384,0.8384,1617
9839,0.8383,0.2531022150450181,5.738357479028382,0.8383,0.8383,1618
8069,0.8382,0.25310178035617226,5.738347623722887,0.8382,0.8382,1619
1604,0.8381,0.2530934088425125,5.738157823967701,0.8381,0.8381,1620
4223,0.838,0.2530868779374757,5.738009754669077,0.838,0.838,1621
2379,0.8379,0.2530833972972942,5.737930841263843,0.8379,0.8379,1622
8274,0.8378,0.25305073542627926,5.737190328218977,0.8378,0.8378,1623
3604,0.8377,0.25303803031160504,5.736902276652013,0.8377,0.8377,1624
6005,0.8376,0.2530280261852136,5.7366754621477085,0.8376,0.8376,1625
6846,0.8375,0.253010470935438,5.736277447856402,0.8375,0.8375,1626
5536,0.8374,0.2530103102331453,5.736273804397238,0.8374,0.8374,1627
3931,0.8373,0.2529795294943648,5.735575940562797,0.8373,0.8373,1628
8394,0.8372,0.2529759884156429,5.735495656888647,0.8372,0.8372,1629
3295,0.8371,0.252975721343947,5.735489601814678,0.8371,0.8371,1630
6929,0.837,0.2529692294988428,5.735342418085369,0.837,0.837,1631
3838,0.8369,0.25296112622397154,5.735158699866269,0.8369,0.8369,1632
6665,0.8368,0.2529594920890246,5.735121650604771,0.8368,0.8368,1633
376,0.8367,0.25295250416957044,5.734963219828866,0.8367,0.8367,1634
696,0.8366,0.2528729719936718,5.733160058778037,0.8366,0.8366,1635
4899,0.8365,0.25285338492517356,5.732715978897646,0.8365,0.8365,1636
5590,0.8364,0.25284860899717637,5.732607698605129,0.8364,0.8364,1637
4200,0.8363,0.25284078838319585,5.7324303889014665,0.8363,0.8363,1638
5222,0.8362,0.2528333811127328,5.732262450561042,0.8362,0.8362,1639
125,0.8361,0.25281066988794315,5.731747539514368,0.8361,0.8361,1640
1068,0.836,0.2528038038342521,5.731591871692652,0.836,0.836,1641
7808,0.8359,0.2528019914352719,5.7315507808108235,0.8359,0.8359,1642
1502,0.8358,0.25279057173510144,5.731291872283138,0.8358,0.8358,1643
8742,0.8357,0.2527896945220557,5.731271984025136,0.8357,0.8357,1644
2493,0.8356,0.25278533529951325,5.731173151316939,0.8356,0.8356,1645
5170,0.8355,0.2527651143471345,5.730714699962323,0.8355,0.8355,1646
1078,0.8354,0.2527641883779997,5.730693706302649,0.8354,0.8354,1647
9250,0.8353,0.2527585996686573,5.730566998552778,0.8353,0.8353,1648
5330,0.8352,0.2527561388992753,5.730511207754857,0.8352,0.8352,1649
5545,0.8351,0.25275464897821587,5.730477428124429,0.8351,0.8351,1650
831,0.835,0.2527321203310204,5.729966656492848,0.835,0.835,1651
9171,0.8349,0.25272798582708356,5.729872918625921,0.8349,0.8349,1652
8683,0.8348,0.25272777977891125,5.729868247083176,0.8348,0.8348,1653
1437,0.8347,0.25272351794727194,5.729771622431465,0.8347,0.8347,1654
1349,0.8346,0.2527174125789356,5.729633200939337,0.8346,0.8346,1655
7503,0.8345,0.2527148188716112,5.729574396159619,0.8345,0.8345,1656
7711,0.8344,0.25268417534787846,5.728879643277181,0.8344,0.8344,1657
3909,0.8343,0.25267486966268327,5.728668663897419,0.8343,0.8343,1658
8760,0.8342,0.25266910997516,5.728538079715502,0.8342,0.8342,1659
7504,0.8341,0.2526666527392635,5.728482369028794,0.8341,0.8341,1660
4271,0.834,0.2526598117489222,5.728327269445369,0.834,0.834,1661
4173,0.8339,0.25265884137323136,5.728305268996492,0.8339,0.8339,1662
6283,0.8338,0.2526559860266734,5.728240532307646,0.8338,0.8338,1663
3024,0.8337,0.2526530224408875,5.728173341608272,0.8337,0.8337,1664
1157,0.8336,0.2526442146286143,5.727973650051916,0.8336,0.8336,1665
3692,0.8335,0.25264284730052394,5.727942649859525,0.8335,0.8335,1666
7988,0.8334,0.252636645995446,5.727802053280656,0.8334,0.8334,1667
3141,0.8333,0.2526316573812724,5.727688950947177,0.8333,0.8333,1668
7165,0.8332,0.2526062511964319,5.72711293950876,0.8332,0.8332,1669
7617,0.8331,0.25258975777087644,5.726738998996916,0.8331,0.8331,1670
6153,0.833,0.25258635133134133,5.72666176787623,0.833,0.833,1671
8166,0.8329,0.2525863405182763,5.72666152271976,0.8329,0.8329,1672
7086,0.8328,0.25258339251303874,5.726594685265592,0.8328,0.8328,1673
4073,0.8327,0.25258306032699246,5.726587153911183,0.8327,0.8327,1674
6933,0.8326,0.2525805561232845,5.726530378367058,0.8326,0.8326,1675
7328,0.8325,0.2525760579227861,5.7264283947383205,0.8325,0.8325,1676
6862,0.8324,0.252569555803072,5.726280978062839,0.8324,0.8324,1677
4069,0.8323,0.2525240494353785,5.725249253367548,0.8323,0.8323,1678
4442,0.8322,0.2525236206637972,5.725239532216933,0.8322,0.8322,1679
7601,0.8321,0.252522919566649,5.725223636876358,0.8321,0.8321,1680
8053,0.832,0.2525042480632736,5.724800314777682,0.832,0.832,1681
6614,0.8319,0.25250011865784755,5.724706692505671,0.8319,0.8319,1682
5844,0.8318,0.252490282681616,5.724483690316056,0.8318,0.8318,1683
2431,0.8317,0.252484624732323,5.7243554127521925,0.8317,0.8317,1684
4311,0.8316,0.2524838344992026,5.72433749651253,0.8316,0.8316,1685
2229,0.8315,0.25247458054646427,5.72412769001633,0.8315,0.8315,1686
8214,0.8314,0.25247273264611175,5.7240857942437176,0.8314,0.8314,1687
6090,0.8313,0.25246824983226995,5.723984159462015,0.8313,0.8313,1688
3461,0.8312,0.25246716795735535,5.723959631091693,0.8312,0.8312,1689
5004,0.8311,0.2524617564083783,5.723836939938418,0.8311,0.8311,1690
110,0.831,0.25245826556145806,5.723757795124024,0.831,0.831,1691
1267,0.8309,0.25243435234776285,5.723215632471607,0.8309,0.8309,1692
7557,0.8308,0.25243077051037366,5.723134424713487,0.8308,0.8308,1693
7423,0.8307,0.2524179435016837,5.7228436095529025,0.8307,0.8307,1694
9916,0.8306,0.25241523063949955,5.722782103284101,0.8306,0.8306,1695
1082,0.8305,0.2524115033308266,5.722697597386509,0.8305,0.8305,1696
2110,0.8304,0.2524067404928363,5.722589613871241,0.8304,0.8304,1697
6926,0.8303,0.2524040488215412,5.722528588043753,0.8303,0.8303,1698
1000,0.8302,0.2523873047177699,5.7221489641314625,0.8302,0.8302,1699
5152,0.8301,0.2523595929678425,5.721520680702749,0.8301,0.8301,1700
3620,0.83,0.2523581520322549,5.721488011673319,0.83,0.83,1701
781,0.8299,0.25235418661993275,5.7213981074694775,0.8299,0.8299,1702
7972,0.8298,0.2523444646763537,5.72117769064082,0.8298,0.8298,1703
6723,0.8297,0.25231088878248203,5.720416454782423,0.8297,0.8297,1704
5002,0.8296,0.2522999104899916,5.720167553891911,0.8296,0.8296,1705
1,0.8295,0.2522963682004762,5.720087242766387,0.8295,0.8295,1706
9471,0.8294,0.25227602365480584,5.719625989293146,0.8294,0.8294,1707
4524,0.8293,0.2522724002483916,5.719543839079232,0.8293,0.8293,1708
5522,0.8292,0.2522673281554536,5.71942884410604,0.8292,0.8292,1709
145,0.8291,0.252261148462077,5.719288737510403,0.8291,0.8291,1710
8327,0.829,0.25225720293991355,5.7191992842562485,0.829,0.829,1711
2438,0.8289,0.2522545558088732,5.719139268250743,0.8289,0.8289,1712
2524,0.8288,0.25224560069435203,5.718936237042858,0.8288,0.8288,1713
8375,0.8287,0.2521804050829618,5.717458115943471,0.8287,0.8287,1714
4564,0.8286,0.2521712381208751,5.71725028170761,0.8286,0.8286,1715
2149,0.8285,0.25217062839902293,5.717236458035658,0.8285,0.8285,1716
1640,0.8284,0.2521666317993955,5.717145846750103,0.8284,0.8284,1717
8775,0.8283,0.25215052978954394,5.716780780451467,0.8283,0.8283,1718
2165,0.8282,0.2521441809715585,5.71663683944718,0.8282,0.8282,1719
9325,0.8281,0.2521122398653803,5.715912667651602,0.8281,0.8281,1720
5946,0.828,0.2521121614347043,5.7159108894633315,0.828,0.828,1721
2227,0.8279,0.2521050587275395,5.715749856211779,0.8279,0.8279,1722
2083,0.8278,0.25209921202065666,5.715617299117376,0.8278,0.8278,1723
1607,0.8277,0.252090481541497,5.715419360863314,0.8277,0.8277,1724
2408,0.8276,0.252089574256065,5.715398790800861,0.8276,0.8276,1725
6880,0.8275,0.2520771892967489,5.715117997826573,0.8275,0.8275,1726
7546,0.8274,0.25207556158171424,5.715081094116589,0.8274,0.8274,1727
710,0.8273,0.25204816267395863,5.714459903476612,0.8273,0.8273,1728
207,0.8272,0.2520412700712355,5.7143036337319755,0.8272,0.8272,1729
5214,0.8271,0.2520363175437934,5.714191349558173,0.8271,0.8271,1730
1749,0.827,0.25203587167786445,5.714181240844593,0.827,0.827,1731
9260,0.8269,0.25203151218276865,5.714082401957106,0.8269,0.8269,1732
2574,0.8268,0.25200787071040165,5.713546400248091,0.8268,0.8268,1733
7059,0.8267,0.2520077095945591,5.7135427474134115,0.8267,0.8267,1734
6727,0.8266,0.2519874423649988,5.713083246858909,0.8266,0.8266,1735
4233,0.8265,0.25196873915459067,5.712659205894503,0.8265,0.8265,1736
4142,0.8264,0.25196573601480926,5.7125911184234095,0.8264,0.8264,1737
7021,0.8263,0.2519574553108275,5.712403377516337,0.8263,0.8263,1738
1578,0.8262,0.2519572367409542,5.712398422079206,0.8262,0.8262,1739
1084,0.8261,0.2519569570772541,5.712392081516497,0.8261,0.8261,1740
5365,0.826,0.25194915039322496,5.712215087635031,0.826,0.826,1741
2269,0.8259,0.25192925647183595,5.711764050757428,0.8259,0.8259,1742
8187,0.8258,0.25190967117300744,5.711320011001555,0.8258,0.8258,1743
2660,0.8257,0.2519088735061933,5.7113019262244755,0.8257,0.8257,1744
53,0.8256,0.2518931049628125,5.7109444203094135,0.8256,0.8256,1745
9733,0.8255,0.25189082348240766,5.710892694368869,0.8255,0.8255,1746
6736,0.8254,0.25188087813767657,5.7106672125662135,0.8254,0.8254,1747
8656,0.8253,0.2518794242633439,5.710634250190797,0.8253,0.8253,1748
7574,0.8252,0.25187132383286376,5.710450596460887,0.8252,0.8252,1749
7056,0.8251,0.2518709380661433,5.710441850320566,0.8251,0.8251,1750
6821,0.825,0.25186388568293006,5.710281958017927,0.825,0.825,1751
9090,0.8249,0.25186254520437035,5.71025156656041,0.8249,0.8249,1752
8379,0.8248,0.25186164480802237,5.710231152689454,0.8248,0.8248,1753
7714,0.8247,0.2518492776267519,5.709950762779995,0.8247,0.8247,1754
8280,0.8246,0.2518345371794536,5.709616565958092,0.8246,0.8246,1755
6571,0.8245,0.25183174841931727,5.709553338922656,0.8245,0.8245,1756
1029,0.8244,0.2518202121057798,5.709291786525447,0.8244,0.8244,1757
8990,0.8243,0.2518067734045678,5.708987103014468,0.8243,0.8243,1758
5035,0.8242,0.2517932988824403,5.708681607368214,0.8242,0.8242,1759
4438,0.8241,0.2517831819007435,5.708452234197157,0.8241,0.8241,1760
4205,0.824,0.2517722725468755,5.708204896288708,0.824,0.824,1761
6398,0.8239,0.25176467569707456,5.708032659788441,0.8239,0.8239,1762
46,0.8238,0.25176167233013913,5.707964567167223,0.8238,0.8238,1763
9788,0.8237,0.2517564214349706,5.707845518371999,0.8237,0.8237,1764
3205,0.8236,0.2517426659520175,5.707533652755821,0.8236,0.8236,1765
701,0.8235,0.2517408373341068,5.707492194157161,0.8235,0.8235,1766
5241,0.8234,0.2517299831236271,5.707246106464538,0.8234,0.8234,1767
1411,0.8233,0.2517201131154901,5.7070223327019844,0.8233,0.8233,1768
5908,0.8232,0.25171945031320747,5.7070073055853205,0.8232,0.8232,1769
6199,0.8231,0.25170941976352,5.706779892010491,0.8231,0.8231,1770
6582,0.823,0.2517042397273489,5.706662449737792,0.823,0.823,1771
2700,0.8229,0.25170224352238235,5.706617191588782,0.8229,0.8229,1772
9768,0.8228,0.25170081031582603,5.7065846977936685,0.8228,0.8228,1773
7974,0.8227,0.25169830477203264,5.706527891866902,0.8227,0.8227,1774
674,0.8226,0.25169488904406667,5.70645045015719,0.8226,0.8226,1775
5501,0.8225,0.25169113911463137,5.706365431400929,0.8225,0.8225,1776
1001,0.8224,0.25169066420677955,5.706354664244903,0.8224,0.8224,1777
8556,0.8223,0.25166779204105977,5.705836104329554,0.8223,0.8223,1778
4764,0.8222,0.25166436134605596,5.705758323285184,0.8222,0.8222,1779
2750,0.8221,0.2516524736480388,5.7054888042666025,0.8221,0.8221,1780
4593,0.822,0.2516468845846117,5.705362088489552,0.822,0.822,1781
8831,0.8219,0.2516468276111845,5.705360796781994,0.8219,0.8219,1782
1219,0.8218,0.2516407320009022,5.705222596525738,0.8218,0.8218,1783
6935,0.8217,0.25163049561806794,5.7049905162820025,0.8217,0.8217,1784
8039,0.8216,0.25163035690978325,5.704987371475087,0.8216,0.8216,1785
8146,0.8215,0.2516160387680083,5.7046627492027975,0.8215,0.8215,1786
3216,0.8214,0.25161487729901366,5.704636416267707,0.8214,0.8214,1787
8291,0.8213,0.25158614538629176,5.703985003610367,0.8213,0.8213,1788
1787,0.8212,0.25158415166167786,5.703939801697867,0.8212,0.8212,1789
1616,0.8211,0.2515716514502626,5.703656395714949,0.8211,0.8211,1790
5973,0.821,0.2515552155043962,5.703283758388205,0.821,0.821,1791
127,0.8209,0.25155439698384274,5.703265200812943,0.8209,0.8209,1792
639,0.8208,0.2515171770452011,5.702421346826274,0.8208,0.8208,1793
1832,0.8207,0.2515170654943729,5.702418817734105,0.8207,0.8207,1794
5118,0.8206,0.2515105119922552,5.702270236112444,0.8206,0.8206,1795
7747,0.8205,0.25145600891385606,5.701034537137214,0.8205,0.8205,1796
4230,0.8204,0.25145171609719386,5.700937209991041,0.8204,0.8204,1797
9014,0.8203,0.2514490486746763,5.7008767339334465,0.8203,0.8203,1798
4415,0.8202,0.25144461209005864,5.700776147264151,0.8202,0.8202,1799
4096,0.8201,0.251432264970233,5.70049621219075,0.8201,0.8201,1800
9956,0.82,0.2514237941528156,5.700304161012039,0.82,0.82,1801
2108,0.8199,0.25141315161409444,5.700062872362836,0.8199,0.8199,1802
6548,0.8198,0.2514010700580653,5.699788958175662,0.8198,0.8198,1803
7506,0.8197,0.2513949637870036,5.699650516217627,0.8197,0.8197,1804
8195,0.8196,0.25138964934886154,5.69953002677087,0.8196,0.8196,1805
8677,0.8195,0.2513839365679106,5.69940050605945,0.8195,0.8195,1806
570,0.8194,0.2513780219863528,5.6992664101039345,0.8194,0.8194,1807
6855,0.8193,0.2513694700178518,5.69907251905994,0.8193,0.8193,1808
2138,0.8192,0.25136446148641,5.6989589651595205,0.8192,0.8192,1809
9866,0.8191,0.25136122966873015,5.698885693082562,0.8191,0.8191,1810
2159,0.819,0.25134944991188796,5.6986186213157835,0.819,0.819,1811
7150,0.8189,0.2513437349416279,5.698489050966348,0.8189,0.8189,1812
4337,0.8188,0.2513388458185206,5.69837820430334,0.8188,0.8188,1813
6221,0.8187,0.25133248401189956,5.698233968818939,0.8187,0.8187,1814
6466,0.8186,0.25131149697982563,5.697758148832537,0.8186,0.8186,1815
4178,0.8185,0.25128766801992214,5.697217896388381,0.8185,0.8185,1816
4686,0.8184,0.2512837397949071,5.69712883529669,0.8184,0.8184,1817
8983,0.8183,0.25127950355036544,5.697032790758358,0.8183,0.8183,1818
2631,0.8182,0.25127458934307945,5.696921375383584,0.8182,0.8182,1819
6432,0.8181,0.25126534837014297,5.696711863166425,0.8181,0.8181,1820
2422,0.818,0.2512635274739808,5.696670579636171,0.818,0.818,1821
3794,0.8179,0.2512618601073835,5.696632776941457,0.8179,0.8179,1822
3088,0.8178,0.2512583620050196,5.696553467632727,0.8178,0.8178,1823
8487,0.8177,0.2512557912859425,5.696495184045879,0.8177,0.8177,1824
5886,0.8176,0.25124541394857214,5.696259908066114,0.8176,0.8176,1825
5919,0.8175,0.25122637011021165,5.695828144352344,0.8175,0.8175,1826
647,0.8174,0.25122231860434685,5.695736288226432,0.8174,0.8174,1827
3926,0.8173,0.25121758514048625,5.6956289706836305,0.8173,0.8173,1828
1116,0.8172,0.2512013252744528,5.695260325454834,0.8172,0.8172,1829
3652,0.8171,0.2511988865361746,5.695205034149972,0.8171,0.8171,1830
4399,0.817,0.25119824549570857,5.695190500417757,0.817,0.817,1831
9441,0.8169,0.25118073225950643,5.694793438663179,0.8169,0.8169,1832
6486,0.8168,0.251162139922771,5.694371911436804,0.8168,0.8168,1833
5474,0.8167,0.2511561867282881,5.694236940046603,0.8167,0.8167,1834
9802,0.8166,0.25114214593220846,5.693918605781805,0.8166,0.8166,1835
3045,0.8165,0.25112627558019984,5.693558791652721,0.8165,0.8165,1836
1730,0.8164,0.25111852596003287,5.693383091527808,0.8164,0.8164,1837
5208,0.8163,0.2511141984178301,5.693284977078918,0.8163,0.8163,1838
5252,0.8162,0.2511006184380959,5.692977090488469,0.8162,0.8162,1839
693,0.8161,0.25109568865114784,5.692865321890791,0.8161,0.8161,1840
2951,0.816,0.25109323736691913,5.6928097461397575,0.816,0.816,1841
5604,0.8159,0.2510931674345098,5.692808160627046,0.8159,0.8159,1842
7457,0.8158,0.25108425247939226,5.6926060399168446,0.8158,0.8158,1843
523,0.8157,0.2510730490059477,5.692352033700972,0.8157,0.8157,1844
9280,0.8156,0.25106734372152634,5.692222682950558,0.8156,0.8156,1845
9562,0.8155,0.25106246738920074,5.692112126281791,0.8155,0.8155,1846
9204,0.8154,0.2510586856306303,5.6920263858925955,0.8154,0.8154,1847
3598,0.8153,0.2510586253649699,5.692025019542293,0.8153,0.8153,1848
9056,0.8152,0.25104632912905905,5.691746238112051,0.8152,0.8152,1849
6618,0.8151,0.2510406413493203,5.691617284229265,0.8151,0.8151,1850
9632,0.815,0.25100753969042683,5.69086680027316,0.815,0.815,1851
1699,0.8149,0.2510050691635084,5.690810788252203,0.8149,0.8149,1852
7213,0.8148,0.2509986255684625,5.690664698453257,0.8148,0.8148,1853
4514,0.8147,0.25099394797454405,5.690558647597951,0.8147,0.8147,1854
2185,0.8146,0.2509897599574837,5.690463696477481,0.8146,0.8146,1855
1047,0.8145,0.2509832210022513,5.690315444662542,0.8145,0.8145,1856
8197,0.8144,0.2509714316002922,5.690048154222195,0.8144,0.8144,1857
783,0.8143,0.2509696160752723,5.690006992465121,0.8143,0.8143,1858
4421,0.8142,0.2509648830622858,5.689899685144965,0.8142,0.8142,1859
6535,0.8141,0.25095470111350376,5.68966883903336,0.8141,0.8141,1860
6569,0.814,0.2509490167373206,5.68953996231714,0.814,0.814,1861
6764,0.8139,0.2509487150026483,5.689533121359836,0.8139,0.8139,1862
5461,0.8138,0.25094566224616155,5.689463908974663,0.8138,0.8138,1863
167,0.8137,0.25093252364888124,5.689166029448148,0.8137,0.8137,1864
7138,0.8136,0.25091354248479325,5.688735686691607,0.8136,0.8136,1865
8467,0.8135,0.2509134378553588,5.688733314523655,0.8135,0.8135,1866
8819,0.8134,0.25085861421825134,5.687490347811384,0.8134,0.8134,1867
3081,0.8133,0.2508418129985739,5.687109428961144,0.8133,0.8133,1868
7851,0.8132,0.25084018155951077,5.6870724408198505,0.8132,0.8132,1869
6630,0.8131,0.2508334070257076,5.686918847946348,0.8131,0.8131,1870
2905,0.813,0.25083149353373724,5.686875465074479,0.813,0.813,1871
2485,0.8129,0.2508263792509425,5.686759513567261,0.8129,0.8129,1872
8074,0.8128,0.25082241258081805,5.686669580846286,0.8128,0.8128,1873
3015,0.8127,0.25080762780274,5.686334378952509,0.8127,0.8127,1874
7961,0.8126,0.2508040640854716,5.6862535820158895,0.8126,0.8126,1875
1641,0.8125,0.25079577604487263,5.6860656747708695,0.8125,0.8125,1876
9494,0.8124,0.25077716382419596,5.685643696734974,0.8124,0.8124,1877
2519,0.8123,0.25077632622257123,5.685624706551021,0.8123,0.8123,1878
5502,0.8122,0.25077604060950526,5.685618231104039,0.8122,0.8122,1879
113,0.8121,0.2507757609027019,5.685611889565242,0.8121,0.8121,1880
3008,0.812,0.2507714670173233,5.685514538187634,0.812,0.812,1881
4530,0.8119,0.2507632855161052,5.685329046414398,0.8119,0.8119,1882
4206,0.8118,0.25076127212350413,5.685283398585613,0.8118,0.8118,1883
6443,0.8117,0.25075921295235076,5.685236712861429,0.8117,0.8117,1884
8801,0.8116,0.2507569624207587,5.685185688595654,0.8116,0.8116,1885
8267,0.8115,0.2507516320137029,5.685064837099136,0.8115,0.8115,1886
8184,0.8114,0.25074855294648574,5.684995028195918,0.8114,0.8114,1887
8242,0.8113,0.2507355242180596,5.684699639626589,0.8113,0.8113,1888
5158,0.8112,0.2507303148819265,5.684581533061757,0.8112,0.8112,1889
6003,0.8111,0.2507096345162164,5.6841126658451016,0.8111,0.8111,1890
6240,0.811,0.2506986191020584,5.6838629233289435,0.811,0.811,1891
4724,0.8109,0.25069732386384885,5.683833557564347,0.8109,0.8109,1892
1933,0.8108,0.2506959765974205,5.683803012211382,0.8108,0.8108,1893
1862,0.8107,0.2506742694609601,5.683310865950706,0.8107,0.8107,1894
1181,0.8106,0.250665761292903,5.683117967956132,0.8106,0.8106,1895
6293,0.8105,0.2506572417575374,5.682924812240444,0.8105,0.8105,1896
8887,0.8104,0.25064810482629896,5.682717658866885,0.8104,0.8104,1897
1518,0.8103,0.25064499994057643,5.682647264602777,0.8103,0.8103,1898
9004,0.8102,0.25063416522508647,5.682401618901842,0.8102,0.8102,1899
8948,0.8101,0.25063402712274724,5.682398487833892,0.8101,0.8101,1900
1422,0.81,0.25063128331048934,5.682336279861445,0.81,0.81,1901
7472,0.8099,0.2506271675776468,5.682242967574233,0.8099,0.8099,1902
9343,0.8098,0.2506227072432244,5.682141842447971,0.8098,0.8098,1903
884,0.8097,0.2506202009629563,5.682085019823988,0.8097,0.8097,1904
6307,0.8096,0.25059908385184704,5.6816062506732345,0.8096,0.8096,1905
8649,0.8095,0.2505976841116069,5.681574515629182,0.8095,0.8095,1906
7085,0.8094,0.25059669712651866,5.681552138611045,0.8094,0.8094,1907
7425,0.8093,0.2505935572976911,5.6814809521123575,0.8093,0.8093,1908
7965,0.8092,0.25055366648230026,5.680576543753454,0.8092,0.8092,1909
8897,0.8091,0.2505204623907572,5.679823737434576,0.8091,0.8091,1910
6774,0.809,0.2505180242533312,5.6797684597499405,0.809,0.809,1911
5529,0.8089,0.25051633883470475,5.679730247778934,0.8089,0.8089,1912
1741,0.8088,0.2505012212239583,5.679387499871149,0.8088,0.8088,1913
1296,0.8087,0.2504977004989905,5.679307677660007,0.8087,0.8087,1914
9990,0.8086,0.25049698250845165,5.6792913993104355,0.8086,0.8086,1915
3831,0.8085,0.2504951973485532,5.6792509259960005,0.8085,0.8085,1916
4094,0.8084,0.2504430294163656,5.678068169678687,0.8084,0.8084,1917
2724,0.8083,0.2504175181376465,5.677489775542369,0.8083,0.8083,1918
8062,0.8082,0.25041548996034646,5.6774437925130705,0.8082,0.8082,1919
9369,0.8081,0.2504148813669483,5.677429994426155,0.8081,0.8081,1920
8906,0.808,0.25041284268314407,5.677383773192105,0.808,0.808,1921
8245,0.8079,0.25041142251097015,5.677351574914352,0.8079,0.8079,1922
4933,0.8078,0.2503981527613761,5.677050721889529,0.8078,0.8078,1923
397,0.8077,0.2503881322877162,5.676823536759047,0.8077,0.8077,1924
7816,0.8076,0.2503788632844884,5.676613389037165,0.8076,0.8076,1925
6136,0.8075,0.2503769236035011,5.6765694124051,0.8075,0.8075,1926
7916,0.8074,0.2503632034536873,5.676258347865096,0.8074,0.8074,1927
5690,0.8073,0.25036202297271987,5.676231583886628,0.8073,0.8073,1928
5642,0.8072,0.2503599238155055,5.676183991594819,0.8072,0.8072,1929
4829,0.8071,0.25034867424045765,5.6759289401604835,0.8071,0.8071,1930
631,0.807,0.25034727741886503,5.675897271287611,0.807,0.807,1931
5227,0.8069,0.25033432598161415,5.675603635072498,0.8069,0.8069,1932
3885,0.8068,0.25032845485500865,5.675470524331881,0.8068,0.8068,1933
6245,0.8067,0.2503272926839105,5.67544417547798,0.8067,0.8067,1934
3601,0.8066,0.250324028769193,5.675370175693067,0.8066,0.8066,1935
5576,0.8065,0.2503202121855924,5.675283645748051,0.8065,0.8065,1936
1372,0.8064,0.2503103757708769,5.675060633618795,0.8064,0.8064,1937
9523,0.8063,0.2503037254941561,5.674909857911871,0.8063,0.8063,1938
6480,0.8062,0.2502944574207595,5.674699731270713,0.8062,0.8062,1939
7245,0.8061,0.2502818446620821,5.674413773606672,0.8061,0.8061,1940
6606,0.806,0.2502766095012194,5.674295081541601,0.806,0.806,1941
2419,0.8059,0.25027268000489866,5.674205991628362,0.8059,0.8059,1942
7392,0.8058,0.25026318894037136,5.673990809311815,0.8058,0.8058,1943
7247,0.8057,0.25025595080647656,5.673826705651232,0.8057,0.8057,1944
3220,0.8056,0.2502283399116564,5.673200708819833,0.8056,0.8056,1945
5160,0.8055,0.2502278692908677,5.673190038859515,0.8055,0.8055,1946
9089,0.8054,0.2502271036386774,5.673172679920866,0.8054,0.8054,1947
3999,0.8053,0.2502122071450566,5.672834945200945,0.8053,0.8053,1948
7479,0.8052,0.2501979866733691,5.672512537315591,0.8052,0.8052,1949
2931,0.8051,0.25019640346009814,5.672476642553983,0.8051,0.8051,1950
4805,0.805,0.250181454069278,5.672137708544231,0.805,0.805,1951
4998,0.8049,0.25017560364037184,5.672005067062719,0.8049,0.8049,1952
3097,0.8048,0.25016471046131633,5.671758095872205,0.8048,0.8048,1953
7524,0.8047,0.2501644640323554,5.671752508812086,0.8047,0.8047,1954
7046,0.8046,0.2501423935462352,5.671252124652785,0.8046,0.8046,1955
5490,0.8045,0.25013921519131543,5.671180064687106,0.8045,0.8045,1956
6148,0.8044,0.2501375414933588,5.671142118448776,0.8044,0.8044,1957
8902,0.8043,0.2501270433925952,5.670904104509587,0.8043,0.8043,1958
7510,0.8042,0.2501247727733979,5.670852624816352,0.8042,0.8042,1959
6641,0.8041,0.25012169265243056,5.670782792020936,0.8041,0.8041,1960
3671,0.804,0.2500983126976293,5.670252719462372,0.804,0.804,1961
7955,0.8039,0.2500855359582031,5.669963044011554,0.8039,0.8039,1962
1709,0.8038,0.2500833360081494,5.6699131665355065,0.8038,0.8038,1963
3198,0.8037,0.2500786838948979,5.669807693382106,0.8037,0.8037,1964
3839,0.8036,0.25005675638649655,5.66931055082617,0.8036,0.8036,1965
2414,0.8035,0.25004654493933487,5.66907903592569,0.8035,0.8035,1966
6054,0.8034,0.250044931050168,5.669042445676664,0.8034,0.8034,1967
4417,0.8033,0.2500142623030029,5.668347120926259,0.8033,0.8033,1968
6631,0.8032,0.2499944314508104,5.6678975139601,0.8032,0.8032,1969
6695,0.8031,0.24999103015159393,5.667820399380212,0.8031,0.8031,1970
517,0.803,0.24998780537400392,5.6677472869166525,0.803,0.803,1971
3621,0.8029,0.24996334920402996,5.667192814305285,0.8029,0.8029,1972
9697,0.8028,0.24996132018862974,5.66714681227602,0.8028,0.8028,1973
8218,0.8027,0.24994172599287717,5.666702570807542,0.8027,0.8027,1974
9600,0.8026,0.24993966523999714,5.666655849223104,0.8026,0.8026,1975
2787,0.8025,0.24993542227866924,5.66655965239989,0.8025,0.8025,1976
1485,0.8024,0.24992843530074596,5.666401242972283,0.8024,0.8024,1977
8320,0.8023,0.24992198190937956,5.666254931069711,0.8023,0.8023,1978
8337,0.8022,0.24991809808696827,5.6661668766798075,0.8022,0.8022,1979
8049,0.8021,0.24989774046514981,5.665705326741418,0.8021,0.8021,1980
5559,0.802,0.24989760016203683,5.665702145776296,0.802,0.802,1981
8273,0.8019,0.24989697000607125,5.665687858819349,0.8019,0.8019,1982
6078,0.8018,0.24988903041662036,5.665507851692495,0.8018,0.8018,1983
8121,0.8017,0.24988211997348067,5.665351177470231,0.8017,0.8017,1984
5730,0.8016,0.24987879576142677,5.665275810617019,0.8016,0.8016,1985
7551,0.8015,0.24985823583799927,5.664809674078966,0.8015,0.8015,1986
1284,0.8014,0.24985403305383547,5.664714388157188,0.8014,0.8014,1987
4807,0.8013,0.24985268285054893,5.664683776220419,0.8013,0.8013,1988
8956,0.8012,0.24985239141377613,5.664677168737667,0.8012,0.8012,1989
2484,0.8011,0.24984462373548474,5.66450105919747,0.8011,0.8011,1990
3734,0.801,0.24983838018853052,5.664359504907422,0.801,0.801,1991
6792,0.8009,0.24983213619511657,5.664217940495948,0.8009,0.8009,1992
1222,0.8008,0.24982944477049573,5.664156920260852,0.8008,0.8008,1993
1501,0.8007,0.24980238744358582,5.66354347397293,0.8007,0.8007,1994
5987,0.8006,0.24976712174547044,5.662743926713249,0.8006,0.8006,1995
9544,0.8005,0.24976030243218716,5.6625893185941205,0.8005,0.8005,1996
6405,0.8004,0.24975688243470667,5.662511780086593,0.8004,0.8004,1997
7676,0.8003,0.2497543673043432,5.662454756811179,0.8003,0.8003,1998
8489,0.8002,0.24973869721435304,5.6620994830413425,0.8002,0.8002,1999
4418,0.8001,0.24973530553882,5.662022586651418,0.8001,0.8001,2000
3201,0.8,0.24973455837793582,5.662005646949543,0.8,0.8,2001
191,0.7999,0.24973278367444363,5.661965410702204,0.7999,0.7999,2002
4066,0.7998,0.24971860421554876,5.6616439326618675,0.7998,0.7998,2003
7697,0.7997,0.2497061587185591,5.661361767172095,0.7997,0.7997,2004
3763,0.7996,0.24967886172830026,5.660742887213198,0.7996,0.7996,2005
852,0.7995,0.24966836979542045,5.6605050131141486,0.7995,0.7995,2006
8026,0.7994,0.2496671648311968,5.660477694050545,0.7994,0.7994,2007
4816,0.7993,0.24966484572889994,5.660425115142607,0.7993,0.7993,2008
2033,0.7992,0.24965692426633304,5.660245518989966,0.7992,0.7992,2009
3197,0.7991,0.24961426228206415,5.659278282427773,0.7991,0.7991,2010
4342,0.799,0.24960827175703282,5.659142464674335,0.799,0.799,2011
3739,0.7989,0.2496061647526594,5.659094694471518,0.7989,0.7989,2012
6463,0.7988,0.2496027678124455,5.65901767872084,0.7988,0.7988,2013
4705,0.7987,0.24960095620611336,5.658976605808602,0.7987,0.7987,2014
8449,0.7986,0.2495753811525169,5.658396765762359,0.7986,0.7986,2015
4877,0.7985,0.2495659962535557,5.658183990441411,0.7985,0.7985,2016
6097,0.7984,0.24956013438543315,5.658051089609954,0.7984,0.7984,2017
5500,0.7983,0.24955822948463316,5.658007901518194,0.7983,0.7983,2018
7452,0.7982,0.24955615000656295,5.657960755394279,0.7982,0.7982,2019
3937,0.7981,0.24955505127179553,5.657935844774713,0.7981,0.7981,2020
7785,0.798,0.2495466936835864,5.657746360740453,0.798,0.798,2021
8879,0.7979,0.24953883596733525,5.6575682098511475,0.7979,0.7979,2022
7820,0.7978,0.24953374056950375,5.65745268650583,0.7978,0.7978,2023
489,0.7977,0.24953126856321448,5.657396640944895,0.7977,0.7977,2024
902,0.7976,0.24952441952297538,5.657241358852667,0.7976,0.7976,2025
2919,0.7975,0.2495234128384828,5.657218535205806,0.7975,0.7975,2026
7650,0.7974,0.2495031765955496,5.656759737183264,0.7974,0.7974,2027
6491,0.7973,0.2494997310418051,5.656681619262538,0.7973,0.7973,2028
1241,0.7972,0.24946769562743062,5.655955309301505,0.7972,0.7972,2029
8255,0.7971,0.24946067278682235,5.655796086792326,0.7971,0.7971,2030
6337,0.797,0.24943835474006892,5.65529008991404,0.797,0.797,2031
4287,0.7969,0.24943602279675317,5.655237219873976,0.7969,0.7969,2032
9220,0.7968,0.24942110804431644,5.654899071189229,0.7968,0.7968,2033
5805,0.7967,0.2494072354036929,5.654584549361474,0.7967,0.7967,2034
1675,0.7966,0.24939701134773518,5.654352748592222,0.7966,0.7966,2035
5412,0.7965,0.2493879610691555,5.654147559817842,0.7965,0.7965,2036
5449,0.7964,0.24938334834728143,5.654042979747249,0.7964,0.7964,2037
5965,0.7963,0.2493568238066119,5.653441612839751,0.7963,0.7963,2038
5016,0.7962,0.24934821393736184,5.653246409066358,0.7962,0.7962,2039
4930,0.7961,0.24934809986193646,5.653243822737308,0.7961,0.7961,2040
8482,0.796,0.24933868816164878,5.653030439773762,0.796,0.796,2041
4595,0.7959,0.24932921659520563,5.652815699519577,0.7959,0.7959,2042
967,0.7958,0.2493285975433921,5.65280166431699,0.7958,0.7958,2043
9877,0.7957,0.2493283052396511,5.652795037180068,0.7957,0.7957,2044
1132,0.7956,0.24930676332695606,5.652306636886858,0.7956,0.7956,2045
1961,0.7955,0.24929990772636673,5.6521512060598225,0.7955,0.7955,2046
3497,0.7954,0.24929590911997462,5.652060549274165,0.7954,0.7954,2047
8492,0.7953,0.24927194428634789,5.651517216288899,0.7953,0.7953,2048
1005,0.7952,0.24926888576520526,5.6514478732066,0.7952,0.7952,2049
809,0.7951,0.24926741765377525,5.651414588044987,0.7951,0.7951,2050
5729,0.795,0.24925350974919275,5.651099266709915,0.795,0.795,2051
7708,0.7949,0.24924742172671852,5.650961238485901,0.7949,0.7949,2052
3108,0.7948,0.24922010600156555,5.650341933768099,0.7948,0.7948,2053
4873,0.7947,0.24920314312138117,5.649957349736445,0.7947,0.7947,2054
9073,0.7946,0.24919200061523086,5.649704725777834,0.7946,0.7946,2055
6259,0.7945,0.24918739410943647,5.649600286640277,0.7945,0.7945,2056
6859,0.7944,0.2491869359320639,5.649589898800779,0.7944,0.7944,2057
2156,0.7943,0.24917298166330337,5.649273526291985,0.7943,0.7943,2058
1069,0.7942,0.24917087639443636,5.649225795436699,0.7942,0.7942,2059
586,0.7941,0.24916763983774004,5.649152415915072,0.7941,0.7941,2060
9456,0.794,0.2491661029234021,5.649117570847012,0.794,0.794,2061
9437,0.7939,0.24916521480310477,5.6490974352990975,0.7939,0.7939,2062
2890,0.7938,0.2491564804844782,5.648899409996994,0.7938,0.7938,2063
5027,0.7937,0.24914927755647687,5.648736104527751,0.7937,0.7937,2064
2327,0.7936,0.2491466572963929,5.648676697742116,0.7936,0.7936,2065
2526,0.7935,0.24913503433476472,5.6484131808528035,0.7935,0.7935,2066
7996,0.7934,0.24913421889475598,5.648394693118431,0.7934,0.7934,2067
3997,0.7933,0.24912993540030132,5.648297577324061,0.7933,0.7933,2068
6347,0.7932,0.24910939713254046,5.647831931765032,0.7932,0.7932,2069
2688,0.7931,0.24909998512191947,5.647618541766503,0.7931,0.7931,2070
1678,0.793,0.24909964225020403,5.6476107681465555,0.793,0.793,2071
8536,0.7929,0.24908664583395024,5.647316112162196,0.7929,0.7929,2072
1804,0.7928,0.24907996088839549,5.647164550441463,0.7928,0.7928,2073
2293,0.7927,0.24906166097511057,5.646749653067085,0.7927,0.7927,2074
1556,0.7926,0.24905801558902507,5.646667004526992,0.7926,0.7926,2075
5243,0.7925,0.2490536850939955,5.64656882313238,0.7925,0.7925,2076
2535,0.7924,0.24904391412917343,5.646347294889706,0.7924,0.7924,2077
8116,0.7923,0.24904385406719318,5.6463459331591395,0.7923,0.7923,2078
6086,0.7922,0.2490088184712951,5.6455516027984425,0.7922,0.7922,2079
215,0.7921,0.24900449399879251,5.645453557945972,0.7921,0.7921,2080
1348,0.792,0.2490038203121949,5.6454382840589465,0.792,0.792,2081
163,0.7919,0.24899376927445313,5.645210405977001,0.7919,0.7919,2082
148,0.7918,0.24897658736628303,5.644820856119612,0.7918,0.7918,2083
6874,0.7917,0.24896578890782414,5.644576032444053,0.7917,0.7917,2084
9301,0.7916,0.2489586529724258,5.644414245838071,0.7916,0.7916,2085
6065,0.7915,0.24894106211118017,5.6440154241609175,0.7915,0.7915,2086
8922,0.7914,0.24893448111964164,5.643866219295197,0.7914,0.7914,2087
2151,0.7913,0.2489340533376835,5.643856520580799,0.7913,0.7913,2088
6165,0.7912,0.2489129472720887,5.643378001855977,0.7912,0.7912,2089
9088,0.7911,0.2489089726891861,5.643287889735017,0.7911,0.7911,2090
5232,0.791,0.24890858637669205,5.6432791312198285,0.791,0.791,2091
8563,0.7909,0.24890184314787117,5.643126248095657,0.7909,0.7909,2092
3756,0.7908,0.24890058257286402,5.643097668220011,0.7908,0.7908,2093
6678,0.7907,0.24889718051202042,5.643020536373475,0.7907,0.7907,2094
2656,0.7906,0.24887290594813283,5.642470181152834,0.7906,0.7906,2095
2775,0.7905,0.24887230450512565,5.64245654517928,0.7905,0.7905,2096
3013,0.7904,0.24886842395180678,5.642368564906121,0.7904,0.7904,2097
5472,0.7903,0.2488642864108674,5.642274758185061,0.7903,0.7903,2098
4492,0.7902,0.24885839967943157,5.642141293650042,0.7902,0.7902,2099
7941,0.7901,0.24885000259270443,5.641950914100358,0.7901,0.7901,2100
61,0.79,0.24884784466768306,5.64190198941968,0.79,0.79,2101
5942,0.7899,0.24882515513732173,5.641387570231666,0.7899,0.7899,2102
5991,0.7898,0.2488185977793618,5.641238901188129,0.7898,0.7898,2103
7155,0.7897,0.24881728079217869,5.641209042328485,0.7897,0.7897,2104
7508,0.7896,0.24878878075447652,5.6405628867665,0.7896,0.7896,2105
8876,0.7895,0.24878776271283987,5.6405398056281015,0.7895,0.7895,2106
4301,0.7894,0.24878466787107195,5.640469639082471,0.7894,0.7894,2107
1017,0.7893,0.24878410271830642,5.640456825885152,0.7893,0.7893,2108
9278,0.7892,0.2487791686539941,5.640344960308747,0.7892,0.7892,2109
8558,0.7891,0.24877493759374233,5.640249033309433,0.7891,0.7891,2110
129,0.789,0.24877143655367914,5.640169657396373,0.789,0.789,2111
9905,0.7889,0.24876604871447827,5.640047503792545,0.7889,0.7889,2112
6402,0.7888,0.24875817167870548,5.639868914890109,0.7888,0.7888,2113
2012,0.7887,0.24875258437776018,5.639742239070643,0.7887,0.7887,2114
202,0.7886,0.2487323523412455,5.639283536417042,0.7886,0.7886,2115
6863,0.7885,0.24873055230018382,5.639242725713624,0.7885,0.7885,2116
946,0.7884,0.24873039356806928,5.6392391269252045,0.7884,0.7884,2117
1852,0.7883,0.24872788688992042,5.6391822952790855,0.7883,0.7883,2118
2977,0.7882,0.2487190155012489,5.638981162312157,0.7882,0.7882,2119
4084,0.7881,0.24870721320644396,5.638713579563009,0.7881,0.7881,2120
5448,0.788,0.2487071213097918,5.6387114960743165,0.788,0.788,2121
1006,0.7879,0.2486772714259759,5.638034736668769,0.7879,0.7879,2122
1849,0.7878,0.24867509191072018,5.6379853224916205,0.7878,0.7878,2123
8596,0.7877,0.2486642995090108,5.637740636134959,0.7877,0.7877,2124
2433,0.7876,0.24864014196340808,5.637192933963733,0.7876,0.7876,2125
1983,0.7875,0.24862629036704215,5.636878889255521,0.7875,0.7875,2126
7143,0.7874,0.2486143377458752,5.636607898291958,0.7874,0.7874,2127
4826,0.7873,0.24861316289991028,5.636581262072529,0.7873,0.7873,2128
1217,0.7872,0.24856036842346133,5.6353843006831825,0.7872,0.7872,2129
1511,0.7871,0.2485512302328055,5.635177118756097,0.7871,0.7871,2130
7235,0.787,0.2485359312960673,5.634830259809133,0.787,0.787,2131
9470,0.7869,0.24851272031156466,5.634304018161929,0.7869,0.7869,2132
8302,0.7868,0.2485034248353874,5.634093270241115,0.7868,0.7868,2133
6339,0.7867,0.2485032220716499,5.6340886731640945,0.7867,0.7867,2134
3878,0.7866,0.24850262522308525,5.634075141355205,0.7866,0.7866,2135
8364,0.7865,0.24850134086488102,5.63404602226506,0.7865,0.7865,2136
381,0.7864,0.24848586381260146,5.633695125063572,0.7864,0.7864,2137
9007,0.7863,0.2484792789382918,5.6335458321683385,0.7863,0.7863,2138
8979,0.7862,0.24846140558500077,5.633140605803689,0.7862,0.7862,2139
4495,0.7861,0.24845787637138866,5.633060591137562,0.7861,0.7861,2140
8029,0.786,0.24845540062345586,5.633004460744655,0.786,0.786,2141
7716,0.7859,0.24845418117220464,5.632976813229735,0.7859,0.7859,2142
1473,0.7858,0.24843626929578513,5.632570713464819,0.7858,0.7858,2143
232,0.7857,0.24843100757105205,5.632451419141637,0.7857,0.7857,2144
7477,0.7856,0.24842501988613253,5.632315665780323,0.7856,0.7856,2145
5639,0.7855,0.24842352723211467,5.632281824185634,0.7855,0.7855,2146
166,0.7854,0.24841878551303354,5.632174319480257,0.7854,0.7854,2147
3181,0.7853,0.24841277439520176,5.6320380348452295,0.7853,0.7853,2148
8501,0.7852,0.2483982321980067,5.631708332768673,0.7852,0.7852,2149
2733,0.7851,0.24839122261412128,5.631549410815688,0.7851,0.7851,2150
540,0.785,0.24837193603223737,5.63111214359757,0.785,0.785,2151
1064,0.7849,0.24835338184547362,5.6306914813124145,0.7849,0.7849,2152
2729,0.7848,0.2483117951199232,5.629748623116984,0.7848,0.7848,2153
8183,0.7847,0.24830091142686572,5.629501866993902,0.7847,0.7847,2154
8684,0.7846,0.24830062205446285,5.629495306315147,0.7846,0.7846,2155
3192,0.7845,0.2482971625142795,5.629416871291386,0.7845,0.7845,2156
9900,0.7844,0.24828928063141956,5.629238172493167,0.7844,0.7844,2157
6602,0.7843,0.24828289487556426,5.629093394030075,0.7843,0.7843,2158
1097,0.7842,0.2482815324379748,5.629062504714522,0.7842,0.7842,2159
4085,0.7841,0.24827758691244725,5.628973051385847,0.7841,0.7841,2160
4957,0.784,0.24827051974219122,5.628812823829066,0.784,0.784,2161
5670,0.7839,0.24825399299735285,5.628438127900555,0.7839,0.7839,2162
1814,0.7838,0.24822729898654977,5.627832918749596,0.7838,0.7838,2163
9608,0.7837,0.24822134538234703,5.627697938068095,0.7837,0.7837,2164
9915,0.7836,0.24821642134303723,5.627586299781292,0.7836,0.7836,2165
8284,0.7835,0.24821453134565533,5.627543449580344,0.7835,0.7835,2166
139,0.7834,0.24820428270075823,5.627311091329446,0.7834,0.7834,2167
5659,0.7833,0.248201700191951,5.627252540445048,0.7833,0.7833,2168
7063,0.7832,0.24819109439649248,5.627012084841279,0.7832,0.7832,2169
147,0.7831,0.24818444433266024,5.6268613139615855,0.7831,0.7831,2170
5797,0.783,0.24818396377126536,5.62685041862909,0.783,0.783,2171
6512,0.7829,0.24816967392344264,5.626526437840625,0.7829,0.7829,2172
2561,0.7828,0.24816575811645125,5.626437658292365,0.7828,0.7828,2173
9985,0.7827,0.2481499374975445,5.626078971716152,0.7827,0.7827,2174
4681,0.7826,0.2481440455787141,5.625945389572344,0.7826,0.7826,2175
4932,0.7825,0.2481381192335119,5.625811026911607,0.7825,0.7825,2176
6638,0.7824,0.24812551522612744,5.625525267656295,0.7824,0.7824,2177
1647,0.7823,0.2481196382596003,5.625392024514214,0.7823,0.7823,2178
7212,0.7822,0.24808604719424515,5.624630444686896,0.7822,0.7822,2179
942,0.7821,0.24808206992300813,5.624540271614323,0.7821,0.7821,2180
1070,0.782,0.24807294970768262,5.624333497225611,0.782,0.782,2181
1425,0.7819,0.2480719266330397,5.624310301980578,0.7819,0.7819,2182
4468,0.7818,0.24806656640752056,5.624188774438681,0.7818,0.7818,2183
6894,0.7817,0.24806334213346876,5.624115673390894,0.7817,0.7817,2184
6813,0.7816,0.24805362688374083,5.623895408325721,0.7816,0.7816,2185
987,0.7815,0.24804746196193025,5.623755636630953,0.7815,0.7815,2186
4843,0.7814,0.248040159972128,5.623590085225835,0.7814,0.7814,2187
4013,0.7813,0.24803899030106724,5.623563566332499,0.7813,0.7813,2188
9108,0.7812,0.24802125426127347,5.623161453152553,0.7812,0.7812,2189
8750,0.7811,0.24799287006201906,5.62251792388781,0.7811,0.7811,2190
96,0.781,0.24798651054625837,5.622373740341788,0.781,0.781,2191
6624,0.7809,0.24793347953216355,5.62117141614947,0.7809,0.7809,2192
3777,0.7808,0.24793276256042573,5.621155160898429,0.7808,0.7808,2193
890,0.7807,0.24793255543950374,5.621150465032661,0.7807,0.7807,2194
2560,0.7806,0.2479317367160088,5.621131902855931,0.7806,0.7806,2195
9677,0.7805,0.24791978696969189,5.6208609770711915,0.7805,0.7805,2196
3039,0.7804,0.24791131159182694,5.620668822499395,0.7804,0.7804,2197
5000,0.7803,0.24790813117932134,5.620596715884114,0.7803,0.7803,2198
2993,0.7802,0.24789581991622545,5.62031759375639,0.7802,0.7802,2199
1614,0.7801,0.24789566411687422,5.620314061459445,0.7801,0.7801,2200
7627,0.78,0.24788091530437187,5.619979674980439,0.78,0.78,2201
7818,0.7799,0.24786461714559022,5.619610161574624,0.7799,0.7799,2202
7302,0.7798,0.24786060043742475,5.619519094385923,0.7798,0.7798,2203
907,0.7797,0.24785884294484958,5.619479248346793,0.7797,0.7797,2204
351,0.7796,0.24785534857512215,5.6194000236631245,0.7796,0.7796,2205
8960,0.7795,0.24785152776537503,5.619313397902193,0.7795,0.7795,2206
3545,0.7794,0.24784479909847879,5.619160844927616,0.7794,0.7794,2207
8968,0.7793,0.24784162350372962,5.619088847540538,0.7793,0.7793,2208
7671,0.7792,0.24783604688258418,5.618962413855313,0.7792,0.7792,2209
334,0.7791,0.24783185387311818,5.618867349547642,0.7791,0.7791,2210
3560,0.779,0.24783183032535339,5.618866815669514,0.779,0.779,2211
1237,0.7789,0.24781926366882118,5.618581903238497,0.7789,0.7789,2212
3776,0.7788,0.2478137879127838,5.618457756377649,0.7788,0.7788,2213
3877,0.7787,0.24781184833641925,5.618413782117229,0.7787,0.7787,2214
3118,0.7786,0.24780671768716048,5.618297459549596,0.7786,0.7786,2215
1835,0.7785,0.24780621561194893,5.618286076452538,0.7785,0.7785,2216
3246,0.7784,0.24778799316152053,5.617872935324072,0.7784,0.7784,2217
5405,0.7783,0.2477845436665366,5.617794728046608,0.7783,0.7783,2218
6469,0.7782,0.24778357578930651,5.617772784241755,0.7782,0.7782,2219
5795,0.7781,0.2477668379418337,5.6173933021720215,0.7781,0.7781,2220
1820,0.778,0.2477650424858312,5.617352595423621,0.778,0.778,2221
4269,0.7779,0.24775694551858304,5.617169020212702,0.7779,0.7779,2222
1275,0.7778,0.2477424802090922,5.6168410613414546,0.7778,0.7778,2223
4535,0.7777,0.24773339431730948,5.616635065138117,0.7777,0.7777,2224
6459,0.7776,0.2477126137905839,5.616163927060128,0.7776,0.7776,2225
6766,0.7775,0.24770880081554966,5.6160774789279735,0.7775,0.7775,2226
8238,0.7774,0.2477030963545223,5.615948146846185,0.7774,0.7774,2227
3486,0.7773,0.24769706023952892,5.615811295473217,0.7773,0.7773,2228
2679,0.7772,0.2476941120801141,5.615744454521928,0.7772,0.7772,2229
8818,0.7771,0.24769290212156184,5.615717022227155,0.7771,0.7771,2230
6410,0.777,0.24768828815545663,5.615612413948644,0.777,0.777,2231
1728,0.7769,0.24766513805360915,5.615087552638645,0.7769,0.7769,2232
3682,0.7768,0.2476623491345183,5.615024322000821,0.7768,0.7768,2233
9693,0.7767,0.24764482126523005,5.614626928482376,0.7767,0.7767,2234
9186,0.7766,0.24761406807288952,5.6139296891823545,0.7766,0.7766,2235
3616,0.7765,0.24759349917673135,5.613463349212805,0.7765,0.7765,2236
2171,0.7764,0.2475918114033687,5.613425083854785,0.7764,0.7764,2237
4088,0.7763,0.24758118484400096,5.613184157490107,0.7763,0.7763,2238
205,0.7762,0.2475806843541784,5.6131728103383605,0.7762,0.7762,2239
6979,0.7761,0.24757103047510368,5.612953936673313,0.7761,0.7761,2240
6967,0.776,0.24756673773887825,5.6128566113505105,0.776,0.776,2241
2613,0.7759,0.24756641230133616,5.612849232997972,0.7759,0.7759,2242
4992,0.7758,0.24755503245126026,5.612591227956478,0.7758,0.7758,2243
3884,0.7757,0.24754422339372312,5.612346163976854,0.7757,0.7757,2244
9864,0.7756,0.24754140657026508,5.612282300687262,0.7756,0.7756,2245
370,0.7755,0.2475401564886342,5.612253958717421,0.7755,0.7755,2246
9200,0.7754,0.24753988343135055,5.612247767937839,0.7754,0.7754,2247
500,0.7753,0.2475307972373247,5.612041764882211,0.7753,0.7753,2248
3748,0.7752,0.24751939052770203,5.611783150878248,0.7752,0.7752,2249
189,0.7751,0.24751746336355046,5.6117394580287865,0.7751,0.7751,2250
7849,0.775,0.247486042868588,5.611027089579596,0.775,0.775,2251
7338,0.7749,0.24748031398408732,5.6108972037659814,0.7749,0.7749,2252
8113,0.7748,0.24747250965812917,5.610720263346255,0.7748,0.7748,2253
7822,0.7747,0.24747125767012565,5.6106918781546105,0.7747,0.7747,2254
339,0.7746,0.24746919231198938,5.610645052159132,0.7746,0.7746,2255
9540,0.7745,0.2474548956800521,5.610320917561501,0.7745,0.7745,2256
8363,0.7744,0.2474490176868413,5.610187651139795,0.7744,0.7744,2257
4364,0.7743,0.24742497748023323,5.609642609290359,0.7743,0.7743,2258
6590,0.7742,0.24741702247241762,5.609462252597676,0.7742,0.7742,2259
8838,0.7741,0.2474164907294833,5.60945019687026,0.7741,0.7741,2260
5362,0.774,0.24741535535415302,5.60942445553278,0.774,0.774,2261
6043,0.7739,0.24740729977945417,5.609241818777917,0.7739,0.7739,2262
5754,0.7738,0.24740590829009398,5.6092102707983775,0.7738,0.7738,2263
124,0.7737,0.24740178626427634,5.609116815837832,0.7737,0.7737,2264
7441,0.7736,0.24737709003484742,5.6085569005761,0.7736,0.7736,2265
7462,0.7735,0.24737579102378,5.608527449275258,0.7735,0.7735,2266
9407,0.7734,0.24734172634269602,5.607755131585692,0.7734,0.7734,2267
4984,0.7733,0.2473413992273982,5.607747715196921,0.7733,0.7733,2268
4761,0.7732,0.24732704627102445,5.607422303606431,0.7732,0.7732,2269
6011,0.7731,0.24731309527697592,5.6071060053423,0.7731,0.7731,2270
7602,0.773,0.2472773570380761,5.606295744594356,0.773,0.773,2271
4926,0.7729,0.24727202325860298,5.606174816638719,0.7729,0.7729,2272
8908,0.7728,0.24726355485962584,5.605982820291283,0.7728,0.7728,2273
7049,0.7727,0.24725342478413917,5.605753150256617,0.7727,0.7727,2274
9992,0.7726,0.24725295334315253,5.605742461701815,0.7726,0.7726,2275
5057,0.7725,0.24725264083803833,5.605735376555936,0.7725,0.7725,2276
4446,0.7724,0.24725204423330654,5.6057218502773045,0.7724,0.7724,2277
6067,0.7723,0.2472480046070726,5.605630263487299,0.7723,0.7723,2278
4914,0.7722,0.24723712862717118,5.6053836822362575,0.7722,0.7722,2279
8671,0.7721,0.24723591428095987,5.605356150464154,0.7721,0.7721,2280
4030,0.772,0.24723233184828208,5.605274929210025,0.772,0.772,2281
7585,0.7719,0.247223151262982,5.605066786107491,0.7719,0.7719,2282
3610,0.7718,0.24722092564313383,5.605016326642546,0.7718,0.7718,2283
9039,0.7717,0.24721341654919146,5.604846079751743,0.7717,0.7717,2284
9863,0.7716,0.24721307700384307,5.60483838154597,0.7716,0.7716,2285
2894,0.7715,0.2471699660085542,5.603860964963373,0.7715,0.7715,2286
8089,0.7714,0.2471698889312625,5.603859217460153,0.7714,0.7714,2287
815,0.7713,0.24716649854218098,5.603782350236488,0.7713,0.7713,2288
9403,0.7712,0.24715972987606513,5.603628890394432,0.7712,0.7712,2289
4825,0.7711,0.24715499827416446,5.603521615065655,0.7711,0.7711,2290
6394,0.771,0.24715472152762777,5.603515340642598,0.771,0.771,2291
9185,0.7709,0.24714477977491886,5.603289940279966,0.7709,0.7709,2292
5914,0.7708,0.2471423401876624,5.603234629726134,0.7708,0.7708,2293
6905,0.7707,0.24713603165452963,5.603091602063315,0.7707,0.7707,2294
91,0.7706,0.2471291851387165,5.602936377205817,0.7706,0.7706,2295
6922,0.7705,0.2471252801451887,5.602847842820932,0.7705,0.7705,2296
5975,0.7704,0.24710917115251962,5.6024826182080165,0.7704,0.7704,2297
7891,0.7703,0.2471018549460421,5.602316744479371,0.7703,0.7703,2298
5473,0.7702,0.2470988954388785,5.6022496462517175,0.7702,0.7702,2299
9304,0.7701,0.2470984595744546,5.602239764291903,0.7701,0.7701,2300
9745,0.77,0.24708885865244912,5.60202209127491,0.77,0.77,2301
5932,0.7699,0.2470796971925094,5.601814381785647,0.7699,0.7699,2302
7773,0.7698,0.24707787576303442,5.601773086162815,0.7698,0.7698,2303
2814,0.7697,0.2470745038282845,5.601696637338042,0.7697,0.7697,2304
1732,0.7696,0.24706717128127745,5.601530393135261,0.7696,0.7696,2305
5480,0.7695,0.24705879029146957,5.60134037853745,0.7695,0.7695,2306
3982,0.7694,0.24704323549008478,5.600987718601846,0.7694,0.7694,2307
7264,0.7693,0.24703890508800874,5.600889539313709,0.7693,0.7693,2308
2529,0.7692,0.2470331061539478,5.600758065330415,0.7692,0.7692,2309
1590,0.7691,0.24702005930748308,5.600462265986538,0.7691,0.7691,2310
9374,0.769,0.24700066898562875,5.600022646767874,0.769,0.769,2311
1266,0.7689,0.2469885736926066,5.599748421134414,0.7689,0.7689,2312
6556,0.7688,0.24697819699553597,5.599513159671255,0.7688,0.7688,2313
5652,0.7687,0.24697518778661104,5.599444934600384,0.7687,0.7687,2314
8351,0.7686,0.24697057833929162,5.599340428772621,0.7686,0.7686,2315
1403,0.7685,0.24696768616614362,5.599274857148729,0.7685,0.7685,2316
3309,0.7684,0.24696571152616553,5.599230087923441,0.7684,0.7684,2317
2488,0.7683,0.24695913724283874,5.599081035146259,0.7683,0.7683,2318
7078,0.7682,0.24690636410512212,5.5978845575515175,0.7682,0.7682,2319
6612,0.7681,0.24690260342270764,5.597799295002397,0.7681,0.7681,2320
5459,0.768,0.24689870401881775,5.5977108873464845,0.768,0.768,2321
8060,0.7679,0.24689189716920049,5.597556561804197,0.7679,0.7679,2322
1398,0.7678,0.24686043776023409,5.596843311094382,0.7678,0.7678,2323
3496,0.7677,0.24685948364040647,5.596821679197991,0.7677,0.7677,2324
3355,0.7676,0.24684175325273747,5.596419694164716,0.7676,0.7676,2325
7168,0.7675,0.24683754131040175,5.596324200606179,0.7675,0.7675,2326
7517,0.7674,0.24683471008290195,5.596260010747935,0.7674,0.7674,2327
9792,0.7673,0.2468283450555067,5.596115702242596,0.7673,0.7673,2328
4236,0.7672,0.24682717559807116,5.596089188191635,0.7672,0.7672,2329
7640,0.7671,0.2468267799638502,5.596080218334735,0.7671,0.7671,2330
8000,0.767,0.24681591333075417,5.595833848996926,0.767,0.767,2331
2691,0.7669,0.24681249579666864,5.5957563663387955,0.7669,0.7669,2332
5851,0.7668,0.24680373657833451,5.595557776508012,0.7668,0.7668,2333
5399,0.7667,0.24679994007073128,5.5954717017261455,0.7667,0.7667,2334
5336,0.7666,0.24679682870867795,5.595401160631883,0.7666,0.7666,2335
3636,0.7665,0.24679421345175814,5.595341867278196,0.7665,0.7665,2336
1223,0.7664,0.24679182390470675,5.595287691239776,0.7664,0.7664,2337
2351,0.7663,0.24677817424219317,5.594978224793589,0.7663,0.7663,2338
3914,0.7662,0.246777147724808,5.594954951494346,0.7662,0.7662,2339
2620,0.7661,0.24677347826328438,5.594871757113004,0.7661,0.7661,2340
1340,0.766,0.24677221733997093,5.594843169340672,0.766,0.766,2341
557,0.7659,0.24676999791251497,5.594792850269767,0.7659,0.7659,2342
3653,0.7658,0.24675784584899974,5.594517337531188,0.7658,0.7658,2343
5827,0.7657,0.24675622054535717,5.594480488491475,0.7657,0.7657,2344
9816,0.7656,0.24675233614768338,5.594392421058755,0.7656,0.7656,2345
5940,0.7655,0.24674867853689947,5.594309495359151,0.7655,0.7655,2346
8410,0.7654,0.24673533498966269,5.5940069691875545,0.7654,0.7654,2347
8088,0.7653,0.24672637944192388,5.593803928158412,0.7653,0.7653,2348
8153,0.7652,0.24669917225174334,5.593187084156214,0.7652,0.7652,2349
2686,0.7651,0.24668634274395332,5.592896212335945,0.7651,0.7651,2350
8571,0.765,0.24668477271042522,5.592860616386468,0.765,0.765,2351
8599,0.7649,0.24666978808789544,5.592520883600965,0.7649,0.7649,2352
5299,0.7648,0.2466634051770611,5.592376169639252,0.7648,0.7648,2353
2106,0.7647,0.24665395715583782,5.592161963203591,0.7647,0.7647,2354
1977,0.7646,0.2466532234922103,5.5921453295124035,0.7646,0.7646,2355
8631,0.7645,0.24664171861980852,5.5918844899524345,0.7645,0.7645,2356
94,0.7644,0.24661200980395312,5.591210928853901,0.7644,0.7644,2357
7886,0.7643,0.24660349486911234,5.591017877442773,0.7643,0.7643,2358
8871,0.7642,0.2466005957717981,5.59095214883266,0.7642,0.7642,2359
4123,0.7641,0.24658426199177338,5.59058182781965,0.7641,0.7641,2360
6306,0.764,0.24658403050761962,5.5905765795881965,0.764,0.764,2361
9934,0.7639,0.2465805979614417,5.590498756574625,0.7639,0.7639,2362
6239,0.7638,0.24657995293750873,5.590484132531353,0.7638,0.7638,2363
7698,0.7637,0.24657991181400432,5.590483200174212,0.7637,0.7637,2364
5052,0.7636,0.24656872550596554,5.590229583135169,0.7636,0.7636,2365
3599,0.7635,0.24656673332828855,5.590184416294353,0.7635,0.7635,2366
2579,0.7634,0.2465630307161665,5.590100470320528,0.7634,0.7634,2367
4580,0.7633,0.24655517837803392,5.589922441363326,0.7633,0.7633,2368
8224,0.7632,0.24655464203612418,5.589910281369145,0.7632,0.7632,2369
5911,0.7631,0.24653295013438523,5.589418480510098,0.7631,0.7631,2370
4262,0.763,0.2465312179191941,5.589379207563373,0.763,0.763,2371
8154,0.7629,0.24652155947231275,5.589160230337652,0.7629,0.7629,2372
1457,0.7628,0.246517775476117,5.589074439214994,0.7628,0.7628,2373
7095,0.7627,0.24651125760727124,5.5889266654747285,0.7627,0.7627,2374
7906,0.7626,0.2465003466953854,5.588679292242474,0.7626,0.7626,2375
2859,0.7625,0.24649607429487663,5.588582427970896,0.7625,0.7625,2376
7900,0.7624,0.2464927482229759,5.5885070189531065,0.7624,0.7624,2377
2541,0.7623,0.24649123331361655,5.5884726727848815,0.7623,0.7623,2378
6754,0.7622,0.24646607095270237,5.587902189346517,0.7622,0.7622,2379
4744,0.7621,0.24646296322349817,5.587831730614263,0.7621,0.7621,2380
5353,0.762,0.24646180191552786,5.587805401328955,0.762,0.762,2381
4555,0.7619,0.24645626884036928,5.587679954923071,0.7619,0.7619,2382
3907,0.7618,0.2464417565399178,5.587350930667911,0.7618,0.7618,2383
1371,0.7617,0.24643556297063768,5.587210509476663,0.7617,0.7617,2384
5481,0.7616,0.24641730819568516,5.586796635483223,0.7616,0.7616,2385
2040,0.7615,0.24641357671512534,5.586712035000653,0.7615,0.7615,2386
3511,0.7614,0.2464072918541556,5.586569544036026,0.7614,0.7614,2387
4828,0.7613,0.24640024901852625,5.586409868196927,0.7613,0.7613,2388
326,0.7612,0.246396072343588,5.586315174227431,0.7612,0.7612,2389
9337,0.7611,0.24639405301186065,5.586269391744392,0.7611,0.7611,2390
972,0.761,0.2463936718316262,5.586260749590192,0.761,0.761,2391
8150,0.7609,0.2463732639393314,5.585798059917201,0.7609,0.7609,2392
1855,0.7608,0.2463676974054483,5.585671854931054,0.7608,0.7608,2393
3293,0.7607,0.24636659127341612,5.5856467766018465,0.7607,0.7607,2394
6079,0.7606,0.24636597378185404,5.58563277677377,0.7606,0.7606,2395
2863,0.7605,0.24635708518333901,5.585431253623143,0.7605,0.7605,2396
7231,0.7604,0.24635329903573405,5.585345413725307,0.7604,0.7604,2397
3501,0.7603,0.24634083521473127,5.585062832789143,0.7603,0.7603,2398
8878,0.7602,0.24632750720573177,5.584760658902701,0.7602,0.7602,2399
6589,0.7601,0.24630490267216626,5.584248166770435,0.7601,0.7601,2400
6022,0.76,0.24630188529506253,5.584179756509084,0.76,0.76,2401
9798,0.7599,0.24628942351908786,5.583897221939864,0.7599,0.7599,2402
483,0.7598,0.2462838556955586,5.5837709877145905,0.7598,0.7598,2403
1838,0.7597,0.2462810723152327,5.583707882652292,0.7597,0.7597,2404
910,0.7596,0.24627418235232407,5.5835516727570695,0.7596,0.7596,2405
4715,0.7595,0.24627327429226029,5.583531085132745,0.7595,0.7595,2406
2865,0.7594,0.24626613763951014,5.583369282264621,0.7594,0.7594,2407
4886,0.7593,0.24626304718665853,5.583299215223339,0.7593,0.7593,2408
8695,0.7592,0.24626168738350054,5.583268385636699,0.7592,0.7592,2409
7005,0.7591,0.246255193350165,5.58312115229667,0.7591,0.7591,2410
7098,0.759,0.246250246186459,5.583008989729194,0.759,0.759,2411
3531,0.7589,0.24624892841465204,5.582979113082466,0.7589,0.7589,2412
6882,0.7588,0.24624791180186692,5.582956064339919,0.7588,0.7588,2413
7014,0.7587,0.2462321105572929,5.582597817022036,0.7587,0.7587,2414
443,0.7586,0.24622866808345376,5.582519768926472,0.7586,0.7586,2415
3790,0.7585,0.24619536740883777,5.58176477286713,0.7585,0.7585,2416
329,0.7584,0.24618468210724292,5.581522514693422,0.7584,0.7584,2417
733,0.7583,0.2461756013040394,5.58131663386097,0.7583,0.7583,2418
4906,0.7582,0.2461754509234787,5.581313224417428,0.7582,0.7582,2419
7917,0.7581,0.2461705817774486,5.581202830675759,0.7581,0.7581,2420
4554,0.758,0.24616528664535886,5.581082778938648,0.758,0.758,2421
410,0.7579,0.24616228006359034,5.581014613429982,0.7579,0.7579,2422
2874,0.7578,0.24616198511061924,5.581007926228556,0.7578,0.7578,2423
1535,0.7577,0.24614988725309236,5.580733642452123,0.7577,0.7577,2424
9326,0.7576,0.24614969037402304,5.580729178790594,0.7576,0.7576,2425
7600,0.7575,0.24614958299364628,5.5807267442537,0.7575,0.7575,2426
3188,0.7574,0.24613981085376258,5.580505189368846,0.7574,0.7574,2427
6144,0.7573,0.24613964622864629,5.580501456972816,0.7573,0.7573,2428
4506,0.7572,0.24612838247679544,5.580246084119508,0.7572,0.7572,2429
682,0.7571,0.24612521435848295,5.580174256241083,0.7571,0.7571,2430
8616,0.757,0.2461111705143251,5.579855852870353,0.757,0.757,2431
8309,0.7569,0.24610779725186455,5.579779373944017,0.7569,0.7569,2432
252,0.7568,0.24610170973927548,5.5796413572794945,0.7568,0.7568,2433
5766,0.7567,0.24609723879537482,5.579539991614289,0.7567,0.7567,2434
1531,0.7566,0.24608530998698988,5.579269540537432,0.7566,0.7566,2435
9060,0.7565,0.24608401795725296,5.579240247516067,0.7565,0.7565,2436
4682,0.7564,0.2460781204731647,5.5791065391967125,0.7564,0.7564,2437
6745,0.7563,0.24606269993606367,5.57875692331309,0.7563,0.7563,2438
405,0.7562,0.2460609246911642,5.578716674792697,0.7562,0.7562,2439
9084,0.7561,0.24605468138745928,5.578575126017077,0.7561,0.7561,2440
9390,0.756,0.24605412528324777,5.5785625179696385,0.756,0.756,2441
5516,0.7559,0.24604905632794022,5.578447594132581,0.7559,0.7559,2442
7454,0.7558,0.246031638679807,5.578052699558815,0.7558,0.7558,2443
8228,0.7557,0.24601689204214985,5.577718362387598,0.7557,0.7557,2444
5661,0.7556,0.24600780957124257,5.577512443742816,0.7556,0.7556,2445
7453,0.7555,0.24599277178741913,5.577171505680131,0.7555,0.7555,2446
9045,0.7554,0.24598119449400838,5.576909024183853,0.7554,0.7554,2447
1390,0.7553,0.24596396526218609,5.576518401401731,0.7553,0.7553,2448
2369,0.7552,0.24596378358173593,5.576514282324374,0.7552,0.7552,2449
3863,0.7551,0.24596132848917363,5.57645862023314,0.7551,0.7551,2450
7525,0.755,0.24594571668200566,5.57610466785638,0.755,0.755,2451
8076,0.7549,0.24593118773509123,5.575775266191451,0.7549,0.7549,2452
7991,0.7548,0.24593047974657817,5.575759214608263,0.7548,0.7548,2453
9559,0.7547,0.24591398998860048,5.575385357248078,0.7547,0.7547,2454
9345,0.7546,0.24590700208532273,5.5752269268411805,0.7546,0.7546,2455
5470,0.7545,0.24590096548729623,5.575090064515856,0.7545,0.7545,2456
6752,0.7544,0.24589430649738978,5.574939091264542,0.7544,0.7544,2457
239,0.7543,0.24588894015858323,5.574817425119858,0.7543,0.7543,2458
8554,0.7542,0.24588550307742366,5.574739499290201,0.7542,0.7542,2459
2995,0.7541,0.24583662172847223,5.573631256700169,0.7541,0.7541,2460
6525,0.754,0.24583043651974953,5.573491025060259,0.754,0.754,2461
1347,0.7539,0.24582853404843855,5.5734478920484,0.7539,0.7539,2462
7197,0.7538,0.24581459856807514,5.573131945513603,0.7538,0.7538,2463
7855,0.7537,0.2458095566032321,5.573017633606976,0.7537,0.7537,2464
9421,0.7536,0.24580706908936592,5.5729612364572,0.7536,0.7536,2465
702,0.7535,0.2458027550884311,5.5728634290181605,0.7535,0.7535,2466
7227,0.7534,0.24579908379180337,5.572780193031796,0.7534,0.7534,2467
906,0.7533,0.24579488292888363,5.572684950668179,0.7533,0.7533,2468
2581,0.7532,0.24578233273091257,5.572400411386415,0.7532,0.7532,2469
6167,0.7531,0.2457786507878024,5.572316934023034,0.7531,0.7531,2470
9851,0.753,0.24576650999252717,5.572041676758309,0.753,0.753,2471
508,0.7529,0.24576447656262523,5.571995574641737,0.7529,0.7529,2472
8959,0.7528,0.2457621911274965,5.571943759040048,0.7528,0.7528,2473
4217,0.7527,0.24573874381886648,5.571412159429154,0.7527,0.7527,2474
5715,0.7526,0.2457378546367693,5.571391999808177,0.7526,0.7526,2475
6354,0.7525,0.2457339653447629,5.571303821409563,0.7525,0.7525,2476
4904,0.7524,0.24572485495778187,5.571097269849567,0.7524,0.7524,2477
9293,0.7523,0.24572114584443855,5.571013176480357,0.7523,0.7523,2478
5983,0.7522,0.24571132279227328,5.570790467307631,0.7522,0.7522,2479
3356,0.7521,0.24571121091248307,5.570787930757957,0.7521,0.7521,2480
8710,0.752,0.2457086904408578,5.570730786387116,0.752,0.752,2481
1994,0.7519,0.24570517427195707,5.5706510674699565,0.7519,0.7519,2482
8221,0.7518,0.2456909024180746,5.570327494641828,0.7518,0.7518,2483
1489,0.7517,0.24569084519720666,5.5703261973262705,0.7517,0.7517,2484
7647,0.7516,0.24568597342310697,5.570215743999912,0.7516,0.7516,2485
3259,0.7515,0.24565838753740366,5.569590314176592,0.7515,0.7515,2486
819,0.7514,0.2456551720299162,5.569517411886029,0.7514,0.7514,2487
5969,0.7513,0.24565389959590472,5.56948856314097,0.7513,0.7513,2488
7182,0.7512,0.24565030941199548,5.5694071661496505,0.7512,0.7512,2489
3544,0.7511,0.24563992227452153,5.569171667982129,0.7511,0.7511,2490
8781,0.751,0.2456359563886772,5.569081753040321,0.751,0.751,2491
142,0.7509,0.24563422106253113,5.569042409561594,0.7509,0.7509,2492
2832,0.7508,0.24562315018676753,5.5687914096146285,0.7508,0.7508,2493
2015,0.7507,0.24558326822951562,5.567887202088553,0.7507,0.7507,2494
8753,0.7506,0.2455711901302322,5.567613366272908,0.7506,0.7506,2495
6538,0.7505,0.2455607099326205,5.567375758236228,0.7505,0.7505,2496
2133,0.7504,0.24555939683271083,5.567345987510792,0.7504,0.7504,2497
2243,0.7503,0.2455541405449156,5.567226816454926,0.7503,0.7503,2498
8569,0.7502,0.2455502831384688,5.567139360968952,0.7502,0.7502,2499
600,0.7501,0.2455483724467773,5.567096041585301,0.7501,0.7501,2500
8126,0.75,0.24552514753391128,5.566569484152714,0.75,0.75,2501
5064,0.7499,0.24552334578874865,5.566528634815001,0.7499,0.7499,2502
2430,0.7498,0.24551830220262114,5.566414286151424,0.7498,0.7498,2503
9676,0.7497,0.2455146114439578,5.566330608919594,0.7497,0.7497,2504
7806,0.7496,0.24550484749616372,5.566109239767705,0.7496,0.7496,2505
274,0.7495,0.2454840638070211,5.565638029990916,0.7495,0.7495,2506
3873,0.7494,0.2454545004990083,5.564967767861644,0.7494,0.7494,2507
5261,0.7493,0.2454332921605012,5.564486930395223,0.7493,0.7493,2508
760,0.7492,0.24541991625292026,5.56418367054678,0.7492,0.7492,2509
518,0.7491,0.24540817545163607,5.563917481984536,0.7491,0.7491,2510
9604,0.749,0.24539807310257564,5.563688440565433,0.749,0.749,2511
442,0.7489,0.24539444627134405,5.563606212703464,0.7489,0.7489,2512
7118,0.7488,0.24538816076832162,5.563463707181183,0.7488,0.7488,2513
1549,0.7487,0.2453860387801976,5.563415597264349,0.7487,0.7487,2514
2374,0.7486,0.24538600245390907,5.563414773672607,0.7486,0.7486,2515
7885,0.7485,0.2453802921999314,5.563285310251157,0.7485,0.7485,2516
7727,0.7484,0.24537779442880478,5.5632286805466915,0.7484,0.7484,2517
5133,0.7483,0.2453659714976545,5.562960629927016,0.7483,0.7483,2518
2080,0.7482,0.24536380615942133,5.5629115371730435,0.7482,0.7482,2519
7589,0.7481,0.24535191541724385,5.562641949136352,0.7481,0.7481,2520
2278,0.748,0.24534820228336318,5.562557764611701,0.748,0.748,2521
4663,0.7479,0.24534751626625725,5.562542211165836,0.7479,0.7479,2522
4824,0.7478,0.24534088601958437,5.562391889583436,0.7478,0.7478,2523
708,0.7477,0.2453118804294555,5.5617342720877305,0.7477,0.7477,2524
5617,0.7476,0.24531021110732748,5.561696425057987,0.7476,0.7476,2525
2534,0.7475,0.2452967066055571,5.561390249709032,0.7475,0.7475,2526
1938,0.7474,0.2452895472935282,5.561227933105983,0.7474,0.7474,2527
9317,0.7473,0.24527300159970525,5.560852807562628,0.7473,0.7473,2528
9134,0.7472,0.24526809077755865,5.56074146893632,0.7472,0.7472,2529
9290,0.7471,0.24526391010191165,5.560646684261664,0.7471,0.7471,2530
491,0.747,0.24526085027667419,5.560577311613243,0.747,0.747,2531
1387,0.7469,0.24525541933777875,5.560454180849538,0.7469,0.7469,2532
2100,0.7468,0.2452501602998176,5.560334947442035,0.7468,0.7468,2533
6523,0.7467,0.24522329050935554,5.559725752997676,0.7467,0.7467,2534
9077,0.7466,0.24522142273521197,5.55968340664494,0.7466,0.7466,2535
4260,0.7465,0.245216165838219,5.5595642217770305,0.7465,0.7465,2536
341,0.7464,0.24521360219605648,5.559506098637702,0.7464,0.7464,2537
849,0.7463,0.2452050353701077,5.559311870745054,0.7463,0.7463,2538
1930,0.7462,0.2452022620987257,5.559248994871957,0.7462,0.7462,2539
8047,0.7461,0.2451995899852675,5.5591884124620305,0.7461,0.7461,2540
4519,0.746,0.24518378741696767,5.558830135132099,0.746,0.746,2541
8567,0.7459,0.245177895714719,5.5586965578987,0.7459,0.7459,2542
4573,0.7458,0.24516698209061716,5.558449123175429,0.7458,0.7458,2543
3495,0.7457,0.24515941037231137,5.5582774564576045,0.7457,0.7457,2544
5116,0.7456,0.2451396444361615,5.5578293212751895,0.7456,0.7456,2545
1743,0.7455,0.2451315489623771,5.55764577992266,0.7455,0.7455,2546
3960,0.7454,0.2451291814193757,5.557592102764139,0.7454,0.7454,2547
1697,0.7453,0.2451285339346223,5.557577422928326,0.7453,0.7453,2548
4101,0.7452,0.24512343874040016,5.55746190420097,0.7452,0.7452,2549
7685,0.7451,0.2451136264405381,5.557239438805802,0.7451,0.7451,2550
2923,0.745,0.2451103504387238,5.557165164979751,0.745,0.745,2551
8516,0.7449,0.24510257895267984,5.55698896910972,0.7449,0.7449,2552
2498,0.7448,0.24508924096676446,5.556686569024566,0.7448,0.7448,2553
6540,0.7447,0.24508496200156143,5.5565895559207155,0.7447,0.7447,2554
3584,0.7446,0.2450442305311411,5.555666088150661,0.7446,0.7446,2555
5409,0.7445,0.24504394804092494,5.555659683504993,0.7445,0.7445,2556
9464,0.7444,0.24503963037841853,5.555561793050532,0.7444,0.7444,2557
7166,0.7443,0.24503416489610846,5.555437879116589,0.7443,0.7443,2558
2913,0.7442,0.2450118898876857,5.5549328580067545,0.7442,0.7442,2559
2571,0.7441,0.2450025063251583,5.55472011298632,0.7441,0.7441,2560
8581,0.744,0.24500173330334016,5.554702586962356,0.744,0.744,2561
2203,0.7439,0.24497716343448564,5.55414553655999,0.7439,0.7439,2562
234,0.7438,0.2449759891150888,5.554118912277856,0.7438,0.7438,2563
2211,0.7437,0.244966388530468,5.553901246910285,0.7437,0.7437,2564
6951,0.7436,0.2449555224034836,5.553654889047595,0.7436,0.7436,2565
8820,0.7435,0.24495389655990413,5.553618027767053,0.7435,0.7435,2566
1035,0.7434,0.24495295020899374,5.553596572009868,0.7434,0.7434,2567
3085,0.7433,0.24494833921137896,5.553492031033113,0.7433,0.7433,2568
8700,0.7432,0.24494554172488592,5.553428606154536,0.7432,0.7432,2569
5646,0.7431,0.24494077968101252,5.5533206406425055,0.7431,0.7431,2570
1128,0.743,0.2449371513584025,5.5532383789667055,0.743,0.743,2571
8715,0.7429,0.2449320155730307,5.553121939952175,0.7429,0.7429,2572
6595,0.7428,0.24493151472042285,5.55311058457493,0.7428,0.7428,2573
8565,0.7427,0.24492229743888705,5.552901609491703,0.7427,0.7427,2574
3361,0.7426,0.2449076778997332,5.552570153909471,0.7426,0.7426,2575
6063,0.7425,0.24490325767413237,5.55246993813634,0.7425,0.7425,2576
5157,0.7424,0.24488066062007138,5.551957615577016,0.7424,0.7424,2577
2016,0.7423,0.24487834419622195,5.551905097396356,0.7423,0.7423,2578
7369,0.7422,0.2448699030266167,5.551713718396624,0.7422,0.7422,2579
965,0.7421,0.24485406904841858,5.5513547289372625,0.7421,0.7421,2580
5735,0.742,0.24484754029284947,5.551206708371381,0.742,0.742,2581
7921,0.7419,0.24484585772972822,5.551168561139643,0.7419,0.7419,2582
1596,0.7418,0.24482994871286434,5.550807870396972,0.7418,0.7418,2583
7937,0.7417,0.24482674512126987,5.550735238264037,0.7417,0.7417,2584
5660,0.7416,0.24482674278789462,5.55073518536045,0.7416,0.7416,2585
5068,0.7415,0.24482275835460998,5.550644849911227,0.7415,0.7415,2586
5977,0.7414,0.24481863615144822,5.550551390929461,0.7414,0.7414,2587
7869,0.7413,0.24481691548880585,5.550512379902035,0.7413,0.7413,2588
2144,0.7412,0.24481344598329838,5.550433718943222,0.7412,0.7412,2589
9782,0.7411,0.24480874367391545,5.550327107737395,0.7411,0.7411,2590
5764,0.741,0.2448022921519581,5.550180838219376,0.741,0.741,2591
9660,0.7409,0.2447939614861559,5.549991964572212,0.7409,0.7409,2592
2406,0.7408,0.244783099389395,5.549745698081299,0.7408,0.7408,2593
369,0.7407,0.24478071166727888,5.549691563418744,0.7407,0.7407,2594
451,0.7406,0.2447755045654313,5.54957350751132,0.7406,0.7406,2595
771,0.7405,0.2447665065338207,5.549369503283376,0.7405,0.7405,2596
6073,0.7404,0.24476548711086363,5.549346390828575,0.7404,0.7404,2597
644,0.7403,0.24475304188931118,5.549064231581947,0.7403,0.7403,2598
5638,0.7402,0.2447511648451987,5.549021675060142,0.7402,0.7402,2599
4177,0.7401,0.24474914684400195,5.548975922744855,0.7401,0.7401,2600
5354,0.74,0.2447449020259686,5.548879683827411,0.74,0.74,2601
3096,0.7399,0.24472661581093244,5.548465097022109,0.7399,0.7399,2602
9628,0.7398,0.24471774592451614,5.548263998113285,0.7398,0.7398,2603
8697,0.7397,0.24468446978039635,5.547509558211198,0.7397,0.7397,2604
3035,0.7396,0.2446756716645871,5.547310086493528,0.7396,0.7396,2605
4653,0.7395,0.24467350508323743,5.54726096555587,0.7395,0.7395,2606
4431,0.7394,0.24467087303206944,5.547201291441129,0.7394,0.7394,2607
656,0.7393,0.24466788181593635,5.5471334743046,0.7393,0.7393,2608
2398,0.7392,0.24466209344689022,5.547002239850949,0.7392,0.7392,2609
8931,0.7391,0.24465899627122176,5.546932020390212,0.7391,0.7391,2610
9322,0.739,0.24465855777326373,5.546922078721481,0.739,0.739,2611
3898,0.7389,0.2446563193774217,5.546871329599711,0.7389,0.7389,2612
6948,0.7388,0.24465621080028854,5.546868867928018,0.7388,0.7388,2613
4275,0.7387,0.24463300261647303,5.546342689777744,0.7387,0.7387,2614
9029,0.7386,0.2446320082915657,5.5463201463494425,0.7386,0.7386,2615
8128,0.7385,0.24463144782616508,5.546307439424682,0.7385,0.7385,2616
4645,0.7384,0.24462688780083924,5.546204054095892,0.7384,0.7384,2617
8132,0.7383,0.24462567496122306,5.546176556481141,0.7383,0.7383,2618
3663,0.7382,0.2446255014669985,5.54617262300454,0.7382,0.7382,2619
6268,0.7381,0.2446203426649933,5.54605566215503,0.7381,0.7381,2620
3835,0.738,0.24461466554208505,5.54592694988432,0.738,0.738,2621
9453,0.7379,0.2446088149429649,5.545794304544807,0.7379,0.7379,2622
1010,0.7378,0.24460698494224392,5.54575281459453,0.7378,0.7378,2623
4618,0.7377,0.2445958569475814,5.545500519642507,0.7377,0.7377,2624
4577,0.7376,0.2445946508614331,5.545473175142148,0.7376,0.7376,2625
5518,0.7375,0.24458624957799774,5.545282700446372,0.7375,0.7375,2626
8044,0.7374,0.2445716591251864,5.544951904312824,0.7374,0.7374,2627
4691,0.7373,0.24455831594582,5.544649386482155,0.7373,0.7373,2628
7633,0.7372,0.24455782193945416,5.544638186321921,0.7372,0.7372,2629
6295,0.7371,0.2445435490007596,5.544314588898952,0.7371,0.7371,2630
2651,0.737,0.24453934565855573,5.544219290325958,0.737,0.737,2631
8075,0.7369,0.2445329866883451,5.544075119147964,0.7369,0.7369,2632
9433,0.7368,0.24452956377115137,5.543997514444414,0.7368,0.7368,2633
6124,0.7367,0.24450835613125058,5.543516692815659,0.7367,0.7367,2634
2928,0.7366,0.24450229365954138,5.543379243881281,0.7366,0.7366,2635
1509,0.7365,0.2444926331769091,5.543160220500973,0.7365,0.7365,2636
8797,0.7364,0.24449190423720052,5.543143693910603,0.7364,0.7364,2637
994,0.7363,0.24449144972213488,5.543133389101998,0.7363,0.7363,2638
4429,0.7362,0.24448865100579398,5.5430699363393625,0.7362,0.7362,2639
9503,0.7361,0.24448680451702015,5.543028072570739,0.7361,0.7361,2640
7942,0.736,0.24448381501337857,5.542960294259546,0.736,0.736,2641
2835,0.7359,0.2444753079779027,5.5427674219422105,0.7359,0.7359,2642
9104,0.7358,0.24446696125862605,5.542578184329276,0.7358,0.7358,2643
4035,0.7357,0.24446235067057606,5.54247365263946,0.7357,0.7357,2644
350,0.7356,0.24444515072636822,5.542083693869433,0.7356,0.7356,2645
4479,0.7355,0.24444397889111774,5.542057125908826,0.7355,0.7355,2646
6089,0.7354,0.24443528820364105,5.541860089816632,0.7354,0.7354,2647
4853,0.7353,0.2444271830737684,5.5416763295411835,0.7353,0.7353,2648
8138,0.7352,0.24441696282732203,5.541444615142166,0.7352,0.7352,2649
4009,0.7351,0.24441268184363846,5.54134755627215,0.7351,0.7351,2650
3922,0.735,0.24440513051343898,5.541176351797405,0.735,0.735,2651
7530,0.7349,0.24440455611447978,5.541163328969034,0.7349,0.7349,2652
532,0.7348,0.244403019282731,5.54112848577454,0.7348,0.7348,2653
8382,0.7347,0.24437968466916707,5.540599441196016,0.7347,0.7347,2654
3042,0.7346,0.24435765910042653,5.540100075408528,0.7346,0.7346,2655
8744,0.7345,0.24435304144713932,5.539995383534963,0.7345,0.7345,2656
7248,0.7344,0.2443478350257703,5.539877343053405,0.7344,0.7344,2657
2353,0.7343,0.24432483159743945,5.53935580713951,0.7343,0.7343,2658
3203,0.7342,0.24432270917663507,5.539307687414164,0.7342,0.7342,2659
1628,0.7341,0.24431752223375794,5.53919008855244,0.7341,0.7341,2660
4589,0.734,0.24431541296855203,5.539142267091227,0.734,0.734,2661
2181,0.7339,0.24430048325989953,5.538803779317525,0.7339,0.7339,2662
8362,0.7338,0.24430045400007258,5.538803115935845,0.7338,0.7338,2663
3626,0.7337,0.24430014372801534,5.538796081418822,0.7337,0.7337,2664
9930,0.7336,0.2442975589019635,5.538737477996411,0.7336,0.7336,2665
128,0.7335,0.24426745299244024,5.538054913953481,0.7335,0.7335,2666
301,0.7334,0.24426374549995353,5.537970857332496,0.7334,0.7334,2667
3314,0.7333,0.2442551907080461,5.537776902275986,0.7333,0.7333,2668
9715,0.7332,0.24424830156545066,5.537620710980829,0.7332,0.7332,2669
2290,0.7331,0.24424752743258146,5.537603159766245,0.7331,0.7331,2670
6553,0.733,0.24424364130705928,5.537515053159375,0.733,0.733,2671
567,0.7329,0.24423747011290706,5.537375139257768,0.7329,0.7329,2672
2549,0.7328,0.24420545757538117,5.536649347964614,0.7328,0.7328,2673
3214,0.7327,0.24419803423066713,5.536481045187461,0.7327,0.7327,2674
5401,0.7326,0.24419195039917332,5.536343111982688,0.7326,0.7326,2675
9654,0.7325,0.24419186088449188,5.536341082496025,0.7325,0.7325,2676
323,0.7324,0.24417683913910448,5.536000508056986,0.7324,0.7324,2677
9606,0.7323,0.2441718038717437,5.535886347997549,0.7323,0.7323,2678
680,0.7322,0.244171666353243,5.535883230164891,0.7322,0.7322,2679
8724,0.7321,0.2441630605165872,5.53568811781764,0.7321,0.7321,2680
3666,0.732,0.2441484285743999,5.535356381033035,0.732,0.732,2681
8163,0.7319,0.2441455194147661,5.535290424290209,0.7319,0.7319,2682
2712,0.7318,0.24414216911117206,5.535214465887738,0.7318,0.7318,2683
4246,0.7317,0.24413475439344648,5.535046358702607,0.7317,0.7317,2684
9899,0.7316,0.24411070422968895,5.534501091103812,0.7316,0.7316,2685
9898,0.7315,0.2441103265679263,5.534492528720968,0.7315,0.7315,2686
4093,0.7314,0.24410573577398315,5.534388445804588,0.7314,0.7314,2687
4882,0.7313,0.24409388076422472,5.534119667896379,0.7313,0.7313,2688
775,0.7312,0.24408686990073755,5.533960716932878,0.7312,0.7312,2689
8312,0.7311,0.24408142112700562,5.533837181816664,0.7311,0.7311,2690
922,0.731,0.24407966420166727,5.533797348637966,0.731,0.731,2691
4559,0.7309,0.24407879328221901,5.533777603069809,0.7309,0.7309,2692
7169,0.7308,0.24406897043050702,5.5335548984419,0.7308,0.7308,2693
2554,0.7307,0.24406792967213628,5.5335313022686945,0.7307,0.7307,2694
8257,0.7306,0.24406120363912323,5.533378809010074,0.7306,0.7306,2695
7060,0.7305,0.24406035173702562,5.5333594946029105,0.7305,0.7305,2696
8152,0.7304,0.24404859746920107,5.533093000726871,0.7304,0.7304,2697
8647,0.7303,0.24404612411722693,5.533036924655648,0.7303,0.7303,2698
6817,0.7302,0.2440449416736089,5.533010116180674,0.7302,0.7302,2699
7552,0.7301,0.24403919689224793,5.5328798699520325,0.7301,0.7301,2700
6539,0.73,0.24403902818598971,5.532876045028358,0.73,0.73,2701
8788,0.7299,0.244028177548354,5.532630038339981,0.7299,0.7299,2702
9626,0.7298,0.24402190874626922,5.5324879114634635,0.7298,0.7298,2703
6244,0.7297,0.24402048677653781,5.532455672431003,0.7297,0.7297,2704
7244,0.7296,0.24401328149180837,5.5322923135298545,0.7296,0.7296,2705
7430,0.7295,0.24400827346532816,5.532178771077792,0.7295,0.7295,2706
3103,0.7294,0.24400016009278472,5.53199482392334,0.7294,0.7294,2707
2173,0.7293,0.2439844315189253,5.5316382242026645,0.7293,0.7293,2708
6782,0.7292,0.24396588011135376,5.531217624926745,0.7292,0.7292,2709
9591,0.7291,0.24395886986597515,5.53105868797728,0.7291,0.7291,2710
721,0.729,0.2439588444979837,5.531058112831135,0.729,0.729,2711
9394,0.7289,0.24395159508697084,5.530893753495805,0.7289,0.7289,2712
7739,0.7288,0.24394086494749748,5.5306504787542625,0.7288,0.7288,2713
8612,0.7287,0.2439337622678908,5.5304894461259035,0.7287,0.7287,2714
6467,0.7286,0.24392872409033078,5.530375220085821,0.7286,0.7286,2715
6620,0.7285,0.2439192747014665,5.530160982642877,0.7285,0.7285,2716
7467,0.7284,0.24391621925750787,5.530091709326927,0.7284,0.7284,2717
9945,0.7283,0.24390843730086778,5.529915276067632,0.7283,0.7283,2718
3179,0.7282,0.24389935509832814,5.529709363507979,0.7282,0.7282,2719
1982,0.7281,0.24389598722803474,5.529633006831582,0.7281,0.7281,2720
5141,0.728,0.24388053481473831,5.529282668248498,0.728,0.728,2721
3057,0.7279,0.24388041190138074,5.529279881545861,0.7279,0.7279,2722
8890,0.7278,0.2438530361538308,5.5286592159951695,0.7278,0.7278,2723
8674,0.7277,0.24384694397506063,5.528521093538536,0.7277,0.7277,2724
1179,0.7276,0.24383830319327748,5.528325188913271,0.7276,0.7276,2725
1211,0.7275,0.2438299508524122,5.528135823846264,0.7275,0.7275,2726
2425,0.7274,0.24382194611981334,5.527954339787701,0.7274,0.7274,2727
7461,0.7273,0.2438193983344058,5.527896576155427,0.7273,0.7273,2728
2665,0.7272,0.24381744785398257,5.527852354677509,0.7272,0.7272,2729
6798,0.7271,0.24381543234797554,5.52780665893368,0.7271,0.7271,2730
1567,0.727,0.24379765054136918,5.527403508124008,0.727,0.727,2731
632,0.7269,0.24379450882746603,5.527332278887446,0.7269,0.7269,2732
2079,0.7268,0.24378794244318316,5.527183405199,0.7268,0.7268,2733
1168,0.7267,0.24378718217546377,5.527166168337397,0.7267,0.7267,2734
7214,0.7266,0.24376662741930225,5.526700148951684,0.7266,0.7266,2735
954,0.7265,0.24375065952553907,5.526338123346792,0.7265,0.7265,2736
3063,0.7264,0.24374832377932565,5.526285167085771,0.7264,0.7264,2737
2496,0.7263,0.24372570750594622,5.525772408786937,0.7263,0.7263,2738
9012,0.7262,0.2437203042967662,5.525649906714787,0.7262,0.7262,2739
90,0.7261,0.24370497831376586,5.525302434570359,0.7261,0.7261,2740
4534,0.726,0.24370455200543029,5.525292769268304,0.726,0.726,2741
5420,0.7259,0.24368349182526455,5.524815290860827,0.7259,0.7259,2742
6884,0.7258,0.24366433016989336,5.524380855988333,0.7258,0.7258,2743
641,0.7257,0.243656142990627,5.524195235483145,0.7257,0.7257,2744
1884,0.7256,0.2436551488106492,5.524172695339278,0.7256,0.7256,2745
3287,0.7255,0.24364920757441969,5.524037995067408,0.7255,0.7255,2746
8343,0.7254,0.24364409454614258,5.523922072004004,0.7254,0.7254,2747
4560,0.7253,0.24364189847456574,5.523872282460132,0.7253,0.7253,2748
1828,0.7252,0.24363910697822794,5.52380899339005,0.7252,0.7252,2749
7376,0.7251,0.24363879353356632,5.5238018869416035,0.7251,0.7251,2750
3402,0.725,0.24363876134864237,5.523801157242596,0.725,0.725,2751
7834,0.7249,0.24363545276379753,5.523726144692693,0.7249,0.7249,2752
2856,0.7248,0.24363457739785097,5.523706298312374,0.7248,0.7248,2753
2396,0.7247,0.2436269074207192,5.52353240386174,0.7247,0.7247,2754
9003,0.7246,0.2436123222767346,5.523201728091959,0.7246,0.7246,2755
4928,0.7245,0.243607478426884,5.5230919078664895,0.7245,0.7245,2756
5798,0.7244,0.24359957615257727,5.522912746752483,0.7244,0.7244,2757
4198,0.7243,0.2435970570170462,5.522855632672725,0.7243,0.7243,2758
8947,0.7242,0.24359437604525458,5.522794849425616,0.7242,0.7242,2759
6908,0.7241,0.24359255017150352,5.522753453042482,0.7241,0.7241,2760
2989,0.724,0.24358684070119693,5.522624007387848,0.724,0.724,2761
6251,0.7239,0.24358634126425446,5.522612684107203,0.7239,0.7239,2762
9114,0.7238,0.2435856587507399,5.5225972100952845,0.7238,0.7238,2763
7345,0.7237,0.2435810833673786,5.52249347656838,0.7237,0.7237,2764
3751,0.7236,0.24358097366335182,5.522490989349154,0.7236,0.7236,2765
951,0.7235,0.24357875933959916,5.522440785989948,0.7235,0.7235,2766
333,0.7234,0.24357826379407,5.522429550934241,0.7234,0.7234,2767
2263,0.7233,0.24357424638830466,5.522338467929559,0.7233,0.7233,2768
8073,0.7232,0.24356437863004854,5.522114745176279,0.7232,0.7232,2769
1048,0.7231,0.2435538447739608,5.521875920589351,0.7231,0.7231,2770
8785,0.723,0.2435500495250099,5.521789874345117,0.723,0.723,2771
9914,0.7229,0.24354616666201054,5.521701841705609,0.7229,0.7229,2772
2301,0.7228,0.24354229622428492,5.521614090774065,0.7228,0.7228,2773
6160,0.7227,0.24354167015759787,5.521599896530004,0.7227,0.7227,2774
330,0.7226,0.24352866416874,5.52130502351383,0.7226,0.7226,2775
6970,0.7225,0.24352255182254057,5.521166443820883,0.7225,0.7225,2776
2880,0.7224,0.24351832363824494,5.521070582024108,0.7224,0.7224,2777
4763,0.7223,0.243517023727897,5.521041110333747,0.7223,0.7223,2778
5366,0.7222,0.24351540607957137,5.521004434856915,0.7222,0.7222,2779
3284,0.7221,0.2435136382701422,5.520964354912912,0.7221,0.7221,2780
4214,0.722,0.24350840936772922,5.52084580474067,0.722,0.722,2781
352,0.7219,0.24350419392456435,5.520750231812348,0.7219,0.7219,2782
9377,0.7218,0.24349584239910738,5.520560885233621,0.7218,0.7218,2783
4557,0.7217,0.24348785085249922,5.520379700128997,0.7217,0.7217,2784
7474,0.7216,0.24347753810750775,5.520145888594384,0.7216,0.7216,2785
6444,0.7215,0.24347305945484957,5.520044348155684,0.7215,0.7215,2786
5428,0.7214,0.24346858647194397,5.51994293626227,0.7214,0.7214,2787
9332,0.7213,0.24346112991097374,5.519773880402751,0.7213,0.7213,2788
7527,0.7212,0.24345844145681525,5.519712927514684,0.7212,0.7212,2789
4164,0.7211,0.24344165549963365,5.5193323546976725,0.7211,0.7211,2790
649,0.721,0.24343514215625703,5.519184683557658,0.721,0.721,2791
4880,0.7209,0.24342216347250767,5.51889042960618,0.7209,0.7209,2792
9249,0.7208,0.24342108797580156,5.518866045841601,0.7208,0.7208,2793
3570,0.7207,0.24342107461727724,5.518865742975864,0.7207,0.7207,2794
4662,0.7206,0.24341636404316333,5.518758944392733,0.7206,0.7206,2795
2502,0.7205,0.24340209588761022,5.518435455412807,0.7205,0.7205,2796
9296,0.7204,0.2433950508348533,5.51827572930715,0.7204,0.7204,2797
741,0.7203,0.24339353222102827,5.518241299150589,0.7203,0.7203,2798
743,0.7202,0.24339236694298683,5.518214879855126,0.7202,0.7202,2799
2562,0.7201,0.24338643648474795,5.518080423942923,0.7201,0.7201,2800
9178,0.72,0.24337794630911358,5.517887933873648,0.72,0.72,2801
7842,0.7199,0.24334025520829725,5.5170333976536865,0.7199,0.7199,2802
846,0.7198,0.24332246802029575,5.516630124835864,0.7198,0.7198,2803
357,0.7197,0.24332031363210216,5.516581280341671,0.7197,0.7197,2804
731,0.7196,0.24330451156831429,5.516223014450836,0.7196,0.7196,2805
4459,0.7195,0.24329988055689203,5.516118019719096,0.7195,0.7195,2806
5134,0.7194,0.24329344960882182,5.515972216653141,0.7194,0.7194,2807
6193,0.7193,0.2432919239650049,5.51593762711062,0.7193,0.7193,2808
7690,0.7192,0.2432879381312517,5.515847259909022,0.7192,0.7192,2809
836,0.7191,0.24328220408485254,5.515717257064241,0.7191,0.7191,2810
6771,0.719,0.24327836997557808,5.515630329773986,0.719,0.719,2811
8911,0.7189,0.24327632455719936,5.515583955854057,0.7189,0.7189,2812
3210,0.7188,0.24327206972014132,5.515487489784116,0.7188,0.7188,2813
931,0.7187,0.24327135162372418,5.515471209034542,0.7187,0.7187,2814
6177,0.7186,0.24323150902547377,5.514567893859434,0.7186,0.7186,2815
5218,0.7185,0.24321398387758536,5.514170562040161,0.7185,0.7185,2816
7949,0.7184,0.2432133291897718,5.514155718896537,0.7184,0.7184,2817
3731,0.7183,0.24320613278249237,5.5139925612662,0.7183,0.7183,2818
6032,0.7182,0.24319820983698395,5.513812931492601,0.7182,0.7182,2819
9036,0.7181,0.24316672963991984,5.513099209470959,0.7181,0.7181,2820
8875,0.718,0.24316065729125363,5.512961536605509,0.718,0.718,2821
7209,0.7179,0.24315913155752622,5.51292694502673,0.7179,0.7179,2822
5355,0.7178,0.2431324288593363,5.512321538914921,0.7178,0.7178,2823
5557,0.7177,0.24312843355608518,5.512230957018853,0.7177,0.7177,2824
2299,0.7176,0.2431230616761993,5.512109165248209,0.7176,0.7176,2825
520,0.7175,0.24312068193970604,5.5120552116362,0.7175,0.7175,2826
2096,0.7174,0.24310687130822595,5.511742095686001,0.7174,0.7174,2827
8002,0.7173,0.2431002715023353,5.511592464259932,0.7173,0.7173,2828
7061,0.7172,0.24309918025282315,5.511567723346275,0.7172,0.7172,2829
2594,0.7171,0.24309871631081656,5.51155720480885,0.7171,0.7171,2830
5620,0.717,0.24309284119208857,5.51142400355911,0.717,0.717,2831
4717,0.7169,0.2430829433680009,5.511199599149972,0.7169,0.7169,2832
377,0.7168,0.24307724470265485,5.5110703984678695,0.7168,0.7168,2833
4547,0.7167,0.24306487592949794,5.510789972467756,0.7167,0.7167,2834
7163,0.7166,0.24304816420922226,5.5104110827560655,0.7166,0.7166,2835
2175,0.7165,0.24304471311207268,5.510332839154693,0.7165,0.7165,2836
9878,0.7164,0.24304227484190571,5.510277558459976,0.7164,0.7164,2837
4046,0.7163,0.2430401398133235,5.510229152890597,0.7163,0.7163,2838
2539,0.7162,0.24303620468795661,5.510139935353589,0.7162,0.7162,2839
9570,0.7161,0.2430207448758296,5.5097894290230265,0.7161,0.7161,2840
582,0.716,0.24301111032010053,5.509570993460695,0.716,0.716,2841
9545,0.7159,0.2429966680452522,5.50924355683153,0.7159,0.7159,2842
8593,0.7158,0.2429820114492216,5.508911261093043,0.7158,0.7158,2843
5426,0.7157,0.24297775290073229,5.508814710876924,0.7157,0.7157,2844
2588,0.7156,0.24297757438622195,5.508810663579079,0.7156,0.7156,2845
9025,0.7155,0.24297498969869746,5.508752063298525,0.7155,0.7155,2846
2432,0.7154,0.24297131657577395,5.508668785905998,0.7154,0.7154,2847
7880,0.7153,0.24297041439223363,5.508648331515095,0.7153,0.7153,2848
9832,0.7152,0.2429627125183476,5.5084737138986295,0.7152,0.7152,2849
2329,0.7151,0.24295968430257106,5.508405057901089,0.7151,0.7151,2850
2039,0.715,0.24295820857608885,5.508371600091208,0.715,0.715,2851
2382,0.7149,0.24295503087236112,5.508299554889633,0.7149,0.7149,2852
4699,0.7148,0.24295202885908904,5.5082314929608325,0.7148,0.7148,2853
2505,0.7147,0.24294832036522007,5.50814741363468,0.7147,0.7147,2854
3532,0.7146,0.24294782831359382,5.508136257792167,0.7146,0.7146,2855
8338,0.7145,0.24294539633606893,5.5080811197682165,0.7145,0.7145,2856
8848,0.7144,0.2429432196031843,5.5080317686726366,0.7144,0.7144,2857
3359,0.7143,0.24293509467344362,5.507847559492481,0.7143,0.7143,2858
8030,0.7142,0.24293299814676367,5.5078000268411715,0.7142,0.7142,2859
6198,0.7141,0.24293146833834137,5.507765342879244,0.7141,0.7141,2860
9202,0.714,0.24287697330720787,5.5065298263534705,0.714,0.714,2861
885,0.7139,0.24286159345519526,5.506181132886656,0.7139,0.7139,2862
3883,0.7138,0.2428523745243597,5.505972120409315,0.7138,0.7138,2863
5284,0.7137,0.24284481021743728,5.50580062172455,0.7137,0.7137,2864
1468,0.7136,0.24284070396987228,5.505707524489134,0.7136,0.7136,2865
5757,0.7135,0.24283850706600313,5.505657716076021,0.7135,0.7135,2866
4605,0.7134,0.24282759048906352,5.505410214406179,0.7134,0.7134,2867
9156,0.7133,0.24282244518983737,5.505293559692659,0.7133,0.7133,2868
7547,0.7132,0.24280622664758342,5.504925851361474,0.7132,0.7132,2869
4385,0.7131,0.24280205159398058,5.504831194149137,0.7131,0.7131,2870
5998,0.713,0.24280023234071182,5.50478994786555,0.713,0.713,2871
4820,0.7129,0.24279839158532165,5.504748214085768,0.7129,0.7129,2872
9288,0.7128,0.242781871742241,5.504373674631556,0.7128,0.7128,2873
8970,0.7127,0.2427720940812837,5.504151994572642,0.7127,0.7127,2874
3543,0.7126,0.24277121600869864,5.504132086827497,0.7126,0.7126,2875
8623,0.7125,0.24276551043669606,5.504002729557488,0.7125,0.7125,2876
9747,0.7124,0.24276515742463176,5.503994726035008,0.7124,0.7124,2877
577,0.7123,0.24276114826664413,5.503903830023373,0.7123,0.7123,2878
2352,0.7122,0.24275540301452592,5.503773573121888,0.7122,0.7122,2879
7872,0.7121,0.2427469236343983,5.503581327808183,0.7121,0.7121,2880
12,0.712,0.2427367155787861,5.503349889801714,0.712,0.712,2881
3068,0.7119,0.2427358217386013,5.503329624572001,0.7119,0.7119,2882
6327,0.7118,0.24273483062380038,5.503307153923453,0.7118,0.7118,2883
842,0.7117,0.24273019380183014,5.503202027454179,0.7117,0.7117,2884
2565,0.7116,0.24271376047151375,5.502829449426988,0.7116,0.7116,2885
2889,0.7115,0.24269797973453947,5.502471667058276,0.7115,0.7115,2886
3957,0.7114,0.2426930378454188,5.50235962407933,0.7114,0.7114,2887
8780,0.7113,0.24268789914527392,5.502243118980538,0.7113,0.7113,2888
3250,0.7112,0.24268578796840917,5.502195254177333,0.7112,0.7112,2889
7611,0.7111,0.24268551259740023,5.5021890109404605,0.7111,0.7111,2890
588,0.711,0.2426591165398473,5.501590557013696,0.711,0.711,2891
780,0.7109,0.24265077581888125,5.5014014553958805,0.7109,0.7109,2892
5069,0.7108,0.24263916314774744,5.501138171811387,0.7108,0.7108,2893
7201,0.7107,0.24263331106709302,5.50100549288315,0.7107,0.7107,2894
4128,0.7106,0.24263050989307902,5.500941984399138,0.7106,0.7106,2895
5166,0.7105,0.24261860929256268,5.500672172852788,0.7105,0.7105,2896
9216,0.7104,0.24260879602104465,5.500449685428304,0.7104,0.7104,2897
763,0.7103,0.24260863821444426,5.500446107622533,0.7103,0.7103,2898
3124,0.7102,0.24260644098998593,5.500396291941372,0.7102,0.7102,2899
5497,0.7101,0.24260283349905482,5.500314502562526,0.7101,0.7101,2900
8795,0.71,0.2425942871376969,5.5001207386462925,0.71,0.71,2901
1888,0.7099,0.2425914917650397,5.5000573616922654,0.7099,0.7099,2902
2548,0.7098,0.24259031649699414,5.500030715902988,0.7098,0.7098,2903
7320,0.7097,0.24258230205773162,5.499849011774314,0.7097,0.7097,2904
9140,0.7096,0.24257855517409133,5.499764062072309,0.7096,0.7096,2905
3721,0.7095,0.2425781081857198,5.4997539279091505,0.7095,0.7095,2906
1642,0.7094,0.24257714352948587,5.499732057131472,0.7094,0.7094,2907
6994,0.7093,0.24256992615522627,5.499568424135475,0.7093,0.7093,2908
5641,0.7092,0.24256640175945615,5.499488518699626,0.7092,0.7092,2909
1379,0.7091,0.2425653549113061,5.499464784459225,0.7091,0.7091,2910
4295,0.709,0.24256310131269146,5.499413690657465,0.709,0.709,2911
4307,0.7089,0.24256267534617565,5.499404033104017,0.7089,0.7089,2912
4414,0.7088,0.24255883895365743,5.499317054047594,0.7088,0.7088,2913
1631,0.7087,0.2425588302706244,5.499316857186283,0.7087,0.7087,2914
2241,0.7086,0.2425342508834656,5.498759590982176,0.7086,0.7086,2915
9801,0.7085,0.24252220560735496,5.498486499338513,0.7085,0.7085,2916
6576,0.7084,0.24251514939348343,5.49832652018673,0.7084,0.7084,2917
761,0.7083,0.24250143111724365,5.498015498124143,0.7083,0.7083,2918
4713,0.7082,0.2425008636703706,5.498002632913656,0.7082,0.7082,2919
2494,0.7081,0.2424904021867665,5.497765449162951,0.7081,0.7081,2920
9248,0.708,0.24248820006238367,5.497715522390928,0.708,0.708,2921
4389,0.7079,0.24248558267936815,5.497656180834024,0.7079,0.7079,2922
8882,0.7078,0.2424792795475509,5.497513275628623,0.7078,0.7078,2923
6393,0.7077,0.24247703937706147,5.497462486271047,0.7077,0.7077,2924
7408,0.7076,0.24247176220193242,5.497342841655495,0.7076,0.7076,2925
3713,0.7075,0.24246787136626255,5.497254628259351,0.7075,0.7075,2926
6366,0.7074,0.24245990751166854,5.497074070990628,0.7074,0.7074,2927
4133,0.7073,0.2424584717928207,5.497041520236311,0.7073,0.7073,2928
1003,0.7072,0.24242944416076037,5.496383403002969,0.7072,0.7072,2929
6130,0.7071,0.2424217803626467,5.49620964864341,0.7071,0.7071,2930
5811,0.707,0.24241937440435432,5.496155100529152,0.707,0.707,2931
7511,0.7069,0.24241034662109287,5.495950421768545,0.7069,0.7069,2932
28,0.7068,0.24240968095353313,5.4959353296906075,0.7068,0.7068,2933
5875,0.7067,0.24240360222953078,5.495797512282421,0.7067,0.7067,2934
7224,0.7066,0.2424006105842761,5.4957296854169035,0.7066,0.7066,2935
5632,0.7065,0.24239614175323468,5.495628367653793,0.7065,0.7065,2936
2668,0.7064,0.24239467911687676,5.495595206624535,0.7064,0.7064,2937
2663,0.7063,0.24239142791834664,5.495521495141921,0.7063,0.7063,2938
9702,0.7062,0.24238778824747106,5.495438976177761,0.7062,0.7062,2939
5695,0.7061,0.24237748347509652,5.49520534539935,0.7061,0.7061,2940
5350,0.706,0.24236890243947204,5.495010795344201,0.706,0.706,2941
9541,0.7059,0.24236212293717754,5.494857089822769,0.7059,0.7059,2942
2807,0.7058,0.24235732328894044,5.494748271742124,0.7058,0.7058,2943
9848,0.7057,0.2423442097167834,5.494450959587533,0.7057,0.7057,2944
4502,0.7056,0.2423402466159472,5.494361107788779,0.7056,0.7056,2945
1912,0.7055,0.2423296659817487,5.4941212226438685,0.7055,0.7055,2946
2348,0.7054,0.2423281256001202,5.494086298965471,0.7054,0.7054,2947
1273,0.7053,0.24231881567981076,5.493875223566943,0.7053,0.7053,2948
6767,0.7052,0.24230653025997792,5.493596687360957,0.7052,0.7052,2949
1836,0.7051,0.2423052968007842,5.493568722257014,0.7051,0.7051,2950
8726,0.705,0.24230111318972739,5.493473871029555,0.705,0.705,2951
3904,0.7049,0.2422750206120187,5.492882297626175,0.7049,0.7049,2952
3128,0.7048,0.24227261031980563,5.492827651252973,0.7048,0.7048,2953
3569,0.7047,0.24225576652210495,5.492445767069623,0.7047,0.7047,2954
6305,0.7046,0.24224962051724708,5.492306424264137,0.7046,0.7046,2955
2332,0.7045,0.2422494270882225,5.4923020388225385,0.7045,0.7045,2956
7420,0.7044,0.24224356898049587,5.492169223247565,0.7044,0.7044,2957
2746,0.7043,0.24222786698088933,5.49181322602041,0.7043,0.7043,2958
5440,0.7042,0.24222237909219654,5.491688804085808,0.7042,0.7042,2959
1096,0.7041,0.24221678908385808,5.491562066884954,0.7041,0.7041,2960
5093,0.704,0.24220870623172416,5.491378811693687,0.704,0.704,2961
5838,0.7039,0.24219863657809737,5.49115051154889,0.7039,0.7039,2962
5151,0.7038,0.24218486653780988,5.49083831588725,0.7038,0.7038,2963
4058,0.7037,0.24218143787446095,5.4907605809054525,0.7037,0.7037,2964
4350,0.7036,0.24217311861781543,5.490571965927567,0.7036,0.7036,2965
5915,0.7035,0.24216430100125455,5.49037205208724,0.7035,0.7035,2966
8833,0.7034,0.24216176597823794,5.490314577804317,0.7034,0.7034,2967
8461,0.7033,0.2421420665156593,5.489867949716372,0.7033,0.7033,2968
45,0.7032,0.24213808084530417,5.489777586218723,0.7032,0.7032,2969
613,0.7031,0.24213542246829806,5.489717315241958,0.7031,0.7031,2970
2404,0.703,0.24213292337482306,5.48966065555711,0.703,0.703,2971
7899,0.7029,0.24212101501073421,5.489390667995595,0.7029,0.7029,2972
1985,0.7028,0.24211808441975036,5.489324225358095,0.7028,0.7028,2973
9594,0.7027,0.24211499981262916,5.489254290851423,0.7027,0.7027,2974
5176,0.7026,0.2421110442988834,5.489164611067918,0.7026,0.7026,2975
827,0.7025,0.24210743449891145,5.489082769340544,0.7025,0.7025,2976
7279,0.7024,0.24209909923010275,5.48889379133283,0.7024,0.7024,2977
3563,0.7023,0.24209028449270742,5.488693942768287,0.7023,0.7023,2978
4181,0.7022,0.24208964862275503,5.488679526265476,0.7022,0.7022,2979
4397,0.7021,0.24207800320817122,5.488415500318572,0.7021,0.7021,2980
2340,0.702,0.2420759569733166,5.48836910788776,0.702,0.702,2981
7635,0.7019,0.24207153570316567,5.488268868429743,0.7019,0.7019,2982
7280,0.7018,0.24206945190848486,5.488221624440181,0.7018,0.7018,2983
2081,0.7017,0.2420639095437724,5.488095967420415,0.7017,0.7017,2984
7772,0.7016,0.24204233508098452,5.487606829148254,0.7016,0.7016,2985
9078,0.7015,0.24204179727211284,5.487594635894622,0.7015,0.7015,2986
2699,0.7014,0.24203841193562833,5.487517883224775,0.7014,0.7014,2987
9347,0.7013,0.24203799793469974,5.487508496955172,0.7013,0.7013,2988
3769,0.7012,0.24203659605433486,5.487476713390535,0.7012,0.7012,2989
4551,0.7011,0.24202829368688594,5.487288481326576,0.7011,0.7011,2990
3343,0.701,0.24201396885212748,5.48696370731142,0.701,0.701,2991
834,0.7009,0.24200774578032427,5.486822617234987,0.7009,0.7009,2992
796,0.7008,0.24199862040029807,5.486615725753015,0.7008,0.7008,2993
5246,0.7007,0.24198948527502476,5.48640861332424,0.7007,0.7007,2994
921,0.7006,0.2419861230686747,5.486332385062105,0.7006,0.7006,2995
2472,0.7005,0.24197185752957842,5.486008955404102,0.7005,0.7005,2996
246,0.7004,0.2419700017145546,5.485966880188645,0.7004,0.7004,2997
2744,0.7003,0.241952414597863,5.48556814340775,0.7003,0.7003,2998
3815,0.7002,0.24194862578364357,5.485482243051341,0.7002,0.7002,2999
9983,0.7001,0.24193239991741378,5.485114368670457,0.7001,0.7001,3000
6099,0.7,0.24192358522039725,5.484914521020723,0.7,0.7,3001
8754,0.6999,0.24191045403747682,5.484616809593706,0.6999,0.6999,3002
2592,0.6998,0.24189601842678551,5.484289524054897,0.6998,0.6998,3003
4614,0.6997,0.2418954331508392,5.4842762546240635,0.6997,0.6997,3004
4996,0.6996,0.24188965600828458,5.4841452746975605,0.6996,0.6996,3005
9231,0.6995,0.24188389006022423,5.484014548576062,0.6995,0.6995,3006
8446,0.6994,0.24185787710212106,5.4834247803177885,0.6994,0.6994,3007
6091,0.6993,0.24185150625533827,5.483280339874489,0.6993,0.6993,3008
3795,0.6992,0.24185144663864708,5.483278988238581,0.6992,0.6992,3009
1850,0.6991,0.24183368284520812,5.482876245825901,0.6991,0.6991,3010
7022,0.699,0.24182992379782914,5.482791020344921,0.699,0.699,3011
6696,0.6989,0.2418243526426986,5.482664710586809,0.6989,0.6989,3012
2491,0.6988,0.24182178789460396,5.48260656237357,0.6988,0.6988,3013
4976,0.6987,0.2418205995682439,5.482579620526103,0.6987,0.6987,3014
7758,0.6986,0.2418200412537385,5.482566962366474,0.6986,0.6986,3015
286,0.6985,0.24180699541247597,5.482271185812636,0.6985,0.6985,3016
3582,0.6984,0.24178942479532045,5.48187282311058,0.6984,0.6984,3017
6955,0.6983,0.2417881997274188,5.481845048255224,0.6983,0.6983,3018
1625,0.6982,0.24178183857965835,5.481700827707996,0.6982,0.6982,3019
7760,0.6981,0.24178146524272007,5.481692363378313,0.6981,0.6981,3020
9435,0.698,0.24178066028799466,5.481674113368186,0.698,0.698,3021
7675,0.6979,0.24177823220360584,5.481619063607661,0.6979,0.6979,3022
3442,0.6978,0.24176680913933643,5.481360078808863,0.6978,0.6978,3023
4626,0.6977,0.241763930544973,5.48129481504283,0.6977,0.6977,3024
9972,0.6976,0.24175398742411155,5.481069383661338,0.6976,0.6976,3025
4220,0.6975,0.2417532690005453,5.4810530954946275,0.6975,0.6975,3026
1718,0.6974,0.24174672024615532,5.480904621512834,0.6974,0.6974,3027
7221,0.6973,0.24172101748360802,5.480321886037616,0.6973,0.6973,3028
9281,0.6972,0.24171469525315512,5.480178547827664,0.6972,0.6972,3029
7743,0.6971,0.24170754008773807,5.480016325237021,0.6971,0.6971,3030
7142,0.697,0.24169061410809953,5.479632577816747,0.697,0.697,3031
9874,0.6969,0.24168784125027815,5.479569711321257,0.6969,0.6969,3032
3382,0.6968,0.24167873744423746,5.4793633089654,0.6968,0.6968,3033
8835,0.6967,0.24167584440796683,5.479297717771816,0.6967,0.6967,3034
4819,0.6966,0.24167308212750568,5.479235091086754,0.6966,0.6966,3035
6978,0.6965,0.24167130476130222,5.479194794472199,0.6965,0.6965,3036
737,0.6964,0.24166385367035279,5.479025862628981,0.6964,0.6964,3037
8665,0.6963,0.24166065388743302,5.478953316845227,0.6963,0.6963,3038
7269,0.6962,0.24165301214489082,5.4787800625327625,0.6962,0.6962,3039
2899,0.6961,0.24164974846007276,5.478706067959666,0.6961,0.6961,3040
521,0.696,0.241631548837609,5.47829344438958,0.696,0.696,3041
7313,0.6959,0.24163078993385625,5.478276238451985,0.6959,0.6959,3042
7518,0.6958,0.24162830200560273,5.478219831905695,0.6958,0.6958,3043
6107,0.6957,0.24162009598084513,5.478033784133075,0.6957,0.6957,3044
944,0.6956,0.24161962825617034,5.478023179834671,0.6956,0.6956,3045
6654,0.6955,0.2416156721272285,5.477933486103048,0.6955,0.6955,3046
3577,0.6954,0.24160492288424545,5.477689778243384,0.6954,0.6954,3047
943,0.6953,0.24159309228427064,5.477421553756789,0.6953,0.6953,3048
8843,0.6952,0.2415833854615658,5.477201479750331,0.6952,0.6952,3049
6940,0.6951,0.24158215111810966,5.477173494597644,0.6951,0.6951,3050
9040,0.695,0.2415778928306633,5.477076950300023,0.695,0.695,3051
7984,0.6949,0.24156624264869156,5.476812816266778,0.6949,0.6949,3052
4911,0.6948,0.2415606604052621,5.476686255113667,0.6948,0.6948,3053
2190,0.6947,0.24155235855682686,5.476498034815982,0.6947,0.6947,3054
8494,0.6946,0.24153885348827597,5.476191846619303,0.6946,0.6946,3055
9977,0.6945,0.24152726920716766,5.475929206696751,0.6945,0.6945,3056
5913,0.6944,0.2415229468687415,5.475831210227867,0.6944,0.6944,3057
7884,0.6943,0.24151346616115194,5.475616262725002,0.6943,0.6943,3058
7874,0.6942,0.24151145861641485,5.475570747479116,0.6942,0.6942,3059
9474,0.6941,0.24151134961209042,5.475568276122678,0.6941,0.6941,3060
5876,0.694,0.24150382876972606,5.4753977628702195,0.694,0.694,3061
4234,0.6939,0.24148939200897623,5.47507045125765,0.6939,0.6939,3062
466,0.6938,0.24148850628475332,5.475050370033835,0.6938,0.6938,3063
2758,0.6937,0.24148537165665257,5.474979301447969,0.6937,0.6937,3064
6431,0.6936,0.24147491220340234,5.474742163729113,0.6936,0.6936,3065
5117,0.6935,0.2414714663664753,5.474664039386563,0.6935,0.6935,3066
8597,0.6934,0.2414671299241138,5.474565723154031,0.6934,0.6934,3067
1312,0.6933,0.24146240235676442,5.474458539297077,0.6933,0.6933,3068
299,0.6932,0.24139581783202974,5.472948928623155,0.6932,0.6932,3069
4306,0.6931,0.24137719962261908,5.472526814810092,0.6931,0.6931,3070
1092,0.693,0.24137590185516275,5.472497391702809,0.693,0.693,3071
2649,0.6929,0.24136698381794272,5.472295201114871,0.6929,0.6929,3072
3650,0.6928,0.24135048443800042,5.471921125604529,0.6928,0.6928,3073
897,0.6927,0.2413487290611523,5.471881327533668,0.6927,0.6927,3074
3701,0.6926,0.2413430810137902,5.4717532744673605,0.6926,0.6926,3075
4229,0.6925,0.24133365197470946,5.471539498396799,0.6925,0.6925,3076
1959,0.6924,0.24132447942510035,5.471331537479427,0.6924,0.6924,3077
2088,0.6923,0.24132257026253867,5.47128825276501,0.6923,0.6923,3078
6426,0.6922,0.24131392638555915,5.4710922779647095,0.6922,0.6922,3079
1582,0.6921,0.2412870293614851,5.470482466077111,0.6921,0.6921,3080
3271,0.692,0.2412673385846414,5.470036034913443,0.692,0.692,3081
4024,0.6919,0.24125689633878383,5.469799287322364,0.6919,0.6919,3082
1536,0.6918,0.24124713198312883,5.469577908922737,0.6918,0.6918,3083
1297,0.6917,0.24123497961236992,5.469302389217148,0.6917,0.6917,3084
1737,0.6916,0.24122889779148882,5.469164501597803,0.6916,0.6916,3085
6263,0.6915,0.2412288380634295,5.469163147436316,0.6915,0.6915,3086
9565,0.6914,0.24122598163397443,5.469098386195816,0.6914,0.6914,3087
2399,0.6913,0.2412255997986519,5.469089729190175,0.6913,0.6913,3088
1046,0.6912,0.2412090885818101,5.468715385311645,0.6912,0.6912,3089
4497,0.6911,0.24120306854019144,5.468578898356661,0.6911,0.6911,3090
242,0.691,0.24120251976565132,5.468566456487936,0.691,0.691,3091
2499,0.6909,0.24119438206252558,5.468381957709166,0.6909,0.6909,3092
3862,0.6908,0.24119306907056323,5.468352189430715,0.6908,0.6908,3093
7730,0.6907,0.24118395627273434,5.468145583210554,0.6907,0.6907,3094
1782,0.6906,0.24117200087897586,5.467874529387348,0.6906,0.6906,3095
816,0.6905,0.24116603577341933,5.467739287947922,0.6905,0.6905,3096
6416,0.6904,0.24116382634205152,5.467689195510111,0.6904,0.6904,3097
2901,0.6903,0.2411617434180695,5.467641971258799,0.6903,0.6903,3098
3187,0.6902,0.24115587778457667,5.467508985059303,0.6902,0.6902,3099
54,0.6901,0.24115430787909548,5.467473392011797,0.6901,0.6901,3100
9706,0.69,0.24115269071706308,5.467436727561595,0.69,0.69,3101
4445,0.6899,0.24113790276090033,5.467101453613274,0.6899,0.6899,3102
5030,0.6898,0.24113130222957818,5.4669518057398925,0.6898,0.6898,3103
8933,0.6897,0.241128024377324,5.466877489961771,0.6897,0.6897,3104
3673,0.6896,0.24112508778550054,5.466810911272281,0.6896,0.6896,3105
2176,0.6895,0.2411250781886755,5.466810693693836,0.6895,0.6895,3106
5092,0.6894,0.24112395201994585,5.466785161088883,0.6894,0.6894,3107
3959,0.6893,0.2411103927820892,5.466477744758511,0.6893,0.6893,3108
7572,0.6892,0.2411036684412152,5.466325289863757,0.6892,0.6892,3109
6006,0.6891,0.24109872561451567,5.466213225626903,0.6891,0.6891,3110
3459,0.689,0.24109624606334015,5.466157009006275,0.689,0.689,3111
1145,0.6889,0.24108007680976412,5.465790418152097,0.6889,0.6889,3112
2209,0.6888,0.24107656925875778,5.465710894622952,0.6888,0.6888,3113
728,0.6887,0.24107293865815663,5.465628581301459,0.6887,0.6887,3114
6338,0.6886,0.24106434897607437,5.465433835212856,0.6886,0.6886,3115
4831,0.6885,0.24104274767533174,5.464944088468808,0.6885,0.6885,3116
2218,0.6884,0.24104249657682342,5.4649383955389546,0.6884,0.6884,3117
8165,0.6883,0.24103365563352874,5.464737952832761,0.6883,0.6883,3118
7179,0.6882,0.24100936167088513,5.464187157802497,0.6882,0.6882,3119
4528,0.6881,0.2410056689016953,5.464103434987249,0.6881,0.6881,3120
296,0.688,0.2409821755783703,5.463570792128343,0.688,0.688,3121
6694,0.6879,0.24097488537192505,5.463405507875583,0.6879,0.6879,3122
6401,0.6878,0.2409723628794101,5.463348317684694,0.6878,0.6878,3123
5270,0.6877,0.24096938187284875,5.4632807320194425,0.6877,0.6877,3124
188,0.6876,0.24095723163595753,5.463005260694749,0.6876,0.6876,3125
8609,0.6875,0.24094591548933886,5.462748699941734,0.6875,0.6875,3126
82,0.6874,0.2409439441652121,5.462704005895041,0.6874,0.6874,3127
9261,0.6873,0.24094229052338198,5.4626665143693955,0.6873,0.6873,3128
3775,0.6872,0.24094184052503553,5.462656311964872,0.6872,0.6872,3129
8055,0.6871,0.24092305303518224,5.462230360209031,0.6871,0.6871,3130
6095,0.687,0.24092007634666823,5.462162872443956,0.687,0.687,3131
8720,0.6869,0.24091485850423597,5.462044573023381,0.6869,0.6869,3132
4412,0.6868,0.24090508025519444,5.461822879632564,0.6868,0.6868,3133
9520,0.6867,0.2408963763415119,5.4616255436743995,0.6867,0.6867,3134
9517,0.6866,0.24089055445386037,5.461493549284007,0.6866,0.6866,3135
6867,0.6865,0.24088224069203396,5.461305058885703,0.6865,0.6865,3136
5235,0.6864,0.24088017657544478,5.461258261038075,0.6864,0.6864,3137
9619,0.6863,0.24087708338271302,5.461188131877512,0.6863,0.6863,3138
1276,0.6862,0.24087439061445298,5.461127081180742,0.6862,0.6862,3139
5067,0.6861,0.24087297091300158,5.461094893574563,0.6861,0.6861,3140
8570,0.686,0.24085724904013525,5.4607384457775945,0.686,0.686,3141
4129,0.6859,0.24085014176558484,5.460577308974622,0.6859,0.6859,3142
4331,0.6858,0.24084815860064765,5.460532346469273,0.6858,0.6858,3143
5656,0.6857,0.24084455827250492,5.460450719487596,0.6857,0.6857,3144
486,0.6856,0.24083268877553338,5.460181613123566,0.6856,0.6856,3145
1538,0.6855,0.2408295869954759,5.460111289272446,0.6855,0.6855,3146
8642,0.6854,0.2408172868312929,5.459832418780236,0.6854,0.6854,3147
5651,0.6853,0.24081638353820264,5.459811939234328,0.6853,0.6853,3148
6818,0.6852,0.2408069834671089,5.45959881992732,0.6852,0.6852,3149
3728,0.6851,0.24080215354968554,5.45948931558128,0.6851,0.6851,3150
1391,0.685,0.24079553298395645,5.459339213485631,0.685,0.685,3151
9436,0.6849,0.24078325754782887,5.459060903631408,0.6849,0.6849,3152
9749,0.6848,0.2407817537617657,5.459026809650115,0.6848,0.6848,3153
3483,0.6847,0.2407789155058396,5.45896246044247,0.6847,0.6847,3154
9941,0.6846,0.24077195828928707,5.458804725767065,0.6846,0.6846,3155
7471,0.6845,0.24076886323082466,5.458734554307742,0.6845,0.6845,3156
7799,0.6844,0.24076657843202787,5.458682753132405,0.6844,0.6844,3157
1067,0.6843,0.24076297038128427,5.458600951062488,0.6843,0.6843,3158
3105,0.6842,0.2407416798239445,5.458118249522428,0.6842,0.6842,3159
8504,0.6841,0.24073779567008954,5.458030187616805,0.6841,0.6841,3160
9174,0.684,0.24073284205784098,5.457917878849431,0.684,0.684,3161
5159,0.6839,0.2407236026406484,5.457708401905025,0.6839,0.6839,3162
1106,0.6838,0.24071686171250647,5.45755557094009,0.6838,0.6838,3163
6473,0.6837,0.2407162917139025,5.4575426478775935,0.6837,0.6837,3164
4254,0.6836,0.24070719803519683,5.457336475130957,0.6836,0.6836,3165
8982,0.6835,0.24070688284579922,5.457329329127087,0.6835,0.6835,3166
6343,0.6834,0.24068924724749,5.456929493164144,0.6834,0.6834,3167
7315,0.6833,0.24068788847071257,5.456898686848988,0.6833,0.6833,3168
7267,0.6832,0.2406870332857524,5.456879298013654,0.6832,0.6832,3169
5533,0.6831,0.2406859725036588,5.45685524786132,0.6831,0.6831,3170
8225,0.683,0.24068122458049732,5.456747602497392,0.683,0.683,3171
4636,0.6829,0.24067509885402416,5.456608719444068,0.6829,0.6829,3172
7449,0.6828,0.2406635026736506,5.4563458097400375,0.6828,0.6828,3173
2182,0.6827,0.2406586442501831,5.456235659100819,0.6827,0.6827,3174
2137,0.6826,0.2406559428869219,5.456174413537253,0.6826,0.6826,3175
3425,0.6825,0.24063896404718066,5.455789467667588,0.6825,0.6825,3176
3176,0.6824,0.24063840351645677,5.455776759262265,0.6824,0.6824,3177
8418,0.6823,0.240629011713618,5.455563827415362,0.6823,0.6823,3178
8066,0.6822,0.2406171640401653,5.455295215836739,0.6822,0.6822,3179
1102,0.6821,0.2406127489566617,5.45519511664329,0.6821,0.6821,3180
6278,0.682,0.24059360356263523,5.454761050450873,0.682,0.682,3181
5094,0.6819,0.24059022675512567,5.45468449114981,0.6819,0.6819,3182
2994,0.6818,0.24058794405477416,5.454632737550522,0.6818,0.6818,3183
5763,0.6817,0.24058234194633302,5.454505726015306,0.6817,0.6817,3184
6897,0.6816,0.24058077642559797,5.454470232379791,0.6816,0.6816,3185
6464,0.6815,0.24056519047771854,5.454116866287864,0.6815,0.6815,3186
5419,0.6814,0.24056294996958436,5.454066069274153,0.6814,0.6814,3187
3300,0.6813,0.24055370288530428,5.453856418500951,0.6813,0.6813,3188
6854,0.6812,0.24055152898415075,5.45380713160714,0.6812,0.6812,3189
4279,0.6811,0.24054673472048502,5.453698435605135,0.6811,0.6811,3190
9269,0.681,0.24052282049430074,5.453156249996481,0.681,0.681,3191
7915,0.6809,0.24052131034131097,5.453122011664691,0.6809,0.6809,3192
2632,0.6808,0.2405208933181039,5.453112556875132,0.6808,0.6808,3193
3395,0.6807,0.2405206248792634,5.453106470804074,0.6807,0.6807,3194
5531,0.6806,0.24051991971917333,5.453090483347498,0.6806,0.6806,3195
6731,0.6805,0.2405196702369537,5.4530848270618755,0.6805,0.6805,3196
8071,0.6804,0.24051291449361062,5.452931660206235,0.6804,0.6804,3197
1032,0.6803,0.24051139920360723,5.452897305408689,0.6803,0.6803,3198
6445,0.6802,0.24050806623009638,5.4528217399150956,0.6802,0.6802,3199
779,0.6801,0.24050073861364352,5.452655607499681,0.6801,0.6801,3200
2458,0.68,0.24048791084529697,5.452364775114947,0.68,0.68,3201
289,0.6799,0.24047927025844418,5.452168874909385,0.6799,0.6799,3202
790,0.6798,0.2404761991736872,5.4520992469845275,0.6798,0.6798,3203
5184,0.6797,0.24046436128686244,5.451830857289196,0.6797,0.6797,3204
806,0.6796,0.24046042243932925,5.451741555361844,0.6796,0.6796,3205
8488,0.6795,0.24046038137781933,5.451740624411987,0.6795,0.6795,3206
7875,0.6794,0.24045959875547074,5.451722880724739,0.6794,0.6794,3207
7994,0.6793,0.24045771557554318,5.451680185089458,0.6793,0.6793,3208
9589,0.6792,0.24045713310199507,5.451666979193216,0.6792,0.6792,3209
3279,0.6791,0.24044212749729826,5.4513267706982695,0.6791,0.6791,3210
2597,0.679,0.24044206135173463,5.451325271039084,0.679,0.679,3211
3998,0.6789,0.24043883790406867,5.451252188727354,0.6789,0.6789,3212
5397,0.6788,0.24043617454838723,5.451191804874323,0.6788,0.6788,3213
3456,0.6787,0.24043258623911648,5.451110450386098,0.6787,0.6787,3214
1218,0.6786,0.24043243251971103,5.451106965244542,0.6786,0.6786,3215
980,0.6785,0.24043193023291445,5.451095577350735,0.6785,0.6785,3216
40,0.6784,0.2404143652463662,5.450697342304743,0.6784,0.6784,3217
2970,0.6783,0.24041362142069803,5.450680478219692,0.6783,0.6783,3218
5431,0.6782,0.24040696995048774,5.450529675454679,0.6782,0.6782,3219
6349,0.6781,0.24040545054335588,5.450495227311696,0.6781,0.6781,3220
8651,0.678,0.24039385552563464,5.450232343966972,0.678,0.678,3221
4453,0.6779,0.24039239518136665,5.450199234904514,0.6779,0.6779,3222
919,0.6778,0.2403896332062633,5.450136615141233,0.6778,0.6778,3223
7920,0.6777,0.24038374796950066,5.450003184493237,0.6777,0.6777,3224
153,0.6776,0.24038127132228898,5.449947033714079,0.6776,0.6776,3225
7251,0.6775,0.24037640827710552,5.449836778290527,0.6775,0.6775,3226
3133,0.6774,0.24037387518466916,5.449779347778265,0.6774,0.6774,3227
4095,0.6773,0.24037281912864233,5.4497554047753765,0.6773,0.6773,3228
380,0.6772,0.24037273648442614,5.449753531057892,0.6772,0.6772,3229
6351,0.6771,0.24037197818219685,5.449736338757952,0.6771,0.6771,3230
4922,0.677,0.2403702929866853,5.449698131844465,0.677,0.677,3231
6059,0.6769,0.24036355627337178,5.449545396440213,0.6769,0.6769,3232
8854,0.6768,0.24035684828645598,5.449393312323066,0.6768,0.6768,3233
2834,0.6767,0.2403528320078129,5.44930225487236,0.6767,0.6767,3234
2170,0.6766,0.24034946815288744,5.4492259892339785,0.6766,0.6766,3235
8350,0.6765,0.24034210386327276,5.4490590253592295,0.6765,0.6765,3236
2350,0.6764,0.24032140500430293,5.448589738861238,0.6764,0.6764,3237
4613,0.6763,0.24031982521549553,5.448553921737718,0.6763,0.6763,3238
2550,0.6762,0.24031805985813245,5.448513897389449,0.6762,0.6762,3239
7268,0.6761,0.24030847826264484,5.448296662544857,0.6761,0.6761,3240
866,0.676,0.2403045614005604,5.448207859074863,0.676,0.676,3241
4710,0.6759,0.2403002274897567,5.448109600237781,0.6759,0.6759,3242
752,0.6758,0.24028420404662454,5.447746315211887,0.6758,0.6758,3243
4465,0.6757,0.24027924018942795,5.44763377416986,0.6757,0.6757,3244
4396,0.6756,0.2402672344151806,5.447361578114931,0.6756,0.6756,3245
2476,0.6755,0.24026556118948542,5.44732364258311,0.6755,0.6755,3246
5884,0.6754,0.2402513953868405,5.4470024741587375,0.6754,0.6754,3247
6290,0.6753,0.2402466872900931,5.446895731742573,0.6753,0.6753,3248
5594,0.6752,0.24024052819152045,5.446756092073541,0.6752,0.6752,3249
6191,0.6751,0.24023939595147603,5.44673042181875,0.6751,0.6751,3250
9272,0.675,0.24023919024655682,5.446725758057689,0.675,0.675,3251
6508,0.6749,0.24023845604938704,5.446709112270022,0.6749,0.6749,3252
2074,0.6748,0.24023714673090535,5.4466794272765275,0.6748,0.6748,3253
6088,0.6747,0.24022730630115588,5.44645632411801,0.6747,0.6747,3254
7067,0.6746,0.24022535368149256,5.446412054139933,0.6746,0.6746,3255
8923,0.6745,0.24022233269986393,5.446343562156928,0.6745,0.6745,3256
5706,0.6744,0.24021649966443612,5.446211315022276,0.6744,0.6744,3257
9417,0.6743,0.24021333946356938,5.446139666648716,0.6743,0.6743,3258
4481,0.6742,0.2402007068030465,5.44585325776939,0.6742,0.6742,3259
3152,0.6741,0.24019279148327372,5.445673800886176,0.6741,0.6741,3260
2934,0.674,0.2401869518108962,5.445541403279848,0.674,0.674,3261
3464,0.6739,0.24017601807390918,5.445293512554629,0.6739,0.6739,3262
2516,0.6738,0.24016389277643735,5.445018606657596,0.6738,0.6738,3263
2057,0.6737,0.24015003778429442,5.444704484959569,0.6737,0.6737,3264
6675,0.6736,0.24014660824058173,5.444626730018407,0.6736,0.6736,3265
4034,0.6735,0.24014582924204747,5.444609068489243,0.6735,0.6735,3266
3193,0.6734,0.24013882063317374,5.444450168642873,0.6734,0.6734,3267
8764,0.6733,0.24012751411900118,5.444193826278774,0.6733,0.6733,3268
4881,0.6732,0.24009440129342774,5.443443089148255,0.6732,0.6732,3269
1756,0.6731,0.24008898211184637,5.443320224948817,0.6731,0.6731,3270
8667,0.673,0.2400587421452851,5.442634621553103,0.673,0.673,3271
9732,0.6729,0.24005031246403002,5.442443503018629,0.6729,0.6729,3272
6019,0.6728,0.24004971889173696,5.442430045491104,0.6728,0.6728,3273
8305,0.6727,0.24004716074577698,5.442372046962077,0.6727,0.6727,3274
6977,0.6726,0.2400414533588064,5.442242648542808,0.6726,0.6726,3275
9883,0.6725,0.2400250208618206,5.44187008940794,0.6725,0.6725,3276
5333,0.6724,0.24002293365837396,5.441822768134097,0.6724,0.6724,3277
2544,0.6723,0.24000126568279076,5.441331509730932,0.6723,0.6723,3278
6238,0.6722,0.23999733139553786,5.441242311196295,0.6722,0.6722,3279
5398,0.6721,0.239983813559932,5.440935833542204,0.6721,0.6721,3280
2846,0.672,0.23997953615178008,5.4408388557383836,0.672,0.672,3281
8441,0.6719,0.2399792543381547,5.440832466434115,0.6719,0.6719,3282
6796,0.6718,0.23997874624327706,5.4408209468577295,0.6718,0.6718,3283
4991,0.6717,0.2399771456881797,5.440784658920756,0.6717,0.6717,3284
8548,0.6716,0.23997655331934556,5.440771228677964,0.6716,0.6716,3285
8384,0.6715,0.23997109470887054,5.440647470542784,0.6715,0.6715,3286
39,0.6714,0.23995728589584972,5.440334395820835,0.6714,0.6714,3287
6718,0.6713,0.23995055588252567,5.440181812319721,0.6713,0.6713,3288
2417,0.6712,0.239948271903777,5.440130029735766,0.6712,0.6712,3289
6387,0.6711,0.23994537947233982,5.440064452256132,0.6711,0.6711,3290
5711,0.671,0.23994430294377772,5.440040045096905,0.671,0.671,3291
903,0.6709,0.23994174709808283,5.43998209872156,0.6709,0.6709,3292
4520,0.6708,0.2399330983438475,5.43978601334273,0.6708,0.6708,3293
4616,0.6707,0.2399313289522714,5.439745897528646,0.6707,0.6707,3294
1769,0.6706,0.23988755727313327,5.438753501859253,0.6706,0.6706,3295
7189,0.6705,0.23988580016910965,5.43871366462974,0.6705,0.6705,3296
8975,0.6704,0.23988361929093072,5.438664219551566,0.6704,0.6704,3297
5217,0.6703,0.2398834571863524,5.438660544301968,0.6703,0.6703,3298
1575,0.6702,0.23987624034518118,5.438496923393019,0.6702,0.6702,3299
5302,0.6701,0.2398716532483569,5.4383929242970375,0.6701,0.6701,3300
7912,0.67,0.23986651198520847,5.438276361090379,0.67,0.67,3301
9757,0.6699,0.2398596907765188,5.43812170999856,0.6699,0.6699,3302
7116,0.6698,0.2398534462912384,5.437980134435028,0.6698,0.6698,3303
2804,0.6697,0.2398525754738012,5.4379603911796295,0.6697,0.6697,3304
1061,0.6696,0.23984951658246118,5.437891039702948,0.6696,0.6696,3305
2689,0.6695,0.2398471968414758,5.437838446315856,0.6695,0.6695,3306
4719,0.6694,0.239844526282633,5.437777899152069,0.6694,0.6694,3307
1246,0.6693,0.23984396258124577,5.437765118860529,0.6693,0.6693,3308
9826,0.6692,0.23983428929509687,5.4375458051967085,0.6692,0.6692,3309
5956,0.6691,0.2398246420770014,5.437327082551088,0.6691,0.6691,3310
4789,0.669,0.23981996890830468,5.43722113202642,0.669,0.669,3311
8722,0.6689,0.23981967507984114,5.437214470320813,0.6689,0.6689,3312
7183,0.6688,0.23980704010000375,5.436928008855928,0.6688,0.6688,3313
3546,0.6687,0.23980462039768932,5.436873149135045,0.6687,0.6687,3314
445,0.6686,0.23978532790631987,5.436435747937154,0.6686,0.6686,3315
4835,0.6685,0.23978471987110345,5.436421962505435,0.6685,0.6685,3316
3736,0.6684,0.23976411495742253,5.435954805942439,0.6684,0.6684,3317
8589,0.6683,0.2397493508779015,5.435620073328705,0.6683,0.6683,3318
975,0.6682,0.23973846100335053,5.435373177058284,0.6682,0.6682,3319
6969,0.6681,0.2397333584946715,5.435257492495654,0.6681,0.6681,3320
2593,0.668,0.2397191878572956,5.434936214457983,0.668,0.668,3321
5789,0.6679,0.2396992039241065,5.434483136825198,0.6679,0.6679,3322
3572,0.6678,0.23969798195372,5.434455432196352,0.6678,0.6678,3323
8209,0.6677,0.23969750609387824,5.434444643456698,0.6677,0.6677,3324
2555,0.6676,0.2396848835348045,5.434158463597137,0.6676,0.6676,3325
574,0.6675,0.23968199330700005,5.434092936077503,0.6675,0.6675,3326
2680,0.6674,0.23968191985862816,5.434091270849674,0.6674,0.6674,3327
3019,0.6673,0.23967975212737913,5.434042123840891,0.6673,0.6673,3328
8233,0.6672,0.23966617298078585,5.433734256138953,0.6672,0.6672,3329
7283,0.6671,0.239664776891963,5.433702603880386,0.6671,0.6671,3330
9266,0.667,0.23964970034522837,5.433360786979147,0.667,0.667,3331
4256,0.6669,0.23964741089475822,5.433308880340392,0.6669,0.6669,3332
3136,0.6668,0.2396307392937319,5.4329309002176025,0.6668,0.6668,3333
4582,0.6667,0.23962867041118624,5.432883994316204,0.6667,0.6667,3334
8017,0.6666,0.23962360935219254,5.432769249505188,0.6666,0.6666,3335
364,0.6665,0.23961536367904612,5.432582302819907,0.6665,0.6665,3336
7230,0.6664,0.23961260364109346,5.432519726976988,0.6664,0.6664,3337
7371,0.6663,0.2396066069972249,5.432383770496863,0.6663,0.6663,3338
8453,0.6662,0.23960403808787287,5.432325527939202,0.6662,0.6662,3339
9054,0.6661,0.23960246251122946,5.432289806316533,0.6661,0.6661,3340
8973,0.666,0.23959251612991903,5.4320643010138845,0.666,0.666,3341
3369,0.6659,0.23958776031880072,5.431956476812705,0.6659,0.6659,3342
16,0.6658,0.23958239803304573,5.431834902559989,0.6658,0.6658,3343
8508,0.6657,0.2395803025915889,5.431787394511314,0.6657,0.6657,3344
5608,0.6656,0.23957371835501187,5.43163811607441,0.6656,0.6656,3345
9646,0.6655,0.23957301232189443,5.431622108823648,0.6655,0.6655,3346
660,0.6654,0.23957132027884215,5.431583746663868,0.6654,0.6654,3347
24,0.6653,0.23956350130643825,5.431406474177663,0.6653,0.6653,3348
4377,0.6652,0.239562429826037,5.431382181472398,0.6652,0.6652,3349
4913,0.6651,0.23955808770134698,5.431283736409617,0.6651,0.6651,3350
6492,0.665,0.2395490015532634,5.431077734394336,0.665,0.665,3351
6810,0.6649,0.23953703154890701,5.430806349319121,0.6649,0.6649,3352
4587,0.6648,0.23953056973446255,5.430659846447057,0.6648,0.6648,3353
8275,0.6647,0.23951182721963932,5.430234914369667,0.6647,0.6647,3354
5836,0.6646,0.2395095026101834,5.430182210603296,0.6646,0.6646,3355
8584,0.6645,0.23950780678307704,5.430143762650688,0.6645,0.6645,3356
535,0.6644,0.23950629218364092,5.430109423507147,0.6644,0.6644,3357
700,0.6643,0.23950496601607524,5.430079356510457,0.6643,0.6643,3358
5289,0.6642,0.23948106943156616,5.429537570874836,0.6642,0.6642,3359
5853,0.6641,0.23947952806960687,5.42950262497006,0.6641,0.6641,3360
6449,0.664,0.2394778459301592,5.4294644873446805,0.664,0.664,3361
9763,0.6639,0.23947665464076626,5.4294374783183885,0.6639,0.6639,3362
4266,0.6638,0.23947475503002402,5.4293944101630505,0.6638,0.6638,3363
6428,0.6637,0.23946697805715028,5.429218089894691,0.6637,0.6637,3364
7285,0.6636,0.23946685252390837,5.4292152437931325,0.6636,0.6636,3365
6342,0.6635,0.23946510639581894,5.42917565541115,0.6635,0.6635,3366
9926,0.6634,0.23945570519069134,5.428962510394813,0.6634,0.6634,3367
9555,0.6633,0.23944944923505654,5.428820674774279,0.6633,0.6633,3368
218,0.6632,0.23944051633130872,5.428618147131478,0.6632,0.6632,3369
5788,0.6631,0.23943923643550996,5.428589129212305,0.6631,0.6631,3370
5583,0.663,0.23943611425416833,5.428518342819085,0.663,0.663,3371
3792,0.6629,0.23943297587127965,5.428447189104303,0.6629,0.6629,3372
3691,0.6628,0.2394293617462836,5.428365249319155,0.6628,0.6628,3373
4335,0.6627,0.23942873922642374,5.428351135488672,0.6627,0.6627,3374
9837,0.6626,0.23942740877493615,5.428320971366307,0.6626,0.6626,3375
7674,0.6625,0.2394152735694598,5.428045840834526,0.6625,0.6625,3376
6367,0.6624,0.2394123098968839,5.427978648167935,0.6624,0.6624,3377
8824,0.6623,0.23941000711894356,5.427926439366972,0.6623,0.6623,3378
4917,0.6622,0.23940778153077327,5.4278759806218835,0.6622,0.6622,3379
7130,0.6621,0.23940562857252595,5.427827168547821,0.6621,0.6621,3380
2486,0.662,0.23939949530329846,5.4276881144835665,0.662,0.662,3381
3414,0.6619,0.23939371208052349,5.427556996707256,0.6619,0.6619,3382
4967,0.6618,0.239387814266201,5.427423280900457,0.6618,0.6618,3383
8580,0.6617,0.23937918907395778,5.427227729722121,0.6617,0.6617,3384
7421,0.6616,0.2393765171370391,5.427167151314327,0.6616,0.6616,3385
8131,0.6615,0.23937334591291715,5.427095253020392,0.6615,0.6615,3386
7260,0.6614,0.23935280279426296,5.426629497481279,0.6614,0.6614,3387
8533,0.6613,0.2393425006729385,5.426395926807614,0.6613,0.6613,3388
4671,0.6612,0.23934225254356972,5.426390301194228,0.6612,0.6612,3389
3519,0.6611,0.23934173930294367,5.426378664954659,0.6611,0.6611,3390
5264,0.661,0.2393315071419881,5.426146680428845,0.661,0.661,3391
9958,0.6609,0.23931425444016205,5.42575552553171,0.6609,0.6609,3392
3841,0.6608,0.2393070994564638,5.42559330706128,0.6608,0.6608,3393
6930,0.6607,0.23930509581259118,5.42554788025793,0.6607,0.6607,3394
9028,0.6606,0.23927769363344675,5.424926615446776,0.6606,0.6606,3395
3762,0.6605,0.23923626429109449,5.423987325459434,0.6605,0.6605,3396
1767,0.6604,0.23923334257178713,5.423921083961863,0.6604,0.6604,3397
6115,0.6603,0.23923194446527216,5.423889385957089,0.6603,0.6603,3398
7440,0.6602,0.2392209438540109,5.423639979053365,0.6602,0.6602,3399
9946,0.6601,0.23921330739237415,5.423466844468888,0.6601,0.6601,3400
1008,0.66,0.23920617199122418,5.423305069976367,0.66,0.66,3401
3275,0.6599,0.23920566357847758,5.423293543193049,0.6599,0.6599,3402
5835,0.6598,0.2392009035894455,5.423185624270678,0.6598,0.6598,3403
789,0.6597,0.2391985474556381,5.423132205779985,0.6597,0.6597,3404
4860,0.6596,0.23918114593461307,5.422737676841538,0.6596,0.6596,3405
3480,0.6595,0.23917238649035563,5.4225390818878365,0.6595,0.6595,3406
2566,0.6594,0.2391711108661072,5.422510160814396,0.6594,0.6594,3407
8011,0.6593,0.23913884253389361,5.421778570119342,0.6593,0.6593,3408
6047,0.6592,0.23913519369981853,5.421695843405776,0.6592,0.6592,3409
434,0.6591,0.2391326234458543,5.421637570364711,0.6591,0.6591,3410
6555,0.659,0.2391314914223296,5.421611905019009,0.659,0.659,3411
3245,0.6589,0.2391168420247436,5.421279772484675,0.6589,0.6589,3412
6161,0.6588,0.23911307300218143,5.421194320846507,0.6588,0.6588,3413
1497,0.6587,0.23910915641573052,5.421105523625412,0.6587,0.6587,3414
7196,0.6586,0.23910636275668384,5.421042185522316,0.6586,0.6586,3415
5560,0.6585,0.2390945279236069,5.420773865061776,0.6585,0.6585,3416
1247,0.6584,0.23908601020345166,5.420580750500559,0.6584,0.6584,3417
7217,0.6583,0.23907764304458617,5.420391049480733,0.6583,0.6583,3418
1101,0.6582,0.23907732106512591,5.420383749531208,0.6582,0.6582,3419
6000,0.6581,0.23907594687192263,5.420352593692407,0.6581,0.6581,3420
5144,0.658,0.23906662359563477,5.420141215485165,0.658,0.658,3421
3455,0.6579,0.23906654144111025,5.420139352871962,0.6579,0.6579,3422
7128,0.6578,0.23906294311971674,5.420057771385616,0.6578,0.6578,3423
5364,0.6577,0.2390332202902035,5.4193838925700515,0.6577,0.6577,3424
2992,0.6576,0.23902881314483532,5.419283973351258,0.6576,0.6576,3425
5577,0.6575,0.239016584506648,5.419006724503753,0.6575,0.6575,3426
1544,0.6574,0.23900739407488075,5.418798358161056,0.6574,0.6574,3427
4876,0.6573,0.2389957379231878,5.418534088781717,0.6573,0.6573,3428
8188,0.6572,0.23899474794133163,5.4185116438189285,0.6572,0.6572,3429
8123,0.6571,0.2389871576665239,5.418339556387865,0.6571,0.6571,3430
6103,0.657,0.23898589942497858,5.418311029415834,0.657,0.657,3431
3252,0.6569,0.23897665087049524,5.418101345308369,0.6569,0.6569,3432
9389,0.6568,0.23897320806968828,5.418023289801224,0.6568,0.6568,3433
304,0.6567,0.23897208328235378,5.417997788516557,0.6567,0.6567,3434
2235,0.6566,0.23897204827476012,5.417996994821387,0.6566,0.6566,3435
7100,0.6565,0.2389560745797704,5.417634837690078,0.6565,0.6565,3436
5042,0.6564,0.23894636002861688,5.4174145884628455,0.6564,0.6564,3437
7360,0.6563,0.2389403346178728,5.417277979777004,0.6563,0.6563,3438
5781,0.6562,0.23891473537394578,5.416697591285753,0.6562,0.6562,3439
9254,0.6561,0.23890887652829543,5.416564758979382,0.6561,0.6561,3440
2495,0.656,0.23890741151139053,5.41653154397742,0.656,0.656,3441
4001,0.6559,0.23890678090404566,5.416517246788125,0.6559,0.6559,3442
8429,0.6558,0.23890148345625084,5.416397142548626,0.6558,0.6558,3443
8346,0.6557,0.23889667737607273,5.416288178641573,0.6557,0.6557,3444
6490,0.6556,0.23889247998426633,5.41619301497422,0.6556,0.6556,3445
4242,0.6555,0.2388859830330867,5.41604571548106,0.6555,0.6555,3446
1990,0.6554,0.23888558888991507,5.416036779429426,0.6554,0.6554,3447
2933,0.6553,0.238884759648505,5.416017978787798,0.6553,0.6553,3448
5616,0.6552,0.23887382521563202,5.415770072287287,0.6552,0.6552,3449
9891,0.6551,0.23887367510605645,5.415766668988478,0.6551,0.6551,3450
7678,0.655,0.2388625721026715,5.415514940640689,0.655,0.655,3451
6597,0.6549,0.23885986357790692,5.4154535327093365,0.6549,0.6549,3452
4044,0.6548,0.23884341501619957,5.415080609354688,0.6548,0.6548,3453
4827,0.6547,0.23883884078064868,5.414976901852448,0.6547,0.6547,3454
9207,0.6546,0.23882828510512316,5.414737582572947,0.6546,0.6546,3455
4982,0.6545,0.2388176163903728,5.414495700458134,0.6545,0.6545,3456
306,0.6544,0.23881553060012384,5.414448411223385,0.6544,0.6544,3457
8198,0.6543,0.2388128402153691,5.414387414564559,0.6543,0.6543,3458
6254,0.6542,0.23881251359245095,5.414380009338397,0.6542,0.6542,3459
6866,0.6541,0.23880723022836978,5.414260224405425,0.6541,0.6541,3460
3843,0.654,0.23879908387502338,5.4140755295089535,0.654,0.654,3461
8845,0.6539,0.23877928702861756,5.413626693524772,0.6539,0.6539,3462
69,0.6538,0.23877890197388105,5.413617963527159,0.6538,0.6538,3463
3629,0.6537,0.23874777386694299,5.412912224128012,0.6537,0.6537,3464
2734,0.6536,0.23874538908046075,5.412858156021943,0.6536,0.6536,3465
6361,0.6535,0.23873968118086325,5.4127287459803135,0.6535,0.6535,3466
4059,0.6534,0.23873246780115545,5.41256520355003,0.6534,0.6534,3467
5854,0.6533,0.23872113128368244,5.412308180947704,0.6533,0.6533,3468
3044,0.6532,0.238712464726212,5.412111691932145,0.6532,0.6532,3469
4591,0.6531,0.23870544559118245,5.411952553435056,0.6531,0.6531,3470
2813,0.653,0.23869540440696793,5.411724898752431,0.653,0.653,3471
5464,0.6529,0.23869538229167425,5.4117243973528435,0.6529,0.6529,3472
497,0.6528,0.23868963196716425,5.411594025450072,0.6528,0.6528,3473
9428,0.6527,0.2386793943792368,5.411361917881456,0.6527,0.6527,3474
1240,0.6526,0.2386677368261556,5.411097616731297,0.6526,0.6526,3475
1760,0.6525,0.23866767893556282,5.411096304229622,0.6525,0.6525,3476
5193,0.6524,0.23866519583878698,5.411040007223504,0.6524,0.6524,3477
8486,0.6523,0.23865718332416744,5.410858346730427,0.6523,0.6523,3478
1242,0.6522,0.23865157159238704,5.410731117014294,0.6522,0.6522,3479
461,0.6521,0.23864443510999603,5.410569318007613,0.6521,0.6521,3480
9587,0.652,0.2386401528889913,5.410472231086049,0.652,0.652,3481
5053,0.6519,0.23863114587769788,5.410268023268729,0.6519,0.6519,3482
8987,0.6518,0.23862931159396794,5.41022643621449,0.6518,0.6518,3483
3596,0.6517,0.23860581311860263,5.409693676545953,0.6517,0.6517,3484
2078,0.6516,0.2385997335187711,5.4095558392809675,0.6516,0.6516,3485
7258,0.6515,0.23858130308163839,5.4091379826589385,0.6515,0.6515,3486
6261,0.6514,0.23857869291541545,5.40907880472259,0.6514,0.6514,3487
4127,0.6513,0.2385589169695627,5.408630442597734,0.6513,0.6513,3488
579,0.6512,0.2385564554206159,5.408574634126089,0.6512,0.6512,3489
1993,0.6511,0.2385519848396327,5.408473276689013,0.6511,0.6511,3490
3651,0.651,0.23854926631485687,5.408411642036499,0.651,0.651,3491
7266,0.6509,0.23853733585363063,5.408141153485196,0.6509,0.6509,3492
7933,0.6508,0.23853227053988646,5.408026312210849,0.6508,0.6508,3493
9678,0.6507,0.23852576688487676,5.40787886072761,0.6507,0.6507,3494
7417,0.6506,0.23850916723170926,5.407502511811235,0.6506,0.6506,3495
6048,0.6505,0.2385040149289376,5.407385698314218,0.6505,0.6505,3496
6085,0.6504,0.23849961605116746,5.407285966537884,0.6504,0.6504,3497
2246,0.6503,0.23849587422007312,5.40720113138844,0.6503,0.6503,3498
2467,0.6502,0.23849548933938147,5.407192405336707,0.6502,0.6502,3499
7159,0.6501,0.23848764186233984,5.407014486590456,0.6501,0.6501,3500
4803,0.65,0.23848531929811734,5.406961829195584,0.65,0.65,3501
8411,0.6499,0.23848186150950787,5.406883433883131,0.6499,0.6499,3502
2428,0.6498,0.23847840550242824,5.406805078962246,0.6498,0.6498,3503
8547,0.6497,0.23847256403866818,5.406672640739828,0.6497,0.6497,3504
8740,0.6496,0.238471881378908,5.406657163413109,0.6496,0.6496,3505
5658,0.6495,0.23846628509071915,5.406530283835618,0.6495,0.6495,3506
7802,0.6494,0.23846075048056975,5.40640480262799,0.6494,0.6494,3507
928,0.6493,0.2384385711875377,5.405901951587627,0.6493,0.6493,3508
3664,0.6492,0.23843456509363103,5.4058111250461085,0.6492,0.6492,3509
1433,0.6491,0.23842579811806938,5.405612359342258,0.6491,0.6491,3510
3779,0.649,0.23841848727956672,5.4054466073167315,0.649,0.649,3511
3833,0.6489,0.23841756445914092,5.405425685044531,0.6489,0.6489,3512
2204,0.6488,0.2383950101967344,5.404914332664234,0.6488,0.6488,3513
9037,0.6487,0.2383910891598473,5.404825434543158,0.6487,0.6487,3514
468,0.6486,0.23838963908399743,5.404792558284777,0.6486,0.6486,3515
1351,0.6485,0.23838248528282677,5.404630366624858,0.6485,0.6485,3516
572,0.6484,0.23838236857298345,5.40462772056822,0.6484,0.6484,3517
4800,0.6483,0.23838226231125306,5.404625311391443,0.6483,0.6483,3518
3074,0.6482,0.23837938092700126,5.404559984373463,0.6482,0.6482,3519
4955,0.6481,0.2383769237955881,5.404504276056796,0.6481,0.6481,3520
812,0.648,0.23837189344764076,5.404390227530725,0.648,0.648,3521
3882,0.6479,0.2383701260260161,5.4043501563800165,0.6479,0.6479,3522
9787,0.6478,0.23835651019066112,5.404041456866817,0.6478,0.6478,3523
7583,0.6477,0.23835364459276698,5.403976487757247,0.6477,0.6477,3524
1668,0.6476,0.2383435833086684,5.4037483773674655,0.6476,0.6476,3525
1643,0.6475,0.23833380806128796,5.403526752030618,0.6475,0.6475,3526
8907,0.6474,0.23833084272397684,5.4034595216208885,0.6474,0.6474,3527
184,0.6473,0.23833062207179212,5.40345451897422,0.6473,0.6473,3528
7938,0.6472,0.23832796552707264,5.4033942895397,0.6472,0.6472,3529
7800,0.6471,0.23832469908337808,5.403320232417972,0.6471,0.6471,3530
18,0.647,0.23831777935917495,5.403163347772816,0.647,0.647,3531
7359,0.6469,0.2383161656045867,5.403126760575942,0.6469,0.6469,3532
5313,0.6468,0.23831110204409106,5.403011959050239,0.6468,0.6468,3533
7478,0.6467,0.23829669701393968,5.402685366837016,0.6467,0.6467,3534
4323,0.6466,0.23829088632532286,5.402553626352518,0.6466,0.6466,3535
1900,0.6465,0.23828193505311906,5.402350682257764,0.6465,0.6465,3536
5530,0.6464,0.23827926313832193,5.402290104352813,0.6464,0.6464,3537
5083,0.6463,0.23826192840440719,5.401897089616795,0.6463,0.6463,3538
6120,0.6462,0.23825653093316115,5.4017747176367905,0.6462,0.6462,3539
1162,0.6461,0.23825568323342672,5.401755498507758,0.6461,0.6461,3540
4194,0.646,0.23825329617043464,5.401701378788214,0.646,0.646,3541
9043,0.6459,0.23824551316392314,5.401524921724411,0.6459,0.6459,3542
6856,0.6458,0.2382395777473204,5.401390353395564,0.6458,0.6458,3543
8086,0.6457,0.23822518321744926,5.401063999245041,0.6457,0.6457,3544
1507,0.6456,0.2382164242447476,5.4008654149841515,0.6456,0.6456,3545
8345,0.6455,0.23819293412467424,5.400332844749723,0.6455,0.6455,3546
868,0.6454,0.23818168438418816,5.400077789563083,0.6454,0.6454,3547
4975,0.6453,0.2381597343475556,5.399580136245916,0.6453,0.6453,3548
8340,0.6452,0.23815958906070236,5.399576842288037,0.6452,0.6452,3549
8648,0.6451,0.23814909747612437,5.399338976085209,0.6451,0.6451,3550
4462,0.645,0.23814630223578323,5.399275602131114,0.645,0.645,3551
4308,0.6449,0.23814623309540173,5.3992740345733985,0.6449,0.6449,3552
3168,0.6448,0.2381447371029118,5.399240117288593,0.6448,0.6448,3553
89,0.6447,0.2381367973250982,5.399060105892738,0.6447,0.6447,3554
3685,0.6446,0.23812705482218618,5.398839222940111,0.6446,0.6446,3555
8944,0.6445,0.2381253191914751,5.398799872555674,0.6445,0.6445,3556
9670,0.6444,0.23812109692479014,5.398704144924548,0.6444,0.6444,3557
795,0.6443,0.2381208410112803,5.398698342828494,0.6443,0.6443,3558
5492,0.6442,0.23811915937731462,5.3986602166632025,0.6442,0.6442,3559
6355,0.6441,0.23811761164291512,5.398625126282966,0.6441,0.6441,3560
9197,0.644,0.2381155389036267,5.398578132939504,0.644,0.644,3561
9113,0.6439,0.23811318844146473,5.398524843037612,0.6439,0.6439,3562
9892,0.6438,0.2381063665169459,5.398370175717992,0.6438,0.6438,3563
8360,0.6437,0.23810469709620086,5.398332326451923,0.6437,0.6437,3564
4754,0.6436,0.23810450170382355,5.398327896496592,0.6436,0.6436,3565
2205,0.6435,0.23810166541464947,5.398263591878576,0.6435,0.6435,3566
6028,0.6434,0.23808711212474434,5.397933638306427,0.6434,0.6434,3567
6346,0.6433,0.23808270733989603,5.397833772605826,0.6433,0.6433,3568
6748,0.6432,0.23808147458674073,5.3978058235101125,0.6432,0.6432,3569
514,0.6431,0.2380760198882742,5.397682154067523,0.6431,0.6431,3570
997,0.643,0.23806467828975658,5.39742501626839,0.643,0.643,3571
7378,0.6429,0.2380533682304354,5.3971685935281775,0.6429,0.6429,3572
4190,0.6428,0.23804658350897454,5.397014769677757,0.6428,0.6428,3573
2121,0.6427,0.23803677459775863,5.3967923811097975,0.6427,0.6427,3574
4132,0.6426,0.2380358201899848,5.396770742685943,0.6426,0.6426,3575
7136,0.6425,0.23801620524835132,5.396326030864533,0.6425,0.6425,3576
4783,0.6424,0.23800662674366252,5.396108866097096,0.6424,0.6424,3577
927,0.6423,0.2379953309883851,5.395852767659281,0.6423,0.6423,3578
6226,0.6422,0.23799307282238372,5.395801570305716,0.6422,0.6422,3579
7261,0.6421,0.2379922634631194,5.395783220434607,0.6421,0.6421,3580
7513,0.642,0.23798552648492374,5.395630479024797,0.642,0.642,3581
653,0.6419,0.23797718986790906,5.395441470451066,0.6419,0.6419,3582
2867,0.6418,0.2379703581572428,5.395286581257679,0.6418,0.6418,3583
522,0.6417,0.23796966372498288,5.3952708370235625,0.6417,0.6417,3584
4179,0.6416,0.23796721646876304,5.395215352597107,0.6416,0.6416,3585
6911,0.6415,0.2379507245853942,5.394841447050231,0.6415,0.6415,3586
3270,0.6414,0.2379495301207906,5.394814366034621,0.6414,0.6414,3587
6434,0.6413,0.2379494200143292,5.394811869690475,0.6413,0.6413,3588
6632,0.6412,0.23794623437705514,5.394739644618782,0.6412,0.6412,3589
2866,0.6411,0.23794413026651925,5.394691940025869,0.6411,0.6411,3590
2464,0.641,0.237943002420835,5.394666369400434,0.641,0.641,3591
1516,0.6409,0.2379425873866885,5.394656959707284,0.6409,0.6409,3592
1420,0.6408,0.23794059073870255,5.394611691513803,0.6408,0.6408,3593
4373,0.6407,0.23792793294159853,5.394324712735651,0.6407,0.6407,3594
7490,0.6406,0.23792583260589184,5.3942770937250994,0.6406,0.6406,3595
3730,0.6405,0.23792508938486467,5.394260243347207,0.6405,0.6405,3596
4946,0.6404,0.23791459377308047,5.39402228583854,0.6404,0.6404,3597
9550,0.6403,0.23791014675356598,5.3939214625897245,0.6403,0.6403,3598
6125,0.6402,0.23790906834414532,5.393897012788437,0.6402,0.6402,3599
8608,0.6401,0.23790829874654226,5.393879564399343,0.6401,0.6401,3600
7473,0.64,0.23790560252157886,5.3938184353295755,0.64,0.64,3601
3932,0.6399,0.23790231659813924,5.393743936561139,0.6399,0.6399,3602
9982,0.6398,0.2379011932916437,5.393718468850751,0.6398,0.6398,3603
269,0.6397,0.23789916084634574,5.393672389056298,0.6397,0.6397,3604
4489,0.6396,0.23789646516555407,5.393611272325346,0.6396,0.6396,3605
4942,0.6395,0.23787764011636212,5.393184469020763,0.6395,0.6395,3606
6195,0.6394,0.23786741113261703,5.392952556530168,0.6394,0.6394,3607
7642,0.6393,0.23784189105261633,5.392373962849273,0.6393,0.6393,3608
9786,0.6392,0.23784160409992725,5.392367457030251,0.6392,0.6392,3609
7405,0.6391,0.23782240534057933,5.391932180933201,0.6391,0.6391,3610
5394,0.639,0.2378178953742457,5.3918299305481865,0.639,0.639,3611
8663,0.6389,0.2378135985270662,5.391732512020367,0.6389,0.6389,3612
3109,0.6388,0.23779104104749577,5.391221086699397,0.6388,0.6388,3613
6761,0.6387,0.23778223224070186,5.391021372594816,0.6387,0.6387,3614
9568,0.6386,0.2377798441894744,5.390967230470458,0.6386,0.6386,3615
9566,0.6385,0.2377777762463022,5.390920345865957,0.6385,0.6385,3616
4372,0.6384,0.23776988507064395,5.390741436381114,0.6384,0.6384,3617
2268,0.6383,0.23776683006636815,5.390672173033612,0.6383,0.6383,3618
4270,0.6382,0.2377561001650711,5.390428903691372,0.6382,0.6382,3619
2556,0.6381,0.23775441448022272,5.390390685683834,0.6381,0.6381,3620
1002,0.638,0.23773639012397094,5.3899820357661845,0.638,0.638,3621
640,0.6379,0.23771776390517746,5.389559740363456,0.6379,0.6379,3622
4322,0.6378,0.2377000396215431,5.389157893719704,0.6378,0.6378,3623
7598,0.6377,0.23769517289186284,5.3890475547617775,0.6377,0.6377,3624
8829,0.6376,0.23769219342220516,5.38898000394265,0.6376,0.6376,3625
6247,0.6375,0.237690571789167,5.388943238125066,0.6375,0.6375,3626
6688,0.6374,0.23768742181111055,5.388871821522048,0.6374,0.6374,3627
2772,0.6373,0.23766742599175766,5.388418474405159,0.6373,0.6373,3628
4248,0.6372,0.23766248337764193,5.388306414988389,0.6372,0.6372,3629
2019,0.6371,0.23765265717569065,5.388083634403956,0.6371,0.6371,3630
6049,0.637,0.23764300753381207,5.387864856804899,0.637,0.637,3631
5831,0.6369,0.23764162577872502,5.387833529522262,0.6369,0.6369,3632
5721,0.6368,0.2376282309693475,5.387529841131666,0.6368,0.6368,3633
7208,0.6367,0.23762539043021977,5.3874654401572855,0.6367,0.6367,3634
1108,0.6366,0.23759993556892484,5.386888325122556,0.6366,0.6366,3635
979,0.6365,0.23759369798434954,5.386746906012689,0.6365,0.6365,3636
6651,0.6364,0.2375720464623543,5.386256020647489,0.6364,0.6364,3637
4138,0.6363,0.23757011202005507,5.386212162789083,0.6363,0.6363,3638
5392,0.6362,0.23754920860787038,5.385738238640265,0.6362,0.6362,3639
7778,0.6361,0.2375231313376222,5.385147012290398,0.6361,0.6361,3640
1873,0.636,0.23752099506435934,5.3850985784987255,0.636,0.636,3641
6622,0.6359,0.23751842637410003,5.385040340909911,0.6359,0.6359,3642
365,0.6358,0.23751674508908097,5.3850022226552765,0.6358,0.6358,3643
3319,0.6357,0.23751042005847342,5.384858820960288,0.6357,0.6357,3644
6046,0.6356,0.23749986345814422,5.384619480714861,0.6356,0.6356,3645
9341,0.6355,0.23749467490575885,5.38450184536112,0.6355,0.6355,3646
6961,0.6354,0.23748891756132842,5.384371314301671,0.6354,0.6354,3647
1826,0.6353,0.237471075258128,5.3839667919075955,0.6353,0.6353,3648
6064,0.6352,0.23746542723795142,5.383838739457189,0.6352,0.6352,3649
6557,0.6351,0.23746069596381417,5.383731471560366,0.6351,0.6351,3650
4654,0.635,0.2374578932448592,5.383667928049653,0.635,0.635,3651
8542,0.6349,0.23745276033575555,5.383551554247218,0.6349,0.6349,3652
4472,0.6348,0.23745266485368027,5.383549389468035,0.6348,0.6348,3653
5993,0.6347,0.2374501338812649,5.383492007020794,0.6347,0.6347,3654
7325,0.6346,0.23744784295283725,5.383440066873603,0.6346,0.6346,3655
5138,0.6345,0.23743093418308672,5.383056709638548,0.6345,0.6345,3656
9650,0.6344,0.2374295504443167,5.383025337380898,0.6344,0.6344,3657
6805,0.6343,0.23742737398232303,5.382975992427556,0.6343,0.6343,3658
657,0.6342,0.2374230194566716,5.38287726620818,0.6342,0.6342,3659
5731,0.6341,0.237408643393663,5.382551330740744,0.6341,0.6341,3660
2871,0.634,0.23739037048190872,5.382137045548156,0.634,0.634,3661
7043,0.6339,0.23738264685306562,5.381961934702877,0.6339,0.6339,3662
7710,0.6338,0.23737896460863422,5.381878450505868,0.6338,0.6338,3663
7905,0.6337,0.23737727673018835,5.381840182765436,0.6337,0.6337,3664
6746,0.6336,0.23737176650302205,5.381715254372444,0.6336,0.6336,3665
1672,0.6335,0.2373578367916849,5.381399438632658,0.6335,0.6335,3666
112,0.6334,0.237346780028945,5.381148758655766,0.6334,0.6334,3667
2365,0.6333,0.2373452551714959,5.381114186942296,0.6333,0.6333,3668
474,0.6332,0.23732769082519986,5.380715966413574,0.6332,0.6332,3669
9063,0.6331,0.23732250935407778,5.380598491608498,0.6331,0.6331,3670
3405,0.633,0.23731223167711962,5.380365475140019,0.633,0.633,3671
3807,0.6329,0.2372999252392305,5.380086462410491,0.6329,0.6329,3672
5225,0.6328,0.23729581786125262,5.379993339545292,0.6328,0.6328,3673
1892,0.6327,0.23729117358154433,5.379888043994793,0.6327,0.6327,3674
1860,0.6326,0.23728860084715953,5.379829714716318,0.6326,0.6326,3675
1978,0.6325,0.23728239472640225,5.379689008956794,0.6325,0.6325,3676
5385,0.6324,0.23728199836696734,5.379680022657198,0.6324,0.6324,3677
4103,0.6323,0.23726904085296333,5.379386248667632,0.6323,0.6323,3678
8478,0.6322,0.23726729087614262,5.379346573027509,0.6322,0.6322,3679
7823,0.6321,0.23726686461490923,5.379336908793313,0.6321,0.6321,3680
7621,0.632,0.23726490121524396,5.379292394407969,0.632,0.632,3681
8458,0.6319,0.2372626778867946,5.37924198689449,0.6319,0.6319,3682
5862,0.6318,0.2372553647661741,5.379076183128376,0.6318,0.6318,3683
6575,0.6317,0.23725106802431326,5.378978766990096,0.6317,0.6317,3684
6481,0.6316,0.23724450067078434,5.37882987132459,0.6316,0.6316,3685
9601,0.6315,0.23723660883862716,5.37865094695568,0.6315,0.6315,3686
3140,0.6314,0.2372275108326572,5.378444676100492,0.6314,0.6314,3687
9781,0.6313,0.23722088910854036,5.378294547741,0.6313,0.6313,3688
9683,0.6312,0.2372150782077248,5.378162802446425,0.6312,0.6312,3689
2226,0.6311,0.23720614767251572,5.377960328503596,0.6311,0.6311,3690
4521,0.631,0.23720388596216618,5.37790905079081,0.631,0.631,3691
6264,0.6309,0.2371588513804817,5.376888022473284,0.6309,0.6309,3692
2851,0.6308,0.23715310092864053,5.376757647683707,0.6308,0.6308,3693
5587,0.6307,0.23715281195855084,5.376751096125982,0.6307,0.6307,3694
5999,0.6306,0.23714427452751874,5.376557534678522,0.6306,0.6306,3695
9939,0.6305,0.23714023918349209,5.376466044974997,0.6305,0.6305,3696
1524,0.6304,0.23713862957412876,5.376429551758599,0.6304,0.6304,3697
7548,0.6303,0.23713721185364717,5.376397409063694,0.6303,0.6303,3698
9179,0.6302,0.2371268590697939,5.376162689765729,0.6302,0.6302,3699
4938,0.6301,0.2371230321482068,5.376075925435325,0.6301,0.6301,3700
2013,0.63,0.23712068889477053,5.376022798969909,0.63,0.63,3701
2469,0.6299,0.23711870819827416,5.37597789243033,0.6299,0.6299,3702
7830,0.6298,0.23711465684740696,5.375886039819023,0.6298,0.6298,3703
6674,0.6297,0.23710463920452293,5.375658918867329,0.6297,0.6297,3704
6286,0.6296,0.23710248070373752,5.375609981131367,0.6296,0.6296,3705
2570,0.6295,0.23710184197959622,5.3755954999184645,0.6295,0.6295,3706
3700,0.6294,0.23709659123453228,5.375476454525976,0.6294,0.6294,3707
4790,0.6293,0.23708484344903802,5.3752101076162395,0.6293,0.6293,3708
2698,0.6292,0.23707596883968968,5.375008901630091,0.6292,0.6292,3709
4677,0.6291,0.23707492500066576,5.374985235612124,0.6291,0.6291,3710
5450,0.629,0.23706663133863365,5.374797200919646,0.629,0.629,3711
4474,0.6289,0.23706311724316928,5.374717529013099,0.6289,0.6289,3712
2855,0.6288,0.2370482893844738,5.374381350390861,0.6288,0.6288,3713
711,0.6287,0.23704062270140422,5.374207530623484,0.6287,0.6287,3714
308,0.6286,0.23702856708312894,5.373934204499459,0.6286,0.6286,3715
6626,0.6285,0.23702179490676764,5.373780665072843,0.6285,0.6285,3716
293,0.6284,0.2370172290137063,5.373677146712282,0.6284,0.6284,3717
6840,0.6283,0.23701132154791368,5.373543212085799,0.6283,0.6283,3718
72,0.6282,0.23700462442530898,5.373391374285826,0.6282,0.6282,3719
4553,0.6281,0.23698472959024178,5.372940316694469,0.6281,0.6281,3720
6529,0.628,0.23698265499722468,5.372893281323323,0.628,0.628,3721
9496,0.6279,0.23697666690327654,5.372757518689402,0.6279,0.6279,3722
1095,0.6278,0.2369730518504144,5.372675557866432,0.6278,0.6278,3723
986,0.6277,0.23697249357859684,5.372662900674543,0.6277,0.6277,3724
4395,0.6276,0.23695228692998271,5.372204773616224,0.6276,0.6276,3725
8846,0.6275,0.2369422859778526,5.371978031079722,0.6275,0.6275,3726
6425,0.6274,0.23694014571592392,5.371929506857881,0.6274,0.6274,3727
6291,0.6273,0.23693947284376585,5.371914251436245,0.6273,0.6273,3728
3894,0.6272,0.2369296038892827,5.371690501562434,0.6272,0.6272,3729
6851,0.6271,0.23692246421941998,5.371528630288127,0.6271,0.6271,3730
1779,0.627,0.23690683999881385,5.371174396472917,0.627,0.627,3731
8013,0.6269,0.23689698718700494,5.3709510125868825,0.6269,0.6269,3732
7943,0.6268,0.2368910700853781,5.370816859496432,0.6268,0.6268,3733
9543,0.6267,0.2368812990806144,5.370595330347709,0.6267,0.6267,3734
9725,0.6266,0.23688058626047684,5.370579169221199,0.6266,0.6266,3735
1243,0.6265,0.23687552681210228,5.370464460926519,0.6265,0.6265,3736
5653,0.6264,0.23687346254284458,5.370417659618981,0.6264,0.6264,3737
6823,0.6263,0.2368657015895835,5.370241702547967,0.6263,0.6263,3738
7762,0.6262,0.23686464754799735,5.370217805217767,0.6262,0.6262,3739
6250,0.6261,0.23686028854448385,5.370118977475523,0.6261,0.6261,3740
581,0.626,0.23684955666886431,5.3698756633720315,0.626,0.626,3741
7960,0.6259,0.23684682982329097,5.369813840068832,0.6259,0.6259,3742
5383,0.6258,0.23684374312926354,5.36974385824774,0.6258,0.6258,3743
2696,0.6257,0.23683544727684294,5.369555773893245,0.6257,0.6257,3744
4294,0.6256,0.2368282833644476,5.369393352991978,0.6256,0.6256,3745
7140,0.6255,0.23682605925311712,5.369342927727145,0.6255,0.6255,3746
501,0.6254,0.23682416751920987,5.369300038156091,0.6254,0.6254,3747
6804,0.6253,0.2368144459218854,5.369079629178034,0.6253,0.6253,3748
7790,0.6252,0.23681407513953173,5.369071222764918,0.6252,0.6252,3749
6600,0.6251,0.23680115583411768,5.368778315045068,0.6251,0.6251,3750
6163,0.625,0.23679637110483856,5.368669835208005,0.625,0.625,3751
7686,0.6249,0.2367953290173554,5.368646208900443,0.6249,0.6249,3752
6052,0.6248,0.2367867961498724,5.368452750919416,0.6248,0.6248,3753
3315,0.6247,0.2367809819015564,5.368320929726863,0.6247,0.6247,3754
9224,0.6246,0.23676885007014428,5.368045875692974,0.6246,0.6246,3755
9118,0.6245,0.23676431596272043,5.367943077977885,0.6245,0.6245,3756
7736,0.6244,0.2367640867057121,5.3679378802421605,0.6244,0.6244,3757
8945,0.6243,0.23676181085332504,5.367886281900387,0.6243,0.6243,3758
6206,0.6242,0.2367576245026752,5.367791368560268,0.6242,0.6242,3759
9130,0.6241,0.23674946817966663,5.3676064476302106,0.6241,0.6241,3760
4493,0.624,0.23673984039583573,5.3673881655998406,0.624,0.624,3761
331,0.6239,0.23671071752862863,5.366727889185383,0.6239,0.6239,3762
2420,0.6238,0.23670353560229027,5.366565059870142,0.6238,0.6238,3763
275,0.6237,0.2366955175744818,5.366383274381542,0.6237,0.6237,3764
9525,0.6236,0.2366869082850789,5.3661880837521325,0.6236,0.6236,3765
4544,0.6235,0.23667986396926752,5.366028374355357,0.6235,0.6235,3766
9614,0.6234,0.23667652777968376,5.365952735946931,0.6234,0.6234,3767
7192,0.6233,0.23667014127294667,5.365807940459821,0.6233,0.6233,3768
3494,0.6232,0.23665874980473772,5.365549672010006,0.6232,0.6232,3769
5558,0.6231,0.23665631935981699,5.365494568730481,0.6231,0.6231,3770
4247,0.623,0.23664673327140387,5.365277232023965,0.623,0.623,3771
1632,0.6229,0.23662627689818522,5.364813443185499,0.6229,0.6229,3772
3600,0.6228,0.23661767363355035,5.364618389152663,0.6228,0.6228,3773
9379,0.6227,0.23661752359787358,5.3646149875284594,0.6227,0.6227,3774
9597,0.6226,0.23659027196508892,5.36399713591929,0.6226,0.6226,3775
8786,0.6225,0.23658331324652557,5.363839367190772,0.6225,0.6225,3776
6646,0.6224,0.2365810022194799,5.363786971366758,0.6224,0.6224,3777
2965,0.6223,0.23657831644455607,5.3637260792213555,0.6223,0.6223,3778
7414,0.6222,0.236575193969235,5.363655286164802,0.6222,0.6222,3779
9027,0.6221,0.2365720400026249,5.363583779133244,0.6221,0.6221,3780
7252,0.622,0.23655063448014926,5.363098471092933,0.622,0.622,3781
4440,0.6219,0.23654600965936098,5.362993616717183,0.6219,0.6219,3782
7135,0.6218,0.23653160356565164,5.362667000391097,0.6218,0.6218,3783
9775,0.6217,0.23653129806827258,5.362660074126177,0.6217,0.6217,3784
516,0.6216,0.2365264278099635,5.362549655166092,0.6216,0.6216,3785
3655,0.6215,0.23652141159510995,5.362435927066534,0.6215,0.6215,3786
3219,0.6214,0.2365179400368893,5.3623572195679055,0.6214,0.6214,3787
3274,0.6213,0.2365159080239969,5.362311149578825,0.6213,0.6213,3788
9187,0.6212,0.23649909724641033,5.3619300140316,0.6212,0.6212,3789
3487,0.6211,0.23649668124030296,5.3618752381105645,0.6211,0.6211,3790
9274,0.621,0.23649118903004643,5.361750718197794,0.621,0.621,3791
65,0.6209,0.23647748420760836,5.36144000116108,0.6209,0.6209,3792
8934,0.6208,0.23647349733175374,5.361349610331963,0.6208,0.6208,3793
2371,0.6207,0.23645922868745686,5.361026110272458,0.6207,0.6207,3794
1817,0.6206,0.23644505299770993,5.360704717687427,0.6206,0.6206,3795
5279,0.6205,0.23644329518421434,5.3606648643727155,0.6205,0.6205,3796
3363,0.6204,0.2364325251862415,5.360420685955226,0.6204,0.6204,3797
7656,0.6203,0.23643129908257673,5.360392887615903,0.6203,0.6203,3798
3746,0.6202,0.2364214739447773,5.360170131156439,0.6202,0.6202,3799
4448,0.6201,0.23640532680314155,5.359804041627622,0.6201,0.6201,3800
1861,0.62,0.2364030961417127,5.359753467859297,0.62,0.62,3801
6985,0.6199,0.23638544125824562,5.359353194662882,0.6199,0.6199,3802
8435,0.6198,0.23638250568712219,5.35928663911595,0.6198,0.6198,3803
1177,0.6197,0.23638143914451884,5.359262458359964,0.6197,0.6197,3804
4675,0.6196,0.2363783539408223,5.359192510329484,0.6196,0.6196,3805
749,0.6195,0.23637569791134574,5.359132292577036,0.6195,0.6195,3806
2644,0.6194,0.23637368005340062,5.3590865435094965,0.6194,0.6194,3807
1221,0.6193,0.23636735013294077,5.35894303095151,0.6193,0.6193,3808
6649,0.6192,0.23636460299087522,5.358880747484419,0.6192,0.6192,3809
9860,0.6191,0.23635390829051864,5.3586382762214475,0.6191,0.6191,3810
664,0.619,0.23634930768346582,5.35853397082171,0.619,0.619,3811
9736,0.6189,0.2363403967374127,5.358331941005444,0.6189,0.6189,3812
8300,0.6188,0.2363272395780381,5.358033640636491,0.6188,0.6188,3813
4261,0.6187,0.23632677290541323,5.358023060190803,0.6187,0.6187,3814
4951,0.6186,0.23632601889047233,5.358005965093345,0.6186,0.6186,3815
4310,0.6185,0.23632526816800112,5.3579889446422175,0.6185,0.6185,3816
237,0.6184,0.23631578239108003,5.357773882205391,0.6184,0.6184,3817
5162,0.6183,0.2363099241590126,5.357641063810013,0.6183,0.6183,3818
4875,0.6182,0.23630906562199655,5.35762159897787,0.6182,0.6182,3819
7978,0.6181,0.23628813286788108,5.3571470095872495,0.6181,0.6181,3820
2305,0.618,0.23628381679334942,5.3570491551361386,0.618,0.618,3821
4280,0.6179,0.23628328913461724,5.357037192004957,0.6179,0.6179,3822
1669,0.6178,0.23627339492690588,5.356812869588627,0.6178,0.6178,3823
1844,0.6177,0.23626368235065956,5.356592665136729,0.6177,0.6177,3824
5758,0.6176,0.2362623074187188,5.356561492548325,0.6176,0.6176,3825
5843,0.6175,0.23625809893312869,5.3564660773633666,0.6175,0.6175,3826
2160,0.6174,0.23625784245599166,5.356460262488676,0.6174,0.6174,3827
3253,0.6173,0.2362570683572505,5.356442712049252,0.6173,0.6173,3828
1551,0.6172,0.23625638844869382,5.356427297097883,0.6172,0.6172,3829
8528,0.6171,0.23625617394224716,5.356422433786007,0.6171,0.6171,3830
2333,0.617,0.2362560566640454,5.356419774844175,0.617,0.617,3831
404,0.6169,0.23625406249185693,5.356374562783586,0.6169,0.6169,3832
9255,0.6168,0.23625088077313888,5.356302426553017,0.6168,0.6168,3833
1989,0.6167,0.23624927508030802,5.356266022133653,0.6167,0.6167,3834
1305,0.6166,0.23624426404535515,5.356152411472742,0.6166,0.6166,3835
8962,0.6165,0.2362281948588425,5.3557880893490255,0.6165,0.6165,3836
7368,0.6164,0.23622775996804118,5.355778229462106,0.6164,0.6164,3837
555,0.6163,0.23622691165471985,5.355758996422959,0.6163,0.6163,3838
1491,0.6162,0.23622436654454,5.355701293442929,0.6162,0.6162,3839
2311,0.6161,0.23621673023678777,5.355528162346933,0.6161,0.6161,3840
8545,0.616,0.23621299544009586,5.355443486681983,0.616,0.616,3841
7801,0.6159,0.23621162440024518,5.355412402336466,0.6159,0.6159,3842
8694,0.6158,0.23620828265141355,5.355336637889876,0.6158,0.6158,3843
4019,0.6157,0.2362062664924425,5.3552909273409535,0.6157,0.6157,3844
2606,0.6156,0.23620241415681884,5.355203586821631,0.6156,0.6156,3845
3226,0.6155,0.2362005131692437,5.3551604874508305,0.6155,0.6155,3846
3049,0.6154,0.2361906340927773,5.354936508089147,0.6154,0.6154,3847
1988,0.6153,0.23618617227530134,5.354835349340387,0.6153,0.6153,3848
7200,0.6152,0.2361782889277755,5.354656617335967,0.6152,0.6152,3849
8278,0.6151,0.23617552405854184,5.354593931957621,0.6151,0.6151,3850
9713,0.615,0.23617394987225898,5.354558241856362,0.615,0.615,3851
7036,0.6149,0.2361722913516175,5.354520639718765,0.6149,0.6149,3852
2388,0.6148,0.23616972928837576,5.35446255237621,0.6148,0.6148,3853
9834,0.6147,0.2361601471540936,5.354245305318298,0.6147,0.6147,3854
628,0.6146,0.2361559973033067,5.354151219506728,0.6146,0.6146,3855
2710,0.6145,0.23615319780686042,5.354087749057657,0.6145,0.6145,3856
2,0.6144,0.23613845920947132,5.353753594175502,0.6144,0.6144,3857
1772,0.6143,0.2361293994267821,5.353548189921046,0.6143,0.6143,3858
609,0.6142,0.23612017319297,5.353339011870614,0.6142,0.6142,3859
2145,0.6141,0.23611181485311108,5.3531495107956495,0.6141,0.6141,3860
3393,0.614,0.23610766105679395,5.353055335531442,0.614,0.614,3861
3749,0.6139,0.23610121667689624,5.352909227936766,0.6139,0.6139,3862
1123,0.6138,0.23609350970553372,5.352734494750072,0.6138,0.6138,3863
162,0.6137,0.23608882522861135,5.352628287844187,0.6137,0.6137,3864
2664,0.6136,0.23606824115206257,5.3521616037037,0.6136,0.6136,3865
9841,0.6135,0.23605663609962327,5.351898492851026,0.6135,0.6135,3866
8998,0.6134,0.23605644155362585,5.351894082086505,0.6134,0.6134,3867
7592,0.6133,0.23604890004918752,5.351723100379361,0.6133,0.6133,3868
2375,0.6132,0.23604748291603803,5.3516909710032925,0.6132,0.6132,3869
5708,0.6131,0.23602464244521087,5.351173129677914,0.6131,0.6131,3870
2411,0.613,0.23600589591828192,5.350748106637559,0.613,0.613,3871
4369,0.6129,0.23600436310032752,5.350713354442118,0.6129,0.6129,3872
9764,0.6128,0.23600118977072967,5.3506414084122715,0.6128,0.6128,3873
9836,0.6127,0.23599434550647536,5.350486234602723,0.6127,0.6127,3874
2050,0.6126,0.2359940362949699,5.350479224129644,0.6126,0.6126,3875
5668,0.6125,0.2359891205257138,5.350367773342051,0.6125,0.6125,3876
1063,0.6124,0.23598824135269264,5.350347840647411,0.6124,0.6124,3877
753,0.6123,0.23598802869811006,5.35034301932206,0.6123,0.6123,3878
7533,0.6122,0.23598527702731847,5.350280633181069,0.6122,0.6122,3879
1269,0.6121,0.23598504010682328,5.350275261696501,0.6121,0.6121,3880
1331,0.612,0.23598420980915477,5.350256437109408,0.612,0.612,3881
373,0.6119,0.23598278671487866,5.3502241725803525,0.6119,0.6119,3882
7493,0.6118,0.23598238737992497,5.350215118819387,0.6118,0.6118,3883
5528,0.6117,0.23597816077769287,5.350119292892692,0.6117,0.6117,3884
7089,0.6116,0.23596871341029352,5.349905101281421,0.6116,0.6116,3885
3040,0.6115,0.23596515145770075,5.349824344353045,0.6115,0.6115,3886
821,0.6114,0.23595980254264268,5.349703073242599,0.6114,0.6114,3887
345,0.6113,0.23595289848987133,5.349546543901752,0.6113,0.6113,3888
5989,0.6112,0.23595284420916324,5.349545313243716,0.6112,0.6112,3889
5818,0.6111,0.2359467985181546,5.34940824476339,0.6111,0.6111,3890
9387,0.611,0.2359434651420693,5.349332670143035,0.611,0.611,3891
9353,0.6109,0.23593412020559665,5.3491208008562054,0.6109,0.6109,3892
482,0.6108,0.23593276552601017,5.3490900874309375,0.6108,0.6108,3893
7399,0.6107,0.23592615573394518,5.348940229596727,0.6107,0.6107,3894
4402,0.6106,0.23591709498916263,5.348734803530405,0.6106,0.6106,3895
9299,0.6105,0.23591529833711575,5.348694069664899,0.6105,0.6105,3896
7534,0.6104,0.23589455879073984,5.348223860698248,0.6104,0.6104,3897
3805,0.6103,0.23588114771590138,5.347919803533644,0.6103,0.6103,3898
3452,0.6102,0.2358809051391626,5.347914303811517,0.6102,0.6102,3899
5187,0.6101,0.23587925624677908,5.347876919966884,0.6101,0.6101,3900
9753,0.61,0.23587297474319088,5.34773450511998,0.61,0.61,3901
7780,0.6099,0.2358612202905319,5.347468007052306,0.6099,0.6099,3902
6857,0.6098,0.23585417281105306,5.347308225927286,0.6098,0.6098,3903
5049,0.6097,0.2358534768536604,5.347292447115154,0.6097,0.6097,3904
5845,0.6096,0.23584145754799488,5.347019944274376,0.6096,0.6096,3905
2022,0.6095,0.23584120934553854,5.347014317004103,0.6095,0.6095,3906
880,0.6094,0.2358339806738868,5.346850427873355,0.6094,0.6094,3907
6561,0.6093,0.235833364260378,5.346836452487982,0.6093,0.6093,3908
3760,0.6092,0.23582781130763594,5.346710555416719,0.6092,0.6092,3909
353,0.6091,0.235825707003717,5.346662846437089,0.6091,0.6091,3910
7439,0.609,0.23582489697890663,5.346644481477809,0.609,0.609,3911
8083,0.6089,0.23581948088172536,5.346521687207417,0.6089,0.6089,3912
3942,0.6088,0.235788808982064,5.345826290982526,0.6088,0.6088,3913
9419,0.6087,0.2357667909452149,5.345327095959134,0.6087,0.6087,3914
9388,0.6086,0.23576595074626616,5.345308046887319,0.6086,0.6086,3915
5752,0.6085,0.23572838801508098,5.344456421076345,0.6085,0.6085,3916
4456,0.6084,0.23572395528837628,5.344355921874516,0.6084,0.6084,3917
8499,0.6083,0.23572334181678783,5.344342013188856,0.6083,0.6083,3918
7815,0.6082,0.23572331820263084,5.344341477806779,0.6082,0.6082,3919
5163,0.6081,0.23572274098181606,5.344328391000593,0.6081,0.6081,3920
3386,0.608,0.2357156205508695,5.344166955913852,0.608,0.608,3921
8314,0.6079,0.23571432198827322,5.3441375147786285,0.6079,0.6079,3922
1461,0.6078,0.23571111762206384,5.344064865084008,0.6078,0.6078,3923
4683,0.6077,0.23568732577677315,5.3435254541053805,0.6077,0.6077,3924
1086,0.6076,0.23567270606748428,5.343193994667197,0.6076,0.6076,3925
9845,0.6075,0.23567218014771962,5.343182070963911,0.6075,0.6075,3926
5665,0.6074,0.23566759993392863,5.3430782279212234,0.6074,0.6074,3927
8635,0.6073,0.23565760706566463,5.342851668663219,0.6073,0.6073,3928
8368,0.6072,0.23565629470019403,5.342821914587573,0.6072,0.6072,3929
6433,0.6071,0.2356456417922207,5.342580390845816,0.6071,0.6071,3930
8860,0.607,0.23563940289184557,5.3424389419028016,0.607,0.607,3931
3266,0.6069,0.23563819601208139,5.342411579410464,0.6069,0.6069,3932
720,0.6068,0.2356275031745665,5.342169150381712,0.6068,0.6068,3933
4050,0.6067,0.2356180744424816,5.341955381271084,0.6067,0.6067,3934
1105,0.6066,0.23561055767197947,5.341784960336384,0.6066,0.6066,3935
9949,0.6065,0.23560796322172253,5.341726138713155,0.6065,0.6065,3936
261,0.6064,0.23560725831120957,5.341710156914383,0.6064,0.6064,3937
6903,0.6063,0.2356036597028761,5.341628568925271,0.6063,0.6063,3938
3687,0.6062,0.23559112841149876,5.341344458295468,0.6062,0.6062,3939
8036,0.6061,0.23558234766886008,5.341145380463942,0.6061,0.6061,3940
6577,0.606,0.23557696055874353,5.341023243391101,0.606,0.606,3941
7854,0.6059,0.23557551386355385,5.340990443780985,0.6059,0.6059,3942
6667,0.6058,0.23556245631573008,5.340694401814838,0.6058,0.6058,3943
3740,0.6057,0.23556177579563228,5.3406789729983695,0.6057,0.6057,3944
952,0.6056,0.23556097413711743,5.3406607977206395,0.6056,0.6056,3945
9306,0.6055,0.23554485056590269,5.340295242581296,0.6055,0.6055,3946
9302,0.6054,0.23554430753154404,5.340282930854487,0.6054,0.6054,3947
7520,0.6053,0.23554070442068797,5.340201240783858,0.6053,0.6053,3948
7803,0.6052,0.2355347377498367,5.340065963854099,0.6052,0.6052,3949
3206,0.6051,0.23552640565755067,5.3398770578659915,0.6051,0.6051,3950
9599,0.605,0.2355188633301027,5.339706057501024,0.605,0.605,3951
5636,0.6049,0.23551883232724474,5.339705354601537,0.6049,0.6049,3952
1600,0.6048,0.23550820714659804,5.339464459495,0.6048,0.6048,3953
3299,0.6047,0.23550738397463913,5.339445796462735,0.6047,0.6047,3954
8334,0.6046,0.23549622869281864,5.339192882853212,0.6046,0.6046,3955
1587,0.6045,0.23549475671155753,5.339159509953958,0.6045,0.6045,3956
9418,0.6044,0.23549301890359792,5.33912011020577,0.6044,0.6044,3957
2184,0.6043,0.23547916247009487,5.338805955828329,0.6043,0.6043,3958
6272,0.6042,0.23547747080654338,5.338767602272345,0.6042,0.6042,3959
3900,0.6041,0.23547481333733017,5.338707351877986,0.6041,0.6041,3960
6964,0.604,0.235468329484762,5.338560349355808,0.604,0.604,3961
2117,0.6039,0.23546403201466823,5.338462916705454,0.6039,0.6039,3962
1013,0.6038,0.23545554363978427,5.338270467463277,0.6038,0.6038,3963
4694,0.6037,0.23544895593765455,5.338121110454159,0.6037,0.6037,3964
2031,0.6036,0.23544805575891106,5.338100701515311,0.6036,0.6036,3965
8142,0.6035,0.23544684884373987,5.338073338220176,0.6035,0.6035,3966
244,0.6034,0.23544155529796307,5.33795332244676,0.6034,0.6034,3967
1320,0.6033,0.2354379960590362,5.337872627044844,0.6033,0.6033,3968
6999,0.6032,0.23543756228574925,5.3378627924941044,0.6032,0.6032,3969
3115,0.6031,0.23543440403255306,5.337791188278912,0.6031,0.6031,3970
740,0.603,0.2354185693518083,5.337432182890777,0.603,0.603,3971
988,0.6029,0.23541808943493556,5.337421302170938,0.6029,0.6029,3972
4290,0.6028,0.2354086273929027,5.337206777853358,0.6028,0.6028,3973
8574,0.6027,0.23540825954397807,5.337198437948367,0.6027,0.6027,3974
3007,0.6026,0.23540508689629877,5.337126507378432,0.6026,0.6026,3975
7110,0.6025,0.23539764358242168,5.336957751858434,0.6025,0.6025,3976
3138,0.6024,0.23539048566351709,5.3367954668410515,0.6024,0.6024,3977
886,0.6023,0.23537442551852988,5.336431349706927,0.6023,0.6023,3978
3551,0.6022,0.235371929400203,5.336374757475142,0.6022,0.6022,3979
8465,0.6021,0.2353635905016515,5.336185697173642,0.6021,0.6021,3980
3935,0.602,0.2353604397993493,5.336114264151194,0.602,0.602,3981
5499,0.6019,0.23535207283888063,5.335924567629112,0.6019,0.6019,3982
9053,0.6018,0.23533809073315434,5.335607563999482,0.6018,0.6018,3983
6069,0.6017,0.23533153315919086,5.335458890058378,0.6017,0.6017,3984
7593,0.6016,0.23530537230821405,5.334865768758777,0.6016,0.6016,3985
5257,0.6015,0.23530440635624564,5.334843868602927,0.6015,0.6015,3986
8767,0.6014,0.2352986059785812,5.33471236188981,0.6014,0.6014,3987
1193,0.6013,0.2352953435541064,5.334638395891509,0.6013,0.6013,3988
3112,0.6012,0.23529289035370862,5.334582776699712,0.6012,0.6012,3989
5916,0.6011,0.23528985649322803,5.3345139927260155,0.6011,0.6011,3990
6488,0.601,0.2352884048274424,5.334481080421155,0.601,0.601,3991
8399,0.6009,0.23527386324268473,5.334151392229149,0.6009,0.6009,3992
3606,0.6008,0.23524908488356674,5.333589614916058,0.6008,0.6008,3993
9876,0.6007,0.23524722681039303,5.333547488505018,0.6007,0.6007,3994
2342,0.6006,0.23524507098725803,5.333498611477182,0.6006,0.6006,3995
1572,0.6005,0.23524061131360127,5.333397501332799,0.6005,0.6005,3996
3754,0.6004,0.23523446575510865,5.333258168646631,0.6004,0.6004,3997
9994,0.6003,0.23523431024934874,5.3332546430054215,0.6003,0.6003,3998
2213,0.6002,0.2352306605581388,5.333171896857782,0.6002,0.6002,3999
9924,0.6001,0.23522034529018004,5.332938028123036,0.6001,0.6001,4000
6151,0.6,0.2352180712140948,5.332886470053983,0.6,0.6,4001
7037,0.5999,0.2352161522784673,5.332842963762252,0.5999,0.5999,4002
1871,0.5998,0.23521554323316896,5.332829155429454,0.5998,0.5998,4003
314,0.5997,0.23520812206805145,5.332660902069017,0.5997,0.5997,4004
8544,0.5996,0.23519751771725644,5.3324204792204535,0.5996,0.5996,4005
5511,0.5995,0.23519113427202393,5.3322757531424,0.5995,0.5995,4006
2697,0.5994,0.23518482958360004,5.332132812647801,0.5994,0.5994,4007
4500,0.5993,0.23517633731815638,5.331940275198068,0.5993,0.5993,4008
4981,0.5992,0.23516654124237685,5.331718177636995,0.5992,0.5992,4009
7030,0.5991,0.23515386898421978,5.331430870995171,0.5991,0.5991,4010
271,0.599,0.2351537857929484,5.331428984874755,0.599,0.599,4011
2826,0.5989,0.23515375301417177,5.331428241711418,0.5989,0.5989,4012
1913,0.5988,0.23514901060601237,5.331320721382571,0.5988,0.5988,4013
5190,0.5987,0.23513886802415485,5.331090767802996,0.5987,0.5987,4014
9886,0.5986,0.2351319716889799,5.330934413435133,0.5986,0.5986,4015
7655,0.5985,0.23513152178888036,5.330924213257596,0.5985,0.5985,4016
1476,0.5984,0.23510872741967795,5.330407417152442,0.5984,0.5984,4017
5896,0.5983,0.23510115101270648,5.330235644133495,0.5983,0.5983,4018
5161,0.5982,0.23509893180266214,5.330185329993067,0.5982,0.5982,4019
3725,0.5981,0.2350820865062743,5.32980341183168,0.5981,0.5981,4020
2254,0.598,0.2350798885072543,5.32975357858941,0.598,0.598,4021
5879,0.5979,0.23506520227790223,5.329420611000503,0.5979,0.5979,4022
9386,0.5978,0.23505797985335822,5.329256863505387,0.5978,0.5978,4023
7707,0.5977,0.23505643165897808,5.329221762695692,0.5977,0.5977,4024
9964,0.5976,0.23504468530357497,5.328955448208038,0.5976,0.5976,4025
9979,0.5975,0.23503647262514094,5.328769249582177,0.5975,0.5975,4026
6865,0.5974,0.2350286344290473,5.328591541255036,0.5974,0.5974,4027
5436,0.5973,0.2350262762902326,5.328538077308724,0.5973,0.5973,4028
3070,0.5972,0.2350059043714401,5.328076203228206,0.5972,0.5972,4029
2466,0.5971,0.23500539958610991,5.328064758688268,0.5971,0.5971,4030
7741,0.597,0.23498865662659266,5.327685160719327,0.597,0.597,4031
6762,0.5969,0.23498282051447592,5.3275528438296655,0.5969,0.5969,4032
7985,0.5968,0.23497062587985693,5.327276365913852,0.5968,0.5968,4033
4511,0.5967,0.2349697570867705,5.327256668554571,0.5967,0.5967,4034
4900,0.5966,0.23496373851507057,5.327120214924698,0.5966,0.5966,4035
4063,0.5965,0.23495960405190697,5.327026477983527,0.5965,0.5965,4036
5740,0.5964,0.2349475823149281,5.326753920019846,0.5964,0.5964,4037
2400,0.5963,0.23494363591191716,5.3266644467948465,0.5963,0.5963,4038
119,0.5962,0.23494334055241511,5.326657750377028,0.5962,0.5962,4039
9211,0.5961,0.2348936121860381,5.32553030412665,0.5961,0.5961,4040
2806,0.596,0.23487957792130978,5.325212117942767,0.596,0.596,4041
9169,0.5959,0.23487382281225946,5.325081637563881,0.5959,0.5959,4042
3536,0.5958,0.23486373945710404,5.3248530267773075,0.5958,0.5958,4043
7101,0.5957,0.23485511974469792,5.324657599837968,0.5957,0.5957,4044
6474,0.5956,0.23485387801186067,5.324629447153112,0.5956,0.5956,4045
7928,0.5955,0.2348532495754424,5.324615199183151,0.5955,0.5955,4046
5146,0.5954,0.23483944993590555,5.324302332443758,0.5954,0.5954,4047
8460,0.5953,0.23482333465489788,5.323936965260732,0.5953,0.5953,4048
2193,0.5952,0.23482094361930497,5.323882755474753,0.5952,0.5952,4049
8434,0.5951,0.23481901515537748,5.323839033155845,0.5951,0.5951,4050
9943,0.595,0.23481746680161175,5.323803928733514,0.595,0.595,4051
9148,0.5949,0.23481009468154795,5.323636787326616,0.5949,0.5949,4052
3940,0.5948,0.2348068846994266,5.323564010307395,0.5948,0.5948,4053
717,0.5947,0.2347996062789766,5.323398993265718,0.5947,0.5947,4054
627,0.5946,0.23479861177000877,5.323376445664177,0.5946,0.5946,4055
4811,0.5945,0.23479775855659774,5.323357101529011,0.5945,0.5945,4056
5155,0.5944,0.23479312245093922,5.323251991300468,0.5944,0.5944,4057
9309,0.5943,0.23478597843854154,5.32309002157254,0.5943,0.5943,4058
3458,0.5942,0.23476904885430855,5.32270619242991,0.5942,0.5942,4059
3810,0.5941,0.23476242716356,5.32255606482751,0.5941,0.5941,4060
9658,0.594,0.2347531369169716,5.3223454354736015,0.594,0.594,4061
467,0.5939,0.234746128627138,5.3221865428606945,0.5939,0.5939,4062
6235,0.5938,0.23474413104002695,5.322141253374334,0.5938,0.5938,4063
3025,0.5937,0.23474118060102997,5.3220743607415795,0.5937,0.5937,4064
3075,0.5936,0.23472922897842602,5.321803392418492,0.5936,0.5936,4065
1169,0.5935,0.2347214429485161,5.321626866807588,0.5935,0.5935,4066
3418,0.5934,0.23470943011393636,5.3213545106799325,0.5934,0.5934,4067
9173,0.5933,0.234704702528997,5.321247326425673,0.5933,0.5933,4068
1608,0.5932,0.23468612405235018,5.320826113436147,0.5932,0.5932,4069
4731,0.5931,0.23468453032767453,5.320789980358648,0.5931,0.5931,4070
4452,0.593,0.23467047103576796,5.320471226756832,0.593,0.593,4071
5958,0.5929,0.23465662827049344,5.32015738226734,0.5929,0.5929,4072
788,0.5928,0.2346556330741406,5.3201348190805255,0.5928,0.5928,4073
5790,0.5927,0.23465454727473392,5.320110201732046,0.5927,0.5927,4074
3026,0.5926,0.23463787525306343,5.319732212072761,0.5926,0.5926,4075
2457,0.5925,0.23463587322575646,5.319686821919784,0.5925,0.5925,4076
4840,0.5924,0.2346283208247009,5.319515593165197,0.5924,0.5924,4077
5546,0.5923,0.2346045045579214,5.318975628499453,0.5923,0.5923,4078
4837,0.5922,0.2346031219130937,5.318944281045185,0.5922,0.5922,4079
9955,0.5921,0.2346029907227163,5.318941306684031,0.5921,0.5921,4080
6116,0.592,0.23459640038612556,5.31879188994742,0.592,0.592,4081
1896,0.5919,0.2345944487386329,5.318747642008873,0.5919,0.5919,4082
44,0.5918,0.2345922663327736,5.318698162296626,0.5918,0.5918,4083
5372,0.5917,0.23458987476028562,5.318643940337974,0.5917,0.5917,4084
7448,0.5916,0.23458634201426143,5.318563845585103,0.5916,0.5916,4085
4839,0.5915,0.23458042553030853,5.318429706496757,0.5915,0.5915,4086
6834,0.5914,0.23456473195962213,5.3180739003714645,0.5914,0.5914,4087
2966,0.5913,0.23454529535040042,5.317633231719433,0.5913,0.5913,4088
2497,0.5912,0.23454506700895567,5.317628054740224,0.5912,0.5912,4089
569,0.5911,0.23454410454206748,5.317606233599478,0.5911,0.5911,4090
7549,0.591,0.2345390293316359,5.317491167946418,0.591,0.591,4091
9017,0.5909,0.23453661135936207,5.317436347448739,0.5909,0.5909,4092
4016,0.5908,0.23452635524033025,5.317203819743641,0.5908,0.5908,4093
2847,0.5907,0.23452305368159693,5.3171289664902295,0.5907,0.5907,4094
3129,0.5906,0.23451452091891434,5.316935510883077,0.5906,0.5906,4095
3288,0.5905,0.2345063893813656,5.316751151891082,0.5905,0.5905,4096
1569,0.5904,0.23450199249623704,5.316651465293377,0.5904,0.5904,4097
3165,0.5903,0.2344972587750857,5.316544141917278,0.5903,0.5903,4098
2842,0.5902,0.23449433265125133,5.316477800559687,0.5902,0.5902,4099
8898,0.5901,0.23447934277619656,5.316137948687195,0.5901,0.5901,4100
6188,0.59,0.23446531301037746,5.315819864503289,0.59,0.59,4101
6997,0.5899,0.2344624188513956,5.31575424785525,0.5899,0.5899,4102
5906,0.5898,0.23445529761417525,5.3155927944888886,0.5898,0.5898,4103
5031,0.5897,0.234436624667366,5.3151694396629585,0.5897,0.5897,4104
1543,0.5896,0.23443232463232802,5.3150719488593685,0.5896,0.5896,4105
6072,0.5895,0.2344144227214903,5.314666075035884,0.5895,0.5895,4106
3605,0.5894,0.23441062400605736,5.314579950198419,0.5894,0.5894,4107
9252,0.5893,0.23440851755497166,5.314532192538704,0.5893,0.5893,4108
2608,0.5892,0.23438891453503913,5.314087751008359,0.5892,0.5892,4109
21,0.5891,0.23438802650104415,5.314067617416395,0.5891,0.5891,4110
9422,0.589,0.23438387674639247,5.313973533784938,0.589,0.589,4111
2857,0.5889,0.2343776517683357,5.3138324004900035,0.5889,0.5889,4112
2726,0.5888,0.23435743752197086,5.31337410117477,0.5888,0.5888,4113
4656,0.5887,0.23434465001767063,5.313084181662667,0.5887,0.5887,4114
531,0.5886,0.23433732302019386,5.312918063279515,0.5886,0.5886,4115
317,0.5885,0.23433300409907673,5.312820144289228,0.5885,0.5885,4116
1400,0.5884,0.2343227562493393,5.312587804065114,0.5884,0.5884,4117
7443,0.5883,0.23431996026782437,5.312524413307263,0.5883,0.5883,4118
7383,0.5882,0.2343098835987114,5.312295954106457,0.5882,0.5882,4119
9366,0.5881,0.23430966185435945,5.31229092669823,0.5881,0.5881,4120
2513,0.588,0.2343071712003685,5.312234458353387,0.588,0.588,4121
3553,0.5879,0.23430678079349565,5.312225607011968,0.5879,0.5879,4122
1262,0.5878,0.2343066481473455,5.312222599646448,0.5878,0.5878,4123
4406,0.5877,0.23429169176975292,5.311883507230216,0.5877,0.5877,4124
3821,0.5876,0.23429063496716374,5.311859547302349,0.5876,0.5876,4125
3923,0.5875,0.23428961680802335,5.311836463501348,0.5875,0.5875,4126
8259,0.5874,0.23428260624346986,5.311677519316351,0.5874,0.5874,4127
8027,0.5873,0.23427911295461054,5.311598319139058,0.5873,0.5873,4128
8400,0.5872,0.2342678790429283,5.3113436228255235,0.5872,0.5872,4129
2454,0.5871,0.23426189336994024,5.311207915078104,0.5871,0.5871,4130
6677,0.587,0.23425856979950657,5.311132562773572,0.587,0.587,4131
1114,0.5869,0.23425084308343547,5.310957381932363,0.5869,0.5869,4132
1541,0.5868,0.2342455257741312,5.310836827390468,0.5868,0.5868,4133
1623,0.5867,0.2342442673988428,5.3108082973858926,0.5867,0.5867,4134
6237,0.5866,0.2342431631918489,5.310783262699857,0.5866,0.5866,4135
1016,0.5865,0.2342420498422367,5.310758020732434,0.5865,0.5865,4136
3567,0.5864,0.23423742997934577,5.3106532787608005,0.5864,0.5864,4137
4185,0.5863,0.2342219182198266,5.310301594674521,0.5863,0.5863,4138
1807,0.5862,0.23419648439820037,5.30972495665337,0.5862,0.5862,4139
6952,0.5861,0.23419394736314889,5.3096674367539585,0.5861,0.5861,4140
8669,0.586,0.23419392350895593,5.309666895929061,0.586,0.586,4141
9692,0.5859,0.23418829375898212,5.309539257702425,0.5859,0.5859,4142
6370,0.5858,0.23417443700030677,5.3092250959525344,0.5858,0.5858,4143
3472,0.5857,0.23416140490774057,5.308929631110349,0.5857,0.5857,4144
6786,0.5856,0.23414656568904654,5.308593194933082,0.5856,0.5856,4145
2518,0.5855,0.2341436170551374,5.308526343225132,0.5855,0.5855,4146
2575,0.5854,0.2341434289537093,5.308522078572054,0.5854,0.5854,4147
2940,0.5853,0.23413206692317134,5.308264477536708,0.5853,0.5853,4148
8386,0.5852,0.23413125652217376,5.308246104046999,0.5852,0.5852,4149
5463,0.5851,0.23413087883623956,5.308237541115883,0.5851,0.5851,4150
8676,0.585,0.23411527529567144,5.3078837761616935,0.585,0.585,4151
3043,0.5849,0.23410864882775426,5.30773354025022,0.5849,0.5849,4152
193,0.5848,0.23410586647020493,5.307670458375547,0.5848,0.5848,4153
9987,0.5847,0.23410055379151914,5.307550008820089,0.5847,0.5847,4154
2062,0.5846,0.23408432202420887,5.30718200064775,0.5846,0.5846,4155
1715,0.5845,0.2340833329312225,5.307159575838122,0.5845,0.5845,4156
2251,0.5844,0.23408186931045805,5.307126392489178,0.5844,0.5844,4157
1963,0.5843,0.23407205300560668,5.306903836292811,0.5843,0.5843,4158
7495,0.5842,0.2340685992945593,5.306825533425828,0.5842,0.5842,4159
1484,0.5841,0.23406541368653608,5.30675330901927,0.5841,0.5841,4160
5689,0.584,0.2340550613112218,5.306518598982142,0.584,0.584,4161
2098,0.5839,0.23405172918226919,5.306443052637477,0.5839,0.5839,4162
8840,0.5838,0.2340434743080857,5.306255897345486,0.5838,0.5838,4163
6757,0.5837,0.23404247554079796,5.306233253198745,0.5837,0.5837,4164
3403,0.5836,0.2340330708585435,5.306020029348096,0.5836,0.5836,4165
9092,0.5835,0.23403152150166073,5.305984902181517,0.5835,0.5835,4166
6155,0.5834,0.23403027162124124,5.305956564774279,0.5834,0.5834,4167
6208,0.5833,0.23402344282262913,5.305801741602978,0.5833,0.5833,4168
7337,0.5832,0.23402088461002674,5.305743741564041,0.5832,0.5832,4169
7683,0.5831,0.23401978234319643,5.305718750864847,0.5831,0.5831,4170
8611,0.583,0.2340138002176546,5.30558312354629,0.583,0.583,4171
1528,0.5829,0.2339983737636079,5.305233373513298,0.5829,0.5829,4172
7930,0.5828,0.23399810651409692,5.305227314408136,0.5828,0.5828,4173
2957,0.5827,0.23399738320553584,5.3052109154861125,0.5827,0.5827,4174
1971,0.5826,0.23399379107847093,5.305129474441204,0.5826,0.5826,4175
2936,0.5825,0.2339891805073568,5.305024943135067,0.5825,0.5825,4176
3580,0.5824,0.23398740065038837,5.304984590047674,0.5824,0.5824,4177
4249,0.5823,0.23397270177524143,5.304651335753289,0.5823,0.5823,4178
9551,0.5822,0.23396959469572312,5.304580891751599,0.5822,0.5822,4179
5726,0.5821,0.2339608128136954,5.304381788085737,0.5821,0.5821,4180
6068,0.582,0.23395224852326918,5.304187617680579,0.582,0.582,4181
7812,0.5819,0.2339498234426556,5.3041326360227,0.5819,0.5819,4182
5033,0.5818,0.23391674153181127,5.303382599794343,0.5818,0.5818,4183
8485,0.5817,0.23390969461200628,5.303222831359574,0.5817,0.5817,4184
8472,0.5816,0.23390150713509314,5.303037204103386,0.5816,0.5816,4185
5741,0.5815,0.23389391153985328,5.302864996046054,0.5815,0.5815,4186
6870,0.5814,0.23389093239502126,5.302797452591442,0.5814,0.5814,4187
1937,0.5813,0.23388887005598002,5.302750695045203,0.5813,0.5813,4188
2345,0.5812,0.23387654029390975,5.302471153507571,0.5812,0.5812,4189
8229,0.5811,0.2338755851856338,5.30244949920155,0.5811,0.5811,4190
1934,0.581,0.23386966018674488,5.302315167063453,0.581,0.581,4191
3349,0.5809,0.23385935226899232,5.30208146497299,0.5809,0.5809,4192
4216,0.5808,0.2338500479940502,5.301870517566199,0.5808,0.5808,4193
7,0.5807,0.23384989846829843,5.3018671275038365,0.5807,0.5807,4194
9044,0.5806,0.23382645735658356,5.30133566839213,0.5806,0.5806,4195
5924,0.5805,0.23382256634829543,5.301247451081618,0.5805,0.5805,4196
6408,0.5804,0.23382119319058778,5.301216318719462,0.5804,0.5804,4197
7531,0.5803,0.23381871341918525,5.301160097106539,0.5803,0.5803,4198
8792,0.5802,0.23381854773285357,5.301156340650262,0.5802,0.5802,4199
2447,0.5801,0.233818432318719,5.301153723970608,0.5801,0.5801,4200
9466,0.58,0.23381342752425627,5.301040254794763,0.58,0.58,4201
8748,0.5799,0.233808490577013,5.300928323856561,0.5799,0.5799,4202
1911,0.5798,0.23380686578882845,5.300891486504298,0.5798,0.5798,4203
1555,0.5797,0.23380545769814526,5.3008595621387355,0.5797,0.5797,4204
9674,0.5796,0.23379848073898452,5.300701379858268,0.5796,0.5796,4205
5859,0.5795,0.23379199002931383,5.3005542218722335,0.5795,0.5795,4206
6717,0.5794,0.23379122627098628,5.300536905869728,0.5794,0.5794,4207
744,0.5793,0.2337910938340372,5.300533903247728,0.5793,0.5793,4208
4776,0.5792,0.23378834101648988,5.300471491106798,0.5792,0.5792,4209
4838,0.5791,0.23376189515746643,5.299871908076328,0.5791,0.5791,4210
8001,0.579,0.2337586680461686,5.299798742702781,0.579,0.579,4211
7564,0.5789,0.23374612722835825,5.299514416088469,0.5789,0.5789,4212
8409,0.5788,0.23374607992663507,5.299513343657984,0.5788,0.5788,4213
8532,0.5787,0.23374401069524817,5.299466429847178,0.5787,0.5787,4214
3949,0.5786,0.23374350502849522,5.299454965323667,0.5786,0.5786,4215
3449,0.5785,0.23374134494198284,5.299405991637492,0.5785,0.5785,4216
9431,0.5784,0.23373789882899887,5.299327861036519,0.5784,0.5784,4217
4771,0.5783,0.23373519830751457,5.299266634555604,0.5783,0.5783,4218
2146,0.5782,0.23373193867229652,5.299192731796695,0.5782,0.5782,4219
7908,0.5781,0.23372587304605166,5.299055211341302,0.5781,0.5781,4220
9612,0.578,0.2337251846477154,5.299039603909066,0.578,0.578,4221
5015,0.5779,0.23369737130523907,5.2984090171649365,0.5779,0.5779,4222
1197,0.5778,0.23367479751979098,5.297897222154468,0.5778,0.5778,4223
1918,0.5777,0.23367448113561742,5.2978900490635,0.5777,0.5777,4224
3743,0.5776,0.2336660136142824,5.297698072613918,0.5776,0.5776,4225
2695,0.5775,0.23365601777666753,5.297471446033983,0.5775,0.5775,4226
6915,0.5774,0.23364708223554856,5.297268858596847,0.5774,0.5774,4227
4668,0.5773,0.23364379192654536,5.29719426039725,0.5773,0.5773,4228
2861,0.5772,0.23363524442284175,5.297000470582028,0.5772,0.5772,4229
5840,0.5771,0.23363411433195766,5.296974849054058,0.5771,0.5771,4230
2035,0.577,0.23363169044492813,5.296919894456636,0.577,0.577,4231
2752,0.5769,0.23363077555040826,5.296899151879901,0.5769,0.5769,4232
4738,0.5768,0.233630738416231,5.296898309970312,0.5768,0.5768,4233
3126,0.5767,0.23362735659017098,5.296821636889475,0.5767,0.5767,4234
3642,0.5766,0.2336215425441762,5.296689820285117,0.5766,0.5766,4235
4313,0.5765,0.23361651431337527,5.296575819760042,0.5765,0.5765,4236
4791,0.5764,0.2336120436075528,5.2964744594920345,0.5764,0.5764,4237
1542,0.5763,0.23361119872010383,5.29645530412393,0.5763,0.5763,4238
5996,0.5762,0.23360717050079843,5.296363975952925,0.5762,0.5762,4239
7889,0.5761,0.23360422514688967,5.296297198607221,0.5761,0.5761,4240
8752,0.576,0.23360152306336485,5.296235936713437,0.576,0.576,4241
1018,0.5759,0.23358902284600425,5.295952530596673,0.5759,0.5759,4242
5816,0.5758,0.23358875517339045,5.2959464618987955,0.5758,0.5758,4243
3196,0.5757,0.23358865993253725,5.295944302588522,0.5757,0.5757,4244
8913,0.5756,0.23358719185159083,5.29591101811864,0.5756,0.5756,4245
9286,0.5755,0.2335855882845927,5.295874661895803,0.5755,0.5755,4246
169,0.5754,0.23358327239653373,5.295822155860473,0.5754,0.5754,4247
7578,0.5753,0.23357807967888972,5.295704426071859,0.5753,0.5753,4248
3330,0.5752,0.23356951543128343,5.295510256636993,0.5752,0.5752,4249
1584,0.5751,0.23354774524630026,5.295016680934102,0.5751,0.5751,4250
4169,0.575,0.2335359426296045,5.294749090885727,0.575,0.575,4251
4716,0.5749,0.23352727614781663,5.294552603586834,0.5749,0.5749,4252
8535,0.5748,0.2335248923606314,5.294498558137291,0.5748,0.5748,4253
9340,0.5747,0.23352152041700291,5.2944221091107515,0.5747,0.5747,4254
6313,0.5746,0.23351249608775523,5.294217508660082,0.5746,0.5746,4255
9285,0.5745,0.23350914270760253,5.294141480506532,0.5745,0.5745,4256
1907,0.5744,0.2335083202791303,5.2941228343300475,0.5744,0.5744,4257
473,0.5743,0.2335032809142141,5.294008581369474,0.5743,0.5743,4258
2356,0.5742,0.23348463184052393,5.293585767798572,0.5742,0.5742,4259
2910,0.5741,0.23347785588926448,5.293432142786598,0.5741,0.5741,4260
7913,0.574,0.23347169043649377,5.293292359055363,0.574,0.574,4261
7863,0.5739,0.23346043380203488,5.29303714756956,0.5739,0.5739,4262
9239,0.5738,0.23342830771825052,5.292308781943962,0.5738,0.5738,4263
6439,0.5737,0.2334262532581545,5.292262203029005,0.5737,0.5737,4264
7668,0.5736,0.23341185968553035,5.291935870582725,0.5736,0.5736,4265
1965,0.5735,0.23341118904268077,5.291920665704479,0.5735,0.5735,4266
2617,0.5734,0.23341100597326472,5.291916515136631,0.5734,0.5734,4267
8855,0.5733,0.23340152457879904,5.291701552060117,0.5733,0.5733,4268
2330,0.5732,0.23338595512231122,5.291348559863033,0.5732,0.5732,4269
2896,0.5731,0.2333851876748555,5.291331160220247,0.5731,0.5731,4270
4538,0.573,0.233380078460073,5.291215323616922,0.573,0.573,4271
6104,0.5729,0.2333779057614665,5.291166063989151,0.5729,0.5729,4272
739,0.5728,0.23337569806857586,5.291116010965195,0.5728,0.5728,4273
5020,0.5727,0.2333734340064527,5.2910646799327035,0.5727,0.5727,4274
8765,0.5726,0.23336756394182126,5.29093159326981,0.5726,0.5726,4275
7317,0.5725,0.23336234397566333,5.290813245701797,0.5725,0.5725,4276
4378,0.5724,0.23335401081311297,5.2906243154477535,0.5724,0.5724,4277
7693,0.5723,0.23335242028681671,5.290588254883902,0.5723,0.5723,4278
8328,0.5722,0.2333467353308214,5.290459365021315,0.5722,0.5722,4279
8766,0.5721,0.23334597906286966,5.290442218844053,0.5721,0.5721,4280
7597,0.572,0.23334302668091675,5.290375282158856,0.572,0.572,4281
7651,0.5719,0.23334006649318328,5.290308168501276,0.5719,0.5719,4282
9585,0.5718,0.2333317843137999,5.290120394143099,0.5718,0.5718,4283
6051,0.5717,0.2333317115041302,5.29011874339548,0.5717,0.5717,4284
8167,0.5716,0.2333295164001104,5.290068975788638,0.5716,0.5716,4285
8888,0.5715,0.23332780020208932,5.290030065983788,0.5715,0.5715,4286
2982,0.5714,0.23332670689878116,5.290005278505616,0.5714,0.5714,4287
5430,0.5713,0.2333263011782417,5.2899960799714565,0.5713,0.5713,4288
4594,0.5712,0.23330235404492697,5.28945314828847,0.5712,0.5712,4289
1324,0.5711,0.2333022453313416,5.289450683524506,0.5711,0.5711,4290
6547,0.571,0.23329063338195402,5.289187416303603,0.571,0.571,4291
3865,0.5709,0.23327615185062361,5.288859089649296,0.5709,0.5709,4292
4010,0.5708,0.2332753555178294,5.288841035116298,0.5708,0.5708,4293
5944,0.5707,0.23326261679445362,5.288552221569537,0.5707,0.5707,4294
394,0.5706,0.2332514323966197,5.28829864783834,0.5706,0.5706,4295
7831,0.5705,0.23325020301127458,5.288270775097527,0.5705,0.5705,4296
2071,0.5704,0.23324872359494325,5.28823723362993,0.5704,0.5704,4297
8151,0.5703,0.2332482150515564,5.288225703885043,0.5703,0.5703,4298
5295,0.5702,0.2332478348261652,5.288217083378133,0.5702,0.5702,4299
3104,0.5701,0.23323656784914854,5.287961637405394,0.5701,0.5701,4300
6413,0.57,0.2332305255380264,5.287824645552804,0.57,0.57,4301
5753,0.5699,0.2332205850227647,5.28759927324549,0.5699,0.5699,4302
6744,0.5698,0.23321443442981865,5.287459826418449,0.5698,0.5698,4303
3016,0.5697,0.23321051973551601,5.28737107209618,0.5697,0.5697,4304
3557,0.5696,0.23320715929581462,5.287294883888501,0.5696,0.5696,4305
7895,0.5695,0.23319851519627988,5.287098904042319,0.5695,0.5695,4306
3077,0.5694,0.23316924417332288,5.286435268626501,0.5694,0.5694,4307
6642,0.5693,0.2331690740070624,5.286431410601465,0.5693,0.5693,4308
1684,0.5692,0.2331688113735504,5.2864254561497175,0.5692,0.5692,4309
3945,0.5691,0.23316695038777838,5.286383263702427,0.5691,0.5691,4310
2887,0.569,0.23316622661799302,5.286366854325717,0.569,0.569,4311
3742,0.5689,0.23316209387062953,5.28627315628481,0.5689,0.5689,4312
1292,0.5688,0.2331613926863293,5.286257258967557,0.5688,0.5688,4313
2415,0.5687,0.233152992092823,5.286066799912721,0.5687,0.5687,4314
9184,0.5686,0.23315258114188692,5.286057482795575,0.5686,0.5686,4315
7319,0.5685,0.2331312383401369,5.285573596764083,0.5685,0.5685,4316
9748,0.5684,0.2331255681798238,5.285445042350292,0.5684,0.5684,4317
4632,0.5683,0.23312289479094106,5.285384431024105,0.5683,0.5683,4318
9147,0.5682,0.23311201528016112,5.2851377697210635,0.5682,0.5682,4319
8016,0.5681,0.23311167483068537,5.2851300510184,0.5681,0.5681,4320
9505,0.568,0.23311040291039603,5.285101213920967,0.568,0.568,4321
5204,0.5679,0.23310359543847495,5.284946874269857,0.5679,0.5679,4322
3089,0.5678,0.23309863552224908,5.2848344225777675,0.5678,0.5678,4323
1962,0.5677,0.2330961378344032,5.284777794761194,0.5677,0.5677,4324
6722,0.5676,0.23309400192601837,5.284729369244273,0.5676,0.5676,4325
8842,0.5675,0.23309325234234887,5.284712374611531,0.5675,0.5675,4326
7403,0.5674,0.23308268574464766,5.284472807704423,0.5674,0.5674,4327
1968,0.5673,0.23308200734901194,5.284457427053353,0.5673,0.5673,4328
7969,0.5672,0.23307675434289668,5.2843383303997635,0.5672,0.5672,4329
7695,0.5671,0.2330654132519738,5.2840812041078085,0.5671,0.5671,4330
2423,0.567,0.23304466935916127,5.283610896597258,0.567,0.567,4331
2141,0.5669,0.23304348189508456,5.283583974299334,0.5669,0.5669,4332
2578,0.5668,0.23304022215903858,5.283510069254324,0.5668,0.5668,4333
800,0.5667,0.23303445061119354,5.283379216173288,0.5667,0.5667,4334
8009,0.5666,0.23303412421587363,5.283371816106669,0.5666,0.5666,4335
4175,0.5665,0.23303052380584582,5.283290187269197,0.5665,0.5665,4336
9895,0.5664,0.23302425849119066,5.283148139459221,0.5664,0.5664,4337
7134,0.5663,0.23302023509806047,5.283056920707746,0.5663,0.5663,4338
102,0.5662,0.23301688410189697,5.282980946604737,0.5662,0.5662,4339
231,0.5661,0.2330075672012002,5.282769712946415,0.5661,0.5661,4340
1599,0.566,0.23299456770534066,5.282474987139452,0.566,0.566,4341
5613,0.5659,0.23298874945626216,5.282343075244049,0.5659,0.5659,4342
5561,0.5658,0.2329858072486457,5.282276369233364,0.5658,0.5658,4343
8393,0.5657,0.23297884936366803,5.282118619403963,0.5657,0.5657,4344
7904,0.5656,0.23297618308053902,5.28205816917893,0.5656,0.5656,4345
2819,0.5655,0.232974390267145,5.282017522343521,0.5655,0.5655,4346
1192,0.5654,0.2329694779710596,5.281906150299853,0.5654,0.5654,4347
6024,0.5653,0.23296707090576868,5.281851577086082,0.5653,0.5653,4348
5699,0.5652,0.2329625366846181,5.281748776792953,0.5652,0.5652,4349
1941,0.5651,0.23294827848767427,5.281425513598156,0.5651,0.5651,4350
3294,0.565,0.23294218929334115,5.281287458804855,0.565,0.565,4351
3703,0.5649,0.2329346236323882,5.281115929420246,0.5649,0.5649,4352
60,0.5648,0.23292391683253044,5.280873183836044,0.5648,0.5648,4353
9820,0.5647,0.23291671921018306,5.280709998658065,0.5647,0.5647,4354
6888,0.5646,0.23291249886622287,5.280614314618051,0.5646,0.5646,4355
418,0.5645,0.232911894834819,5.280600619960949,0.5645,0.5645,4356
7981,0.5644,0.232909345987147,5.280542832244069,0.5644,0.5644,4357
3372,0.5643,0.23290355972600724,5.280411645581373,0.5643,0.5643,4358
2164,0.5642,0.2328999173615004,5.2803290655481,0.5642,0.5642,4359
2018,0.5641,0.23289266975081346,5.280164747028853,0.5641,0.5641,4360
1255,0.564,0.23288631161453946,5.280020594759128,0.564,0.564,4361
2615,0.5639,0.2328749645446112,5.279763332910645,0.5639,0.5639,4362
5062,0.5638,0.2328703401001686,5.279658487067756,0.5638,0.5638,4363
786,0.5637,0.2328505571012775,5.279209965035747,0.5637,0.5637,4364
8079,0.5636,0.23284059940836038,5.278984203275421,0.5636,0.5636,4365
245,0.5635,0.23281649100931662,5.278437615359545,0.5635,0.5635,4366
130,0.5634,0.23281455034080614,5.278393616339859,0.5634,0.5634,4367
3360,0.5633,0.23281413228291395,5.27838413809136,0.5633,0.5633,4368
9662,0.5632,0.23280997142562768,5.278289802738793,0.5632,0.5632,4369
7023,0.5631,0.23280893861186677,5.278266386687566,0.5631,0.5631,4370
3538,0.563,0.2328053823304839,5.278185758338408,0.563,0.563,4371
6318,0.5629,0.23279483063468479,5.277946529287946,0.5629,0.5629,4372
6233,0.5628,0.2327947418678223,5.277944516756697,0.5628,0.5628,4373
7607,0.5627,0.23279318229264523,5.277909157920745,0.5627,0.5627,4374
9324,0.5626,0.2327884096090208,5.277800951183281,0.5626,0.5626,4375
8028,0.5625,0.23278815571036568,5.277795194768887,0.5625,0.5625,4376
9833,0.5624,0.2327869498406383,5.277767855176091,0.5624,0.5624,4377
738,0.5623,0.232771117202725,5.277408896104556,0.5623,0.5623,4378
7016,0.5622,0.23277068214873572,5.277399032518507,0.5622,0.5622,4379
1700,0.5621,0.23276352012471113,5.277236654430028,0.5621,0.5621,4380
6587,0.562,0.2327589793210286,5.27713370489595,0.562,0.562,4381
3784,0.5619,0.23275685901038756,5.277085633011747,0.5619,0.5619,4382
920,0.5618,0.23274688468432309,5.276859494142744,0.5618,0.5618,4383
5039,0.5617,0.2327425154655456,5.2767604347997,0.5617,0.5617,4384
1271,0.5616,0.2327418955209077,5.276746379357103,0.5616,0.5616,4385
6246,0.5615,0.23274179841446793,5.276744177749151,0.5615,0.5615,4386
7475,0.5614,0.23273954214812245,5.276693023465228,0.5614,0.5614,4387
6890,0.5613,0.232729127871972,5.27645691000685,0.5613,0.5613,4388
8704,0.5612,0.23272058016529049,5.276263115588186,0.5612,0.5612,4389
9467,0.5611,0.23271729405044012,5.276188612478647,0.5611,0.5611,4390
8872,0.561,0.232714724416962,5.276130353505044,0.561,0.561,4391
6409,0.5609,0.2327100215051208,5.276023728640466,0.5609,0.5609,4392
2920,0.5608,0.23270982800727605,5.276019341639237,0.5608,0.5608,4393
5847,0.5607,0.23267839468349685,5.275306682334033,0.5607,0.5607,4394
7604,0.5606,0.2326779970926404,5.275297668116808,0.5606,0.5606,4395
1122,0.5605,0.23267283804739744,5.27518070175175,0.5605,0.5605,4396
6154,0.5604,0.2326594706415122,5.274877634656362,0.5604,0.5604,4397
7486,0.5603,0.2326332892599204,5.274284047882569,0.5603,0.5603,4398
9672,0.5602,0.23261575465798418,5.273886501721649,0.5602,0.5602,4399
5774,0.5601,0.232614094274194,5.273848857342608,0.5601,0.5601,4400
6691,0.56,0.23261073229456045,5.273772634220495,0.56,0.56,4401
9583,0.5599,0.2325936941610327,5.2733863440382,0.5599,0.5599,4402
2687,0.5598,0.2325907042596985,5.2733185567103735,0.5598,0.5598,4403
6185,0.5597,0.2325878715401554,5.273254333022471,0.5597,0.5597,4404
6797,0.5596,0.2325763823142396,5.2729938482018,0.5596,0.5596,4405
479,0.5595,0.23256335786435542,5.272698556636325,0.5595,0.5595,4406
8115,0.5594,0.2325630700818879,5.272692032003344,0.5594,0.5594,4407
7750,0.5593,0.2325600153503394,5.272622774839874,0.5593,0.5593,4408
9132,0.5592,0.23255821185204592,5.272581885755288,0.5592,0.5592,4409
5612,0.5591,0.2325527699073194,5.272458505467417,0.5591,0.5591,4410
3334,0.559,0.23255237746297888,5.272449607932345,0.559,0.559,4411
8157,0.5589,0.23255192571587738,5.272439365878961,0.5589,0.5589,4412
2761,0.5588,0.2325409893415384,5.272191415359577,0.5588,0.5588,4413
6520,0.5587,0.23254064991842857,5.272183719926888,0.5587,0.5587,4414
6406,0.5586,0.232539756414552,5.27216346232162,0.5586,0.5586,4415
8751,0.5585,0.23253526912086647,5.272061725973431,0.5585,0.5585,4416
9305,0.5584,0.23253094949341008,5.271963790968103,0.5584,0.5584,4417
2075,0.5583,0.23252952672068627,5.27193153373105,0.5583,0.5583,4418
4869,0.5582,0.23252241388328854,5.271770270804826,0.5582,0.5582,4419
826,0.5581,0.23252186319263068,5.271757785493525,0.5581,0.5581,4420
4466,0.558,0.2325200330727626,5.271716292842288,0.558,0.558,4421
9334,0.5579,0.2325055535824121,5.271388012460817,0.5579,0.5579,4422
4897,0.5578,0.23250472800591132,5.271369294911107,0.5578,0.5578,4423
6315,0.5577,0.2324876595278282,5.270982316754298,0.5577,0.5577,4424
8729,0.5576,0.23248519974204807,5.270926548256904,0.5576,0.5576,4425
8617,0.5575,0.23248396460618978,5.270898545139502,0.5575,0.5575,4426
9170,0.5574,0.23248375036247043,5.270893687784586,0.5574,0.5574,4427
4428,0.5573,0.23248151414030663,5.2708429879430145,0.5573,0.5573,4428
7946,0.5572,0.23247172214787556,5.270620982960669,0.5572,0.5572,4429
5358,0.5571,0.2324669739764961,5.270513331968918,0.5571,0.5571,4430
865,0.557,0.23245948614615,5.270343567165734,0.557,0.557,4431
2123,0.5569,0.23244510950455918,5.270017618580986,0.5569,0.5569,4432
6831,0.5568,0.23242565524155065,5.269576549681705,0.5568,0.5568,4433
6799,0.5567,0.23242270293043168,5.269509614602676,0.5567,0.5567,4434
379,0.5566,0.2324114697891239,5.269254935755851,0.5566,0.5566,4435
4698,0.5565,0.23239467225030888,5.268874100358135,0.5565,0.5565,4436
7218,0.5564,0.2323921148136398,5.268816117911924,0.5564,0.5564,4437
414,0.5563,0.23238803862533614,5.268723702181788,0.5563,0.5563,4438
6274,0.5562,0.2323734323116736,5.268392546451873,0.5562,0.5562,4439
6229,0.5561,0.2323634484155661,5.268166190609359,0.5561,0.5561,4440
3046,0.556,0.23236103331834584,5.268111435294927,0.556,0.556,4441
519,0.5559,0.23234534098624304,5.267755657250393,0.5559,0.5559,4442
5923,0.5558,0.2323419835647732,5.267679537471513,0.5558,0.5558,4443
7031,0.5557,0.23234168003130895,5.2676726557323175,0.5557,0.5557,4444
1057,0.5556,0.23233538396457898,5.267529910707921,0.5556,0.5556,4445
9267,0.5555,0.23231901670571312,5.267158830659911,0.5555,0.5555,4446
2042,0.5554,0.23231886014522585,5.267155281105198,0.5554,0.5554,4447
5541,0.5553,0.23231876440180507,5.267153110402258,0.5553,0.5553,4448
432,0.5552,0.2323158652195572,5.26708737986682,0.5552,0.5552,4449
3929,0.5551,0.23231205295908341,5.267000947933685,0.5551,0.5551,4450
3623,0.555,0.23230607506250886,5.266865416495402,0.555,0.555,4451
7401,0.5549,0.232297254484779,5.266665435518559,0.5549,0.5549,4452
6558,0.5548,0.2322866662462754,5.266425377968425,0.5548,0.5548,4453
3317,0.5547,0.2322818037005722,5.266315133869544,0.5547,0.5547,4454
487,0.5546,0.2322792336286374,5.266256864953752,0.5546,0.5546,4455
2916,0.5545,0.23227794175163058,5.266227575396012,0.5545,0.5545,4456
7665,0.5544,0.23226863218539034,5.266016508024647,0.5544,0.5544,4457
8808,0.5543,0.23226310953254162,5.265891297914714,0.5543,0.5543,4458
8252,0.5542,0.23224778616995462,5.265543885182148,0.5542,0.5542,4459
8660,0.5541,0.23224393804466073,5.265456640120281,0.5541,0.5541,4460
3735,0.554,0.2322151592826186,5.264804165290369,0.554,0.554,4461
1505,0.5539,0.23220561025998016,5.2645876689431725,0.5539,0.5539,4462
5100,0.5538,0.2322001525685003,5.264463931642037,0.5538,0.5538,4463
9235,0.5537,0.23219839783284804,5.264424148108089,0.5537,0.5537,4464
1797,0.5536,0.2321940715249562,5.264326061644424,0.5536,0.5536,4465
3946,0.5535,0.23218764527408872,5.2641803650748455,0.5535,0.5535,4466
7723,0.5534,0.23218685130838046,5.264162364208664,0.5534,0.5534,4467
2027,0.5533,0.23218376172261956,5.264092316825816,0.5533,0.5533,4468
7595,0.5532,0.23218108422729145,5.264031612397418,0.5532,0.5532,4469
9515,0.5531,0.23217876192546175,5.263978960948728,0.5531,0.5531,4470
4742,0.553,0.23217123019390656,5.263808200815708,0.553,0.553,4471
7321,0.5529,0.23217006811239746,5.263781853993406,0.5529,0.5529,4472
3592,0.5528,0.23216625944959973,5.263695503627105,0.5528,0.5528,4473
1740,0.5527,0.23216406547445348,5.263645761615111,0.5527,0.5527,4474
1976,0.5526,0.23216393817157605,5.263642875393013,0.5526,0.5526,4475
6648,0.5525,0.23215153729891486,5.263361721629133,0.5525,0.5525,4476
2979,0.5524,0.23213100146765145,5.262896131309313,0.5524,0.5524,4477
2303,0.5523,0.23212600456543234,5.262782841068327,0.5523,0.5523,4478
1459,0.5522,0.23211210117799438,5.262467622146586,0.5522,0.5522,4479
4726,0.5521,0.23210584238111362,5.262325722108566,0.5521,0.5521,4480
2002,0.552,0.2321037701962287,5.262278741335082,0.552,0.552,4481
2677,0.5519,0.23209839997082124,5.2621569870749685,0.5519,0.5519,4482
157,0.5518,0.2320956419109832,5.262094456080778,0.5518,0.5518,4483
168,0.5517,0.2320900786988079,5.261968326404406,0.5517,0.5517,4484
9351,0.5516,0.23208429803269548,5.261837266593111,0.5516,0.5516,4485
4312,0.5515,0.2320737822773631,5.261598852387942,0.5515,0.5515,4486
1517,0.5514,0.23207205540849674,5.261559700653169,0.5514,0.5514,4487
5696,0.5513,0.23207074574746425,5.26153000789483,0.5513,0.5513,4488
1207,0.5512,0.23206517697269474,5.261403752103478,0.5512,0.5512,4489
2339,0.5511,0.23205512247522736,5.261175795581711,0.5511,0.5511,4490
1323,0.551,0.23204951982343233,5.261048771726602,0.551,0.551,4491
4509,0.5509,0.23203460015826222,5.2607105116603,0.5509,0.5509,4492
2903,0.5508,0.23202582751908696,5.260511617550564,0.5508,0.5508,4493
1899,0.5507,0.23202205729547073,5.2604261386815105,0.5507,0.5507,4494
6975,0.5506,0.23199344466659166,5.2597774304400655,0.5506,0.5506,4495
2084,0.5505,0.23198985857162138,5.259696126154212,0.5505,0.5505,4496
2047,0.5504,0.23198319467727035,5.259545041708605,0.5504,0.5504,4497
8606,0.5503,0.23198139646089178,5.25950427237641,0.5503,0.5503,4498
9370,0.5502,0.2319751680842431,5.259363062028383,0.5502,0.5502,4499
1368,0.5501,0.23197012095586067,5.259248633054037,0.5501,0.5501,4500
5014,0.55,0.23196863474542503,5.259214937549701,0.55,0.55,4501
4990,0.5499,0.23194940614709333,5.258778984940798,0.5499,0.5499,4502
9664,0.5498,0.23194565557086205,5.2586939515199544,0.5498,0.5498,4503
4219,0.5497,0.2319395942001868,5.258556527546882,0.5497,0.5497,4504
5697,0.5496,0.23193277927715764,5.258402018964778,0.5496,0.5496,4505
8283,0.5495,0.2319318700784932,5.258381405526746,0.5495,0.5495,4506
2314,0.5494,0.2319294117652128,5.258325670413016,0.5494,0.5494,4507
4183,0.5493,0.23192418610962665,5.258207193852906,0.5493,0.5493,4508
7599,0.5492,0.23191904162571034,5.258090557624657,0.5492,0.5492,4509
5803,0.5491,0.23191749887381471,5.258055580208162,0.5491,0.5491,4510
3658,0.549,0.2319105753691222,5.257898609851445,0.549,0.549,4511
7407,0.5489,0.2319101623880705,5.257889246705448,0.5489,0.5489,4512
7129,0.5488,0.23188801642860507,5.257387151407494,0.5488,0.5488,4513
6652,0.5487,0.2318860922777511,5.257343526876072,0.5487,0.5487,4514
6760,0.5486,0.2318810124262525,5.257228355999275,0.5486,0.5486,4515
838,0.5485,0.23187868204903167,5.257175521466021,0.5485,0.5485,4516
2238,0.5484,0.23186947435373945,5.256966763724006,0.5484,0.5484,4517
6910,0.5483,0.2318693053150174,5.256962931261457,0.5483,0.5483,4518
5799,0.5482,0.23186341462914398,5.2568293770717105,0.5482,0.5482,4519
9233,0.5481,0.231852477550975,5.256581410594615,0.5481,0.5481,4520
2355,0.548,0.23185137607822054,5.256556437899634,0.548,0.548,4521
6599,0.5479,0.23184650232851944,5.256445939783603,0.5479,0.5479,4522
1577,0.5478,0.23184423256669434,5.256394479527125,0.5478,0.5478,4523
5635,0.5477,0.23184228384226296,5.256350297862227,0.5477,0.5477,4524
99,0.5476,0.23184199965602986,5.256343854764549,0.5476,0.5476,4525
4309,0.5475,0.23183719095450595,5.256234831426157,0.5475,0.5475,4526
1021,0.5474,0.231830149952934,5.256075197170481,0.5474,0.5474,4527
7393,0.5473,0.23182561838845228,5.255972457109164,0.5473,0.5473,4528
4936,0.5472,0.2318138654988123,5.25570599447798,0.5472,0.5472,4529
3038,0.5471,0.231813645276515,5.2557010015770675,0.5471,0.5471,4530
9766,0.547,0.23181342274766892,5.255695956382531,0.547,0.547,4531
6845,0.5469,0.23181111134704985,5.2556435520882046,0.5469,0.5469,4532
4324,0.5468,0.2318075979053796,5.255563895003677,0.5468,0.5468,4533
2864,0.5467,0.23180564068575246,5.25551952073603,0.5467,0.5467,4534
1478,0.5466,0.23180273302177903,5.255453597900812,0.5466,0.5466,4535
3041,0.5465,0.2317860959518014,5.2550764006680675,0.5465,0.5465,4536
6530,0.5464,0.2317672505203742,5.2546491352560585,0.5464,0.5464,4537
8474,0.5463,0.2317627915517186,5.25454804109477,0.5463,0.5463,4538
9303,0.5462,0.2317254514942747,5.253701463762395,0.5462,0.5462,4539
7876,0.5461,0.23171591989855844,5.253485362519356,0.5461,0.5461,4540
9633,0.546,0.23171288047156216,5.253416452340524,0.546,0.546,4541
2285,0.5459,0.2317003408607855,5.253132153092778,0.5459,0.5459,4542
9465,0.5458,0.23169654149725505,5.253046013561855,0.5458,0.5458,4543
8965,0.5457,0.23168076641766092,5.252688359458636,0.5457,0.5457,4544
5074,0.5456,0.23167837847143133,5.252634219714389,0.5456,0.5456,4545
8630,0.5455,0.23167481738575013,5.2525534824410265,0.5455,0.5455,4546
7079,0.5454,0.23167171289769145,5.252483097193587,0.5454,0.5454,4547
1471,0.5453,0.23167141707148164,5.252476390192573,0.5453,0.5453,4548
3955,0.5452,0.23165115434001035,5.252016991618655,0.5452,0.5452,4549
8701,0.5451,0.23163940482703158,5.25175060554381,0.5451,0.5451,4550
5437,0.545,0.2316340964798213,5.251630254191827,0.545,0.545,4551
5900,0.5449,0.23163011540956094,5.251539994988413,0.5449,0.5449,4552
7272,0.5448,0.23160280363405417,5.25092077981675,0.5448,0.5448,4553
7999,0.5447,0.23159650815874155,5.250778048201824,0.5447,0.5447,4554
4202,0.5446,0.2315867125035784,5.250555960177452,0.5446,0.5446,4555
2659,0.5445,0.23157934883685893,5.2503890104251845,0.5445,0.5445,4556
8798,0.5444,0.2315753072122125,5.250297378327845,0.5444,0.5444,4557
9201,0.5443,0.23157175418761103,5.250216823815907,0.5443,0.5443,4558
4581,0.5442,0.23156839403012974,5.25014064200487,0.5442,0.5442,4559
9497,0.5441,0.23156610444598458,5.250088732336887,0.5441,0.5441,4560
6936,0.544,0.23155265608245487,5.249783829760687,0.544,0.544,4561
7523,0.5439,0.23155126211912902,5.249752225691,0.5439,0.5439,4562
9406,0.5438,0.23154631370615913,5.249640034801401,0.5438,0.5438,4563
4606,0.5437,0.23154459793469195,5.249601134668519,0.5437,0.5437,4564
6319,0.5436,0.23154206184555445,5.249543636214656,0.5436,0.5436,4565
8333,0.5435,0.2315417759256408,5.249537153811006,0.5435,0.5435,4566
2338,0.5434,0.2315366172014362,5.249420194724679,0.5434,0.5434,4567
4729,0.5433,0.23152782760827262,5.249220916233783,0.5433,0.5433,4568
5684,0.5432,0.23151932202729983,5.249028076893102,0.5432,0.5432,4569
362,0.5431,0.23151740595716994,5.248984635569106,0.5431,0.5431,4570
9999,0.543,0.2315123357640138,5.248869683667883,0.543,0.543,4571
1405,0.5429,0.23151209738753165,5.248864279173733,0.5429,0.5429,4572
7111,0.5428,0.23150650981261434,5.248737597144057,0.5428,0.5428,4573
684,0.5427,0.23149784686443842,5.248541189959493,0.5427,0.5427,4574
4362,0.5426,0.23149513005432745,5.24847959418241,0.5426,0.5426,4575
8659,0.5425,0.23149506808883702,5.248478189294975,0.5425,0.5425,4576
8678,0.5424,0.23149029716157865,5.248370022378924,0.5424,0.5424,4577
8005,0.5423,0.23147625032123822,5.2480515510781185,0.5423,0.5423,4578
2115,0.5422,0.2314594319233762,5.247670242763565,0.5422,0.5422,4579
6750,0.5421,0.23145729271991058,5.247621742539107,0.5421,0.5421,4580
1321,0.542,0.2314532520546622,5.247530132191691,0.542,0.542,4581
6324,0.5419,0.23145234966582587,5.247509673148083,0.5419,0.5419,4582
8952,0.5418,0.23144542953247943,5.2473527792260715,0.5418,0.5418,4583
4722,0.5417,0.23143571013349062,5.247132420089681,0.5417,0.5417,4584
4263,0.5416,0.2314317466137381,5.247042558792457,0.5416,0.5416,4585
7193,0.5415,0.23142555952772062,5.246902284590752,0.5415,0.5415,4586
7206,0.5414,0.23137694467977754,5.245800084136147,0.5414,0.5414,4587
2294,0.5413,0.23137372908804119,5.245727179935224,0.5413,0.5413,4588
8189,0.5412,0.23135113976219585,5.245215032591644,0.5412,0.5412,4589
7438,0.5411,0.23134929477926153,5.245173202963302,0.5411,0.5411,4590
3324,0.541,0.23134513834243317,5.245078967831205,0.541,0.541,4591
6475,0.5409,0.23133244989284718,5.244791294096871,0.5409,0.5409,4592
645,0.5408,0.2313298938176063,5.244733342517385,0.5408,0.5408,4593
8668,0.5407,0.23131967119485894,5.244501574241301,0.5407,0.5407,4594
7528,0.5406,0.23131525107478654,5.244401360859356,0.5406,0.5406,4595
273,0.5405,0.23130843743341398,5.244246881334735,0.5405,0.5405,4596
490,0.5404,0.23130610381949682,5.244193973417465,0.5404,0.5404,4597
5029,0.5403,0.2312934214942915,5.243906438535424,0.5403,0.5403,4598
4014,0.5402,0.23127467470757151,5.2434814096039535,0.5402,0.5402,4599
3389,0.5401,0.2312735017400966,5.243454815974335,0.5401,0.5401,4600
3391,0.54,0.23126847110012322,5.2433407608271665,0.54,0.54,4601
8008,0.5399,0.23124972798345508,5.242915815104071,0.5399,0.5399,4602
1137,0.5398,0.2312302551436679,5.242474325028306,0.5398,0.5398,4603
797,0.5397,0.23122613706665443,5.242380959596706,0.5397,0.5397,4604
1574,0.5396,0.23122589848590103,5.242375550469599,0.5396,0.5396,4605
8773,0.5395,0.23122275294808417,5.242304234538212,0.5395,0.5395,4606
426,0.5394,0.23122080867725614,5.242260153845104,0.5394,0.5394,4607
6483,0.5393,0.23121669725958954,5.242166939392861,0.5393,0.5393,4608
2296,0.5392,0.23121606328292854,5.242152565813674,0.5392,0.5392,4609
385,0.5391,0.2312151538642873,5.242131947388254,0.5391,0.5391,4610
3684,0.539,0.23119888144626805,5.2417630175789665,0.539,0.539,4611
1416,0.5389,0.23119880022253833,5.241761176066983,0.5389,0.5389,4612
4650,0.5388,0.23119734178100043,5.241728110142352,0.5388,0.5388,4613
5823,0.5387,0.2311598420484284,5.240877912640674,0.5387,0.5387,4614
751,0.5386,0.23115230861805683,5.240707113991184,0.5386,0.5386,4615
9005,0.5385,0.23114914980818865,5.240635497153413,0.5385,0.5385,4616
7787,0.5384,0.23114577954805962,5.240559086294775,0.5384,0.5384,4617
5087,0.5383,0.23113372839444188,5.240285861394362,0.5383,0.5383,4618
8397,0.5382,0.23113212477855832,5.240249504063537,0.5382,0.5382,4619
1343,0.5381,0.2311236416716527,5.240057174257601,0.5381,0.5381,4620
8140,0.538,0.23111390484355612,5.239836419964805,0.538,0.538,4621
8951,0.5379,0.23110872925665107,5.2397190785669014,0.5379,0.5379,4622
2312,0.5378,0.23110146093414236,5.239554290468246,0.5378,0.5378,4623
3859,0.5377,0.23109607946327185,5.23943228124872,0.5377,0.5377,4624
4146,0.5376,0.23109029931272806,5.239301233126716,0.5376,0.5376,4625
4850,0.5375,0.23109003341505108,5.239295204668947,0.5375,0.5375,4626
8523,0.5374,0.23108745449992957,5.239236735259279,0.5374,0.5374,4627
1847,0.5373,0.231079401675034,5.239054160848667,0.5373,0.5373,4628
9321,0.5372,0.23107415410647952,5.238935187475798,0.5372,0.5372,4629
1746,0.5371,0.23107239362523196,5.23889527367684,0.5371,0.5371,4630
9398,0.537,0.23107220100085737,5.238890906479054,0.537,0.537,4631
932,0.5369,0.231068696098308,5.238811442995025,0.5369,0.5369,4632
6660,0.5368,0.231060616376792,5.2386282587808175,0.5368,0.5368,4633
4439,0.5367,0.2310462776472161,5.2383031697417,0.5367,0.5367,4634
3985,0.5366,0.23104468049735438,5.238266959007376,0.5366,0.5366,4635
8526,0.5365,0.23103903442359133,5.238138950686697,0.5365,0.5365,4636
4023,0.5364,0.23103811638386623,5.238118136803066,0.5364,0.5364,4637
2262,0.5363,0.2310355468532435,5.238059880159763,0.5363,0.5363,4638
9504,0.5362,0.23102666386133927,5.2378584841229685,0.5362,0.5362,4639
2795,0.5361,0.23102195194056804,5.237751655006906,0.5361,0.5361,4640
1421,0.536,0.23101819677975466,5.237666517644977,0.536,0.536,4641
9796,0.5359,0.23099858830867862,5.2372219525247194,0.5359,0.5359,4642
1380,0.5358,0.23099022122122592,5.237032253122304,0.5358,0.5358,4643
5140,0.5357,0.23098307162948087,5.236870156897654,0.5357,0.5357,4644
9564,0.5356,0.23098006385373016,5.236801964320788,0.5356,0.5356,4645
1754,0.5355,0.23097663838457783,5.236724301758971,0.5355,0.5355,4646
4195,0.5354,0.23097351643616892,5.236653520648182,0.5354,0.5354,4647
7347,0.5353,0.23096458053013882,5.236450924935775,0.5353,0.5353,4648
5705,0.5352,0.23095590234699512,5.236254172343502,0.5352,0.5352,4649
4872,0.5351,0.2309552436308461,5.2362392378689515,0.5351,0.5351,4650
1967,0.535,0.2309527883893871,5.236183572400036,0.535,0.535,4651
1185,0.5349,0.2309349602599642,5.23577937135468,0.5349,0.5349,4652
2637,0.5348,0.23093351272499135,5.235746552704936,0.5348,0.5348,4653
6499,0.5347,0.23092997458001996,5.2356663355465685,0.5347,0.5347,4654
9884,0.5346,0.2309023794165635,5.235040695377472,0.5346,0.5346,4655
9793,0.5345,0.23090077730022285,5.235004372042214,0.5345,0.5345,4656
4052,0.5344,0.23088644918210466,5.234679523587044,0.5344,0.5344,4657
6981,0.5343,0.2308851844883653,5.2346508503299365,0.5343,0.5343,4658
7632,0.5342,0.2308804106728389,5.234542617930241,0.5342,0.5342,4659
9605,0.5341,0.23087853838634403,5.2345001692740425,0.5341,0.5341,4660
2971,0.534,0.23086147124538908,5.234113221431305,0.534,0.534,4661
9160,0.5339,0.23086134609014836,5.234110383899898,0.5339,0.5339,4662
9139,0.5338,0.23085472934779092,5.233960368488878,0.5338,0.5338,4663
1281,0.5337,0.23085050927351183,5.233864690563099,0.5337,0.5337,4664
161,0.5336,0.23084337038544345,5.233702837013955,0.5336,0.5336,4665
1698,0.5335,0.2308396090075156,5.233617558696272,0.5335,0.5335,4666
1234,0.5334,0.23083540823161644,5.23352231830566,0.5334,0.5334,4667
2904,0.5333,0.23083276086879073,5.233462297043082,0.5333,0.5333,4668
3515,0.5332,0.2308281277682349,5.233357254948301,0.5332,0.5332,4669
8949,0.5331,0.23082105197705782,5.233196831937531,0.5331,0.5331,4670
2258,0.533,0.230807937653028,5.23289950273674,0.533,0.533,4671
8308,0.5329,0.23080162418612296,5.232756363215089,0.5329,0.5329,4672
6836,0.5328,0.2307945148826577,5.232595180410758,0.5328,0.5328,4673
3055,0.5327,0.2307692903931356,5.232023288387061,0.5327,0.5327,4674
80,0.5326,0.23076898567072177,5.232016379690415,0.5326,0.5326,4675
847,0.5325,0.23075090033456974,5.2316063472304135,0.5325,0.5325,4676
638,0.5324,0.23071007253825415,5.230680695551424,0.5324,0.5324,4677
1383,0.5323,0.23069300723964353,5.230293789479263,0.5323,0.5323,4678
853,0.5322,0.2306919727286509,5.230270334947675,0.5322,0.5322,4679
6007,0.5321,0.23068960548261147,5.230216664520445,0.5321,0.5321,4680
6756,0.532,0.23067259345089583,5.229830966119816,0.532,0.532,4681
8077,0.5319,0.23067017796120123,5.229776201907924,0.5319,0.5319,4682
2801,0.5318,0.23066148443889753,5.229579101544616,0.5318,0.5318,4683
6183,0.5317,0.2306514998295601,5.229352729531824,0.5317,0.5317,4684
1212,0.5316,0.23064778177019188,5.229268433336614,0.5316,0.5316,4685
2328,0.5315,0.2306431215212616,5.229162775730212,0.5315,0.5315,4686
9518,0.5314,0.2306411516104069,5.229118113723972,0.5314,0.5314,4687
3933,0.5313,0.23062233871788865,5.2286915860354775,0.5313,0.5313,4688
6330,0.5312,0.23061800285164522,5.228593282865446,0.5312,0.5312,4689
5931,0.5311,0.23059686507232516,5.228114045121749,0.5311,0.5311,4690
8052,0.531,0.2305905176817257,5.2279701364792235,0.531,0.531,4691
3834,0.5309,0.23058896033364398,5.227934828136414,0.5309,0.5309,4692
1054,0.5308,0.23058171471217778,5.227770554717131,0.5308,0.5308,4693
8326,0.5307,0.23058135191340257,5.227762329308692,0.5307,0.5307,4694
6149,0.5306,0.2305763749202406,5.227649490447218,0.5306,0.5306,4695
3084,0.5305,0.23057402729236873,5.227596264804366,0.5305,0.5305,4696
7032,0.5304,0.23057016703050806,5.227508744580763,0.5304,0.5304,4697
7543,0.5303,0.23056329074227402,5.2273528447205955,0.5303,0.5303,4698
8859,0.5302,0.23056144388947253,5.227310972699038,0.5302,0.5302,4699
1204,0.5301,0.23055836294122203,5.227241121145673,0.5301,0.5301,4700
2771,0.53,0.23055788016227144,5.2272301755353725,0.53,0.53,4701
7190,0.5299,0.23055738368315581,5.22721891931493,0.5299,0.5299,4702
5360,0.5298,0.2305560765326083,5.2271892834733995,0.5298,0.5298,4703
6843,0.5297,0.23054921412821586,5.227033698387594,0.5297,0.5297,4704
4768,0.5296,0.2305463892746497,5.226969653039089,0.5296,0.5296,4705
3067,0.5295,0.23054408857042785,5.226917491254406,0.5295,0.5295,4706
1921,0.5294,0.23054373994140026,5.22690958710422,0.5294,0.5294,4707
5242,0.5293,0.23054296718060802,5.2268920669982775,0.5293,0.5293,4708
3365,0.5292,0.23053943332011906,5.226811946977638,0.5292,0.5292,4709
8373,0.5291,0.23053553739219693,5.226723618128467,0.5291,0.5291,4710
5664,0.529,0.23052916913123433,5.226579236310863,0.529,0.529,4711
4692,0.5289,0.2305241229819825,5.226464829536635,0.5289,0.5289,4712
8192,0.5288,0.230504949059133,5.226030116534204,0.5288,0.5288,4713
4082,0.5287,0.23050185666791484,5.2259600055466855,0.5287,0.5287,4714
6800,0.5286,0.23050033564890968,5.225925520859118,0.5286,0.5286,4715
2001,0.5285,0.23049609165553464,5.22582930063892,0.5285,0.5285,4716
8299,0.5284,0.23048523543431013,5.225583167357966,0.5284,0.5284,4717
3785,0.5283,0.23047870299233594,5.225435063213691,0.5283,0.5283,4718
5671,0.5282,0.2304764641072153,5.225384302996536,0.5282,0.5282,4719
7057,0.5281,0.2304691495051503,5.2252184656434135,0.5281,0.5281,4720
7570,0.528,0.2304452312140766,5.224676187873117,0.528,0.528,4721
7256,0.5279,0.2304400237569068,5.224558123910851,0.5279,0.5279,4722
3409,0.5278,0.23043230389559313,5.224383098481384,0.5278,0.5278,4723
6461,0.5277,0.2304170210474818,5.224036604295102,0.5277,0.5277,4724
6634,0.5276,0.23040882894976963,5.223850872277175,0.5276,0.5276,4725
6566,0.5275,0.2304054099720951,5.223773356890412,0.5275,0.5275,4726
4159,0.5274,0.2303975835962018,5.223595916551875,0.5274,0.5274,4727
7348,0.5273,0.23039506084498657,5.223538720497638,0.5273,0.5273,4728
5363,0.5272,0.23039458030817542,5.223527825721219,0.5272,0.5272,4729
5553,0.5271,0.23036189384505074,5.222786755121787,0.5271,0.5271,4730
7418,0.527,0.23035451448355662,5.222619449536788,0.527,0.527,4731
1059,0.5269,0.23035431710042267,5.22261497444736,0.5269,0.5269,4732
5024,0.5268,0.23033317819223814,5.222135711110676,0.5268,0.5268,4733
7246,0.5267,0.2303174784528948,5.221779765129071,0.5267,0.5267,4734
8127,0.5266,0.23030341766258722,5.221460977553721,0.5266,0.5266,4735
4669,0.5265,0.23030159072362666,5.2214195570213295,0.5265,0.5265,4736
2245,0.5264,0.23030040118532327,5.22139258769462,0.5264,0.5264,4737
1875,0.5263,0.2302943821938183,5.221256124547038,0.5263,0.5263,4738
6619,0.5262,0.23029318046497374,5.221228878837496,0.5262,0.5262,4739
1200,0.5261,0.23028790037909358,5.221109168228095,0.5261,0.5261,4740
1126,0.526,0.2302845440403866,5.221033072997779,0.526,0.526,4741
652,0.5259,0.23027662112437128,5.220853443892744,0.5259,0.5259,4742
8772,0.5258,0.2302630588536634,5.22054595880196,0.5258,0.5258,4743
2014,0.5257,0.23025236550501482,5.220303518184462,0.5257,0.5257,4744
9074,0.5256,0.23024762160808934,5.220195964102332,0.5256,0.5256,4745
883,0.5255,0.2302447486276881,5.220130827617277,0.5255,0.5255,4746
5655,0.5254,0.23024437885209686,5.220122444030606,0.5254,0.5254,4747
2944,0.5253,0.23024202363460075,5.220069046314965,0.5253,0.5253,4748
4368,0.5252,0.23024195037726378,5.22006738541877,0.5252,0.5252,4749
8160,0.5251,0.23023482883695742,5.219905925179022,0.5251,0.5251,4750
619,0.525,0.2302291806535802,5.219777869029448,0.525,0.525,4751
3313,0.5249,0.23021951160771376,5.219558651502855,0.5249,0.5249,4752
7009,0.5248,0.2302145060796542,5.219445165693933,0.5248,0.5248,4753
3908,0.5247,0.23021365080959122,5.219425774929406,0.5247,0.5247,4754
7354,0.5246,0.23020850676295632,5.219309148615937,0.5246,0.5246,4755
2511,0.5245,0.2302084134134613,5.219307032187715,0.5245,0.5245,4756
697,0.5244,0.23020410025231308,5.219209243788154,0.5244,0.5244,4757
6429,0.5243,0.23020350222811067,5.219195685326131,0.5243,0.5243,4758
8853,0.5242,0.23020045832843664,5.219126673742672,0.5242,0.5242,4759
8610,0.5241,0.23019229786026582,5.218941658832747,0.5241,0.5241,4760
1299,0.524,0.23018238296116753,5.21871686729884,0.524,0.524,4761
7865,0.5239,0.23016834035029818,5.218398491890268,0.5239,0.5239,4762
6257,0.5238,0.23016368775368312,5.2182930077773975,0.5238,0.5238,4763
6075,0.5237,0.2301636153492312,5.218291366216794,0.5237,0.5237,4764
8497,0.5236,0.23016247059259085,5.218265412184977,0.5236,0.5236,4765
6720,0.5235,0.23014960849694896,5.2179738015300385,0.5235,0.5235,4766
1670,0.5234,0.23014241129678403,5.217810625923659,0.5234,0.5234,4767
4782,0.5233,0.2301298878838637,5.217526693914762,0.5233,0.5233,4768
4621,0.5232,0.23012585885798212,5.2174353474588235,0.5232,0.5232,4769
3710,0.5231,0.23012422452205036,5.217398293638268,0.5231,0.5231,4770
7087,0.523,0.23011614920692608,5.217215209326512,0.523,0.523,4771
1811,0.5229,0.23011584775839644,5.217208374856181,0.5229,0.5229,4772
9246,0.5228,0.2301124447033993,5.2171312204691445,0.5228,0.5228,4773
1547,0.5227,0.23010119488468728,5.216876163509976,0.5227,0.5227,4774
7532,0.5226,0.23009940847269147,5.216835661807689,0.5226,0.5226,4775
9032,0.5225,0.2300984615728979,5.21681419360597,0.5225,0.5225,4776
2445,0.5224,0.2300940266253688,5.216713644053979,0.5224,0.5224,4777
9449,0.5223,0.23009146584113882,5.216655585709789,0.5223,0.5223,4778
7744,0.5222,0.23009034472194642,5.216630167590347,0.5222,0.5222,4779
7395,0.5221,0.23008832019950343,5.21658426742433,0.5221,0.5221,4780
687,0.522,0.23008630861778165,5.216538660651696,0.522,0.522,4781
3619,0.5219,0.23008550375105366,5.21652041263713,0.5219,0.5219,4782
7761,0.5218,0.2300693781808205,5.216154812176285,0.5218,0.5218,4783
8841,0.5217,0.23006705717767995,5.216102190171543,0.5217,0.5217,4784
2111,0.5216,0.2300647597181957,5.2160501019518035,0.5216,0.5216,4785
6701,0.5215,0.2300505300089072,5.215727484631047,0.5215,0.5215,4786
9236,0.5214,0.23004641166430656,5.215634113130892,0.5214,0.5214,4787
3120,0.5213,0.2300286535687626,5.215231499900333,0.5213,0.5213,4788
6725,0.5212,0.23002097537404956,5.215057419139824,0.5212,0.5212,4789
5959,0.5211,0.23002081018473075,5.215053673952468,0.5211,0.5211,4790
8422,0.521,0.2300175894095655,5.214980652231065,0.521,0.521,4791
4341,0.5209,0.2300019305001508,5.214625631948515,0.5209,0.5209,4792
332,0.5208,0.2299968829933036,5.214511194393924,0.5208,0.5208,4793
7898,0.5207,0.22996896334175973,5.213878197399309,0.5207,0.5207,4794
9663,0.5206,0.22996239685869307,5.213729321471566,0.5206,0.5206,4795
5968,0.5205,0.22995090865930448,5.2134688599222265,0.5205,0.5205,4796
7765,0.5204,0.22994856227217284,5.213415662411507,0.5204,0.5204,4797
9127,0.5203,0.22994111556099983,5.213246829867953,0.5203,0.5203,4798
6518,0.5202,0.22993324493466355,5.213068386279212,0.5202,0.5202,4799
4749,0.5201,0.2299313955897774,5.213026457756837,0.5201,0.5201,4800
8966,0.52,0.2299220791629807,5.212815234841155,0.52,0.52,4801
9016,0.5199,0.2299181667600439,5.212726532471089,0.5199,0.5199,4802
6187,0.5198,0.22991576744167624,5.21267213489548,0.5198,0.5198,4803
6901,0.5197,0.2299108155373693,5.212559864851706,0.5197,0.5197,4804
2034,0.5196,0.22990461040194132,5.212419181431352,0.5196,0.5196,4805
3329,0.5195,0.22990454601874186,5.212417721729547,0.5195,0.5195,4806
9579,0.5194,0.22990223759330225,5.212365384887957,0.5194,0.5194,4807
382,0.5193,0.22989799504168473,5.212269197354841,0.5193,0.5193,4808
41,0.5192,0.22989354513165458,5.2121683085712744,0.5192,0.5192,4809
5927,0.5191,0.22988817542703036,5.212046566117357,0.5191,0.5191,4810
7004,0.519,0.22987222571908383,5.211684952823382,0.519,0.519,4811
9491,0.5189,0.22986746511387196,5.211577019928127,0.5189,0.5189,4812
7749,0.5188,0.22985676498551336,5.211334425601517,0.5188,0.5188,4813
3412,0.5187,0.2298523783705844,5.211234971850216,0.5187,0.5187,4814
5272,0.5186,0.22983863374032762,5.210923352287325,0.5186,0.5186,4815
9219,0.5185,0.22981876527078574,5.210472892456418,0.5185,0.5185,4816
7220,0.5184,0.22981492261262823,5.2103857713464645,0.5184,0.5184,4817
2394,0.5183,0.22981157923118636,5.210309969884332,0.5183,0.5183,4818
6715,0.5182,0.22980731761162884,5.210213350040613,0.5182,0.5182,4819
6462,0.5181,0.22980043740183886,5.210057361269859,0.5181,0.5181,4820
9859,0.518,0.229798341418216,5.210009840930191,0.518,0.518,4821
3441,0.5179,0.22979634264962845,5.209964524658764,0.5179,0.5179,4822
4355,0.5178,0.2297923930918177,5.209874979908795,0.5178,0.5178,4823
1936,0.5177,0.2297852092158461,5.209712106389943,0.5177,0.5177,4824
8025,0.5176,0.22978113928153662,5.209619832451551,0.5176,0.5176,4825
7434,0.5175,0.22977714116930334,5.2095291868711895,0.5175,0.5175,4826
8097,0.5174,0.22977506106111803,5.209482026460983,0.5174,0.5174,4827
4639,0.5173,0.22977435848315164,5.209466097546281,0.5173,0.5173,4828
1446,0.5172,0.2297724576250815,5.209423001111375,0.5172,0.5172,4829
1825,0.5171,0.2297694309695771,5.209354380490375,0.5171,0.5171,4830
338,0.517,0.22976939254318443,5.209353509282922,0.517,0.517,4831
4328,0.5169,0.22975186712265555,5.208956171283543,0.5169,0.5169,4832
6801,0.5168,0.2297451122797145,5.208803024842463,0.5168,0.5168,4833
7398,0.5167,0.22972634507198214,5.208377532923734,0.5167,0.5167,4834
7735,0.5166,0.22972458693981349,5.208337672385333,0.5166,0.5166,4835
5075,0.5165,0.2297073937094093,5.207947865830795,0.5165,0.5165,4836
2860,0.5164,0.22969449627861757,5.207655454054297,0.5164,0.5164,4837
8130,0.5163,0.2296889843090519,5.2075304861550995,0.5163,0.5163,4838
6230,0.5162,0.22968741434544965,5.207494891791245,0.5162,0.5162,4839
1173,0.5161,0.22968406769830815,5.20741901629035,0.5161,0.5161,4840
5841,0.516,0.229674359453532,5.207198910040776,0.516,0.516,4841
7339,0.5159,0.22966523856916873,5.206992120483896,0.5159,0.5159,4842
3394,0.5158,0.22965671619223824,5.206798900344823,0.5158,0.5158,4843
5228,0.5157,0.22965268836173158,5.206707580987797,0.5157,0.5157,4844
9973,0.5156,0.2296510543447981,5.206670534400163,0.5156,0.5156,4845
8731,0.5155,0.22964691761668385,5.2065767461072,0.5155,0.5155,4846
8658,0.5154,0.22964504657732415,5.206534325725932,0.5154,0.5154,4847
5770,0.5153,0.22964325610060127,5.206493731866338,0.5153,0.5153,4848
7480,0.5152,0.22963255603210136,5.206251138896578,0.5152,0.5152,4849
8640,0.5151,0.22962982236623505,5.20618916096453,0.5151,0.5151,4850
1329,0.515,0.2296191752731282,5.205947769056888,0.515,0.515,4851
3006,0.5149,0.22961301905956877,5.205808194798014,0.5149,0.5149,4852
255,0.5148,0.2296090590220562,5.205718412450842,0.5148,0.5148,4853
266,0.5147,0.22960518861475382,5.2056306622098845,0.5147,0.5147,4854
4964,0.5146,0.22958972814659181,5.205280141005463,0.5146,0.5146,4855
9405,0.5145,0.22958231269913612,5.205112017275792,0.5145,0.5145,4856
7653,0.5144,0.22956981571690827,5.204828684506161,0.5144,0.5144,4857
2154,0.5143,0.22956143964135686,5.2046387813251105,0.5143,0.5143,4858
7970,0.5142,0.2295587834654735,5.204578560253453,0.5142,0.5142,4859
43,0.5141,0.22955465606380224,5.204484983410256,0.5141,0.5141,4860
5966,0.514,0.22955370275667464,5.204463369940089,0.514,0.514,4861
9689,0.5139,0.22953620990921125,5.204066770439963,0.5139,0.5139,4862
8365,0.5138,0.22953547722243273,5.20405015889632,0.5138,0.5138,4863
9349,0.5137,0.2295333845476535,5.204002713574099,0.5137,0.5137,4864
7596,0.5136,0.22953276665018085,5.2039887045437325,0.5136,0.5136,4865
7093,0.5135,0.22952918125920407,5.203907416219372,0.5135,0.5135,4866
1944,0.5134,0.22951861890370423,5.203667945490398,0.5134,0.5134,4867
5273,0.5133,0.2295181106976332,5.203656423394917,0.5133,0.5133,4868
3417,0.5132,0.2295166808766949,5.203624006358117,0.5132,0.5132,4869
177,0.5131,0.2295053306482313,5.203366672899895,0.5131,0.5131,4870
8407,0.513,0.2295019866258178,5.203290856905921,0.513,0.513,4871
8003,0.5129,0.22949705282945776,5.20317899740582,0.5129,0.5129,4872
7187,0.5128,0.22948850474636973,5.202985194453571,0.5128,0.5128,4873
2790,0.5127,0.2294883274740802,5.202981175318732,0.5127,0.5127,4874
4760,0.5126,0.2294863495649007,5.202936331973184,0.5126,0.5126,4875
8045,0.5125,0.22946317133717653,5.202410832991669,0.5125,0.5125,4876
9452,0.5124,0.22945838364393414,5.202302285956481,0.5124,0.5124,4877
4741,0.5123,0.2294557430630268,5.202242418454224,0.5123,0.5123,4878
2873,0.5122,0.22945474370317834,5.202219760872474,0.5122,0.5122,4879
9315,0.5121,0.2294513626663,5.202143105683617,0.5121,0.5121,4880
6875,0.512,0.2294422485390797,5.20193646932473,0.512,0.512,4881
6280,0.5119,0.22943522570438912,5.2017772469492565,0.5119,0.5119,4882
6016,0.5118,0.22943163463909028,5.201695829975578,0.5118,0.5118,4883
5967,0.5117,0.22942505820123266,5.201546728350234,0.5117,0.5117,4884
8605,0.5116,0.22942488111899423,5.201542713525777,0.5116,0.5116,4885
9842,0.5115,0.22942214149419898,5.201480600491759,0.5115,0.5115,4886
9907,0.5114,0.22941627048903226,5.20134749250457,0.5114,0.5114,4887
2284,0.5113,0.22940447464852948,5.201080056086808,0.5113,0.5113,4888
8601,0.5112,0.2294043613914867,5.201077488313053,0.5112,0.5112,4889
3202,0.5111,0.22940001127956294,5.200978862162129,0.5111,0.5111,4890
9391,0.511,0.2293909347457192,5.200773078123095,0.511,0.511,4891
1839,0.5109,0.22938595557262217,5.200660189837673,0.5109,0.5109,4892
5219,0.5108,0.2293712944081125,5.200327790521888,0.5108,0.5108,4893
9572,0.5107,0.229367619414241,5.200244470712195,0.5107,0.5107,4894
8118,0.5106,0.22936135645893915,5.200102476394452,0.5106,0.5106,4895
436,0.5105,0.22936134772848057,5.200102278456801,0.5105,0.5105,4896
874,0.5104,0.22935996174478737,5.200070855302357,0.5104,0.5104,4897
429,0.5103,0.2293511600435514,5.1998713022945715,0.5103,0.5103,4898
1611,0.5102,0.2293492447459308,5.199827878485119,0.5102,0.5102,4899
5455,0.5101,0.22934855169676624,5.199812165609366,0.5101,0.5101,4900
5514,0.51,0.2293478814218075,5.199796969070921,0.51,0.51,4901
4204,0.5099,0.22934167677123052,5.199656296642863,0.5099,0.5099,4902
7545,0.5098,0.2293344489659495,5.199492427155489,0.5098,0.5098,4903
6340,0.5097,0.22933441062902657,5.199491557977352,0.5097,0.5097,4904
8387,0.5096,0.22932870987009676,5.1993623098291994,0.5096,0.5096,4905
9750,0.5095,0.22932033316204306,5.199172392306964,0.5095,0.5095,4906
402,0.5094,0.22931746366329442,5.199107334759893,0.5094,0.5094,4907
7469,0.5093,0.22930352182805924,5.1987912441450765,0.5093,0.5093,4908
7538,0.5092,0.22929800298803463,5.1986661204796025,0.5092,0.5092,4909
8019,0.5091,0.22929746383033875,5.198653896644905,0.5091,0.5091,4910
5359,0.509,0.22928800098761068,5.198439354175082,0.509,0.509,4911
4165,0.5089,0.22928473377570902,5.198365279636442,0.5089,0.5089,4912
4898,0.5088,0.22927997808405506,5.198257458143384,0.5088,0.5088,4913
1644,0.5087,0.22927944800853065,5.198245440221243,0.5087,0.5087,4914
5414,0.5086,0.22927654147788154,5.198179543081672,0.5086,0.5086,4915
1007,0.5085,0.22927141332858245,5.198063277192728,0.5085,0.5085,4916
1083,0.5084,0.22927026237452114,5.198037182653363,0.5084,0.5084,4917
1311,0.5083,0.22926925885489102,5.198014430760225,0.5083,0.5083,4918
1043,0.5082,0.22925694328085686,5.197735210895223,0.5082,0.5082,4919
6023,0.5081,0.22925608457308372,5.19771574219174,0.5081,0.5081,4920
686,0.508,0.22925004578564376,5.197578830227913,0.508,0.508,4921
8546,0.5079,0.22924131311936502,5.197380842388345,0.5079,0.5079,4922
9922,0.5078,0.22923436628573637,5.1972233431163986,0.5078,0.5078,4923
5515,0.5077,0.22922058087829197,5.196910799048135,0.5077,0.5077,4924
2633,0.5076,0.2292114434797506,5.196703635079193,0.5076,0.5076,4925
6166,0.5075,0.22919933721473784,5.196429160688947,0.5075,0.5075,4926
7003,0.5074,0.22919050001652858,5.196228802890708,0.5074,0.5074,4927
7040,0.5073,0.22918798773937976,5.196171844303323,0.5073,0.5073,4928
7335,0.5072,0.22918715467160933,5.196152956912464,0.5072,0.5072,4929
2954,0.5071,0.22918664736675892,5.196141455248514,0.5071,0.5071,4930
6601,0.507,0.22917913703235493,5.195971180233233,0.507,0.507,4931
5744,0.5069,0.2291789647469057,5.1959672741612035,0.5069,0.5069,4932
9080,0.5068,0.22916277781978242,5.195600282610978,0.5068,0.5068,4933
5537,0.5067,0.22916209601687648,5.195584824710995,0.5067,0.5067,4934
8322,0.5066,0.22915474705392985,5.195418208322804,0.5066,0.5066,4935
4075,0.5065,0.22915434698331405,5.19540913788503,0.5065,0.5065,4936
8010,0.5064,0.22914658912064986,5.195233250884475,0.5064,0.5064,4937
8939,0.5063,0.22913952554448178,5.195073104815283,0.5063,0.5063,4938
5314,0.5062,0.2291256807829461,5.1947592150642725,0.5062,0.5062,4939
6784,0.5061,0.229115318090831,5.19452427112412,0.5061,0.5061,4940
6960,0.506,0.22911090080960284,5.194424122103608,0.506,0.506,4941
6653,0.5059,0.22910581246810238,5.194308758743032,0.5059,0.5059,4942
2132,0.5058,0.22910337878330098,5.194253582008862,0.5058,0.5058,4943
9655,0.5057,0.22910302964709184,5.19424566635987,0.5057,0.5057,4944
5532,0.5056,0.22910151037922766,5.1942112213743,0.5056,0.5056,4945
1757,0.5055,0.22909815031219538,5.194135041614947,0.5055,0.5055,4946
6709,0.5054,0.22908395960388414,5.193813308527105,0.5054,0.5054,4947
9815,0.5053,0.22908328079103732,5.193797918417564,0.5053,0.5053,4948
7322,0.5052,0.22906315695753757,5.193341668952899,0.5052,0.5052,4949
5332,0.5051,0.22906215912262995,5.193319045943805,0.5051,0.5051,4950
412,0.505,0.22903685511628338,5.192745351106429,0.505,0.505,4951
3054,0.5049,0.2290290247587622,5.19256782049779,0.5049,0.5049,4952
6732,0.5048,0.22902252715652055,5.192420506241007,0.5048,0.5048,4953
938,0.5047,0.22902184503412362,5.192405041098024,0.5047,0.5047,4954
2670,0.5046,0.22900916565920285,5.192117573103153,0.5046,0.5046,4955
1404,0.5045,0.229006451932934,5.1920560472439945,0.5045,0.5045,4956
9853,0.5044,0.2289969505824006,5.19184063172077,0.5044,0.5044,4957
212,0.5043,0.22899163673497622,5.191720155667246,0.5043,0.5043,4958
2653,0.5042,0.22898875013387013,5.191654710372438,0.5042,0.5042,4959
8437,0.5041,0.22898586544755128,5.191589308490405,0.5041,0.5041,4960
6959,0.504,0.22897995108386016,5.191455217474598,0.504,0.504,4961
9409,0.5039,0.22897920175325462,5.191438228579937,0.5039,0.5039,4962
8476,0.5038,0.22897870881508578,5.1914270526390345,0.5038,0.5038,4963
8144,0.5037,0.228975222231196,5.191348004477182,0.5037,0.5037,4964
5115,0.5036,0.2289638044979341,5.191089140542919,0.5036,0.5036,4965
3493,0.5035,0.2289633470766932,5.191078769845692,0.5035,0.5035,4966
1634,0.5034,0.22895633956375308,5.190919894846532,0.5034,0.5034,4967
5964,0.5033,0.22895142284449688,5.190808422519472,0.5033,0.5033,4968
2885,0.5032,0.2289495789538906,5.190766617657264,0.5032,0.5032,4969
1635,0.5031,0.2289205440480135,5.190108335510759,0.5031,0.5031,4970
5400,0.503,0.22891624489968396,5.190010864811298,0.503,0.503,4971
8179,0.5029,0.22890412755852657,5.1897361393006864,0.5029,0.5029,4972
2045,0.5028,0.22889577987924967,5.189546879923147,0.5028,0.5028,4973
9743,0.5027,0.22888483500073212,5.189298736595575,0.5027,0.5027,4974
132,0.5026,0.2288781577072557,5.1891473483643455,0.5026,0.5026,4975
2468,0.5025,0.22887441632764544,5.189062523449378,0.5025,0.5025,4976
4141,0.5024,0.22887206700068202,5.189009259284799,0.5024,0.5024,4977
7255,0.5023,0.22886471445422052,5.188842561653831,0.5023,0.5023,4978
1166,0.5022,0.22885458427384786,5.188612889239959,0.5022,0.5022,4979
9308,0.5021,0.2288414347044427,5.188314760953927,0.5021,0.5021,4980
2527,0.502,0.22884064721304917,5.1882969068739575,0.502,0.502,4981
5619,0.5019,0.2288286476511872,5.188024851665621,0.5019,0.5019,4982
7701,0.5018,0.22882740942768767,5.187996778545721,0.5018,0.5018,4983
799,0.5017,0.2288230903192527,5.1878988553094,0.5017,0.5017,4984
3234,0.5016,0.22882236817051202,5.187882482683844,0.5016,0.5016,4985
4775,0.5015,0.22882011496442298,5.187831397781115,0.5015,0.5015,4986
3828,0.5014,0.22881568852769466,5.187731041186969,0.5014,0.5014,4987
4537,0.5013,0.22881476083560542,5.187710008463587,0.5013,0.5013,4988
2925,0.5012,0.22881206963350004,5.187648993274001,0.5012,0.5012,4989
6515,0.5011,0.22881150131090855,5.187636108209673,0.5011,0.5011,4990
3296,0.501,0.2288108047671563,5.187620316103383,0.501,0.501,4991
2037,0.5009,0.2288099797788059,5.18760161188801,0.5009,0.5009,4992
3850,0.5008,0.22879593970961606,5.187283294106094,0.5008,0.5008,4993
9485,0.5007,0.22879225971150802,5.187199860837842,0.5007,0.5007,4994
7705,0.5006,0.22878574518113803,5.187052162786978,0.5006,0.5006,4995
3633,0.5005,0.22877997452921575,5.186921330018845,0.5005,0.5005,4996
4137,0.5004,0.22877921089374928,5.186904016801299,0.5004,0.5004,4997
8613,0.5003,0.22877769378777132,5.186869620831713,0.5003,0.5003,4998
1658,0.5002,0.2287710197741505,5.186718306960087,0.5002,0.5002,4999
8324,0.5001,0.22876547235840378,5.18659253542267,0.5001,0.5001,5000
3829,0.5,0.22876250066588158,5.186525160927986,0.5,0.5,5001
9256,0.4999,0.22875279231709952,5.186305052321232,0.4999,0.4999,5002
1208,0.4998,0.22875073642280186,5.186258440890418,0.4998,0.4998,5003
3644,0.4997,0.2287493255866681,5.186226454280108,0.4997,0.4997,5004
1133,0.4996,0.22874699204807455,5.186173548069977,0.4996,0.4996,5005
9666,0.4995,0.22873885912479158,5.185989157661364,0.4995,0.4995,5006
4697,0.4994,0.22873429953846738,5.185885782286041,0.4994,0.4994,5007
5949,0.4993,0.22873007826372677,5.185790077144168,0.4993,0.4993,5008
6892,0.4992,0.22872776568922448,5.1857376462345695,0.4992,0.4992,5009
9806,0.4991,0.22872529836841207,5.185681706903135,0.4991,0.4991,5010
2386,0.499,0.22872061482061806,5.185575521062974,0.499,0.499,5011
4868,0.4989,0.22871742405748713,5.185503179777245,0.4989,0.4989,5012
6684,0.4988,0.22871721268838843,5.185498387595765,0.4988,0.4988,5013
5229,0.4987,0.2287155616767958,5.185460955705787,0.4987,0.4987,5014
5980,0.4986,0.22871073594181363,5.185351546182904,0.4986,0.4986,5015
3860,0.4985,0.2286975019740663,5.185051504407349,0.4985,0.4985,5016
9563,0.4984,0.2286858285905654,5.18478684434724,0.4984,0.4984,5017
6742,0.4983,0.2286815013369833,5.184688736443039,0.4983,0.4983,5018
6275,0.4982,0.22868063444209827,5.184669082120445,0.4982,0.4982,5019
2818,0.4981,0.22867944409619811,5.1846420944839995,0.4981,0.4981,5020
6687,0.498,0.22867073328051912,5.184444602044651,0.498,0.498,5021
8401,0.4979,0.22866551957179332,5.184326396342842,0.4979,0.4979,5022
5938,0.4978,0.2286588413582468,5.184174987251345,0.4978,0.4978,5023
3131,0.4977,0.2286503207328881,5.183981806822333,0.4977,0.4977,5024
5630,0.4976,0.22863686138309616,5.1836766551647315,0.4976,0.4976,5025
5833,0.4975,0.22862385710797417,5.183381821003415,0.4975,0.4975,5026
5994,0.4974,0.22857892972065025,5.182363223007694,0.4974,0.4974,5027
6902,0.4973,0.22857608789425438,5.1822987928484725,0.4973,0.4973,5028
9482,0.4972,0.22857281205637542,5.182224522742026,0.4972,0.4972,5029
7485,0.4971,0.2285639173469062,5.182022861042786,0.4971,0.4971,5030
3498,0.497,0.228548928773037,5.181683038671534,0.497,0.497,5031
1301,0.4969,0.22853564979904184,5.181381976509906,0.4969,0.4969,5032
9081,0.4968,0.2285292819759567,5.1812376046196125,0.4968,0.4968,5033
3371,0.4967,0.22852140590198444,5.181059037522512,0.4967,0.4967,5034
6583,0.4966,0.22851709990167762,5.1809614114737546,0.4966,0.4966,5035
6360,0.4965,0.22851288773393064,5.1808659128067465,0.4965,0.4965,5036
6129,0.4964,0.2285128544889837,5.180865159074202,0.4964,0.4964,5037
1480,0.4963,0.22850702619125815,5.180733019354123,0.4963,0.4963,5038
960,0.4962,0.22850372643860992,5.1806582070478395,0.4962,0.4962,5039
9454,0.4961,0.22850252775170174,5.180631030303561,0.4961,0.4961,5040
6852,0.496,0.22849137962139277,5.1803782788349695,0.496,0.496,5041
7304,0.4959,0.22849019782608115,5.180351485058715,0.4959,0.4959,5042
2412,0.4958,0.22848903182276203,5.180325049319739,0.4958,0.4958,5043
2402,0.4957,0.22848720848742987,5.180283710488993,0.4957,0.4957,5044
3912,0.4956,0.2284836308169912,5.180202597205325,0.4956,0.4956,5045
6873,0.4955,0.22848296050558375,5.1801873998413335,0.4955,0.4955,5046
1386,0.4954,0.22848071771243955,5.180136551020879,0.4954,0.4954,5047
5329,0.4953,0.22847635245186765,5.18003758141796,0.4953,0.4953,5048
4124,0.4952,0.2284637313760532,5.179751435187226,0.4952,0.4952,5049
7185,0.4951,0.22845297210226742,5.179507499909918,0.4951,0.4951,5050
6248,0.495,0.22845194691001044,5.179484256652786,0.495,0.495,5051
430,0.4949,0.22844365189311822,5.179296191241442,0.4949,0.4949,5052
1891,0.4948,0.228438887805756,5.179188179399683,0.4948,0.4948,5053
292,0.4947,0.22842539483443194,5.178882265472305,0.4947,0.4947,5054
1338,0.4946,0.2283983329912465,5.178268716791271,0.4946,0.4946,5055
6574,0.4945,0.2283694374070967,5.177613593361745,0.4945,0.4945,5056
7019,0.4944,0.22835825539618554,5.177360073745821,0.4944,0.4944,5057
1317,0.4943,0.2283473217593208,5.17711218529097,0.4943,0.4943,5058
3645,0.4942,0.2283415095238095,5.176980409735041,0.4942,0.4942,5059
6323,0.4941,0.22833819074126652,5.1769051659821175,0.4941,0.4941,5060
9333,0.494,0.22832605672627046,5.176630062440384,0.494,0.494,5061
3153,0.4939,0.22832178232948747,5.1765331529109675,0.4939,0.4939,5062
3177,0.4938,0.22831959989685655,5.176483672590868,0.4938,0.4938,5063
7351,0.4937,0.2283145217036602,5.176368539312296,0.4937,0.4937,5064
1612,0.4936,0.22831282097257652,5.17632998017503,0.4936,0.4936,5065
5667,0.4935,0.22830443692033928,5.176139896146002,0.4935,0.4935,5066
8789,0.4934,0.22829682369575727,5.175967288393925,0.4934,0.4934,5067
9738,0.4933,0.2282928617328982,5.1758774623961825,0.4933,0.4933,5068
2888,0.4932,0.22829254192101064,5.1758702115908415,0.4932,0.4932,5069
4948,0.4931,0.2282845100413483,5.175688112051489,0.4931,0.4931,5070
2136,0.493,0.22827994670252866,5.175584651600323,0.493,0.493,5071
9102,0.4929,0.2282799123464687,5.175583872676225,0.4929,0.4929,5072
8813,0.4928,0.22827217068388303,5.175408352966494,0.4928,0.4928,5073
1576,0.4927,0.2282686041171767,5.175327491426285,0.4927,0.4927,5074
7521,0.4926,0.22826203887938742,5.175178643731641,0.4926,0.4926,5075
1062,0.4925,0.22825742307036745,5.175073993669682,0.4925,0.4925,5076
5443,0.4924,0.2282463540567519,5.174823035941794,0.4924,0.4924,5077
7791,0.4923,0.2282384203159134,5.174643161414381,0.4923,0.4923,5078
8196,0.4922,0.2282233783333605,5.174302128156576,0.4922,0.4922,5079
3366,0.4921,0.22821734033125227,5.174165233999045,0.4921,0.4921,5080
1426,0.492,0.22821289848859727,5.174064528119196,0.492,0.492,5081
1706,0.4919,0.22821155279555677,5.174034018439367,0.4919,0.4919,5082
3374,0.4918,0.22819797399370187,5.1737261585532845,0.4918,0.4918,5083
4321,0.4917,0.22818983891694894,5.173541719318602,0.4917,0.4917,5084
8096,0.4916,0.2281884884642974,5.173511101728368,0.4916,0.4916,5085
7205,0.4915,0.22818525815155796,5.173437863770852,0.4915,0.4915,5086
5771,0.4914,0.2281831163792877,5.173389305306388,0.4914,0.4914,5087
8164,0.4913,0.228157898662192,5.172817566827526,0.4913,0.4913,5088
6942,0.4912,0.22815459959353676,5.172742770029783,0.4912,0.4912,5089
3222,0.4911,0.22815404773278888,5.17273025818957,0.4911,0.4911,5090
280,0.491,0.228152442978225,5.172693875041898,0.491,0.491,5091
8577,0.4909,0.22814279202588603,5.172475067733624,0.4909,0.4909,5092
667,0.4908,0.22813718811783318,5.172348015396485,0.4908,0.4908,5093
3789,0.4907,0.2281311461600304,5.17221103155528,0.4907,0.4907,5094
769,0.4906,0.22812682966743777,5.17211316762549,0.4906,0.4906,5095
6312,0.4905,0.22812485094429796,5.172068305826478,0.4905,0.4905,5096
1346,0.4904,0.22812417807879862,5.172053050555553,0.4904,0.4904,5097
5807,0.4903,0.22812227554971604,5.172009916235532,0.4903,0.4903,5098
4060,0.4902,0.22811473822495867,5.171839029291996,0.4902,0.4902,5099
8171,0.4901,0.2281111249068571,5.171757107799424,0.4901,0.4901,5100
1291,0.49,0.22810819641700672,5.171690712799632,0.49,0.49,5101
5368,0.4899,0.22809892092425907,5.171480417946923,0.4899,0.4899,5102
3924,0.4898,0.22807565265534063,5.170952877542313,0.4898,0.4898,5103
4232,0.4897,0.22806762591511487,5.170770894524145,0.4897,0.4897,5104
2410,0.4896,0.22806361405367853,5.170679937220069,0.4896,0.4896,5105
8035,0.4895,0.22805675884268595,5.170524515225511,0.4895,0.4895,5106
9011,0.4894,0.22803471189865737,5.170024664814842,0.4894,0.4894,5107
1557,0.4893,0.2280192501723012,5.1696741150860355,0.4893,0.4893,5108
7120,0.4892,0.22801728494820497,5.169629559337374,0.4892,0.4892,5109
3156,0.4891,0.22800754695978434,5.169408778737601,0.4891,0.4891,5110
6898,0.489,0.22800562955529396,5.169365307162147,0.489,0.489,5111
5605,0.4889,0.22799283949370894,5.16907532966806,0.4889,0.4889,5112
8213,0.4888,0.22799105673864076,5.169034910876351,0.4888,0.4888,5113
9047,0.4887,0.22798150171278309,5.168818278422351,0.4887,0.4887,5114
1788,0.4886,0.22797640939044034,5.1687028248059645,0.4886,0.4886,5115
5132,0.4885,0.22797604175895117,5.168694489829672,0.4885,0.4885,5116
5582,0.4884,0.22796993953170677,5.168556139553255,0.4884,0.4884,5117
9070,0.4883,0.2279205068060779,5.167435396099373,0.4883,0.4883,5118
3426,0.4882,0.22791621429090084,5.167338075787339,0.4882,0.4882,5119
9508,0.4881,0.22790793036396115,5.167150261807667,0.4881,0.4881,5120
9117,0.488,0.22790408785306196,5.167063144035146,0.488,0.488,5121
5078,0.4879,0.22788160191858683,5.166553340791662,0.4879,0.4879,5122
400,0.4878,0.22787959140132,5.16650775815347,0.4878,0.4878,5123
9519,0.4877,0.22787281242076204,5.166354064462222,0.4877,0.4877,5124
1089,0.4876,0.22786328348759705,5.166138023583737,0.4876,0.4876,5125
2829,0.4875,0.2278464079341336,5.165755419431392,0.4875,0.4875,5126
1876,0.4874,0.22784496412415733,5.165722685234386,0.4874,0.4874,5127
549,0.4873,0.22784457638908606,5.165713894467625,0.4873,0.4873,5128
4404,0.4872,0.2278396991322107,5.165603316835406,0.4872,0.4872,5129
448,0.4871,0.22782973114602062,5.165377321705331,0.4871,0.4871,5130
3122,0.487,0.2278241342664432,5.165250428719897,0.487,0.487,5131
3953,0.4869,0.22781655117987326,5.16507850426057,0.4869,0.4869,5132
5828,0.4868,0.2278134093434379,5.165007272245942,0.4868,0.4868,5133
1143,0.4867,0.2278038963425566,5.164791592585157,0.4867,0.4867,5134
8433,0.4866,0.2278027004837077,5.164764479960831,0.4866,0.4866,5135
7704,0.4865,0.2277976178319416,5.164649245596975,0.4865,0.4865,5136
3913,0.4864,0.22779731926113886,5.164642476370996,0.4864,0.4864,5137
1110,0.4863,0.22779222646726793,5.164527012064009,0.4863,0.4863,5138
8874,0.4862,0.2277838747661745,5.164337661503285,0.4862,0.4862,5139
8102,0.4861,0.22777270675396388,5.164084459267823,0.4861,0.4861,5140
7958,0.486,0.22777052855058966,5.16403507483453,0.486,0.486,5141
2261,0.4859,0.22777007218202605,5.164024728004044,0.4859,0.4859,5142
3628,0.4858,0.22775590056877593,5.163703427840649,0.4858,0.4858,5143
1227,0.4857,0.22774135959514163,5.1633737535041755,0.4857,0.4857,5144
9648,0.4856,0.22773402012013588,5.163207352229111,0.4856,0.4856,5145
2360,0.4855,0.22773396593069645,5.163206123639902,0.4855,0.4855,5146
4167,0.4854,0.22773295123452605,5.163183118353024,0.4854,0.4854,5147
4409,0.4853,0.22772043597929048,5.162899371295872,0.4853,0.4853,5148
1986,0.4852,0.22770270216968785,5.16249730867862,0.4852,0.4852,5149
8316,0.4851,0.22769087474094898,5.1622291560903815,0.4851,0.4851,5150
2354,0.485,0.22767605149887507,5.161893082137159,0.485,0.485,5151
2963,0.4849,0.22766296711295975,5.1615964316951555,0.4849,0.4849,5152
2756,0.4848,0.22764613898225952,5.16121490271635,0.4848,0.4848,5153
8783,0.4847,0.227641188006901,5.161102653733027,0.4847,0.4847,5154
8900,0.4846,0.22764035879542346,5.1610838537709895,0.4846,0.4846,5155
5234,0.4845,0.22764025737866228,5.161081554441526,0.4845,0.4845,5156
6156,0.4844,0.22763826929406802,5.1610364803980335,0.4844,0.4844,5157
6699,0.4843,0.22763792812902622,5.16102874547233,0.4843,0.4843,5158
8448,0.4842,0.22762770473907948,5.1607969598023296,0.4842,0.4842,5159
7092,0.4841,0.22762768084678736,5.160796418114723,0.4841,0.4841,5160
635,0.484,0.22761951744982895,5.160611336802559,0.484,0.484,5161
8615,0.4839,0.2276174659429846,5.160564824844878,0.4839,0.4839,5162
7782,0.4838,0.22761620255603712,5.160536181215862,0.4838,0.4838,5163
8954,0.4837,0.2276158272514369,5.160527672275256,0.4837,0.4837,5164
3662,0.4836,0.22761279177693475,5.160458851708377,0.4836,0.4836,5165
3065,0.4835,0.22760998441923289,5.160395203027773,0.4835,0.4835,5166
716,0.4834,0.22760606692611507,5.160306385251225,0.4834,0.4834,5167
9617,0.4833,0.22760071221286707,5.160184982683286,0.4833,0.4833,5168
4305,0.4832,0.2276002701912642,5.160174961127047,0.4832,0.4832,5169
1304,0.4831,0.22759186418392463,5.159984379329173,0.4831,0.4831,5170
421,0.483,0.22758831686619818,5.159903954205212,0.483,0.483,5171
9986,0.4829,0.22758748865649653,5.159885176955827,0.4829,0.4829,5172
7980,0.4828,0.22758375758766333,5.15980058580897,0.4828,0.4828,5173
9359,0.4827,0.22757151398360662,5.159522997653096,0.4827,0.4827,5174
8081,0.4826,0.227566915407708,5.15941873830389,0.4826,0.4826,5175
5373,0.4825,0.2275590573593537,5.159240579885333,0.4825,0.4825,5176
8943,0.4824,0.22755670915923124,5.159187341268457,0.4824,0.4824,5177
316,0.4823,0.22755490471855863,5.159146430817222,0.4823,0.4823,5178
9006,0.4822,0.22754904570997475,5.15901359481814,0.4822,0.4822,5179
4033,0.4821,0.2275467639233676,5.1589618619351345,0.4821,0.4821,5180
9741,0.482,0.2275457209272643,5.158938215028351,0.482,0.482,5181
1073,0.4819,0.22753824905761075,5.158768812088956,0.4819,0.4819,5182
2796,0.4818,0.22753151489837214,5.158616134591379,0.4818,0.4818,5183
6055,0.4817,0.22752899537205645,5.158559011650863,0.4817,0.4817,5184
1745,0.4816,0.22752421232372927,5.158450569924456,0.4816,0.4816,5185
4919,0.4815,0.22751923779552186,5.158337786948612,0.4815,0.4815,5186
7903,0.4814,0.22751087311240054,5.1581481420567945,0.4814,0.4814,5187
2577,0.4813,0.22750243191193043,5.157956762357743,0.4813,0.4813,5188
5384,0.4812,0.22750020933152101,5.157906371803571,0.4812,0.4812,5189
7107,0.4811,0.22749709500342027,5.157835763460511,0.4811,0.4811,5190
3770,0.481,0.22749265856470474,5.157735180100193,0.481,0.481,5191
146,0.4809,0.22749201962470678,5.1577206939929,0.4809,0.4809,5192
7162,0.4808,0.22749018594153164,5.1576791205525625,0.4808,0.4808,5193
3476,0.4807,0.22748474636575008,5.157555793974109,0.4807,0.4807,5194
8881,0.4806,0.2274806913272371,5.1574638577555,0.4806,0.4806,5195
3874,0.4805,0.2274699284720399,5.157219841278715,0.4805,0.4805,5196
5290,0.4804,0.22746554408678596,5.157120438080038,0.4804,0.4804,5197
2858,0.4803,0.22746217209900252,5.157043988052326,0.4803,0.4803,5198
3591,0.4802,0.2274620734892959,5.157041752363916,0.4802,0.4802,5199
6110,0.4801,0.22743888079644822,5.1565159254269926,0.4801,0.4801,5200
977,0.48,0.22743738481613188,5.156482008419406,0.48,0.48,5201
2361,0.4799,0.22743360832920928,5.156396387547996,0.4799,0.4799,5202
8974,0.4798,0.22742705927591841,5.156247906789311,0.4798,0.4798,5203
2952,0.4797,0.22742379270554378,5.156173846794812,0.4797,0.4797,5204
9880,0.4796,0.22741458594124322,5.155965110159585,0.4796,0.4796,5205
4043,0.4795,0.22740622123251023,5.155775464688373,0.4795,0.4795,5206
440,0.4794,0.2274058799349956,5.155767726758891,0.4794,0.4794,5207
888,0.4793,0.22739950687019267,5.155623236027765,0.4793,0.4793,5208
9120,0.4792,0.22739562652674972,5.155535260512705,0.4792,0.4792,5209
2298,0.4791,0.22739369685458502,5.1554915108013555,0.4791,0.4791,5210
1654,0.479,0.2273926546551896,5.155467881957537,0.479,0.479,5211
8103,0.4789,0.22738237012872656,5.15523471019642,0.4789,0.4789,5212
4155,0.4788,0.2273790100454636,5.155158530068429,0.4788,0.4788,5213
7386,0.4787,0.227378258100803,5.155141481908397,0.4787,0.4787,5214
173,0.4786,0.2273735332012055,5.155034358535394,0.4786,0.4786,5215
7409,0.4785,0.22737116843771069,5.15498074439161,0.4785,0.4785,5216
9735,0.4784,0.22736878562065418,5.154926720937135,0.4784,0.4784,5217
1854,0.4783,0.2273678392559561,5.154905264867302,0.4783,0.4783,5218
5679,0.4782,0.22736775105138723,5.154903265084711,0.4782,0.4782,5219
5939,0.4781,0.22736568545343402,5.154856433652333,0.4781,0.4781,5220
7132,0.478,0.22735495750167506,5.1546132085096055,0.478,0.478,5221
9065,0.4779,0.2273487985156677,5.154473571393558,0.4779,0.4779,5222
1318,0.4778,0.22734313765042524,5.1543452277183635,0.4778,0.4778,5223
6714,0.4777,0.22733891282694335,5.1542494421188705,0.4777,0.4777,5224
5602,0.4776,0.2273294310553877,5.15403447049251,0.4776,0.4776,5225
5109,0.4775,0.22732357355704474,5.1539016687342425,0.4775,0.4775,5226
9769,0.4774,0.22731917598403129,5.153801966541239,0.4774,0.4774,5227
8398,0.4773,0.22731760210787733,5.153766283471152,0.4773,0.4773,5228
6719,0.4772,0.22731380590815897,5.1536802156700325,0.4772,0.4772,5229
6029,0.4771,0.22731216506844,5.153643014396265,0.4771,0.4771,5230
9499,0.477,0.22730734952106435,5.15353383584799,0.477,0.477,5231
6232,0.4769,0.22730123172682468,5.1533951326352305,0.4769,0.4769,5232
9578,0.4768,0.2272986887565449,5.153337478171482,0.4768,0.4768,5233
5045,0.4767,0.22729694666129965,5.153297981222182,0.4767,0.4767,5234
9159,0.4766,0.22729243319016965,5.153195651376157,0.4766,0.4766,5235
3243,0.4765,0.22729239925209418,5.1531948819287745,0.4765,0.4765,5236
1236,0.4764,0.2272828390576513,5.152978132291108,0.4764,0.4764,5237
2292,0.4763,0.22727918604777167,5.152895310904854,0.4763,0.4763,5238
2082,0.4762,0.22725874146421607,5.152431789362741,0.4762,0.4762,5239
3451,0.4761,0.2272562206147135,5.1523746364227705,0.4761,0.4761,5240
7986,0.476,0.22723183823908397,5.151821836885458,0.476,0.476,5241
5456,0.4759,0.227229290842005,5.1517640820560056,0.4759,0.4759,5242
1238,0.4758,0.22722360847041057,5.15163525078634,0.4758,0.4758,5243
2357,0.4757,0.2272216107402306,5.1515899580588815,0.4757,0.4757,5244
2346,0.4756,0.22722118353495738,5.151580272420805,0.4756,0.4756,5245
92,0.4755,0.22721793066956972,5.1515065231465735,0.4755,0.4755,5246
5441,0.4754,0.22720496124418946,5.1512124791011376,0.4754,0.4754,5247
2038,0.4753,0.22718077459175823,5.150664117018162,0.4753,0.4753,5248
199,0.4752,0.22717108332146757,5.150444395618063,0.4752,0.4752,5249
4352,0.4751,0.22716311890434723,5.150263825595561,0.4751,0.4751,5250
9372,0.475,0.22716201041717043,5.150238693868503,0.475,0.475,5251
9426,0.4749,0.22715173943300612,5.150005829139969,0.4749,0.4749,5252
9067,0.4748,0.22714638986880353,5.149884543311243,0.4748,0.4748,5253
3217,0.4747,0.22714587778734419,5.1498729333518805,0.4747,0.4747,5254
4999,0.4746,0.2271458594073207,5.149872516637685,0.4746,0.4746,5255
1436,0.4745,0.22713752331498038,5.149683519959824,0.4745,0.4745,5256
6296,0.4744,0.2271311651508019,5.149539367057843,0.4744,0.4744,5257
8366,0.4743,0.22712683962830957,5.149441298399836,0.4743,0.4743,5258
5300,0.4742,0.22710659954986545,5.1489824134171265,0.4742,0.4742,5259
949,0.4741,0.22710585668462024,5.148965571106844,0.4741,0.4741,5260
5425,0.474,0.22709504402666622,5.148720425497273,0.474,0.474,5261
504,0.4739,0.2270800885960749,5.148381354553228,0.4739,0.4739,5262
6621,0.4738,0.22707919078187097,5.148360999224195,0.4738,0.4738,5263
4171,0.4737,0.227074320965913,5.148250590294049,0.4737,0.4737,5264
2636,0.4736,0.2270596082263234,5.147917021663353,0.4736,0.4736,5265
8353,0.4735,0.22705609477238028,5.147837364302198,0.4735,0.4735,5266
1981,0.4734,0.22705219483296699,5.14774894450456,0.4734,0.4734,5267
2749,0.4733,0.227037665926941,5.147419543765596,0.4733,0.4733,5268
3716,0.4732,0.22702012747125852,5.147021910231818,0.4732,0.4732,5269
469,0.4731,0.2270128706786778,5.1468573835412705,0.4731,0.4731,5270
1025,0.473,0.22701113290826788,5.14681798464507,0.473,0.473,5271
724,0.4729,0.2270016475817666,5.146602932420344,0.4729,0.4729,5272
8158,0.4728,0.2269981209184463,5.146522975574863,0.4728,0.4728,5273
735,0.4727,0.22698699833844999,5.146270803384339,0.4727,0.4727,5274
3092,0.4726,0.22697224987366824,5.145936424787181,0.4726,0.4726,5275
9111,0.4725,0.22696874348429347,5.14585692759446,0.4725,0.4725,5276
5719,0.4724,0.22696049714425617,5.14566996578982,0.4724,0.4724,5277
5321,0.4723,0.2269512913306936,5.1454612507094675,0.4723,0.4723,5278
7883,0.4722,0.22694163318265,5.145242280258743,0.4722,0.4722,5279
1969,0.4721,0.2269371047459907,5.1451396111124446,0.4721,0.4721,5280
2393,0.472,0.22693331824738977,5.1450537632560485,0.472,0.472,5281
8557,0.4719,0.22693202793456901,5.145024509161373,0.4719,0.4719,5282
4469,0.4718,0.22693087869509246,5.1449984534948605,0.4718,0.4718,5283
2868,0.4717,0.22692841882640927,5.1449426831174465,0.4717,0.4717,5284
6419,0.4716,0.22692208187953097,5.144799011256632,0.4716,0.4716,5285
8927,0.4715,0.2269184799461079,5.144717347879086,0.4715,0.4715,5286
971,0.4714,0.22691523637378108,5.144643809299438,0.4714,0.4714,5287
1117,0.4713,0.22691456798285473,5.14462865547623,0.4713,0.4713,5288
9183,0.4712,0.22691133323034288,5.144555316860592,0.4712,0.4712,5289
4664,0.4711,0.2269076653757491,5.144472158910961,0.4711,0.4711,5290
346,0.471,0.22690221706960526,5.1443486343965725,0.471,0.471,5291
2797,0.4709,0.22689813850070606,5.144256164695875,0.4709,0.4709,5292
6127,0.4708,0.22689132950165497,5.1441017904208595,0.4708,0.4708,5293
4410,0.4707,0.2268877126795024,5.1440197894859665,0.4707,0.4707,5294
5453,0.4706,0.22688476328141136,5.1439529204524,0.4706,0.4706,5295
1282,0.4705,0.22687116898495846,5.143644709271203,0.4705,0.4705,5296
7331,0.4704,0.22686208489576623,5.143438753936801,0.4704,0.4704,5297
6685,0.4703,0.2268534343836005,5.143242628702551,0.4703,0.4703,5298
2220,0.4702,0.2268530803164971,5.14323460125944,0.4702,0.4702,5299
4189,0.4701,0.2268463871898871,5.143082854057983,0.4701,0.4701,5300
4622,0.47,0.2268356497317356,5.142839413385087,0.47,0.47,5301
5676,0.4699,0.2268285180506335,5.142677723232876,0.4699,0.4699,5302
7076,0.4698,0.22681311926412387,5.1423286004812905,0.4698,0.4698,5303
4336,0.4697,0.22680916964578574,5.1422390543599334,0.4697,0.4697,5304
7068,0.4696,0.22680831809967325,5.142219748024426,0.4696,0.4696,5305
6222,0.4695,0.22680005450394722,5.142032394996135,0.4695,0.4695,5306
5319,0.4694,0.22679863143507265,5.14200013104423,0.4694,0.4694,5307
2528,0.4693,0.2267976393378872,5.141977638123311,0.4693,0.4693,5308
2189,0.4692,0.2267633159690388,5.141199455442186,0.4692,0.4692,5309
8440,0.4691,0.22676188840841935,5.141167089650404,0.4691,0.4691,5310
1206,0.469,0.22674847552446284,5.1408629914704,0.469,0.469,5311
7082,0.4689,0.2267297633030184,5.140438746208138,0.4689,0.4689,5312
6645,0.4688,0.22672895827862868,5.14042049461834,0.4688,0.4688,5313
9856,0.4687,0.22671701891818766,5.140149804304178,0.4687,0.4687,5314
2625,0.4686,0.22670438932923118,5.139863465061346,0.4686,0.4686,5315
7957,0.4685,0.2266998362929501,5.139760238190073,0.4685,0.4685,5316
5815,0.4684,0.2266952487612549,5.139656229235918,0.4684,0.4684,5317
5857,0.4683,0.22668748615146017,5.139480234608331,0.4683,0.4683,5318
3051,0.4682,0.22668016679245892,5.1393142894061326,0.4682,0.4682,5319
194,0.4681,0.2266798220029842,5.139306472306113,0.4681,0.4681,5320
458,0.468,0.22666495951471,5.138969508559401,0.468,0.468,5321
3281,0.4679,0.226651380577496,5.1386616456041585,0.4679,0.4679,5322
5318,0.4678,0.2266508937650006,5.13865060854442,0.4678,0.4678,5323
6417,0.4677,0.22663940534289548,5.138390141946427,0.4677,0.4677,5324
6516,0.4676,0.22663038736839783,5.138185685571862,0.4676,0.4676,5325
4785,0.4675,0.22661205348219207,5.13777001796081,0.4675,0.4675,5326
7726,0.4674,0.22660930312569352,5.137707661616773,0.4674,0.4674,5327
3292,0.4673,0.2265965214258489,5.137417873703673,0.4673,0.4673,5328
7041,0.4672,0.2265964994158053,5.13741737468881,0.4672,0.4672,5329
1598,0.4671,0.22659260052293764,5.137328978618694,0.4671,0.4671,5330
8391,0.467,0.2265897961476374,5.137265397555232,0.467,0.467,5331
6966,0.4669,0.2265889180573979,5.137245489410095,0.4669,0.4669,5332
3732,0.4668,0.2265762920199374,5.136959230688292,0.4668,0.4668,5333
5378,0.4667,0.22656588532860789,5.136723289193829,0.4667,0.4667,5334
7522,0.4666,0.2265612836069311,5.136618958522893,0.4666,0.4666,5335
4340,0.4665,0.22655509553593675,5.13647866198802,0.4665,0.4665,5336
7075,0.4664,0.22655385846238346,5.1364506149397755,0.4664,0.4664,5337
2564,0.4663,0.22654151958586993,5.136170866758223,0.4663,0.4663,5338
1167,0.4662,0.2265411353599331,5.136162155551131,0.4662,0.4662,5339
3325,0.4661,0.22653963097407817,5.136128047972184,0.4661,0.4661,5340
3173,0.466,0.22653712830050468,5.136071307118885,0.466,0.466,5341
4802,0.4659,0.2265342971095209,5.13600711808706,0.4659,0.4659,5342
2817,0.4658,0.22653398555919935,5.136000054589614,0.4658,0.4658,5343
3221,0.4657,0.22652787369312555,5.135861485781294,0.4657,0.4657,5344
9760,0.4656,0.22651834529716985,5.135645457081574,0.4656,0.4656,5345
7892,0.4655,0.2265102900302556,5.1354628273049565,0.4655,0.4655,5346
4575,0.4654,0.22650214042805994,5.135278058749402,0.4654,0.4654,5347
356,0.4653,0.22649813914575162,5.13518734129691,0.4653,0.4653,5348
9828,0.4652,0.2264975267194622,5.135173456309244,0.4652,0.4652,5349
9488,0.4651,0.22649618764267918,5.1351430966326195,0.4651,0.4651,5350
995,0.465,0.2264769331083531,5.134706555999884,0.465,0.465,5351
6365,0.4649,0.2264731245266201,5.134620207472964,0.4649,0.4649,5352
3890,0.4648,0.2264696895866931,5.134542330188901,0.4648,0.4648,5353
623,0.4647,0.2264614109699935,5.1343546366041695,0.4647,0.4647,5354
7039,0.4646,0.22645702074303653,5.134255100960854,0.4646,0.4646,5355
5337,0.4645,0.22644932794715644,5.134080689161175,0.4645,0.4645,5356
2900,0.4644,0.22644676228056904,5.134022520126407,0.4644,0.4644,5357
1466,0.4643,0.22644326655499364,5.133943264702261,0.4643,0.4643,5358
7340,0.4642,0.2264392868393697,5.133853036211705,0.4642,0.4642,5359
590,0.4641,0.2264336205747729,5.133724570122309,0.4641,0.4641,5360
3172,0.464,0.22642287665704008,5.133480982997665,0.464,0.464,5361
7033,0.4639,0.2264214393747039,5.133448396795485,0.4639,0.4639,5362
2446,0.4638,0.22641118062375296,5.13321580941988,0.4638,0.4638,5363
6815,0.4637,0.22641064068378067,5.133203567848478,0.4637,0.4637,5364
7691,0.4636,0.2264006291948351,5.1329765864201065,0.4636,0.4636,5365
5183,0.4635,0.22639002218998983,5.132736103398128,0.4635,0.4635,5366
6008,0.4634,0.22638079506202397,5.132526905075459,0.4634,0.4634,5367
8431,0.4633,0.22637054475962748,5.132294509245209,0.4633,0.4633,5368
5773,0.4632,0.22636379785453029,5.132141542772066,0.4632,0.4632,5369
7725,0.4631,0.22635826530602288,5.132016108306301,0.4631,0.4631,5370
6759,0.463,0.2263535716426949,5.131909693124387,0.463,0.463,5371
5056,0.4629,0.22634645172242016,5.131748269614963,0.4629,0.4629,5372
6326,0.4628,0.22634076538829637,5.131619348507522,0.4628,0.4628,5373
8572,0.4627,0.2263271721374353,5.13131116103109,0.4627,0.4627,5374
284,0.4626,0.22632647162298822,5.131295278901217,0.4626,0.4626,5375
2812,0.4625,0.22632372562088313,5.1312330212809405,0.4625,0.4625,5376
900,0.4624,0.2263206379048888,5.13116301628998,0.4624,0.4624,5377
4405,0.4623,0.2263083197564456,5.130883738058718,0.4623,0.4623,5378
3943,0.4622,0.22630133783115622,5.13072544318442,0.4622,0.4622,5379
313,0.4621,0.2262848483883128,5.130351592968023,0.4621,0.4621,5380
9573,0.462,0.2262829148873581,5.130307756450977,0.462,0.462,5381
3116,0.4619,0.22626581775493676,5.129920128639843,0.4619,0.4619,5382
354,0.4618,0.2262607383934223,5.129804968872725,0.4618,0.4618,5383
2580,0.4617,0.22625780930680067,5.129738560341346,0.4617,0.4617,5384
8915,0.4616,0.22625004238186722,5.129562467881717,0.4616,0.4616,5385
654,0.4615,0.2262488558680077,5.129535567126562,0.4615,0.4615,5386
9396,0.4614,0.2262384989549355,5.129300754208099,0.4614,0.4614,5387
4121,0.4613,0.22622745234085914,5.129050304325054,0.4613,0.4613,5388
4478,0.4612,0.22622400231376744,5.1289720849821006,0.4612,0.4612,5389
2465,0.4611,0.2262145343354368,5.128757426077434,0.4611,0.4611,5390
422,0.461,0.22621338310606465,5.128731325295263,0.461,0.461,5391
8713,0.4609,0.22620924383303337,5.128637479305174,0.4609,0.4609,5392
7048,0.4608,0.22620526365990196,5.12854724044112,0.4608,0.4608,5393
5285,0.4607,0.22620298379593645,5.128495551148673,0.4607,0.4607,5394
6465,0.4606,0.22619601858371563,5.128337635193946,0.4606,0.4606,5395
7587,0.4605,0.22618829633050208,5.1281625555353205,0.4605,0.4605,5396
3868,0.4604,0.22618396153117556,5.128064276553452,0.4604,0.4604,5397
9251,0.4603,0.2261773239175752,5.127913787946884,0.4603,0.4603,5398
9818,0.4602,0.22616604112932687,5.127657983498835,0.4602,0.4602,5399
1946,0.4601,0.2261635764484346,5.127602104019674,0.4601,0.4601,5400
6909,0.46,0.2261586800522615,5.127491092460508,0.46,0.46,5401
841,0.4599,0.22615793684763175,5.127474242454328,0.4599,0.4599,5402
2223,0.4598,0.22615198782980456,5.127339365755783,0.4598,0.4598,5403
8321,0.4597,0.22612949512739108,5.12682940906954,0.4597,0.4597,5404
1198,0.4596,0.22612767444860013,5.126788130466461,0.4596,0.4596,5405
3648,0.4595,0.22612642176510195,5.126759729507035,0.4595,0.4595,5406
9358,0.4594,0.22612419436288,5.1267092296324135,0.4594,0.4594,5407
9375,0.4593,0.22612253854855907,5.126671688853328,0.4593,0.4593,5408
374,0.4592,0.22611076515384043,5.126404761328304,0.4592,0.4592,5409
5323,0.4591,0.2261006142368197,5.126174618772647,0.4591,0.4591,5410
2546,0.459,0.22610026892461732,5.126166789821585,0.459,0.459,5411
4600,0.4589,0.22607901692735763,5.125684962519479,0.4589,0.4589,5412
2448,0.4588,0.22606534641123627,5.125375023279114,0.4588,0.4588,5413
2975,0.4587,0.22605677212763492,5.125180626306707,0.4587,0.4587,5414
2116,0.4586,0.22605454883472226,5.125130219597074,0.4586,0.4586,5415
4527,0.4585,0.22604269096915383,5.12486137694155,0.4585,0.4585,5416
6350,0.4584,0.22604244678053553,5.124855840675417,0.4584,0.4584,5417
9596,0.4583,0.2260418938262427,5.124843304043198,0.4583,0.4583,5418
6170,0.4582,0.22604174017085932,5.1248398203541035,0.4582,0.4582,5419
7176,0.4581,0.2260390645701062,5.1247791588769545,0.4581,0.4581,5420
1626,0.458,0.22602964986000804,5.124565707676845,0.458,0.458,5421
8090,0.4579,0.22602686158511762,5.124502491643556,0.4579,0.4579,5422
5293,0.4578,0.22602256464736672,5.124405071061948,0.4578,0.4578,5423
9522,0.4577,0.2260201868903833,5.124351162329738,0.4577,0.4577,5424
1441,0.4576,0.2260156568403426,5.12424845660474,0.4576,0.4576,5425
5297,0.4575,0.22600690722102018,5.124050084403493,0.4575,0.4575,5426
1289,0.4574,0.22599221525447796,5.12371698674138,0.4574,0.4574,5427
9492,0.4573,0.22598493555293123,5.123551940655323,0.4573,0.4573,5428
114,0.4572,0.2259818848366291,5.123482774526111,0.4572,0.4572,5429
6982,0.4571,0.22597311073843832,5.12328384733681,0.4571,0.4571,5430
4077,0.457,0.22597222227185007,5.1232637039384965,0.457,0.457,5431
27,0.4569,0.22597056543777505,5.123226140039269,0.4569,0.4569,5432
5271,0.4568,0.22595243007924104,5.122814973466797,0.4568,0.4568,5433
2208,0.4567,0.2259523541199103,5.122813251308782,0.4567,0.4567,5434
756,0.4566,0.22593584954487977,5.122439058014966,0.4566,0.4566,5435
1725,0.4565,0.2259296128616767,5.122297659340637,0.4565,0.4565,5436
3847,0.4564,0.22591782225776186,5.122030341647803,0.4564,0.4564,5437
2640,0.4563,0.22590701823623513,5.121785391844862,0.4563,0.4563,5438
7619,0.4562,0.22590509229911246,5.121741726815448,0.4562,0.4562,5439
5826,0.4561,0.22590430877790438,5.1217239627477635,0.4561,0.4561,5440
5810,0.456,0.22590261341514184,5.121685525321721,0.456,0.456,5441
3778,0.4559,0.22589449386528662,5.121501438115174,0.4559,0.4559,5442
3980,0.4558,0.22589087938420813,5.12141949025779,0.4558,0.4558,5443
8190,0.4557,0.22587478059738036,5.121054497032342,0.4557,0.4557,5444
2199,0.4556,0.22587063773019952,5.120960569552796,0.4556,0.4556,5445
7394,0.4555,0.22586278082682265,5.120782437094003,0.4555,0.4555,5446
9357,0.4554,0.22585761212722283,5.120665251844822,0.4554,0.4554,5447
2947,0.4553,0.22585723662186025,5.120656738351611,0.4553,0.4553,5448
9276,0.4552,0.2258558429631229,5.120625141187669,0.4552,0.4552,5449
7415,0.4551,0.22584765549663022,5.120439514168536,0.4551,0.4551,5450
6956,0.455,0.2258318492982565,5.120081154537348,0.455,0.455,5451
9087,0.4549,0.22582982740060972,5.1200353138817345,0.4549,0.4549,5452
2191,0.4548,0.22581593293909646,5.119720297329619,0.4548,0.4548,5453
9128,0.4547,0.2257969993711772,5.119291033678538,0.4547,0.4547,5454
5306,0.4546,0.22579547397681649,5.119256449791343,0.4546,0.4546,5455
7896,0.4545,0.22576741107178885,5.118620204940787,0.4545,0.4545,5456
630,0.4544,0.22576672367859255,5.118604620298751,0.4544,0.4544,5457
1525,0.4543,0.22575685039704976,5.118380772320331,0.4543,0.4543,5458
8620,0.4542,0.22575413182022608,5.118319136487171,0.4542,0.4542,5459
1373,0.4541,0.22572874796744677,5.117743631364916,0.4541,0.4541,5460
8661,0.454,0.22572845691596846,5.11773703261727,0.454,0.454,5461
5648,0.4539,0.2257266284775535,5.117695578087236,0.4539,0.4539,5462
7263,0.4538,0.22571144081658506,5.117351241994285,0.4538,0.4538,5463
1766,0.4537,0.22570540016292934,5.1172142877215085,0.4537,0.4537,5464
9871,0.4536,0.22569035029629878,5.116873075714609,0.4536,0.4536,5465
3640,0.4535,0.22568759415832965,5.116810588292088,0.4535,0.4535,5466
5349,0.4534,0.22568295654843895,5.11670544396041,0.4534,0.4534,5467
4672,0.4533,0.225680022905319,5.116638932125054,0.4533,0.4533,5468
8583,0.4532,0.2256770922187347,5.116572487318789,0.4532,0.4532,5469
3978,0.4531,0.22567328106046505,5.116486080376821,0.4531,0.4531,5470
7254,0.453,0.22567074964465023,5.116428687877167,0.453,0.453,5471
3941,0.4529,0.22565289059325708,5.116023785766654,0.4529,0.4529,5472
7001,0.4528,0.22565209676059655,5.116005787915859,0.4528,0.4528,5473
5755,0.4527,0.22564891741669318,5.115933705529388,0.4527,0.4527,5474
933,0.4526,0.22564714308755382,5.115893477770283,0.4526,0.4526,5475
7797,0.4525,0.2256437977201071,5.1158176312821055,0.4525,0.4525,5476
833,0.4524,0.22563935014823625,5.115716795509742,0.4524,0.4524,5477
4695,0.4523,0.22563839996159446,5.115695252787099,0.4523,0.4523,5478
5022,0.4522,0.22562257760371182,5.115336526785518,0.4522,0.4522,5479
5357,0.4521,0.2256209685711134,5.115300046646653,0.4521,0.4521,5480
5023,0.452,0.22561279518966568,5.1151147389646505,0.452,0.452,5481
1923,0.4519,0.22561073691867445,5.115068073648945,0.4519,0.4519,5482
3367,0.4518,0.2255858544793107,5.114503936618448,0.4518,0.4518,5483
2852,0.4517,0.22555899359682186,5.11389494413715,0.4517,0.4517,5484
2429,0.4516,0.22554247379754058,5.113520405677508,0.4516,0.4516,5485
2870,0.4515,0.22553897988262622,5.113441191307073,0.4515,0.4515,5486
1022,0.4514,0.22553894874619274,5.113440485378485,0.4514,0.4514,5487
8281,0.4513,0.22552910993432304,5.113217418900671,0.4513,0.4513,5488
4787,0.4512,0.22551687972890538,5.112940134520459,0.4512,0.4512,5489
6716,0.4511,0.2255109271203094,5.112805176413144,0.4511,0.4511,5490
764,0.451,0.2254999741111603,5.1125568487475626,0.451,0.451,5491
387,0.4509,0.2254875186584086,5.112274457539062,0.4509,0.4509,5492
8217,0.4508,0.22548428735509804,5.112201197122939,0.4508,0.4508,5493
5403,0.4507,0.22547687997777696,5.112033256361334,0.4507,0.4507,5494
4203,0.4506,0.2254753693487097,5.111999007234932,0.4506,0.4506,5495
8215,0.4505,0.2254499863740366,5.1114235220202895,0.4505,0.4505,5496
4003,0.4504,0.22544408854225426,5.111289805817292,0.4504,0.4504,5497
6783,0.4503,0.22543769550428447,5.111144862252873,0.4503,0.4503,5498
4150,0.4502,0.22542878850226056,5.110942921856699,0.4502,0.4502,5499
1682,0.4501,0.2254254198502671,5.1108665474574835,0.4501,0.4501,5500
9719,0.45,0.22542321216171235,5.1108164945334575,0.45,0.45,5501
107,0.4499,0.22542055624033158,5.110756279230912,0.4499,0.4499,5502
7770,0.4498,0.22540606408695354,5.110427711752222,0.4498,0.4498,5503
5054,0.4497,0.22539666897045088,5.110214704778327,0.4497,0.4497,5504
4172,0.4496,0.2253896011074239,5.1100544615156585,0.4496,0.4496,5505
1498,0.4495,0.22538629431117288,5.109979489515845,0.4495,0.4495,5506
9739,0.4494,0.22538357313447774,5.109917794740084,0.4494,0.4494,5507
8868,0.4493,0.22537705441714018,5.1097700017610785,0.4493,0.4493,5508
1716,0.4492,0.22537454453959407,5.109713097578588,0.4492,0.4492,5509
2609,0.4491,0.22537215525198687,5.1096589274226645,0.4491,0.4491,5510
1942,0.449,0.2253669209514339,5.109540254863026,0.449,0.449,5511
2849,0.4489,0.22535640846371163,5.109301914741961,0.4489,0.4489,5512
2552,0.4488,0.22532448311764572,5.108578100260463,0.4488,0.4488,5513
6615,0.4487,0.22531947805799973,5.108464625072799,0.4487,0.4487,5514
5127,0.4486,0.22531818832547412,5.108435384134372,0.4486,0.4486,5515
5050,0.4485,0.22531265975847348,5.108310039938575,0.4485,0.4485,5516
5098,0.4484,0.2253111240665407,5.1082752225841865,0.4484,0.4484,5517
7446,0.4483,0.2253108260921445,5.108268466881058,0.4483,0.4483,5518
8989,0.4482,0.22528272808616734,5.107631426217289,0.4482,0.4482,5519
229,0.4481,0.22527828746562334,5.107530748047087,0.4481,0.4481,5520
1514,0.448,0.22527797817506204,5.107523735782219,0.448,0.448,5521
7610,0.4479,0.22527732422418212,5.10750890934545,0.4479,0.4479,5522
2924,0.4478,0.2252737813586955,5.107428585162071,0.4478,0.4478,5523
7918,0.4477,0.2252675153146836,5.107286520817539,0.4477,0.4477,5524
2267,0.4476,0.22525956674669298,5.1071063101281435,0.4476,0.4476,5525
9723,0.4475,0.2252442188582723,5.106758341343177,0.4475,0.4475,5526
4392,0.4474,0.22524263308523523,5.106722388545808,0.4474,0.4474,5527
2682,0.4473,0.22524229559110934,5.106714736846099,0.4473,0.4473,5528
2930,0.4472,0.22523899115389023,5.10663981833264,0.4472,0.4472,5529
1279,0.4471,0.22523017712690818,5.1064399858738785,0.4471,0.4471,5530
512,0.447,0.2252240563198194,5.106301214353548,0.447,0.447,5531
5,0.4469,0.22522021911037843,5.10621421677722,0.4469,0.4469,5532
8186,0.4468,0.22520745018212504,5.105924718422182,0.4468,0.4468,5533
3773,0.4467,0.22520086142762913,5.105775337554142,0.4467,0.4467,5534
837,0.4466,0.2252007879518179,5.105773671703089,0.4466,0.4466,5535
4240,0.4465,0.22519671326915125,5.105681290110277,0.4465,0.4465,5536
5599,0.4464,0.22519495688813804,5.105641469273462,0.4464,0.4464,5537
5784,0.4463,0.22519382549248604,5.105615818162657,0.4463,0.4463,5538
1806,0.4462,0.2251855705870571,5.105428662162596,0.4462,0.4462,5539
6562,0.4461,0.22518328641589774,5.105376875216842,0.4461,0.4461,5540
9226,0.446,0.2251784071782281,5.105266252676974,0.446,0.446,5541
7295,0.4459,0.22517190745150178,5.105118890254961,0.4459,0.4459,5542
3467,0.4458,0.2251633036303974,5.104923823604947,0.4458,0.4458,5543
7450,0.4457,0.22515378037919195,5.10470791154739,0.4457,0.4457,5544
3830,0.4456,0.22515282532449396,5.104686258457524,0.4456,0.4456,5545
4884,0.4455,0.22514317439523826,5.104467451673112,0.4455,0.4455,5546
8206,0.4454,0.22514256481900774,5.104453631300888,0.4454,0.4454,5547
2915,0.4453,0.22513625475129534,5.104310568846337,0.4453,0.4453,5548
2119,0.4452,0.22513525393038256,5.1042878781391785,0.4452,0.4452,5549
5556,0.4451,0.22512789349203424,5.1041210015807135,0.4451,0.4451,5550
2767,0.445,0.22512025972518587,5.103947928093472,0.445,0.445,5551
2424,0.4449,0.22512008462651772,5.103943958240465,0.4449,0.4449,5552
9167,0.4448,0.22511032072711212,5.103722590185892,0.4448,0.4448,5553
4116,0.4447,0.22510709422254851,5.103649438567581,0.4447,0.4447,5554
197,0.4446,0.2250954830254147,5.1033861884012,0.4446,0.4446,5555
3634,0.4445,0.22508339275448044,5.103112076629563,0.4445,0.4445,5556
7355,0.4444,0.22505826963540043,5.102542482886042,0.4444,0.4444,5557
6132,0.4443,0.22505756343413524,5.102526471823229,0.4443,0.4443,5558
4458,0.4442,0.2250235110059039,5.1017544319341,0.4442,0.4442,5559
5046,0.4441,0.22501629607491921,5.101590854333247,0.4441,0.4441,5560
4939,0.444,0.22501223126039177,5.101498696471553,0.444,0.444,5561
7358,0.4439,0.225003711206858,5.101305529007627,0.4439,0.4439,5562
4152,0.4438,0.2250013877841924,5.101252852148192,0.4438,0.4438,5563
1821,0.4437,0.2249849079578641,5.100879219958717,0.4437,0.4437,5564
2288,0.4436,0.22497789032979518,5.100720115627792,0.4436,0.4436,5565
3972,0.4435,0.22497405020505332,5.100633051955107,0.4435,0.4435,5566
2648,0.4434,0.22497033626366114,5.100548849123687,0.4434,0.4434,5567
6310,0.4433,0.2249681421862101,5.1004991047891926,0.4433,0.4433,5568
8063,0.4432,0.22496329518845978,5.100389213195987,0.4432,0.4432,5569
7380,0.4431,0.22495394915174105,5.1001773189638415,0.4431,0.4431,5570
1261,0.443,0.22495171304243158,5.100126621681059,0.443,0.443,5571
1620,0.4429,0.22494413662604607,5.099954848447788,0.4429,0.4429,5572
8992,0.4428,0.22492973656353835,5.099628368863177,0.4428,0.4428,5573
6900,0.4427,0.22492498090334972,5.099520548081712,0.4427,0.4427,5574
2306,0.4426,0.22492497935567707,5.099520512993737,0.4426,0.4426,5575
1065,0.4425,0.224909218988285,5.099163192445734,0.4425,0.4425,5576
8339,0.4424,0.22490872589079988,5.099152012892146,0.4424,0.4424,5577
6304,0.4423,0.22490477976484202,5.099062545950193,0.4423,0.4423,5578
9512,0.4422,0.22488907732617303,5.09870653876779,0.4422,0.4422,5579
423,0.4421,0.22488682431981943,5.098655458393789,0.4421,0.4421,5580
9439,0.442,0.22487914187427574,5.0984812812577065,0.442,0.442,5581
1058,0.4419,0.2248673577845344,5.098214111255136,0.4419,0.4419,5582
6074,0.4418,0.22484831004293773,5.097782259046194,0.4418,0.4418,5583
1359,0.4417,0.22484166471324984,5.097631595500669,0.4417,0.4417,5584
134,0.4416,0.22484152448360545,5.097628416200517,0.4416,0.4416,5585
4104,0.4415,0.22483334116323803,5.097442883182661,0.4415,0.4415,5586
1030,0.4414,0.2248314686409184,5.097400429179764,0.4414,0.4414,5587
8423,0.4413,0.22482079767669597,5.097158496064618,0.4413,0.4413,5588
7914,0.4412,0.22480550502009083,5.096811779500718,0.4412,0.4412,5589
8370,0.4411,0.2247946008974893,5.096564560195656,0.4411,0.4411,5590
658,0.441,0.22479419230083303,5.096555296453163,0.441,0.441,5591
6345,0.4409,0.2247927309859483,5.096522165382946,0.4409,0.4409,5592
7253,0.4408,0.2247924322282381,5.096515391920861,0.4408,0.4408,5593
2685,0.4407,0.22479179758547446,5.096501003239705,0.4407,0.4407,5594
3388,0.4406,0.22478871938099293,5.096431213894928,0.4406,0.4406,5595
1771,0.4405,0.22477794756651773,5.096186994292131,0.4405,0.4405,5596
5535,0.4404,0.22477195256839977,5.096051075125345,0.4404,0.4404,5597
9991,0.4403,0.2247699887495799,5.096006551239301,0.4403,0.4403,5598
9367,0.4402,0.2247673340497432,5.095946363631691,0.4402,0.4402,5599
8084,0.4401,0.2247667565263023,5.095933269965701,0.4401,0.4401,5600
7939,0.44,0.2247658422276043,5.095912540898627,0.44,0.44,5601
3427,0.4399,0.22476464889390319,5.095885485522345,0.4399,0.4399,5602
777,0.4398,0.22476336498322508,5.0958563765786264,0.4398,0.4398,5603
7967,0.4397,0.22476308070741194,5.09584993145038,0.4397,0.4397,5604
1906,0.4396,0.22475938846744903,5.095766220634164,0.4396,0.4396,5605
3788,0.4395,0.22474573648252297,5.095456701535397,0.4395,0.4395,5606
689,0.4394,0.2247429507720999,5.095393543642006,0.4394,0.4394,5607
5341,0.4393,0.22474181574564037,5.09536781021473,0.4393,0.4393,5608
5680,0.4392,0.2247379954286214,5.095281195625072,0.4392,0.4392,5609
6919,0.4391,0.2247356458209895,5.095227925096742,0.4391,0.4391,5610
4812,0.439,0.22471562105163617,5.094773921622901,0.439,0.439,5611
5205,0.4389,0.22470861745149218,5.094615135335916,0.4389,0.4389,5612
7088,0.4388,0.22470724087623706,5.094583925489066,0.4388,0.4388,5613
6514,0.4387,0.22470141301397553,5.094451795642937,0.4387,0.4387,5614
1410,0.4386,0.22469530710894586,5.09431336198344,0.4386,0.4386,5615
3798,0.4385,0.22468641848340862,5.0941118382195825,0.4385,0.4385,5616
1533,0.4384,0.2246722604288142,5.093790845460102,0.4384,0.4384,5617
4473,0.4383,0.22466091805469432,5.093533690076502,0.4383,0.4383,5618
319,0.4382,0.2246488198068725,5.093259397451451,0.4382,0.4382,5619
4011,0.4381,0.22464676560601046,5.093212824413802,0.4381,0.4381,5620
4387,0.438,0.22461926459039558,5.092589318773801,0.438,0.438,5621
4923,0.4379,0.22461494156210587,5.092491306666536,0.4379,0.4379,5622
4915,0.4378,0.22461182505955682,5.092420649023253,0.4378,0.4378,5623
4393,0.4377,0.22460710708049064,5.092313682553266,0.4377,0.4377,5624
2320,0.4376,0.22460382862183684,5.092239353027844,0.4376,0.4376,5625
9754,0.4375,0.22460322020208154,5.092225558876603,0.4375,0.4375,5626
561,0.4374,0.2245865266142671,5.091847080268056,0.4374,0.4374,5627
1201,0.4373,0.2245743256306915,5.091570458408552,0.4373,0.4373,5628
4941,0.4372,0.22457004991433208,5.091473518960447,0.4372,0.4372,5629
3819,0.4371,0.22456295346950453,5.091312627688537,0.4371,0.4371,5630
267,0.437,0.2245560841035135,5.091156884769705,0.437,0.437,5631
1158,0.4369,0.22455081644343722,5.091037455879868,0.4369,0.4369,5632
1435,0.4368,0.22452533087358695,5.0904596446175026,0.4368,0.4368,5633
2960,0.4367,0.2245221934973657,5.09038851372604,0.4367,0.4367,5634
5654,0.4366,0.2245111557077912,5.090138263910484,0.4366,0.4366,5635
5972,0.4365,0.22451039313791912,5.090120974853909,0.4365,0.4365,5636
8534,0.4364,0.22451005526218312,5.090113314503026,0.4364,0.4364,5637
2385,0.4363,0.22450691280476476,5.090042068409897,0.4363,0.4363,5638
5703,0.4362,0.22450017911202053,5.0898894014878735,0.4362,0.4362,5639
6436,0.4361,0.22449833678768116,5.089847632136402,0.4361,0.4361,5640
1822,0.436,0.22449738969677746,5.089826159601646,0.436,0.436,5641
297,0.4359,0.22449542481586526,5.0897816116340175,0.4359,0.4359,5642
2230,0.4358,0.22449309770296827,5.089728851109168,0.4358,0.4358,5643
1606,0.4357,0.22448921462399116,5.089640813573033,0.4357,0.4357,5644
1679,0.4356,0.22448755904972192,5.089603278236504,0.4356,0.4356,5645
9821,0.4355,0.2244493433596774,5.088736848479077,0.4355,0.4355,5646
1529,0.4354,0.22444182557750017,5.088566404607138,0.4354,0.4354,5647
5266,0.4353,0.22442658579267366,5.088220886756362,0.4353,0.4353,5648
2478,0.4352,0.22441627318159443,5.087987078258059,0.4352,0.4352,5649
2567,0.4351,0.2244109228790378,5.0878657756896555,0.4351,0.4351,5650
2010,0.435,0.2243943372253328,5.087489744171792,0.435,0.435,5651
8591,0.4349,0.2243935447826436,5.0874717778370036,0.4349,0.4349,5652
8007,0.4348,0.22438996926730265,5.087390713413005,0.4348,0.4348,5653
8971,0.4347,0.2243846545871835,5.087270218479798,0.4347,0.4347,5654
1335,0.4346,0.22436508835488114,5.086826611001436,0.4346,0.4346,5655
5951,0.4345,0.22436029382120806,5.086717908877249,0.4345,0.4345,5656
9486,0.4344,0.22435568321450874,5.086613376765053,0.4344,0.4344,5657
7381,0.4343,0.2243291759264757,5.086012401011098,0.4343,0.4343,5658
9292,0.4342,0.22432181073187316,5.08584541661789,0.4342,0.4342,5659
4071,0.4341,0.22430355352905373,5.085431487580799,0.4341,0.4341,5660
7590,0.434,0.2243022944881235,5.085402942484328,0.434,0.434,5661
5424,0.4339,0.22429025320933385,5.085129941466835,0.4339,0.4339,5662
9361,0.4338,0.2242853784658585,5.085019420819908,0.4338,0.4338,5663
4743,0.4337,0.2242849859945934,5.085010522674324,0.4337,0.4337,5664
5747,0.4336,0.22428303611726222,5.0849663148705995,0.4336,0.4336,5665
4151,0.4335,0.22428206977755447,5.08494440592402,0.4335,0.4335,5666
4376,0.4334,0.2242799566472897,5.084896496833626,0.4334,0.4334,5667
4733,0.4333,0.22427797425355475,5.084851551813989,0.4333,0.4333,5668
2475,0.4332,0.22426831354516946,5.08463252331645,0.4332,0.4332,5669
5961,0.4331,0.2242645365909524,5.084546891850279,0.4331,0.4331,5670
8866,0.433,0.22426296398412623,5.084511237559426,0.433,0.433,5671
1692,0.4329,0.22426081658607844,5.084462551547036,0.4329,0.4329,5672
4184,0.4328,0.2242605413511353,5.084456311394491,0.4328,0.4328,5673
2508,0.4327,0.22425909501095107,5.084423519831851,0.4327,0.4327,5674
1429,0.4326,0.22424953917417,5.084206868991564,0.4326,0.4326,5675
7737,0.4325,0.22424022419043885,5.0839956787948175,0.4325,0.4325,5676
2195,0.4324,0.22423748364861798,5.083933544971149,0.4324,0.4324,5677
5147,0.4323,0.22422735746483566,5.0837039631697305,0.4323,0.4323,5678
115,0.4322,0.22422548915711019,5.083661604717896,0.4322,0.4322,5679
9531,0.4321,0.22422286607514574,5.083602133955292,0.4321,0.4321,5680
1395,0.432,0.22421834685644665,5.083499673799382,0.432,0.432,5681
6381,0.4319,0.22421049752898944,5.083321713101094,0.4319,0.4319,5682
3047,0.4318,0.22420561567359315,5.083211031210928,0.4318,0.4318,5683
347,0.4317,0.2241991175976009,5.0830637062149595,0.4317,0.4317,5684
2336,0.4316,0.22419514404968538,5.082973617558893,0.4316,0.4316,5685
4723,0.4315,0.22418914715302987,5.0828376553475705,0.4315,0.4315,5686
925,0.4314,0.2241879430431573,5.082810355654935,0.4314,0.4314,5687
9106,0.4313,0.22418185293511225,5.08267228014527,0.4313,0.4313,5688
4965,0.4312,0.224173686233988,5.082487123921645,0.4312,0.4312,5689
5395,0.4311,0.22417220465367868,5.082453533392573,0.4311,0.4311,5690
2626,0.431,0.2241719030119073,5.082446694541386,0.431,0.431,5691
3368,0.4309,0.22417104030413673,5.082427135149004,0.4309,0.4309,5692
8425,0.4308,0.22416416905599884,5.082271349556565,0.4308,0.4308,5693
6650,0.4307,0.22416090595958868,5.0821973683255335,0.4307,0.4307,5694
9022,0.4306,0.22415320933209268,5.0820228696553915,0.4306,0.4306,5695
8712,0.4305,0.22414608353128662,5.081861312822434,0.4305,0.4305,5696
2271,0.4304,0.2241397376327796,5.0817174380080345,0.4304,0.4304,5697
3613,0.4303,0.22413155760319142,5.081531979600487,0.4303,0.4303,5698
6560,0.4302,0.2241221347060248,5.081318342778827,0.4302,0.4302,5699
7006,0.4301,0.2241108807388091,5.081063191764493,0.4301,0.4301,5700
3939,0.43,0.2241089298428757,5.0810189608672935,0.43,0.43,5701
3818,0.4299,0.22410339663852993,5.080893511531911,0.4299,0.4299,5702
9813,0.4298,0.2240930472915573,5.0806588701533775,0.4298,0.4298,5703
49,0.4297,0.2240915313003248,5.080624499456581,0.4297,0.4297,5704
1075,0.4296,0.22408748670136744,5.080532799923958,0.4296,0.4296,5705
7667,0.4295,0.22407828080727113,5.080324083017819,0.4295,0.4295,5706
7103,0.4294,0.2240694769552427,5.080124481248083,0.4294,0.4294,5707
3002,0.4293,0.22405882307761937,5.079882935521004,0.4293,0.4293,5708
9772,0.4292,0.2240555406047738,5.079808514985344,0.4292,0.4292,5709
2811,0.4291,0.22405011323361038,5.079685465111194,0.4291,0.4291,5710
7374,0.429,0.2240426708561801,5.07951673082241,0.429,0.429,5711
8502,0.4289,0.2240371133796749,5.0793907311870115,0.4289,0.4289,5712
9447,0.4288,0.22403581829176097,5.079361368829822,0.4288,0.4288,5713
8735,0.4287,0.2240311583031058,5.079255717123481,0.4287,0.4287,5714
5267,0.4286,0.22402338812626388,5.0790795509373785,0.4286,0.4286,5715
618,0.4285,0.22402029175179816,5.0790093496397315,0.4285,0.4285,5716
1462,0.4284,0.2240187198316737,5.078973710918193,0.4284,0.4284,5717
5174,0.4283,0.22401786390337444,5.078954305229689,0.4283,0.4283,5718
1230,0.4282,0.22401743004034516,5.078944468646254,0.4282,0.4282,5719
1149,0.4281,0.22400846304258853,5.078741168020177,0.4281,0.4281,5720
9700,0.428,0.22400693973134156,5.078706631363023,0.428,0.428,5721
5247,0.4279,0.22400568976405202,5.078678291986053,0.4279,0.4279,5722
1195,0.4278,0.22400276160620064,5.078611904513013,0.4278,0.4278,5723
9586,0.4277,0.22399971045553066,5.078542728534231,0.4277,0.4277,5724
5849,0.4276,0.2239964926945317,5.078469775151839,0.4276,0.4276,5725
3654,0.4275,0.22399597212499853,5.0784579727496,0.4275,0.4275,5726
5974,0.4274,0.22399571118303083,5.078452056648383,0.4274,0.4274,5727
1522,0.4273,0.22398981456882816,5.078318368050516,0.4273,0.4273,5728
3322,0.4272,0.22398121205618846,5.078123331065677,0.4272,0.4272,5729
6265,0.4271,0.22398090335307944,5.078116332119593,0.4271,0.4271,5730
1870,0.427,0.2239730368103576,5.077937981115645,0.427,0.427,5731
9893,0.4269,0.2239663482885508,5.07778633831412,0.4269,0.4269,5732
5750,0.4268,0.2239619444194338,5.0776864933745465,0.4268,0.4268,5733
3161,0.4267,0.22394740101240837,5.077356763867494,0.4267,0.4267,5734
6737,0.4266,0.22394310579611698,5.077259382315703,0.4266,0.4266,5735
8880,0.4265,0.22392981061050618,5.076957952604005,0.4265,0.4265,5736
7682,0.4264,0.22392272108809008,5.076797218277023,0.4264,0.4264,5737
1877,0.4263,0.22392104061694376,5.076759118475427,0.4263,0.4263,5738
1663,0.4262,0.22390913376597513,5.076489165218756,0.4262,0.4262,5739
2366,0.4261,0.2238976331456881,5.076228422063715,0.4261,0.4261,5740
2087,0.426,0.22388891533510338,5.076030771032666,0.426,0.426,5741
8969,0.4259,0.22388043709837907,5.075838551643797,0.4259,0.4259,5742
6009,0.4258,0.22386698126428636,5.075533479694465,0.4258,0.4258,5743
9206,0.4257,0.22386290372664633,5.07544103337218,0.4257,0.4257,5744
7203,0.4256,0.22385312963911524,5.075219434331373,0.4256,0.4256,5745
6457,0.4255,0.22384319523565058,5.074994200591941,0.4255,0.4255,5746
5104,0.4254,0.22384298130817895,5.0749893504076535,0.4254,0.4254,5747
694,0.4253,0.22384233048199684,5.074974594814807,0.4253,0.4253,5748
8624,0.4252,0.22383557109158847,5.074821345272917,0.4252,0.4252,5749
1909,0.4251,0.22383333434002514,5.074770633428405,0.4251,0.4251,5750
2533,0.425,0.22381553673724847,5.074367124487013,0.425,0.425,5751
8541,0.4249,0.22381460006148526,5.0743458880846095,0.4249,0.4249,5752
3622,0.4248,0.22381203822222298,5.074287805821412,0.4248,0.4248,5753
9460,0.4247,0.22381196977240683,5.074286253919873,0.4247,0.4247,5754
7832,0.4246,0.22380623690301443,5.07415627776048,0.4246,0.4246,5755
7357,0.4245,0.22378920104715497,5.073770039218181,0.4245,0.4245,5756
811,0.4244,0.22378333130812167,5.073636959935984,0.4244,0.4244,5757
1254,0.4243,0.22377815221207578,5.073519538978698,0.4243,0.4243,5758
6118,0.4242,0.22377572864514228,5.07346459163859,0.4242,0.4242,5759
5432,0.4241,0.22377542303102999,5.073457662725554,0.4241,0.4241,5760
1613,0.424,0.22377391184864143,5.073423401055137,0.424,0.424,5761
2902,0.4239,0.22376948568960278,5.073323050756112,0.4239,0.4239,5762
5637,0.4238,0.22375969915414723,5.073101169495118,0.4238,0.4238,5763
8374,0.4237,0.22375620014486214,5.073021839622764,0.4237,0.4237,5764
4228,0.4236,0.22374689528640465,5.072810878987431,0.4236,0.4236,5765
9381,0.4235,0.2237417346958435,5.072693877588113,0.4235,0.4235,5766
9609,0.4234,0.22372712659839822,5.072362681414655,0.4234,0.4234,5767
6549,0.4233,0.22372160900910026,5.072237586104875,0.4233,0.4233,5768
6391,0.4232,0.22372106330501443,5.072225213849554,0.4232,0.4232,5769
8827,0.4231,0.2237161831067896,5.072114569532928,0.4231,0.4231,5770
285,0.423,0.22371425238685685,5.072070796066185,0.423,0.423,5771
3080,0.4229,0.22370330534345367,5.071822603657196,0.4229,0.4229,5772
6141,0.4228,0.22368077752892446,5.071311850905883,0.4228,0.4228,5773
2862,0.4227,0.2236761946857075,5.071207948248976,0.4227,0.4227,5774
8894,0.4226,0.22367225618122816,5.0711186540995055,0.4226,0.4226,5775
8181,0.4225,0.22366794102929424,5.071020820564329,0.4225,0.4225,5776
3072,0.4224,0.22366081757629677,5.070859316961447,0.4224,0.4224,5777
7556,0.4223,0.22365795172073022,5.070794342013013,0.4223,0.4223,5778
845,0.4222,0.2236566646751841,5.070765161993201,0.4222,0.4222,5779
9215,0.4221,0.22365568491844529,5.070742948855435,0.4221,0.4221,5780
5591,0.422,0.2236436352899343,5.070469758531166,0.422,0.422,5781
536,0.4219,0.22364110727116127,5.0704124430493005,0.4219,0.4219,5782
7400,0.4218,0.22363239490791395,5.070214915523134,0.4218,0.4218,5783
2815,0.4217,0.22363153109805886,5.070195331144004,0.4217,0.4217,5784
3590,0.4216,0.22363017735033322,5.070164638846361,0.4216,0.4216,5785
1868,0.4215,0.22362257796876883,5.069992344945317,0.4215,0.4215,5786
265,0.4214,0.2236168897598794,5.069863381332961,0.4214,0.4214,5787
6738,0.4213,0.22361284909602352,5.069771771016926,0.4213,0.4213,5788
4627,0.4212,0.22361268747581894,5.069768106749212,0.4212,0.4212,5789
7907,0.4211,0.223605713507485,5.069609992275657,0.4211,0.4211,5790
7080,0.421,0.2236042810434946,5.069577515316326,0.421,0.421,5791
5724,0.4209,0.22360125547157425,5.0695089192623275,0.4209,0.4209,5792
7362,0.4208,0.22359418241966136,5.06934855835684,0.4208,0.4208,5793
1042,0.4207,0.22359410617291794,5.069346829683559,0.4207,0.4207,5794
4018,0.4206,0.22359092615947712,5.069274732115782,0.4206,0.4206,5795
8519,0.4205,0.22358964058157782,5.069245585370949,0.4205,0.4205,5796
2140,0.4204,0.22358078757891608,5.06904486925383,0.4204,0.4204,5797
805,0.4203,0.22357838620243772,5.0689904250188365,0.4203,0.4203,5798
8232,0.4202,0.22357696312747832,5.0689581609281475,0.4202,0.4202,5799
9909,0.4201,0.22357031656107354,5.068807469341252,0.4201,0.4201,5800
5128,0.42,0.22356495793921113,5.068685978158573,0.42,0.42,5801
1339,0.4199,0.22355610873887904,5.068485348245811,0.4199,0.4199,5802
1153,0.4198,0.2235416260486371,5.06815699531714,0.4198,0.4198,5803
3505,0.4197,0.22353802129615832,5.068075268026286,0.4197,0.4197,5804
7859,0.4196,0.2235319465284784,5.067937540315818,0.4196,0.4196,5805
7375,0.4195,0.22352921453566058,5.067875600314332,0.4195,0.4195,5806
3549,0.4194,0.22352080613768183,5.0676849643161885,0.4194,0.4194,5807
6921,0.4193,0.22351801691111,5.06762172670588,0.4193,0.4193,5808
388,0.4192,0.22351683530909322,5.067594937313294,0.4192,0.4192,5809
5720,0.4191,0.22351537511079173,5.0675618315579705,0.4191,0.4191,5810
2443,0.419,0.22350907672953765,5.067419034060121,0.419,0.419,5811
6943,0.4189,0.22350817958325037,5.067398693873788,0.4189,0.4189,5812
5377,0.4188,0.22349526591761448,5.067105914019264,0.4188,0.4188,5813
5891,0.4187,0.2234837343845333,5.06684447000597,0.4187,0.4187,5814
6297,0.4186,0.22346856729927134,5.06650060040629,0.4186,0.4186,5815
7680,0.4185,0.22346128997466894,5.066335608211122,0.4185,0.4185,5816
6965,0.4184,0.22343174445442096,5.065665749367314,0.4184,0.4184,5817
8654,0.4183,0.22342575084223665,5.065529861622465,0.4183,0.4183,5818
8686,0.4182,0.22341784251972915,5.065350563382126,0.4182,0.4182,5819
5207,0.4181,0.22339931322179454,5.0649304653784775,0.4181,0.4181,5820
3963,0.418,0.22339512767088285,5.0648355701705166,0.418,0.418,5821
5458,0.4179,0.2233894407526832,5.0647066358190775,0.4179,0.4179,5822
1637,0.4178,0.2233873918065669,5.064660181918488,0.4178,0.4178,5823
4960,0.4177,0.2233699943350327,5.064265744790435,0.4177,0.4177,5824
603,0.4176,0.22335849763543855,5.064005090524382,0.4176,0.4176,5825
8747,0.4175,0.22334732321026238,5.0637517428943495,0.4175,0.4175,5826
6386,0.4174,0.22334132792144115,5.063615817136963,0.4174,0.4174,5827
4979,0.4173,0.22333280618745333,5.063422611573926,0.4173,0.4173,5828
2718,0.4172,0.22332621735287703,5.063273228890128,0.4172,0.4172,5829
2639,0.4171,0.2233253322560937,5.063253161892109,0.4171,0.4171,5830
3415,0.417,0.22332357305031042,5.063213277010733,0.417,0.417,5831
62,0.4169,0.2233181938305593,5.0630913188294935,0.4169,0.4169,5832
8719,0.4168,0.22331191707988793,5.06294901174132,0.4168,0.4168,5833
6037,0.4167,0.22330955786431086,5.062895523381972,0.4167,0.4167,5834
6639,0.4166,0.2233059243569143,5.062813144157302,0.4166,0.4166,5835
2536,0.4165,0.22330372030927034,5.062763173778578,0.4165,0.4165,5836
3694,0.4164,0.22328513173140918,5.062341731774583,0.4164,0.4164,5837
7411,0.4163,0.22328271354320736,5.062286906382515,0.4163,0.4163,5838
9728,0.4162,0.22326196080338567,5.061816398292191,0.4162,0.4162,5839
3022,0.4161,0.22325784816573824,5.061723156180558,0.4161,0.4161,5840
3723,0.416,0.22323740822841914,5.06125973997801,0.416,0.416,5841
9166,0.4159,0.22322956141863817,5.061081836360723,0.4159,0.4159,5842
9903,0.4158,0.22322710530199713,5.0610261510514425,0.4158,0.4158,5843
3674,0.4157,0.22322028360263754,5.060871488834841,0.4157,0.4157,5844
6711,0.4156,0.22321492335725338,5.0607499608422675,0.4156,0.4156,5845
5139,0.4155,0.22320571279545584,5.060541138108896,0.4155,0.4155,5846
7026,0.4154,0.22320489348536718,5.060522562632538,0.4154,0.4154,5847
4381,0.4153,0.22319698422849896,5.060343243209976,0.4153,0.4153,5848
5326,0.4152,0.22318803851195304,5.0601404250736834,0.4152,0.4152,5849
3086,0.4151,0.22318347594170707,5.060036982047005,0.4151,0.4151,5850
6860,0.415,0.22317919969902805,5.059940030666587,0.415,0.415,5851
8909,0.4149,0.22316449988364737,5.05960675505543,0.4149,0.4149,5852
4143,0.4148,0.22315308820521212,5.059348028397158,0.4148,0.4148,5853
6057,0.4147,0.22314417247751134,5.059145890170889,0.4147,0.4147,5854
4021,0.4146,0.22313307294294643,5.058894240468689,0.4146,0.4146,5855
392,0.4145,0.22312781703705756,5.058775078070646,0.4145,0.4145,5856
3396,0.4144,0.2231234634409954,5.058676372925661,0.4144,0.4144,5857
2272,0.4143,0.2231184340784899,5.058562346741831,0.4143,0.4143,5858
6243,0.4142,0.2231146750421572,5.058477121512614,0.4142,0.4142,5859
5102,0.4141,0.2231138834412546,5.058459174261803,0.4141,0.4141,5860
563,0.414,0.22311364687601226,5.058453810832082,0.414,0.414,5861
5645,0.4139,0.22310881933621604,5.058344360391177,0.4139,0.4139,5862
3679,0.4138,0.2230991943983901,5.058126142884895,0.4138,0.4138,5863
4977,0.4137,0.2230809063917353,5.057711515460205,0.4137,0.4137,5864
3211,0.4136,0.2230727918108132,5.057527540910625,0.4136,0.4136,5865
5520,0.4135,0.22303171462956062,5.056596235151201,0.4135,0.4135,5866
8856,0.4134,0.22303072075891195,5.056573702022325,0.4134,0.4134,5867
3871,0.4133,0.2230222420341606,5.056381471567814,0.4133,0.4133,5868
8235,0.4132,0.2230149696315449,5.0562165909654215,0.4132,0.4132,5869
7566,0.4131,0.22300690487419078,5.056033746019119,0.4131,0.4131,5870
2598,0.413,0.22299453081116472,5.055753200087075,0.413,0.413,5871
4576,0.4129,0.22299408528361478,5.055743099043655,0.4129,0.4129,5872
1455,0.4128,0.22298869146371192,5.0556208098467135,0.4128,0.4128,5873
4966,0.4127,0.2229726406868498,5.055256905107898,0.4127,0.4127,5874
3255,0.4126,0.22296241088810964,5.055024974137368,0.4126,0.4126,5875
5494,0.4125,0.22296048460493492,5.054981301262278,0.4125,0.4125,5876
8317,0.4124,0.22295898424464458,5.054947284951083,0.4124,0.4124,5877
3433,0.4123,0.22294084721382798,5.054536080464114,0.4123,0.4123,5878
2945,0.4122,0.22293245162180658,5.054345734804535,0.4122,0.4122,5879
8645,0.4121,0.22293005099684987,5.0542913076065075,0.4121,0.4121,5880
4646,0.412,0.22292747904843496,5.054232996149585,0.412,0.412,5881
1369,0.4119,0.22292072234972818,5.054079807633522,0.4119,0.4119,5882
6262,0.4118,0.2229166919915391,5.0539884309695315,0.4118,0.4118,5883
5779,0.4117,0.22291229629977588,5.053888771426665,0.4117,0.4117,5884
2514,0.4116,0.22289672763292512,5.053535797131868,0.4116,0.4116,5885
7424,0.4115,0.22288542137596384,5.053279460600674,0.4115,0.4115,5886
6644,0.4114,0.22286287135792576,5.052768204448071,0.4114,0.4114,5887
137,0.4113,0.2228608493932163,5.052722362272386,0.4113,0.4113,5888
2407,0.4112,0.22285984298083308,5.05269954479333,0.4112,0.4112,5889
6604,0.4111,0.22285528013952005,5.0525960956215945,0.4111,0.4111,5890
5215,0.411,0.22285357272102593,5.052557384867767,0.411,0.411,5891
1630,0.4109,0.22285006768716514,5.05247791840769,0.4109,0.4109,5892
1750,0.4108,0.22281191809244041,5.051612987168763,0.4108,0.4108,5893
9030,0.4107,0.22280682113567754,5.051497428480886,0.4107,0.4107,5894
4427,0.4106,0.22279086218894215,5.051135605723957,0.4106,0.4106,5895
7751,0.4105,0.22278671712798745,5.051041628506899,0.4105,0.4105,5896
4031,0.4104,0.22275033174865258,5.0502166957276255,0.4104,0.4104,5897
6996,0.4103,0.22273923612184704,5.049965134622664,0.4103,0.4103,5898
5745,0.4102,0.22273425146915202,5.04985212210227,0.4102,0.4102,5899
9265,0.4101,0.22273309236628833,5.0498258428130445,0.4101,0.4101,5900
23,0.41,0.2227308356282774,5.049774677834377,0.41,0.41,5901
3753,0.4099,0.2227174548165356,5.049471306797202,0.4099,0.4099,5902
4488,0.4098,0.22270800830058304,5.04925713449119,0.4098,0.4098,5903
7296,0.4097,0.22270412712359897,5.049169140076967,0.4097,0.4097,5904
5197,0.4096,0.22269228376830014,5.048900626399602,0.4096,0.4096,5905
9320,0.4095,0.22267288728135315,5.0484608674039455,0.4095,0.4095,5906
1288,0.4094,0.22265537574087124,5.04806384409354,0.4094,0.4094,5907
5374,0.4093,0.22264359947489795,5.04779685147205,0.4093,0.4093,5908
2739,0.4092,0.22263152396436683,5.04752307434874,0.4092,0.4092,5909
2956,0.4091,0.2226292556777421,5.047471647540135,0.4091,0.4091,5910
2043,0.409,0.22262446071914785,5.047362935782201,0.409,0.409,5911
4105,0.4089,0.22261564934054637,5.0471631633691,0.4089,0.4089,5912
9929,0.4088,0.22261223654096524,5.047085788052067,0.4088,0.4088,5913
7290,0.4087,0.2226052288923982,5.046926909978254,0.4087,0.4087,5914
3318,0.4086,0.22260069180071523,5.046824044603992,0.4086,0.4086,5915
1303,0.4085,0.2225999157858293,5.046806450720854,0.4085,0.4085,5916
8924,0.4084,0.2225825028873797,5.046411663831074,0.4084,0.4084,5917
6287,0.4083,0.2225776330526595,5.046301254475952,0.4083,0.4083,5918
8995,0.4082,0.22257404685413834,5.046219947841937,0.4082,0.4082,5919
2065,0.4081,0.22257286303593593,5.046193108203438,0.4081,0.4081,5920
6928,0.408,0.22257248927809392,5.046184634330802,0.408,0.408,5921
4074,0.4079,0.2225692481988911,5.046111152274688,0.4079,0.4079,5922
1655,0.4078,0.22252946326658077,5.045209144506534,0.4078,0.4078,5923
6669,0.4077,0.2225283116682002,5.045183035359868,0.4077,0.4077,5924
4356,0.4076,0.22252331031307815,5.045069644160351,0.4076,0.4076,5925
7568,0.4075,0.22251475667423395,5.0448757152480415,0.4075,0.4075,5926
5897,0.4074,0.2225115799462802,5.0448036921685215,0.4074,0.4074,5927
5434,0.4073,0.2225081927094613,5.04472689641469,0.4073,0.4073,5928
6690,0.4072,0.22250599435168633,5.044677055037402,0.4072,0.4072,5929
2589,0.4071,0.2224992557759931,5.044524277409123,0.4071,0.4071,5930
5592,0.407,0.22249662050926253,5.044464530390563,0.407,0.407,5931
2307,0.4069,0.22249451116433883,5.044416707123119,0.4069,0.4069,5932
9645,0.4068,0.2224905656516036,5.0443272540825745,0.4068,0.4068,5933
2153,0.4067,0.22248039796387553,5.044096731300463,0.4067,0.4067,5934
7223,0.4066,0.2224775923047199,5.0440331211295835,0.4066,0.4066,5935
3469,0.4065,0.22246567178214255,5.043762857908316,0.4065,0.4065,5936
7628,0.4064,0.2224577290685877,5.043582779951757,0.4064,0.4064,5937
9770,0.4063,0.22245441739017732,5.043507697263021,0.4063,0.4063,5938
5995,0.4062,0.2224529784577422,5.043475073650606,0.4062,0.4062,5939
9364,0.4061,0.22245189174025073,5.043450435488934,0.4061,0.4061,5940
5224,0.406,0.222451377079377,5.0434387670482845,0.406,0.406,5941
206,0.4059,0.22244265624721743,5.0432410475126614,0.4059,0.4059,5942
1028,0.4058,0.22242977288378843,5.042948954672269,0.4058,0.4058,5943
3273,0.4057,0.22242946586656906,5.042941993948133,0.4057,0.4057,5944
5562,0.4056,0.22242797164924993,5.042908116911707,0.4056,0.4056,5945
2641,0.4055,0.22242763722884665,5.042900534900495,0.4055,0.4055,5946
4845,0.4054,0.22242560333393543,5.0428544222424,0.4054,0.4054,5947
9443,0.4053,0.2224163974134726,5.0426457047377955,0.4053,0.4053,5948
7526,0.4052,0.22241534490194953,5.042621842096595,0.4052,0.4052,5949
4038,0.4051,0.22241433599498278,5.042598968061765,0.4051,0.4051,5950
6034,0.405,0.22237890278601222,5.041795622978875,0.405,0.405,5951
5618,0.4049,0.222377853333164,5.041771829685171,0.4049,0.4049,5952
4863,0.4048,0.2223777920895031,5.041770441163134,0.4048,0.4048,5953
8771,0.4047,0.2223727129597043,5.041655286649379,0.4047,0.4047,5954
776,0.4046,0.222354065848137,5.041232517562645,0.4046,0.4046,5955
926,0.4045,0.22234653429285894,5.041061761426623,0.4045,0.4045,5956
1174,0.4044,0.22233399851051663,5.040777548977215,0.4044,0.4044,5957
5435,0.4043,0.22232638933766857,5.040605033087948,0.4043,0.4043,5958
7174,0.4042,0.22230826504562523,5.040194117414791,0.4042,0.4042,5959
8940,0.4041,0.22230701981601247,5.040165885451456,0.4041,0.4041,5960
9110,0.404,0.22228908461649177,5.039759256903438,0.404,0.404,5961
6858,0.4039,0.2222728306426261,5.03939074526221,0.4039,0.4039,5962
1958,0.4038,0.22226671616215965,5.039252117178839,0.4038,0.4038,5963
2731,0.4037,0.2222600325710758,5.039100586167026,0.4037,0.4037,5964
690,0.4036,0.22225016493116356,5.038876866097711,0.4036,0.4036,5965
227,0.4035,0.22224380633407426,5.0387327033795986,0.4035,0.4035,5966
6710,0.4034,0.22223846521019855,5.038611608911095,0.4034,0.4034,5967
3761,0.4033,0.22223497593860084,5.038532499813809,0.4033,0.4033,5968
9547,0.4032,0.22222660490115273,5.038342710857678,0.4032,0.4032,5969
8702,0.4031,0.22222364499792152,5.038275603649512,0.4031,0.4031,5970
970,0.403,0.2222189698706706,5.038169608720221,0.403,0.403,5971
4523,0.4029,0.22221360469568455,5.038047968961671,0.4029,0.4029,5972
2435,0.4028,0.22220894816747308,5.037942395712872,0.4028,0.4028,5973
6789,0.4027,0.22220657034902289,5.037888485587023,0.4027,0.4027,5974
1378,0.4026,0.22219905575622814,5.037718114023865,0.4026,0.4026,5975
1729,0.4025,0.22218582485107935,5.037418141685028,0.4025,0.4025,5976
106,0.4024,0.222176136784483,5.037198492918358,0.4024,0.4024,5977
7370,0.4023,0.22217270810067627,5.037120757472914,0.4023,0.4023,5978
9099,0.4022,0.22216157528491498,5.036868353215901,0.4022,0.4022,5979
337,0.4021,0.2221614231464533,5.036864903918815,0.4021,0.4021,5980
507,0.402,0.22215521923147938,5.036724248168744,0.402,0.402,5981
1731,0.4019,0.2221446022070868,5.036483537982411,0.4019,0.4019,5982
5342,0.4018,0.22213892886779388,5.036354911494482,0.4018,0.4018,5983
1259,0.4017,0.22212041841923955,5.035935240845166,0.4017,0.4017,5984
3676,0.4016,0.22211704577404673,5.035858775913322,0.4016,0.4016,5985
6658,0.4015,0.22210897362084045,5.035675763288165,0.4015,0.4015,5986
6838,0.4014,0.22210540495745998,5.035594854211692,0.4014,0.4014,5987
4080,0.4013,0.22210440052281574,5.035572081574864,0.4013,0.4013,5988
9717,0.4012,0.22208419514939257,5.035113983427539,0.4012,0.4012,5989
2337,0.4011,0.22208027311121725,5.035025062605236,0.4011,0.4011,5990
5379,0.401,0.22207302825956113,5.0348608066392995,0.401,0.401,5991
5643,0.4009,0.22207059480879246,5.0348056352123525,0.4009,0.4009,5992
3269,0.4008,0.22206519729607102,5.034683262291144,0.4008,0.4008,5993
31,0.4007,0.22205992439682462,5.034563714617732,0.4007,0.4007,5994
1226,0.4006,0.22205960444633965,5.034556460670916,0.4006,0.4006,5995
3474,0.4005,0.22205369154503327,5.03442240281003,0.4005,0.4005,5996
9752,0.4004,0.22205349130086746,5.034417862854646,0.4004,0.4004,5997
5952,0.4003,0.2220516017659394,5.034375023139293,0.4003,0.4003,5998
7768,0.4002,0.22205115638191644,5.034364925350334,0.4002,0.4002,5999
8988,0.4001,0.22204564402112942,5.0342399485834255,0.4001,0.4001,6000
2972,0.4,0.2220413641670977,5.034142915326492,0.4,0.4,6001
542,0.3999,0.22203794998697604,5.034065508709601,0.3999,0.3999,6002
7748,0.3998,0.22203738045899793,5.034052596317152,0.3998,0.3998,6003
3981,0.3997,0.22203484663136103,5.0339951491363,0.3997,0.3997,6004
11,0.3996,0.22202742013912555,5.033826774997584,0.3996,0.3996,6005
1966,0.3995,0.222026912452844,5.033815264686258,0.3995,0.3995,6006
5704,0.3994,0.22202509260316483,5.033774004881788,0.3994,0.3994,6007
361,0.3993,0.2220222200641714,5.033708878404524,0.3993,0.3993,6008
1833,0.3992,0.2220024919608891,5.033261600970677,0.3992,0.3992,6009
1784,0.3991,0.22199740765362053,5.033146329074201,0.3991,0.3991,6010
6993,0.399,0.22195557243979996,5.0321978371302905,0.399,0.399,6011
8156,0.3989,0.22194848009527532,5.032037038820092,0.3989,0.3989,6012
3891,0.3988,0.22193309686383242,5.031688268734517,0.3988,0.3988,6013
6025,0.3987,0.22190491264619572,5.031049273473387,0.3987,0.3987,6014
858,0.3986,0.22190470268178386,5.031044513140363,0.3986,0.3986,6015
5352,0.3985,0.2219014175783811,5.030970032963604,0.3985,0.3985,6016
1362,0.3984,0.2218854485211782,5.030607980980215,0.3984,0.3984,6017
4912,0.3983,0.22183823438414124,5.029537537577773,0.3983,0.3983,6018
425,0.3982,0.22183627349259033,5.0294930800574225,0.3982,0.3982,6019
7850,0.3981,0.22182295527891252,5.029191128251472,0.3981,0.3981,6020
1823,0.398,0.2218168898166677,5.029053611514527,0.398,0.398,6021
8263,0.3979,0.22181176013189052,5.028937310813175,0.3979,0.3979,6022
8040,0.3978,0.22180843683213372,5.028861964645069,0.3978,0.3978,6023
4579,0.3977,0.22180728934941685,5.028835948808753,0.3977,0.3977,6024
2107,0.3976,0.2218015247504766,5.028705253273399,0.3976,0.3976,6025
3649,0.3975,0.22178629201823846,5.02835989532052,0.3975,0.3975,6026
7210,0.3974,0.22176579417091544,5.027895166177104,0.3974,0.3974,6027
8732,0.3973,0.2217586009346738,5.027732080441428,0.3973,0.3973,6028
9275,0.3972,0.22175859669517387,5.027731984323281,0.3972,0.3972,6029
9182,0.3971,0.22175147740388132,5.027570575073058,0.3971,0.3971,6030
5021,0.397,0.22174156762323052,5.0273458995844935,0.397,0.397,6031
6957,0.3969,0.22173030799561907,5.027090620237966,0.3969,0.3969,6032
869,0.3968,0.22170523957451532,5.026522266610343,0.3968,0.3968,6033
3142,0.3967,0.22170137334592516,5.026434611108277,0.3967,0.3967,6034
2026,0.3966,0.22169741284967723,5.026344818362661,0.3966,0.3966,6035
7998,0.3965,0.22168539021855377,5.026072240126868,0.3965,0.3965,6036
6140,0.3964,0.2216849735153767,5.026062792592045,0.3964,0.3964,6037
505,0.3963,0.22168177849900816,5.025990354876739,0.3963,0.3963,6038
236,0.3962,0.22168028398445544,5.025956471101503,0.3962,0.3962,6039
9762,0.3961,0.22165837660277593,5.025459784860661,0.3961,0.3961,6040
9072,0.396,0.22163800871991035,5.0249980022847405,0.396,0.396,6041
5388,0.3959,0.22163515862800784,5.024933384731138,0.3959,0.3959,6042
3184,0.3958,0.22161478199545087,5.024471403780212,0.3958,0.3958,6043
8935,0.3957,0.22161347557673666,5.024441784530986,0.3957,0.3957,6044
3132,0.3956,0.2216103619984269,5.024371193186932,0.3956,0.3956,6045
9082,0.3955,0.22160815841487336,5.024321233330726,0.3955,0.3955,6046
6356,0.3954,0.22160638107146743,5.024280937232466,0.3954,0.3954,6047
2109,0.3953,0.221597760028091,5.024085480118149,0.3953,0.3953,6048
714,0.3952,0.22159729269021042,5.02407488458921,0.3952,0.3952,6049
6096,0.3951,0.22159486267444245,5.024019791039823,0.3951,0.3951,6050
1652,0.395,0.22158796739723594,5.023863460660756,0.395,0.395,6051
3541,0.3949,0.22158074055579075,5.023699613023157,0.3949,0.3949,6052
1530,0.3948,0.22155507911936803,5.023117814498948,0.3948,0.3948,6053
2444,0.3947,0.22155352793131594,5.023082645815427,0.3947,0.3947,6054
2450,0.3946,0.22155327197210767,5.023076842682731,0.3946,0.3946,6055
1843,0.3945,0.22154814270972073,5.022960551559353,0.3945,0.3945,6056
625,0.3944,0.2215313647558357,5.022580160194046,0.3944,0.3944,6057
6479,0.3943,0.22152229561136022,5.022374543688134,0.3943,0.3943,6058
6435,0.3942,0.2215212245939724,5.022350261479948,0.3942,0.3942,6059
2730,0.3941,0.22151826346211748,5.022283126417891,0.3941,0.3941,6060
1645,0.394,0.22151157209945477,5.022131419207509,0.394,0.394,6061
5072,0.3939,0.22149463860443372,5.021747501397496,0.3939,0.3939,6062
8496,0.3938,0.22149062774963846,5.021656566917775,0.3938,0.3938,6063
4735,0.3937,0.2214761921898794,5.021329282533742,0.3937,0.3937,6064
7864,0.3936,0.2214595837939782,5.020952735403139,0.3936,0.3936,6065
4285,0.3935,0.22145232877707496,5.020788248970563,0.3935,0.3935,6066
6666,0.3934,0.2214498664993079,5.0207324239746685,0.3934,0.3934,6067
3350,0.3933,0.221440958228227,5.020530454806673,0.3933,0.3933,6068
6617,0.3932,0.22144054193259777,5.020521016512255,0.3932,0.3932,6069
2678,0.3931,0.22143027296470055,5.020288197494915,0.3931,0.3931,6070
6271,0.393,0.2214283699841941,5.020245052940355,0.393,0.393,6071
6225,0.3929,0.221383808128606,5.019234742314216,0.3929,0.3929,6072
4432,0.3928,0.22138196823563397,5.019193028086253,0.3928,0.3928,6073
7050,0.3927,0.22136772294709947,5.0188700575502,0.3927,0.3927,6074
6819,0.3926,0.2213640802680289,5.018787470384048,0.3926,0.3926,6075
3689,0.3925,0.22135920735790932,5.018676991302998,0.3925,0.3925,6076
6484,0.3924,0.22135501301325905,5.018581896721871,0.3924,0.3924,6077
882,0.3923,0.22134902892566072,5.0184462249197255,0.3923,0.3923,6078
6204,0.3922,0.22134267756235193,5.018302226206914,0.3922,0.3922,6079
9133,0.3921,0.2213247524335914,5.017895825984196,0.3921,0.3921,6080
1664,0.392,0.22131224686991102,5.017612298655802,0.392,0.392,6081
2142,0.3919,0.22131209827191953,5.017608929626809,0.3919,0.3919,6082
947,0.3918,0.2213042022261726,5.017429909728211,0.3918,0.3918,6083
5960,0.3917,0.22125936392219148,5.01641333143763,0.3917,0.3917,6084
9103,0.3916,0.2212346363265291,5.015852705037221,0.3916,0.3916,6085
5970,0.3915,0.22123425216431578,5.015843995276133,0.3915,0.3915,6086
5873,0.3914,0.22122065943930064,5.01553581972255,0.3914,0.3914,6087
3052,0.3913,0.2212166278789125,5.015444415801536,0.3913,0.3913,6088
4740,0.3912,0.22121653745121145,5.015442365616987,0.3912,0.3912,6089
3256,0.3911,0.22121615310187903,5.015433651610815,0.3911,0.3911,6090
3561,0.391,0.22121435222519698,5.015392821965327,0.391,0.391,6091
312,0.3909,0.2212112310885914,5.015322059258731,0.3909,0.3909,6092
7249,0.3908,0.22120664962056386,5.015218187780482,0.3908,0.3908,6093
9264,0.3907,0.22120381841284337,5.015153998368522,0.3907,0.3907,6094
3087,0.3906,0.221199054503308,5.015045990560519,0.3906,0.3906,6095
7729,0.3905,0.22119754812806264,5.015011837876761,0.3905,0.3905,6096
9665,0.3904,0.22119377757441303,5.0149263515266975,0.3904,0.3904,6097
2778,0.3903,0.2211887816465956,5.014813083375422,0.3903,0.3903,6098
8714,0.3902,0.2211776888133426,5.014561585605413,0.3902,0.3902,6099
6020,0.3901,0.22117508831560695,5.014502626874087,0.3901,0.3901,6100
3228,0.39,0.22117419128567714,5.014482289326595,0.39,0.39,6101
9121,0.3899,0.2211555346911199,5.01405930524094,0.3899,0.3899,6102
216,0.3898,0.22115080547337657,5.013952083966851,0.3898,0.3898,6103
573,0.3897,0.22114869604591433,5.01390425882653,0.3897,0.3897,6104
9657,0.3896,0.22114073851929375,5.013723845026192,0.3896,0.3896,6105
3029,0.3895,0.221125501188139,5.01337838280552,0.3895,0.3895,6106
767,0.3894,0.22112085576003182,5.0132730612188805,0.3894,0.3894,6107
4532,0.3893,0.22111972576355537,5.0132474418318305,0.3893,0.3893,6108
9554,0.3892,0.22111172521144692,5.013066052552867,0.3892,0.3892,6109
4,0.3891,0.2211112360856594,5.013054963046999,0.3891,0.3891,6110
6920,0.389,0.22110631193082383,5.012943322140725,0.389,0.389,6111
3990,0.3889,0.22110623342682592,5.01294154228969,0.3889,0.3889,6112
3502,0.3888,0.22109720718019013,5.0127368983684155,0.3888,0.3888,6113
3688,0.3887,0.22108521703788872,5.012465056722247,0.3887,0.3887,6114
9408,0.3886,0.22106839815701457,5.012083737456896,0.3886,0.3886,6115
3346,0.3885,0.22103736520245593,5.0113801553607376,0.3885,0.3885,6116
7826,0.3884,0.22103525725959783,5.011332363879189,0.3884,0.3884,6117
2878,0.3883,0.22103449224648547,5.011315019429155,0.3883,0.3883,6118
4299,0.3882,0.22103191353053,5.011256554536855,0.3882,0.3882,6119
6802,0.3881,0.22102307654464154,5.011056201552549,0.3881,0.3881,6120
1609,0.388,0.2210179938879886,5.010940967077567,0.388,0.388,6121
5479,0.3879,0.22097676604524066,5.010006245507294,0.3879,0.3879,6122
6917,0.3878,0.22097529565378118,5.009972908653693,0.3878,0.3878,6123
930,0.3877,0.22095620799435084,5.009540151424586,0.3877,0.3877,6124
633,0.3876,0.22095086738343306,5.0094190685848385,0.3876,0.3876,6125
2150,0.3875,0.22094356342914,5.009253472639552,0.3875,0.3875,6126
3479,0.3874,0.22092123396238988,5.00874721684621,0.3874,0.3874,6127
2638,0.3873,0.22091830293213371,5.008680764250156,0.3873,0.3873,6128
2983,0.3872,0.22091068669784875,5.008508088262609,0.3872,0.3872,6129
9328,0.3871,0.22090650175619989,5.008413206867024,0.3871,0.3871,6130
8155,0.387,0.2209047264283636,5.00837295646496,0.387,0.387,6131
6989,0.3869,0.22088022792326564,5.007817524029223,0.3869,0.3869,6132
5503,0.3868,0.2208671852502083,5.007521819307533,0.3868,0.3868,6133
706,0.3867,0.22085559103755475,5.007258954214568,0.3867,0.3867,6134
5471,0.3866,0.22084754373840013,5.007076505082875,0.3866,0.3866,6135
2103,0.3865,0.22083907712550388,5.006884549230352,0.3865,0.3865,6136
3886,0.3864,0.2208353909466955,5.006800975834524,0.3864,0.3864,6137
2738,0.3863,0.22083069761527852,5.006694568179044,0.3863,0.3863,6138
7484,0.3862,0.22081601229426942,5.006361621185255,0.3862,0.3862,6139
3048,0.3861,0.22081179904752057,5.006266098054095,0.3861,0.3861,6140
2721,0.386,0.22080900165715045,5.006202675354519,0.386,0.386,6141
2816,0.3859,0.22079996260176651,5.005997741030705,0.3859,0.3859,6142
2046,0.3858,0.2207915925596004,5.005807974638838,0.3858,0.3858,6143
8268,0.3857,0.2207880137209219,5.005726834867964,0.3857,0.3857,6144
7977,0.3856,0.22075854110596546,5.005058628939927,0.3856,0.3856,6145
7659,0.3855,0.22074869024835406,5.004835289360156,0.3855,0.3855,6146
9803,0.3854,0.2207453777710682,5.004760188559861,0.3854,0.3854,6147
3462,0.3853,0.2207369600988055,5.004569342295606,0.3853,0.3853,6148
5728,0.3852,0.2207322041586488,5.004461515167762,0.3852,0.3852,6149
9382,0.3851,0.2207267488540561,5.004337831983248,0.3851,0.3851,6150
8293,0.385,0.22072249086086618,5.004241294357135,0.385,0.385,6151
6983,0.3849,0.220720449209997,5.004195005853965,0.3849,0.3849,6152
2500,0.3848,0.2207174125716685,5.00412615890128,0.3848,0.3848,6153
7055,0.3847,0.22070739674817325,5.003899079199986,0.3847,0.3847,6154
6605,0.3846,0.22070251095306015,5.00378830798747,0.3846,0.3846,6155
4792,0.3845,0.22069226543703285,5.00355602067478,0.3845,0.3845,6156
4002,0.3844,0.22068984691393168,5.003501187688948,0.3844,0.3844,6157
8889,0.3843,0.2206806312421656,5.003292249101945,0.3843,0.3843,6158
6335,0.3842,0.22065311935487003,5.002668496979324,0.3842,0.3842,6159
1306,0.3841,0.2206436833465342,5.002454562900302,0.3841,0.3841,6160
2135,0.384,0.22064234600129368,5.002424242482429,0.384,0.384,6161
1954,0.3839,0.2206365085256667,5.0022918946789225,0.3839,0.3839,6162
7468,0.3838,0.22063503106868068,5.002258397633998,0.3838,0.3838,6163
2948,0.3837,0.22062902893961026,5.002122316793651,0.3837,0.3837,6164
5103,0.3836,0.22062700474434319,5.00207642404677,0.3836,0.3836,6165
7796,0.3835,0.2206251194726772,5.00203368098691,0.3835,0.3835,6166
9438,0.3834,0.22061831947570149,5.00187951081042,0.3834,0.3834,6167
6788,0.3833,0.22061050362477447,5.0017023090948385,0.3833,0.3833,6168
2166,0.3832,0.22060733845098704,5.001630547974313,0.3832,0.3832,6169
279,0.3831,0.2206053681573606,5.001585877289528,0.3831,0.3831,6170
4186,0.383,0.22060488056288763,5.001574822500915,0.383,0.383,6171
1851,0.3829,0.22059595905635423,5.001372553257346,0.3829,0.3829,6172
9141,0.3828,0.22059591647605312,5.001371587872586,0.3828,0.3828,6173
5091,0.3827,0.22059320188840667,5.001310042483006,0.3827,0.3827,6174
1546,0.3826,0.220587404717374,5.001178608470591,0.3826,0.3826,6175
1285,0.3825,0.2205747042017774,5.000890661173989,0.3825,0.3825,6176
3121,0.3824,0.22056852091925763,5.000750473205144,0.3824,0.3824,6177
4041,0.3823,0.22054808240301232,5.000287089221055,0.3823,0.3823,6178
7391,0.3822,0.22052733787369408,4.9998167672800315,0.3822,0.3822,6179
7458,0.3821,0.220521681994423,4.999688536648844,0.3821,0.3821,6180
9228,0.382,0.22052074049190512,4.999667190813833,0.382,0.382,6181
9203,0.3819,0.22051949279774705,4.999638902972868,0.3819,0.3819,6182
2754,0.3818,0.2205187834735507,4.999622821107011,0.3818,0.3818,6183
9850,0.3817,0.22050926306671242,4.999406973537745,0.3817,0.3817,6184
787,0.3816,0.22050545488312281,4.999320634038311,0.3816,0.3816,6185
2029,0.3815,0.22050058423041213,4.999210206137002,0.3815,0.3815,6186
439,0.3814,0.22048791983811888,4.998923077830475,0.3814,0.3814,6187
5954,0.3813,0.22048038682334853,4.998752288604597,0.3813,0.3813,6188
7868,0.3812,0.22047780127785843,4.998693668871597,0.3812,0.3812,6189
1689,0.3811,0.22046586885674063,4.998423135885442,0.3811,0.3811,6190
186,0.381,0.22046238653256345,4.998344184300479,0.381,0.381,6191
3148,0.3809,0.22046091624959646,4.9983108499053674,0.3809,0.3809,6192
9440,0.3808,0.22044745818371853,4.998005727355677,0.3808,0.3808,6193
6231,0.3807,0.22044699733259457,4.9979952788959565,0.3807,0.3807,6194
2217,0.3806,0.2204271294160715,4.9975448316041104,0.3806,0.3806,6195
4109,0.3805,0.22040692515395963,4.997086758652762,0.3805,0.3805,6196
7273,0.3804,0.2204063740667469,4.997074264350328,0.3804,0.3804,6197
6252,0.3803,0.22040086191963396,4.996949292426943,0.3803,0.3803,6198
223,0.3802,0.2203967163489963,4.996855303654865,0.3802,0.3802,6199
911,0.3801,0.220392700236449,4.996764249971168,0.3801,0.3801,6200
6808,0.38,0.2203858265215719,4.996608408453723,0.38,0.38,6201
1748,0.3799,0.2203853641262782,4.99659792498278,0.3799,0.3799,6202
527,0.3798,0.22038309668797565,4.99654651740647,0.3798,0.3798,6203
2051,0.3797,0.22037836703780342,4.996439286329164,0.3797,0.3797,6204
1235,0.3796,0.220354766242006,4.9959042068426385,0.3796,0.3796,6205
1139,0.3795,0.22035323435718637,4.995869475803648,0.3795,0.3795,6206
7890,0.3794,0.22035140439194342,4.995827986658591,0.3794,0.3794,6207
5584,0.3793,0.2203491399414894,4.9957766468218985,0.3793,0.3793,6208
6683,0.3792,0.22034694513863695,4.995726886043888,0.3792,0.3792,6209
3419,0.3791,0.22032349734385048,4.995195275411911,0.3791,0.3791,6210
8626,0.379,0.22031971350915192,4.995109487951959,0.379,0.379,6211
4588,0.3789,0.22031105456304,4.99491317150167,0.3789,0.3789,6212
2510,0.3788,0.2203106169730998,4.99490325042054,0.3788,0.3788,6213
6209,0.3787,0.2203094936738553,4.994877782873342,0.3787,0.3787,6214
1228,0.3786,0.22030683665718187,4.994817542739726,0.3786,0.3786,6215
6578,0.3785,0.22029997218554892,4.994661910785585,0.3785,0.3785,6216
7519,0.3784,0.22029971395057235,4.994656056057399,0.3784,0.3784,6217
309,0.3783,0.2202937159677624,4.994520069221996,0.3783,0.3783,6218
3979,0.3782,0.2202751913514306,4.994100077358362,0.3782,0.3782,6219
19,0.3781,0.22026539011763352,4.993877862854071,0.3781,0.3781,6220
1334,0.378,0.22025306852964766,4.993598506640395,0.378,0.378,6221
5287,0.3779,0.22024462167602923,4.993406998772564,0.3779,0.3779,6222
9463,0.3778,0.22024392998002956,4.993391316575043,0.3778,0.3778,6223
7117,0.3777,0.22024330463536135,4.993377138702179,0.3777,0.3777,6224
8728,0.3776,0.2202318103480267,4.993116539126214,0.3776,0.3776,6225
2044,0.3775,0.22022312538653743,4.9929196328536705,0.3775,0.3775,6226
8768,0.3774,0.2202135095757041,4.992701622276355,0.3774,0.3774,6227
934,0.3773,0.2202115464453235,4.9926571139982485,0.3773,0.3773,6228
7154,0.3772,0.22020691414827664,4.992552090119129,0.3772,0.3772,6229
637,0.3771,0.2201945998238402,4.992272898585026,0.3771,0.3771,6230
3135,0.377,0.2201868917787779,4.992098141054424,0.377,0.377,6231
7382,0.3769,0.22017852183807113,4.9919083769625345,0.3769,0.3769,6232
611,0.3768,0.22016460899715373,4.9915929437107165,0.3768,0.3768,6233
4757,0.3767,0.22016431170177359,4.991586203402779,0.3767,0.3767,6234
5860,0.3766,0.2201460717503247,4.991172665489506,0.3766,0.3766,6235
7836,0.3765,0.22013995311474815,4.991033943201589,0.3765,0.3765,6236
3194,0.3764,0.22013335810634008,4.990884420544473,0.3764,0.3764,6237
5168,0.3763,0.2201306482114396,4.990822981549376,0.3763,0.3763,6238
7237,0.3762,0.22011970239436837,4.990574816944844,0.3762,0.3762,6239
2128,0.3761,0.22011967275895994,4.990574145047727,0.3761,0.3761,6240
5971,0.376,0.2201128064646109,4.99041847176962,0.376,0.376,6241
4602,0.3759,0.2200989024130185,4.990103237789217,0.3759,0.3759,6242
2776,0.3758,0.2200965841101295,4.9900506770069,0.3758,0.3758,6243
8301,0.3757,0.220074390893343,4.989547510285699,0.3757,0.3757,6244
3823,0.3756,0.22006826238334698,4.9894085641244725,0.3756,0.3756,6245
2413,0.3755,0.22006775957812044,4.989397164475853,0.3755,0.3755,6246
8652,0.3754,0.22005967896143266,4.98921395996697,0.3754,0.3754,6247
8759,0.3753,0.22004585897818799,4.988900631993388,0.3753,0.3753,6248
3759,0.3752,0.22003159978046266,4.988577346106808,0.3752,0.3752,6249
5813,0.3751,0.22003129274166813,4.9885703848939755,0.3751,0.3751,6250
7810,0.375,0.2200000597347657,4.9878622671924635,0.375,0.375,6251
8068,0.3749,0.21999679421283014,4.987788230968996,0.3749,0.3749,6252
7104,0.3748,0.21999023334552065,4.98763948236153,0.3748,0.3748,6253
5748,0.3747,0.21997748249390903,4.987350393841301,0.3747,0.3747,6254
4347,0.3746,0.21997338285225657,4.987257446376091,0.3746,0.3746,6255
5713,0.3745,0.21993179008606548,4.986314451226871,0.3745,0.3745,6256
78,0.3744,0.21992448001024678,4.986148716493309,0.3744,0.3744,6257
5526,0.3743,0.21991221953454296,4.9858707458222815,0.3743,0.3743,6258
4670,0.3742,0.21990662613293022,4.985743931689891,0.3742,0.3742,6259
5775,0.3741,0.2198981128264503,4.985550917195426,0.3741,0.3741,6260
4565,0.374,0.21989308790810302,4.98543699177002,0.374,0.374,6261
681,0.3739,0.219884352521275,4.985238942249799,0.3739,0.3739,6262
4176,0.3738,0.21988286560038164,4.985205230637875,0.3738,0.3738,6263
2748,0.3737,0.2198732176554132,4.984986491511905,0.3737,0.3737,6264
1366,0.3736,0.2198717861563722,4.984954036429216,0.3736,0.3736,6265
3991,0.3735,0.2198567776301012,4.984613761695569,0.3735,0.3735,6266
389,0.3734,0.21985234425757874,4.984513247852228,0.3734,0.3734,6267
8057,0.3733,0.2198515022123807,4.984494156923191,0.3733,0.3733,6268
5196,0.3732,0.2198445410499813,4.98433633278796,0.3732,0.3732,6269
8655,0.3731,0.21984061519633086,4.984247325460906,0.3731,0.3731,6270
4272,0.373,0.21982952983141948,4.983995997013578,0.373,0.373,6271
1588,0.3729,0.2198294324889394,4.983993790056177,0.3729,0.3729,6272
8269,0.3728,0.21981765830149894,4.983726844558111,0.3728,0.3728,6273
546,0.3727,0.2198130038214656,4.9836213177455155,0.3727,0.3727,6274
8672,0.3726,0.21980977408591437,4.983548092873714,0.3726,0.3726,6275
2657,0.3725,0.21980230244005206,4.983378695008203,0.3725,0.3725,6276
7281,0.3724,0.21980206105714523,4.983373222351041,0.3724,0.3724,6277
3597,0.3723,0.21980148829692991,4.98336023667855,0.3723,0.3723,6278
2187,0.3722,0.21979855501867962,4.983293733114244,0.3722,0.3722,6279
9804,0.3721,0.2197905827256818,4.983112984530151,0.3721,0.3721,6280
478,0.372,0.21977886299160482,4.982847273604962,0.372,0.372,6281
9971,0.3719,0.21977723575943967,4.982810380842043,0.3719,0.3719,6282
8834,0.3718,0.2197752461857405,4.9827652730389635,0.3718,0.3718,6283
7250,0.3717,0.21976967675970135,4.9826390024813065,0.3717,0.3717,6284
4531,0.3716,0.21976376764556418,4.982505030484948,0.3716,0.3716,6285
2077,0.3715,0.2197548859689996,4.9823036642701615,0.3715,0.3715,6286
601,0.3714,0.21975456093101714,4.982296294977384,0.3714,0.3714,6287
5135,0.3713,0.21974542237143263,4.982089104685722,0.3713,0.3713,6288
1991,0.3712,0.21974342373842745,4.9820437914872375,0.3712,0.3712,6289
6399,0.3711,0.2197422005277024,4.982016058738207,0.3711,0.3711,6290
5169,0.371,0.21973080315137158,4.981757656339313,0.371,0.371,6291
5542,0.3709,0.21973031827403006,4.981746663153576,0.3709,0.3709,6292
6482,0.3708,0.21971851362121067,4.981479026942926,0.3708,0.3708,6293
2703,0.3707,0.2197054230677651,4.981182236671565,0.3707,0.3707,6294
9849,0.3706,0.2197035485887801,4.981139738304753,0.3706,0.3706,6295
140,0.3705,0.21968408437752596,4.980698443857461,0.3705,0.3705,6296
2291,0.3704,0.2196655364272834,4.9802779229661205,0.3704,0.3704,6297
9316,0.3703,0.2196641268351238,4.980245964558448,0.3703,0.3703,6298
6477,0.3702,0.21965947184297563,4.980140426134697,0.3702,0.3702,6299
399,0.3701,0.21965913083946345,4.980132694870947,0.3701,0.3701,6300
9051,0.37,0.2196591264487835,4.980132595323495,0.37,0.37,6301
4302,0.3699,0.21965172154107618,4.979964710552322,0.3699,0.3699,6302
7396,0.3698,0.21964993521611673,4.979924210822993,0.3698,0.3698,6303
7745,0.3697,0.21964528509054407,4.979818782733678,0.3697,0.3697,6304
3450,0.3696,0.21964481413890788,4.97980810527389,0.3696,0.3696,6305
1034,0.3695,0.21961508349098813,4.979134049198664,0.3695,0.3695,6306
1931,0.3694,0.2196122902262527,4.9790707200347715,0.3694,0.3694,6307
6655,0.3693,0.21961139751241374,4.979050480341054,0.3693,0.3693,6308
7127,0.3692,0.21959718638096787,4.978728284218398,0.3692,0.3692,6309
8202,0.3691,0.21959677187296361,4.978718886454366,0.3691,0.3691,6310
5821,0.369,0.2195865418146058,4.978486949598687,0.369,0.369,6311
524,0.3689,0.21958153164442115,4.978373358543935,0.3689,0.3689,6312
8491,0.3688,0.21957748302429922,4.978281567843382,0.3688,0.3688,6313
3207,0.3687,0.21957073056967272,4.9781284755501005,0.3687,0.3687,6314
4997,0.3686,0.21956524144710338,4.978004025641748,0.3686,0.3686,6315
5393,0.3685,0.2195473465710092,4.977598311309042,0.3685,0.3685,6316
990,0.3684,0.219546447276467,4.977577922417917,0.3684,0.3684,6317
5281,0.3683,0.21951886344891502,4.976952539258023,0.3683,0.3683,6318
5874,0.3682,0.2195008568896127,4.976544292833702,0.3682,0.3682,6319
7670,0.3681,0.21948528173247725,4.976191171390328,0.3681,0.3681,6320
9742,0.368,0.21947561611832617,4.9759720316671245,0.368,0.368,6321
6780,0.3679,0.2194522752317519,4.9754428448687715,0.3679,0.3679,6322
6847,0.3678,0.2194487875221178,4.975363771184505,0.3678,0.3678,6323
9910,0.3677,0.2194425011420421,4.975221245776725,0.3677,0.3677,6324
3583,0.3676,0.21942832070988746,4.974899745671435,0.3676,0.3676,6325
5324,0.3675,0.2194259881724824,4.974846862162185,0.3675,0.3675,6326
5142,0.3674,0.21942455403267433,4.974814347208279,0.3674,0.3674,6327
9537,0.3673,0.21941803347416056,4.974666512485447,0.3673,0.3673,6328
2273,0.3672,0.21941459305669217,4.9745885110143355,0.3672,0.3672,6329
2234,0.3671,0.21940551951014134,4.974382794704151,0.3671,0.3671,6330
5476,0.367,0.21940230242327347,4.974309856604225,0.367,0.367,6331
3564,0.3669,0.2193959148061973,4.97416503594232,0.3669,0.3669,6332
4793,0.3668,0.21938655589198544,4.973952849749424,0.3668,0.3668,6333
5825,0.3667,0.21938184982328726,4.973846153313929,0.3667,0.3667,6334
3902,0.3666,0.21937919096131936,4.973785871342243,0.3666,0.3666,6335
4954,0.3665,0.21937551469582284,4.973702522701273,0.3665,0.3665,6336
7460,0.3664,0.2193728790027671,4.9736427660180365,0.3664,0.3664,6337
7623,0.3663,0.21937142652482186,4.973609835298929,0.3663,0.3663,6338
2473,0.3662,0.21935899356181393,4.973327953980947,0.3662,0.3662,6339
7316,0.3661,0.21935196061435147,4.973168502327538,0.3661,0.3661,6340
929,0.366,0.21934964547832045,4.973116013342692,0.366,0.366,6341
8687,0.3659,0.21933483510241608,4.972780231092656,0.3659,0.3659,6342
3879,0.3658,0.21933110268605036,4.972695609393873,0.3658,0.3658,6343
9607,0.3657,0.21932557651678378,4.972570319558921,0.3657,0.3657,6344
1076,0.3656,0.21931855347340148,4.9724110924522025,0.3656,0.3656,6345
778,0.3655,0.2193177091280843,4.972391949375334,0.3655,0.3655,6346
5519,0.3654,0.21929688921242776,4.971919918268347,0.3654,0.3654,6347
7172,0.3653,0.2192766342710714,4.971460696312184,0.3653,0.3653,6348
7404,0.3652,0.21927518555816422,4.9714278509562995,0.3652,0.3652,6349
1879,0.3651,0.21927404519802035,4.971401996600617,0.3651,0.3651,6350
5213,0.365,0.21926594657432558,4.971218383835177,0.365,0.365,6351
7700,0.3649,0.21925399152619565,4.970947337847275,0.3649,0.3649,6352
7866,0.3648,0.21925175789520174,4.970896696753774,0.3648,0.3648,6353
4252,0.3647,0.21925096476950712,4.970878714931831,0.3647,0.3647,6354
3345,0.3646,0.21922895742136914,4.970379762243298,0.3646,0.3646,6355
7843,0.3645,0.21921636403589542,4.970094243810626,0.3645,0.3645,6356
541,0.3644,0.2192156363823491,4.970077746380982,0.3644,0.3644,6357
7262,0.3643,0.2192098488275894,4.969946530388094,0.3643,0.3643,6358
9046,0.3642,0.21920790199700638,4.969902391661004,0.3642,0.3642,6359
1027,0.3641,0.21920625918481973,4.969865145666549,0.3641,0.3641,6360
2543,0.364,0.2192048628635153,4.9698334881376525,0.364,0.364,6361
3910,0.3639,0.21920139054752694,4.969754763459532,0.3639,0.3639,6362
8092,0.3638,0.2192006465197975,4.969737894791826,0.3638,0.3638,6363
1216,0.3637,0.21919875649595222,4.969695043991437,0.3637,0.3637,6364
1263,0.3636,0.21919684511940585,4.969651709080537,0.3636,0.3636,6365
7840,0.3635,0.21919629880573632,4.969639323005843,0.3635,0.3635,6366
9669,0.3634,0.21919347186065988,4.969575230238426,0.3634,0.3634,6367
8389,0.3633,0.21918546372564682,4.96939366904014,0.3633,0.3633,6368
1537,0.3632,0.2191778734080754,4.96922158063743,0.3632,0.3632,6369
9489,0.3631,0.21917632285252878,4.969186426295366,0.3631,0.3631,6370
2210,0.363,0.21916067284475754,4.968831607830849,0.363,0.363,6371
8129,0.3629,0.2191469117222593,4.96851961435416,0.3629,0.3629,6372
8087,0.3628,0.21914036168087353,4.968371111193506,0.3628,0.3628,6373
6791,0.3627,0.21913532479401768,4.968256914414891,0.3627,0.3627,6374
1151,0.3626,0.21912697577220328,4.968067624599263,0.3626,0.3626,6375
20,0.3625,0.21911786117400958,4.967860977562633,0.3625,0.3625,6376
9870,0.3624,0.2191139649077049,4.9677726410424965,0.3624,0.3624,6377
8313,0.3623,0.21910498438139375,4.967569033696953,0.3623,0.3623,6378
602,0.3622,0.21909133031032255,4.967259467299373,0.3622,0.3622,6379
9740,0.3621,0.21908793687325426,4.967182530971036,0.3621,0.3621,6380
525,0.362,0.21908397926626155,4.967092803728789,0.362,0.362,6381
5237,0.3619,0.21908203565768664,4.967048738050908,0.3619,0.3619,6382
7173,0.3618,0.21907654557852418,4.966924266454578,0.3618,0.3618,6383
3332,0.3617,0.21907574510127553,4.966906117958498,0.3617,0.3617,6384
4257,0.3616,0.21907244082695973,4.966831203136883,0.3616,0.3616,6385
5164,0.3615,0.2190701079967012,4.966778312987306,0.3615,0.3615,6386
6703,0.3614,0.2190686560185906,4.966745393601672,0.3614,0.3614,6387
2769,0.3613,0.21906694905671467,4.966706693199743,0.3613,0.3613,6388
7306,0.3612,0.21905964465707145,4.966541087157235,0.3612,0.3612,6389
8585,0.3611,0.21905218226704984,4.966371899140177,0.3611,0.3611,6390
2237,0.361,0.2190382035515464,4.966054972374213,0.361,0.361,6391
6082,0.3609,0.21903800741974394,4.966050525655743,0.3609,0.3609,6392
294,0.3608,0.21903593326332574,4.966003500183152,0.3608,0.3608,6393
2784,0.3607,0.21903361441558603,4.96595092704661,0.3607,0.3607,6394
8246,0.3606,0.21902665140866603,4.965793061092429,0.3606,0.3606,6395
4515,0.3605,0.21901100157116052,4.965438246488374,0.3605,0.3605,6396
3311,0.3604,0.2190105052438315,4.965426993708877,0.3604,0.3604,6397
8108,0.3603,0.2190085094747116,4.965381745441459,0.3603,0.3603,6398
9480,0.3602,0.21898021806940332,4.964740320010885,0.3602,0.3602,6399
290,0.3601,0.21896545584838117,4.964405629532552,0.3601,0.3601,6400
7681,0.36,0.21895768905496932,4.964229540054652,0.36,0.36,6401
4634,0.3599,0.21895518810988865,4.964172838389837,0.3599,0.3599,6402
8646,0.3598,0.21894577113644256,4.963959335871995,0.3598,0.3598,6403
7853,0.3597,0.21894391225402116,4.963917191113016,0.3597,0.3597,6404
9273,0.3596,0.21892534975506062,4.9634963403719965,0.3596,0.3596,6405
9401,0.3595,0.21892526355223155,4.96349438597336,0.3595,0.3595,6406
9951,0.3594,0.2189234072774836,4.9634523003365905,0.3594,0.3594,6407
1229,0.3593,0.21890830776881764,4.9631099628401465,0.3593,0.3593,6408
4878,0.3592,0.2188895415759327,4.962684493930576,0.3592,0.3592,6409
7233,0.3591,0.21887434160630923,4.962339878775256,0.3591,0.3591,6410
8869,0.359,0.21887156034030747,4.962276821647847,0.359,0.359,6411
6255,0.3589,0.21885862945010473,4.961983651276369,0.3589,0.3589,6412
7565,0.3588,0.21885686539283314,4.961943656403166,0.3588,0.3588,6413
1191,0.3587,0.21885473255243915,4.961895300441914,0.3587,0.3587,6414
8107,0.3586,0.2188450349093827,4.961675434556707,0.3586,0.3586,6415
8420,0.3585,0.21884439748782414,4.961660982874291,0.3585,0.3585,6416
9404,0.3584,0.21883757718754981,4.961506352378928,0.3584,0.3584,6417
6380,0.3583,0.2188235394964161,4.961188088510415,0.3583,0.3583,6418
3540,0.3582,0.21881155160833382,4.960916297972366,0.3582,0.3582,6419
5343,0.3581,0.21881141545602611,4.960913211113223,0.3581,0.3581,6420
95,0.358,0.2188101131678665,4.960883685513267,0.358,0.358,6421
9191,0.3579,0.2188079409688274,4.9608344372095186,0.3579,0.3579,6422
228,0.3578,0.21880459441519184,4.960758563828113,0.3578,0.3578,6423
1252,0.3577,0.2187989778197044,4.960631223842207,0.3577,0.3577,6424
5466,0.3576,0.21879213555247456,4.960476095307865,0.3576,0.3576,6425
1824,0.3575,0.21878476510765976,4.960308991883436,0.3575,0.3575,6426
8592,0.3574,0.21878314783233083,4.960272324862281,0.3574,0.3574,6427
1298,0.3573,0.21878259393995927,4.960259766962796,0.3573,0.3573,6428
63,0.3572,0.2187802388538214,4.96020637222579,0.3572,0.3572,6429
5657,0.3571,0.21877457798677236,4.960078028508823,0.3571,0.3571,6430
1293,0.357,0.21877016051125522,4.959977875083927,0.357,0.357,6431
8297,0.3569,0.21875911877426718,4.959727535774931,0.3569,0.3569,6432
1412,0.3568,0.2187588039660717,4.959720398413247,0.3568,0.3568,6433
876,0.3567,0.2187559793582453,4.959656358635552,0.3567,0.3567,6434
7122,0.3566,0.2187533416814167,4.959596556975977,0.3566,0.3566,6435
1492,0.3565,0.21874760869222107,4.959466578099935,0.3565,0.3565,6436
2072,0.3564,0.21871802638091858,4.958795885126533,0.3564,0.3564,6437
9765,0.3563,0.21871746473334464,4.958783151398113,0.3563,0.3563,6438
1099,0.3562,0.21871125604717015,4.958642387474902,0.3562,0.3562,6439
9923,0.3561,0.21869433785315925,4.958258816572954,0.3561,0.3561,6440
4851,0.356,0.21868530179586518,4.958053950222281,0.356,0.356,6441
3925,0.3559,0.21868484384988002,4.958043567627328,0.3559,0.3559,6442
793,0.3558,0.21868379720025408,4.95801983788813,0.3558,0.3558,6443
8718,0.3557,0.21868211675484237,4.957981738669737,0.3557,0.3557,6444
7804,0.3556,0.21866647565253258,4.957627122111473,0.3556,0.3556,6445
6202,0.3555,0.2186471522727712,4.957189020608708,0.3555,0.3555,6446
8456,0.3554,0.2186359525492015,4.956935099410313,0.3554,0.3554,6447
1251,0.3553,0.2186293900593566,4.956786314018568,0.3553,0.3553,6448
6825,0.3552,0.218626771907486,4.95672695502865,0.3552,0.3552,6449
383,0.3551,0.21862490525030812,4.956684634001256,0.3551,0.3551,6450
9365,0.355,0.21862227683537425,4.9566250423277465,0.355,0.355,6451
1353,0.3549,0.21861261034864582,4.956405882820761,0.3549,0.3549,6452
9180,0.3548,0.21859401906105871,4.955984379381498,0.3548,0.3548,6453
81,0.3547,0.2185902785404485,4.9558995739435385,0.3547,0.3547,6454
3686,0.3546,0.21858452283994473,4.955769080154506,0.3546,0.3546,6455
4947,0.3545,0.2185839415560302,4.955755901230586,0.3545,0.3545,6456
2219,0.3544,0.21858300959179397,4.955734771648431,0.3544,0.3544,6457
8757,0.3543,0.21857635667675582,4.955583936126638,0.3543,0.3543,6458
3056,0.3542,0.21855830344424518,4.955174631522907,0.3542,0.3542,6459
2126,0.3541,0.2185555515560156,4.955112240450741,0.3541,0.3541,6460
6623,0.354,0.21855175119197418,4.955026078236328,0.354,0.354,6461
7402,0.3539,0.21852558102803726,4.954432745791695,0.3539,0.3539,6462
7769,0.3538,0.21852383766666353,4.954393220137345,0.3538,0.3538,6463
283,0.3537,0.21850994029915724,4.95407813770038,0.3537,0.3537,6464
2378,0.3536,0.21850078773908488,4.953870629987173,0.3536,0.3536,6465
1610,0.3535,0.21849640184038224,4.953771192474997,0.3535,0.3535,6466
9643,0.3534,0.21849161382025756,4.953662638027744,0.3534,0.3534,6467
5274,0.3533,0.21847725954677322,4.953337196575301,0.3533,0.3533,6468
3513,0.3532,0.21847158267393807,4.953208489973999,0.3532,0.3532,6469
7456,0.3531,0.21845653932154757,4.952867425658976,0.3531,0.3531,6470
2179,0.353,0.21845071861998475,4.9527354581602205,0.353,0.353,6471
9556,0.3529,0.21844786877062777,4.952670846104141,0.3529,0.3529,6472
9094,0.3528,0.21844465769494154,4.952598044291716,0.3528,0.3528,6473
8307,0.3527,0.21843851923460697,4.952458872535135,0.3527,0.3527,6474
2157,0.3526,0.21843147159373777,4.952299087750817,0.3526,0.3526,6475
3117,0.3525,0.21841503128459436,4.951926351500758,0.3525,0.3525,6476
8896,0.3524,0.2184072771499454,4.951750549021678,0.3524,0.3524,6477
864,0.3523,0.21838361922083763,4.951214174203473,0.3523,0.3523,6478
1713,0.3522,0.2183750279386106,4.951019391837703,0.3522,0.3522,6479
2131,0.3521,0.21837371747715897,4.950989680930647,0.3521,0.3521,6480
5044,0.352,0.21837082961831306,4.950924207119872,0.352,0.352,6481
679,0.3519,0.21836721993554967,4.950842368049628,0.3519,0.3519,6482
8745,0.3518,0.2183609195515021,4.950699525143867,0.3518,0.3518,6483
1929,0.3517,0.21835034986617738,4.950459888232542,0.3517,0.3517,6484
3164,0.3516,0.21833426331418002,4.950095172397497,0.3516,0.3516,6485
9300,0.3515,0.2183295601691234,4.949988542244704,0.3515,0.3515,6486
8522,0.3514,0.21832657681770898,4.949920903418637,0.3514,0.3514,6487
5674,0.3513,0.21828976581000276,4.949086320751625,0.3513,0.3513,6488
666,0.3512,0.21828263036727333,4.948924545316566,0.3512,0.3512,6489
195,0.3511,0.21826692964348524,4.948568577014207,0.3511,0.3511,6490
76,0.351,0.21826611889791075,4.948550195713179,0.351,0.351,6491
5563,0.3509,0.2182593584837257,4.9483969229608755,0.3509,0.3509,6492
2242,0.3508,0.2182533641276243,4.9482610183502125,0.3508,0.3508,6493
857,0.3507,0.21824431133881694,4.948055772661186,0.3507,0.3507,6494
1914,0.3506,0.21824083349821222,4.947976922727207,0.3506,0.3506,6495
3305,0.3505,0.21823189991512856,4.947774379683157,0.3505,0.3505,6496
7861,0.3504,0.21822610980615778,4.94764310578162,0.3504,0.3504,6497
7766,0.3503,0.21822028311134178,4.9475110024029165,0.3503,0.3503,6498
4188,0.3502,0.21821895845424719,4.947480969651195,0.3502,0.3502,6499
7487,0.3501,0.21821881208067004,4.947477651056402,0.3501,0.3501,6500
1300,0.35,0.21821752284710066,4.947448421429384,0.35,0.35,6501
4522,0.3499,0.21820171027829602,4.9470899173679115,0.3499,0.3499,6502
7207,0.3498,0.21818157301785654,4.946633363484307,0.3498,0.3498,6503
2347,0.3497,0.218180129563562,4.946600637350416,0.3497,0.3497,6504
2547,0.3496,0.21817633710265777,4.946514654316895,0.3496,0.3496,6505
1120,0.3495,0.21817527598497852,4.946490596556485,0.3495,0.3495,6506
9703,0.3494,0.2181653392509378,4.946265309976742,0.3494,0.3494,6507
7663,0.3493,0.21815753939118215,4.946088470815907,0.3493,0.3493,6508
8730,0.3492,0.21815666112176132,4.94606855860697,0.3492,0.3492,6509
8415,0.3491,0.2181551760147822,4.946034888121186,0.3491,0.3491,6510
1160,0.349,0.21815387259434735,4.946005336848779,0.349,0.349,6511
1302,0.3489,0.21814578124330808,4.945821888969596,0.3489,0.3489,6512
9392,0.3488,0.2181371539554518,4.945626290277944,0.3488,0.3488,6513
5028,0.3487,0.21812802171276335,4.9454192432043556,0.3487,0.3487,6514
2409,0.3486,0.2181273003614548,4.945402888658812,0.3486,0.3486,6515
470,0.3485,0.21812086952375315,4.945257088095912,0.3485,0.3485,6516
8018,0.3484,0.21811204351433156,4.945056983970314,0.3484,0.3484,6517
6137,0.3483,0.21810225476549278,4.944835052526475,0.3483,0.3483,6518
5609,0.3482,0.21810129082403293,4.944813197954081,0.3482,0.3482,6519
5249,0.3481,0.21809271202929553,4.944618698705185,0.3481,0.3481,6520
1677,0.348,0.21807763088597948,4.9442767775889065,0.348,0.348,6521
5809,0.3479,0.21806775811709916,4.944052941234296,0.3479,0.3479,6522
5579,0.3478,0.21806627919781904,4.944019411036653,0.3478,0.3478,6523
6883,0.3477,0.21806145849113454,4.943910115516315,0.3477,0.3477,6524
276,0.3476,0.2180610854344893,4.943901657540246,0.3476,0.3476,6525
5714,0.3475,0.21806055312620318,4.943889588996568,0.3475,0.3475,6526
5041,0.3474,0.21805040250070737,4.943659453050751,0.3474,0.3474,6527
1138,0.3473,0.21805036817454676,4.94365867480393,0.3473,0.3473,6528
1932,0.3472,0.21804286204164228,4.943488495045034,0.3472,0.3472,6529
9066,0.3471,0.21804211811396715,4.943471628646266,0.3471,0.3471,6530
201,0.347,0.21803497781836892,4.94330974318644,0.347,0.347,6531
9546,0.3469,0.21802955553506534,4.943186808664034,0.3469,0.3469,6532
6377,0.3468,0.21802567544729964,4.943098838944323,0.3468,0.3468,6533
6382,0.3467,0.21802525595141034,4.943089328093906,0.3467,0.3467,6534
529,0.3466,0.21802391051752268,4.943058824288721,0.3466,0.3466,6535
5539,0.3465,0.21801905626738222,4.94294876826859,0.3465,0.3465,6536
6914,0.3464,0.21801313121772278,4.942814434979912,0.3464,0.3464,6537
2853,0.3463,0.2180103408091465,4.94275117057188,0.3463,0.3463,6538
2618,0.3462,0.21800724890602224,4.942681070649102,0.3462,0.3462,6539
2681,0.3461,0.21800361380115327,4.942598655205877,0.3461,0.3461,6540
6781,0.346,0.21799488192336058,4.942400685242582,0.346,0.346,6541
9791,0.3459,0.21798594807145952,4.942198136103779,0.3459,0.3459,6542
475,0.3458,0.21795790157285624,4.941562263220697,0.3458,0.3458,6543
8503,0.3457,0.21795119554734677,4.941410223573693,0.3457,0.3457,6544
2089,0.3456,0.21792405374124058,4.940794861965398,0.3456,0.3456,6545
1705,0.3455,0.21792063745486293,4.9407174075968,0.3455,0.3455,6546
6841,0.3454,0.21791720250466423,4.9406395300788875,0.3454,0.3454,6547
3150,0.3453,0.21790914512881873,4.94045685248786,0.3453,0.3453,6548
9621,0.3452,0.21790505929400267,4.940364218052375,0.3452,0.3452,6549
3786,0.3451,0.2179048869528755,4.940360310717995,0.3451,0.3451,6550
9885,0.345,0.21787675010582885,4.939722389446653,0.345,0.345,6551
7706,0.3449,0.21786537308775888,4.939464448610898,0.3449,0.3449,6552
8369,0.3448,0.21786067218504082,4.9393578692988465,0.3448,0.3448,6553
6827,0.3447,0.21786027040437264,4.939348760089179,0.3447,0.3447,6554
1680,0.3446,0.2178528334215953,4.939180148109128,0.3446,0.3446,6555
3101,0.3445,0.21784814210132858,4.939073786049451,0.3445,0.3445,6556
908,0.3444,0.2178453005812046,4.939009362834208,0.3444,0.3444,6557
7569,0.3443,0.2178412488841365,4.938917502373812,0.3443,0.3443,6558
823,0.3442,0.2178412001275289,4.938916396959851,0.3442,0.3442,6559
1603,0.3441,0.21784002589166543,4.938889774572486,0.3441,0.3441,6560
6373,0.344,0.21782267472707137,4.938496387318935,0.344,0.344,6561
4056,0.3439,0.21781505947198454,4.938323733531453,0.3439,0.3439,6562
2531,0.3438,0.2178096502922479,4.938201096094438,0.3438,0.3438,6563
5596,0.3437,0.21778951613184375,4.937744612494939,0.3437,0.3437,6564
3876,0.3436,0.21777546483360335,4.937426040127448,0.3436,0.3436,6565
9576,0.3435,0.21776203469803432,4.937121550816464,0.3435,0.3435,6566
2675,0.3434,0.21775592710699243,4.936983078931517,0.3434,0.3434,6567
2297,0.3433,0.21773761589696078,4.9365679254372665,0.3433,0.3433,6568
3438,0.3432,0.21770781876947912,4.935892362130742,0.3432,0.3432,6569
8444,0.3431,0.2176957321392073,4.935618332899517,0.3431,0.3431,6570
9208,0.343,0.21768765401208387,4.935435184833989,0.343,0.343,6571
5315,0.3429,0.21766864473854555,4.9350042047770275,0.3429,0.3429,6572
2206,0.3428,0.21766703750356658,4.934967765392312,0.3428,0.3428,6573
5820,0.3427,0.21765399069265742,4.934671966856006,0.3427,0.3427,6574
5125,0.3426,0.21765201860716973,4.934627255546063,0.3426,0.3426,6575
923,0.3425,0.21764894201741916,4.934557502810153,0.3425,0.3425,6576
5737,0.3424,0.21764056162044035,4.934367501653991,0.3424,0.3424,6577
8065,0.3423,0.2176366688054778,4.934279243383281,0.3423,0.3423,6578
183,0.3422,0.21761702130153318,4.933833793306501,0.3422,0.3422,6579
5484,0.3421,0.217610679098972,4.933690002286149,0.3421,0.3421,6580
6712,0.342,0.21759312732815655,4.93329206687044,0.342,0.342,6581
2236,0.3419,0.21759303596769108,4.933289995536659,0.3419,0.3419,6582
8450,0.3418,0.21759246352411812,4.933277017042214,0.3418,0.3418,6583
2304,0.3417,0.21758452149625457,4.933096954631484,0.3417,0.3417,6584
2174,0.3416,0.21757717811861188,4.932930464875681,0.3416,0.3416,6585
4100,0.3415,0.21757443098828916,4.932868181675904,0.3415,0.3415,6586
9069,0.3414,0.21756271267095173,4.9326025028701865,0.3414,0.3414,6587
2716,0.3413,0.21756188885895322,4.932583825327469,0.3413,0.3413,6588
4154,0.3412,0.217546597521642,4.932237138675073,0.3412,0.3412,6589
2048,0.3411,0.2175416952375918,4.932125993623675,0.3411,0.3411,6590
4025,0.341,0.21751672927877774,4.931559963032854,0.341,0.341,6591
1683,0.3409,0.21750025596906755,4.931186478588688,0.3409,0.3409,6592
6150,0.3408,0.2174936828869258,4.931037453045854,0.3408,0.3408,6593
3200,0.3407,0.21747486676982622,4.930610852250871,0.3407,0.3407,6594
9800,0.3406,0.21745885351974317,4.9302477983216795,0.3406,0.3406,6595
8691,0.3405,0.21745134185447634,4.930077493133553,0.3405,0.3405,6596
8634,0.3404,0.21745112602346683,4.930072599791561,0.3404,0.3404,6597
5505,0.3403,0.2174496841234144,4.930039908896799,0.3403,0.3403,6598
219,0.3402,0.2174337641554472,4.929678969870289,0.3402,0.3402,6599
1337,0.3401,0.2173916241546485,4.92872356776686,0.3401,0.3401,6600
26,0.34,0.21737748711596958,4.928403051481359,0.34,0.34,6601
9598,0.3399,0.21736664569786088,4.928157253819053,0.3399,0.3399,6602
6400,0.3398,0.2173571177458467,4.927941235184721,0.3398,0.3398,6603
8673,0.3397,0.21735032536941082,4.927787237780573,0.3397,0.3397,6604
7133,0.3396,0.2173456293673415,4.9276807695765585,0.3396,0.3396,6605
3341,0.3395,0.21733795024892016,4.927506667873729,0.3395,0.3395,6606
7956,0.3394,0.21733167607488077,4.92736441920333,0.3394,0.3394,6607
3079,0.3393,0.2173191163419399,4.9270796637436165,0.3393,0.3393,6608
4513,0.3392,0.2172961069003339,4.926557991496205,0.3392,0.3392,6609
2503,0.3391,0.21728860209245066,4.926387841778548,0.3391,0.3391,6610
2830,0.339,0.21728828808065262,4.9263807224737395,0.339,0.339,6611
7226,0.3389,0.217284511551077,4.926295100636674,0.3389,0.3389,6612
9695,0.3388,0.2172745091994727,4.926068326369339,0.3388,0.3388,6613
3249,0.3387,0.21727417391219442,4.9260607247046995,0.3387,0.3387,6614
6179,0.3386,0.2172516789695168,4.925550717225292,0.3386,0.3386,6615
8564,0.3385,0.2172174821028141,4.924775402613146,0.3385,0.3385,6616
5881,0.3384,0.21721435938388142,4.924704604032784,0.3384,0.3384,6617
4419,0.3383,0.21721114479493675,4.9246317225667955,0.3383,0.3383,6618
7070,0.3382,0.21720987234798225,4.924602873527664,0.3382,0.3382,6619
4020,0.3381,0.2172056084042521,4.924506200990467,0.3381,0.3381,6620
311,0.338,0.21717665534381903,4.923849774453417,0.338,0.338,6621
9335,0.3379,0.2171721461953961,4.9237475426102515,0.3379,0.3379,6622
2803,0.3378,0.21716640755823108,4.923617435683803,0.3378,0.3378,6623
3872,0.3377,0.2171659896707536,4.923607961299006,0.3377,0.3377,6624
2661,0.3376,0.2171330639994252,4.92286146734831,0.3376,0.3376,6625
3490,0.3375,0.2170979633223746,4.922065661461444,0.3375,0.3375,6626
9938,0.3374,0.21708483602249137,4.9217680380712805,0.3374,0.3374,6627
6421,0.3373,0.21708430951811394,4.921756101113489,0.3373,0.3373,6628
4238,0.3372,0.21708099615554563,4.921680980242482,0.3372,0.3372,6629
9894,0.3371,0.21707837115661469,4.921621466017624,0.3371,0.3371,6630
9064,0.337,0.21707095662678946,4.921453363092268,0.337,0.337,6631
9446,0.3369,0.21707043458990039,4.921441527422093,0.3369,0.3369,6632
4512,0.3368,0.21704570275622626,4.920880804938421,0.3368,0.3368,6633
9889,0.3367,0.2170362329594917,4.920666104806239,0.3367,0.3367,6634
4969,0.3366,0.21701477737878264,4.920179661840411,0.3366,0.3366,6635
6803,0.3365,0.21701289355182019,4.920136951536853,0.3365,0.3365,6636
152,0.3364,0.21701022372244466,4.920076420911339,0.3364,0.3364,6637
6832,0.3363,0.2170086217010317,4.920040099729572,0.3363,0.3363,6638
7299,0.3362,0.21700838921330526,4.920034828745957,0.3362,0.3362,6639
2964,0.3361,0.2169954604311741,4.919741706169116,0.3361,0.3361,6640
5647,0.336,0.21698915057660348,4.919598648545212,0.336,0.336,6641
5888,0.3359,0.21695862227208979,4.918906507924577,0.3359,0.3359,6642
8033,0.3358,0.2169542563683888,4.918807523740857,0.3358,0.3358,6643
7137,0.3357,0.21694398025291828,4.918574542674228,0.3357,0.3357,6644
9360,0.3356,0.21693836819451473,4.918447305552302,0.3356,0.3356,6645
288,0.3355,0.21693601485038333,4.918393950309205,0.3355,0.3355,6646
6128,0.3354,0.21692580982527662,4.918162581011375,0.3354,0.3354,6647
5210,0.3353,0.21691582622496527,4.917936231875807,0.3353,0.3353,6648
6440,0.3352,0.2169096640567243,4.91779652261079,0.3352,0.3352,6649
3559,0.3351,0.2168988480866663,4.917551301910398,0.3351,0.3351,6650
5248,0.335,0.21689095559382487,4.917372362561868,0.335,0.335,6651
8454,0.3349,0.2168524643983993,4.916499686520912,0.3349,0.3349,6652
3503,0.3348,0.2168453588878898,4.916338589711965,0.3348,0.3348,6653
4145,0.3347,0.21683915085644712,4.916197840631313,0.3347,0.3347,6654
3858,0.3346,0.21683636939236156,4.916134779013072,0.3346,0.3346,6655
138,0.3345,0.2168300539168671,4.9159915939521746,0.3345,0.3345,6656
1589,0.3344,0.21682724705795778,4.915927956580616,0.3344,0.3344,6657
2114,0.3343,0.21682699955937876,4.915922345270054,0.3343,0.3343,6658
182,0.3342,0.21682211293525142,4.9158115552634465,0.3342,0.3342,6659
592,0.3341,0.2168167665266377,4.915690340979099,0.3341,0.3341,6660
2996,0.334,0.21681620680687802,4.915677650959398,0.334,0.334,6661
1704,0.3339,0.2168096124261124,4.915528142532079,0.3339,0.3339,6662
956,0.3338,0.21680204303740108,4.9153565286316745,0.3338,0.3338,6663
6893,0.3337,0.21679823094068074,4.915270100412067,0.3337,0.3337,6664
3802,0.3336,0.2167960299537264,4.915220199425564,0.3336,0.3336,6665
7065,0.3335,0.2167847850609119,4.914965254146875,0.3335,0.3335,6666
6899,0.3334,0.21678323845865474,4.914930189434342,0.3334,0.3334,6667
3562,0.3333,0.21677667255632044,4.914781326672887,0.3333,0.3333,6668
7167,0.3332,0.2167741188278056,4.914723428297016,0.3332,0.3332,6669
5883,0.3331,0.21676317656597194,4.914475344295823,0.3331,0.3331,6670
5694,0.333,0.2167519102682214,4.9142199137223885,0.333,0.333,6671
9844,0.3329,0.21675066366409101,4.9141916505950185,0.3329,0.3329,6672
4817,0.3328,0.21674730902884382,4.9141155939860495,0.3328,0.3328,6673
3820,0.3327,0.21673196121284616,4.913767626841723,0.3327,0.3327,6674
791,0.3326,0.2167218610025526,4.913538633915697,0.3326,0.3326,6675
6336,0.3325,0.21671091516183186,4.913290468773044,0.3325,0.3325,6676
6734,0.3324,0.216710020790066,4.913270191491368,0.3324,0.3324,6677
3566,0.3323,0.21669027054236584,4.912822411998636,0.3323,0.3323,6678
8505,0.3322,0.2166878476699518,4.912767480405611,0.3322,0.3322,6679
3709,0.3321,0.21668675837200174,4.912742783738192,0.3321,0.3321,6680
9661,0.332,0.21668464427382797,4.912694852703558,0.332,0.332,6681
3527,0.3319,0.21668379487766737,4.9126755951135035,0.3319,0.3319,6682
9307,0.3318,0.216669133460434,4.912343190067888,0.3318,0.3318,6683
8111,0.3317,0.21666599585047452,4.912272053877453,0.3317,0.3317,6684
2654,0.3316,0.21665951328532077,4.912125080543371,0.3316,0.3316,6685
6260,0.3315,0.21665310691611947,4.911979834731286,0.3315,0.3315,6686
5920,0.3314,0.2166493120526685,4.911893797226169,0.3314,0.3314,6687
121,0.3313,0.21664814847283026,4.9118674164341645,0.3313,0.3313,6688
7259,0.3312,0.21664636036852034,4.911826876362524,0.3312,0.3312,6689
7288,0.3311,0.2166438122843412,4.911769105956042,0.3311,0.3311,6690
6826,0.331,0.2166391015895024,4.911662304635103,0.331,0.331,6691
5910,0.3309,0.21663786645448802,4.911634301536425,0.3309,0.3309,6692
2836,0.3308,0.2166320787631218,4.911503082448105,0.3308,0.3308,6693
1903,0.3307,0.21662878204982303,4.911428339050504,0.3307,0.3307,6694
4784,0.3306,0.21662765210070145,4.911402720736473,0.3306,0.3306,6695
616,0.3305,0.21662016397938189,4.911232949338414,0.3305,0.3305,6696
2372,0.3304,0.21660553536508495,4.910901288004692,0.3304,0.3304,6697
6210,0.3303,0.2166050715196718,4.910890771657673,0.3303,0.3303,6698
9705,0.3302,0.21659672271713526,4.910701486812021,0.3302,0.3302,6699
7298,0.3301,0.21659587705575725,4.910682313897413,0.3301,0.3301,6700
3342,0.33,0.21658727045475726,4.910487184221908,0.33,0.33,6701
1144,0.3299,0.21658269024972346,4.910383341376934,0.3299,0.3299,6702
7689,0.3298,0.21657446236453695,4.9101967979823415,0.3298,0.3298,6703
2064,0.3297,0.21656481528959318,4.909978078581294,0.3297,0.3297,6704
224,0.3296,0.21655533964760681,4.909763245926872,0.3296,0.3296,6705
5462,0.3295,0.21655378060207744,4.909727899096781,0.3295,0.3295,6706
7225,0.3294,0.21653716946635282,4.909351289849896,0.3294,0.3294,6707
171,0.3293,0.2165272066016867,4.9091254108346485,0.3293,0.3293,6708
411,0.3292,0.21652639267158041,4.909106957335541,0.3292,0.3292,6709
1432,0.3291,0.21651165546528667,4.908772833992277,0.3291,0.3291,6710
7764,0.329,0.2165102100843878,4.908740064179906,0.329,0.329,6711
4111,0.3289,0.21650485581832815,4.908618671750015,0.3289,0.3289,6712
6448,0.3288,0.21649713495473574,4.9084436235961775,0.3288,0.3288,6713
1857,0.3287,0.21648887978808792,4.908256461673924,0.3287,0.3287,6714
2760,0.3286,0.2164867842836208,4.908208952197964,0.3286,0.3286,6715
2316,0.3285,0.21647272046087904,4.907890095872002,0.3285,0.3285,6716
670,0.3284,0.21646967378453563,4.907821021336295,0.3284,0.3284,6717
4026,0.3283,0.21645464468715286,4.907480280210971,0.3283,0.3283,6718
3010,0.3282,0.21644335956170407,4.907224422773915,0.3282,0.3282,6719
2576,0.3281,0.21641205497297247,4.906514682162974,0.3281,0.3281,6720
249,0.328,0.21640656065081165,4.9063901143683255,0.328,0.328,6721
9647,0.3279,0.2164038308666331,4.906328224441643,0.3279,0.3279,6722
807,0.3278,0.2163973514191312,4.9061813217923795,0.3278,0.3278,6723
8707,0.3277,0.21638593038384574,4.905922382994657,0.3277,0.3277,6724
1955,0.3276,0.2163756478213575,4.905689255760532,0.3276,0.3276,6725
408,0.3275,0.21635082927231647,4.905126567257135,0.3275,0.3275,6726
2932,0.3274,0.2163504283844165,4.905117478289276,0.3274,0.3274,6727
578,0.3273,0.21634444660323354,4.904981858776656,0.3273,0.3273,6728
7944,0.3272,0.2163433867686852,4.904957830107587,0.3272,0.3272,6729
4292,0.3271,0.21631531359543968,4.904321352456268,0.3271,0.3271,6730
8755,0.327,0.21629428659462732,4.903844626294184,0.327,0.327,6731
5785,0.3269,0.21628709482319447,4.903681573767817,0.3269,0.3269,6732
7229,0.3268,0.21628186563626423,4.903563017145158,0.3268,0.3268,6733
5304,0.3267,0.2162661982553703,4.903207804795598,0.3267,0.3267,6734
7294,0.3266,0.216255997918899,4.902976541798262,0.3266,0.3266,6735
4739,0.3265,0.21625352927771047,4.902920572530807,0.3265,0.3265,6736
3071,0.3264,0.21624156147116275,4.902649237282915,0.3264,0.3264,6737
2674,0.3263,0.21622299709591347,4.902228344001861,0.3263,0.3263,6738
4131,0.3262,0.2161714712286372,4.901060144641684,0.3262,0.3262,6739
6947,0.3261,0.21617138288071294,4.901058141609435,0.3261,0.3261,6740
2440,0.326,0.21616814561310657,4.900984745970713,0.326,0.326,6741
7722,0.3259,0.21615741999111318,4.900741573648751,0.3259,0.3259,6742
3625,0.3258,0.21615161178688794,4.90060988949032,0.3258,0.3258,6743
1874,0.3257,0.21613604713381157,4.900257006196211,0.3257,0.3257,6744
2669,0.3256,0.21613121293057863,4.900147404681012,0.3256,0.3256,6745
1213,0.3255,0.2161277273791994,4.900068379929143,0.3255,0.3255,6746
8784,0.3254,0.21611822197837008,4.899852872576994,0.3254,0.3254,6747
1361,0.3253,0.216117067431922,4.899826696591132,0.3253,0.3253,6748
3812,0.3252,0.21609771233674116,4.8993878760328196,0.3252,0.3252,6749
1580,0.3251,0.21609643422453276,4.8993588985518715,0.3251,0.3251,6750
5203,0.325,0.21608331643187953,4.899061490709764,0.325,0.325,6751
2658,0.3249,0.21608173069863876,4.899025538815221,0.3249,0.3249,6752
9432,0.3248,0.21607061477742906,4.898773517592298,0.3248,0.3248,6753
5595,0.3247,0.21606632169498213,4.898676184418423,0.3247,0.3247,6754
498,0.3246,0.2160441951787841,4.898174529941263,0.3246,0.3246,6755
1460,0.3245,0.2160373839471019,4.89802010504799,0.3245,0.3245,6756
413,0.3244,0.2160363576284281,4.897996836254612,0.3244,0.3244,6757
6203,0.3243,0.21602835125871495,4.897815315078887,0.3243,0.3243,6758
4703,0.3242,0.21602279393108062,4.897689318818127,0.3242,0.3242,6759
8473,0.3241,0.21601658040460098,4.89754844515587,0.3241,0.3241,6760
9868,0.324,0.21601483469044738,4.897508866157961,0.324,0.324,6761
3190,0.3239,0.21601168694237546,4.897437500114865,0.3239,0.3239,6762
2250,0.3238,0.21600730524132009,4.897338157771806,0.3238,0.3238,6763
3558,0.3237,0.21600153455351057,4.897207324188923,0.3237,0.3237,6764
9244,0.3236,0.21599835813123328,4.897135308041032,0.3236,0.3236,6765
8920,0.3235,0.21599791679775462,4.897125302087194,0.3235,0.3235,6766
3387,0.3234,0.21599153090117149,4.8969805204317165,0.3234,0.3234,6767
4027,0.3233,0.21598249432563313,4.896775642333227,0.3233,0.3233,6768
722,0.3232,0.21596220092721374,4.896315548474045,0.3232,0.3232,6769
1915,0.3231,0.21592897647000758,4.895562280422613,0.3231,0.3231,6770
3911,0.323,0.21591362361793007,4.895214199100937,0.323,0.323,6771
52,0.3229,0.2159127925620342,4.895195357323297,0.3229,0.3229,6772
5686,0.3228,0.2159111861171531,4.895158935851508,0.3228,0.3228,6773
2240,0.3227,0.21590411807451218,4.894998688516793,0.3227,0.3227,6774
9176,0.3226,0.21590241757538442,4.8949601346396046,0.3226,0.3226,6775
1763,0.3225,0.21589885986879714,4.894879473976642,0.3225,0.3225,6776
8290,0.3224,0.2158973197077223,4.894844555298265,0.3224,0.3224,6777
7756,0.3223,0.21589607029543004,4.894816228504858,0.3223,0.3223,6778
4042,0.3222,0.21588592442010582,4.89458620025554,0.3222,0.3222,6779
6292,0.3221,0.21587992864195008,4.894450263401898,0.3221,0.3221,6780
5988,0.322,0.21587577100338956,4.8943560010264,0.322,0.322,6781
7141,0.3219,0.21587012749012552,4.894228050756631,0.3219,0.3219,6782
7422,0.3218,0.21586901676691564,4.894202868335664,0.3218,0.3218,6783
393,0.3217,0.21584580916577134,4.8936767033951964,0.3217,0.3217,6784
8347,0.3216,0.21583896669180816,4.893521570174719,0.3216,0.3216,6785
4755,0.3215,0.21582322317783584,4.893164631729992,0.3215,0.3215,6786
1393,0.3214,0.215816190781123,4.893005192562336,0.3214,0.3214,6787
4852,0.3213,0.21581520951059852,4.892982945104032,0.3213,0.3213,6788
4788,0.3212,0.21579638362398393,4.892556122814314,0.3212,0.3212,6789
5551,0.3211,0.21579537291125037,4.892533207838662,0.3211,0.3211,6790
7119,0.321,0.2157867892107518,4.89233859736384,0.321,0.321,6791
2094,0.3209,0.21577256644688456,4.892016137511268,0.3209,0.3209,6792
3240,0.3208,0.21577154312338953,4.891992936622327,0.3208,0.3208,6793
4799,0.3207,0.2157696047730638,4.891948990159928,0.3207,0.3207,6794
3641,0.3206,0.2157644309134108,4.891831687922418,0.3206,0.3206,6795
5628,0.3205,0.2157532854642967,4.891578997240408,0.3205,0.3205,6796
3806,0.3204,0.21575203285115238,4.891550597875807,0.3204,0.3204,6797
7020,0.3203,0.21575027745834827,4.891510799444007,0.3203,0.3203,6798
5191,0.3202,0.21574506601931212,4.891392645202695,0.3202,0.3202,6799
7672,0.3201,0.2157448473039541,4.891387686466345,0.3201,0.3201,6800
1451,0.32,0.2157327871999566,4.891114258642645,0.32,0.32,6801
2671,0.3199,0.21572971440321456,4.891044591903312,0.3199,0.3199,6802
1360,0.3198,0.21572964467213662,4.891043010953375,0.3198,0.3198,6803
5540,0.3197,0.2157146152797283,4.890702263140106,0.3197,0.3197,6804
7608,0.3196,0.21571448779739685,4.890699372847966,0.3196,0.3196,6805
1867,0.3195,0.21571360692028757,4.890679401517527,0.3195,0.3195,6806
6872,0.3194,0.2157092099745796,4.890579713548119,0.3194,0.3194,6807
8495,0.3193,0.21570521005554769,4.890489027003314,0.3193,0.3193,6808
6506,0.3192,0.21570382113747272,4.890457537320934,0.3192,0.3192,6809
996,0.3191,0.2157023244429223,4.890423604120075,0.3191,0.3191,6810
7180,0.319,0.2156988765970411,4.890345434230348,0.319,0.319,6811
1755,0.3189,0.21567923141402878,4.889900036773422,0.3189,0.3189,6812
155,0.3188,0.21567580549216872,4.889822363947172,0.3188,0.3188,6813
4879,0.3187,0.215670538165173,4.889702942609788,0.3187,0.3187,6814
3970,0.3186,0.21565167634241034,4.889275305569742,0.3186,0.3186,6815
2602,0.3185,0.2156422437131703,4.88906144810386,0.3185,0.3185,6816
2990,0.3184,0.21564213153463788,4.889058904781014,0.3184,0.3184,6817
7709,0.3183,0.2156415753851787,4.889046295708112,0.3183,0.3183,6818
4758,0.3182,0.21564079989512222,4.889028713723081,0.3182,0.3182,6819
3526,0.3181,0.21563976630928192,4.889005280166052,0.3181,0.3181,6820
7968,0.318,0.2156395530352381,4.889000444798163,0.318,0.318,6821
8799,0.3179,0.21563646220754462,4.888930369257486,0.3179,0.3179,6822
7350,0.3178,0.21563066466371517,4.888798926792505,0.3178,0.3178,6823
5829,0.3177,0.21562892158482136,4.888759407542326,0.3177,0.3177,6824
4619,0.3176,0.21562405914308333,4.88864916580169,0.3176,0.3176,6825
2434,0.3175,0.21562057258308376,4.888570118182073,0.3175,0.3175,6826
7191,0.3174,0.21561713706838814,4.88849222786531,0.3174,0.3174,6827
2266,0.3173,0.2156025178449729,4.888160779443841,0.3173,0.3173,6828
3166,0.3172,0.2156000256360981,4.888104275846048,0.3172,0.3172,6829
1898,0.3171,0.21559649147482862,4.888024149007055,0.3171,0.3171,6830
4684,0.317,0.21559509591811685,4.887992508812353,0.317,0.317,6831
935,0.3169,0.21559162528747655,4.887913822345001,0.3169,0.3169,6832
5909,0.3168,0.21559139299085042,4.887908555692376,0.3168,0.3168,6833
1777,0.3167,0.21555947407462198,4.887184886989919,0.3167,0.3167,6834
5036,0.3166,0.2155594587140073,4.887184538732245,0.3166,0.3166,6835
1364,0.3165,0.21555228591435702,4.887021916337904,0.3165,0.3165,6836
3411,0.3164,0.21554143309432142,4.886775860169787,0.3164,0.3164,6837
2069,0.3163,0.21553433077581424,4.886614835728796,0.3163,0.3163,6838
3704,0.3162,0.21553402714106093,4.886607951694033,0.3162,0.3162,6839
3062,0.3161,0.21552978763279945,4.886511833159687,0.3161,0.3161,6840
3178,0.316,0.21552843688401307,4.8864812088541845,0.316,0.316,6841
2673,0.3159,0.21551387367479966,4.8861510303912326,0.3159,0.3159,6842
7038,0.3158,0.21551011347961088,4.886065778888401,0.3158,0.3158,6843
8085,0.3157,0.2155072738954552,4.886001399565985,0.3157,0.3157,6844
4197,0.3156,0.2155008767914491,4.885856363816647,0.3156,0.3156,6845
160,0.3155,0.21549217938327084,4.885659175350503,0.3155,0.3155,6846
4078,0.3154,0.2154906207556668,4.885623837997397,0.3154,0.3154,6847
6546,0.3153,0.21547636188822197,4.885300559599456,0.3153,0.3153,6848
7242,0.3152,0.2154617611316619,4.884969529858995,0.3152,0.3152,6849
2605,0.3151,0.21544655332577428,4.88462473703873,0.3151,0.3151,6850
6,0.315,0.21542363014023713,4.884105020395818,0.315,0.315,6851
3659,0.3149,0.21541271370234652,4.883857521878401,0.3149,0.3149,6852
4491,0.3148,0.21540717213042124,4.883731882833133,0.3148,0.3148,6853
165,0.3147,0.21540635662087873,4.883713393524326,0.3147,0.3147,6854
154,0.3146,0.2153922982543386,4.8833946609016285,0.3146,0.3146,6855
9097,0.3145,0.21539198814562427,4.8833876300875065,0.3145,0.3145,6856
3408,0.3144,0.21538453109854835,4.883218563206246,0.3144,0.3144,6857
2692,0.3143,0.2153754417405356,4.883012488418164,0.3143,0.3143,6858
5981,0.3142,0.21537100124448977,4.882911813069906,0.3142,0.3142,6859
9163,0.3141,0.2153697219928001,4.882882809752471,0.3141,0.3141,6860
7677,0.314,0.2153692975076156,4.882873185785731,0.314,0.314,6861
1357,0.3139,0.21536409035684861,4.88275512876824,0.3139,0.3139,6862
2482,0.3138,0.2153406392665226,4.882223443419548,0.3138,0.3138,6863
3548,0.3137,0.21534025306313626,4.8822146873783865,0.3137,0.3137,6864
2525,0.3136,0.2153215761220577,4.881791241994442,0.3136,0.3136,6865
4635,0.3135,0.21531249605911276,4.88158537794579,0.3135,0.3135,6866
8891,0.3134,0.21531167564666648,4.881566777475629,0.3134,0.3134,6867
3061,0.3133,0.2153103861191927,4.8815375411865105,0.3133,0.3133,6868
3232,0.3132,0.21530204946057194,4.881348531670603,0.3132,0.3132,6869
1100,0.3131,0.21527422379583666,4.880717665554858,0.3131,0.3131,6870
435,0.313,0.21526911547421185,4.880601849200551,0.313,0.313,6871
3696,0.3129,0.21526385139164037,4.880482501420934,0.3129,0.3129,6872
4978,0.3128,0.21524540088602132,4.8800641898034645,0.3128,0.3128,6873
444,0.3127,0.21523550933449573,4.879839927606595,0.3127,0.3127,6874
8424,0.3126,0.21523427064345776,4.879811843885879,0.3126,0.3126,6875
3174,0.3125,0.2152237647945647,4.879573654280805,0.3125,0.3125,6876
5571,0.3124,0.21522077085611271,4.879505775423849,0.3124,0.3124,6877
634,0.3123,0.21519973424445732,4.879028831364323,0.3123,0.3123,6878
5226,0.3122,0.2151863621241743,4.8787256573832884,0.3122,0.3122,6879
3827,0.3121,0.21518581511801385,4.878713255607028,0.3121,0.3121,6880
2058,0.312,0.2151601712563021,4.878131855535445,0.312,0.312,6881
3440,0.3119,0.2151575494071853,4.87807241272375,0.3119,0.3119,6882
5340,0.3118,0.2151519832248211,4.877946215707807,0.3118,0.3118,6883
2690,0.3117,0.21513707581064143,4.877608233396341,0.3117,0.3117,6884
5732,0.3116,0.21513594096663607,4.877582504105849,0.3116,0.3116,6885
6643,0.3115,0.2151358841051984,4.877581214938119,0.3115,0.3115,6886
9214,0.3114,0.21512845634165717,4.877412811976878,0.3114,0.3114,6887
2259,0.3113,0.21512392605454023,4.877310100875391,0.3113,0.3113,6888
4098,0.3112,0.21511935308945088,4.877206422177528,0.3112,0.3112,6889
2248,0.3111,0.21510052685031952,4.876779591893904,0.3111,0.3111,6890
8893,0.311,0.21509817154789335,4.876726192253475,0.311,0.311,6891
4490,0.3109,0.21509812119686367,4.876725050689886,0.3109,0.3109,6892
9794,0.3108,0.21508433234071062,4.876412428432448,0.3108,0.3108,6893
9718,0.3107,0.21507175004686055,4.876127161470384,0.3107,0.3107,6894
9323,0.3106,0.21506450071420308,4.875962803910605,0.3106,0.3106,6895
1853,0.3105,0.21506390264678732,4.8759492444699974,0.3105,0.3105,6896
1091,0.3104,0.2150616532282219,4.875898245439252,0.3104,0.3104,6897
343,0.3103,0.21505829811004526,4.875822177880359,0.3103,0.3103,6898
5008,0.3102,0.21505800894875407,4.875815621987858,0.3102,0.3102,6899
6197,0.3101,0.21505550104985227,4.875758762664909,0.3101,0.3101,6900
1125,0.31,0.21504467897245053,4.875513403497602,0.31,0.31,6901
9620,0.3099,0.21503251746965507,4.87523767675007,0.3099,0.3099,6902
8746,0.3098,0.21502245983536933,4.875009649110083,0.3098,0.3098,6903
3076,0.3097,0.21501357607737048,4.874808235704389,0.3097,0.3097,6904
7776,0.3096,0.21501304786734862,4.87479626007578,0.3096,0.3096,6905
3347,0.3095,0.21501028439847686,4.874733606446845,0.3095,0.3095,6906
2962,0.3094,0.21499938551025852,4.874486505816938,0.3094,0.3094,6907
1315,0.3093,0.21499897794350728,4.874477265426129,0.3093,0.3093,6908
9969,0.3092,0.21498336776257282,4.874123349919647,0.3092,0.3092,6909
22,0.3091,0.2149807874274943,4.874064848317367,0.3091,0.3091,6910
9867,0.309,0.21496516774645785,4.873710717424266,0.309,0.309,6911
4871,0.3089,0.21496224887826487,4.873644540567166,0.3089,0.3089,6912
4371,0.3088,0.2149534291863318,4.873444579673521,0.3088,0.3088,6913
1573,0.3087,0.21493513625061994,4.873029840496109,0.3087,0.3087,6914
3893,0.3086,0.21493231681882816,4.872965918070408,0.3086,0.3086,6915
2604,0.3085,0.21492775039589412,4.872862387695255,0.3085,0.3085,6916
8977,0.3084,0.2149122931276854,4.872511939040968,0.3084,0.3084,6917
6664,0.3083,0.2149090090549507,4.872437482231272,0.3083,0.3083,6918
4687,0.3082,0.21490410203522378,4.8723262298139165,0.3082,0.3082,6919
3169,0.3081,0.21489543000426337,4.872129616703848,0.3081,0.3081,6920
3514,0.308,0.21488473619339582,4.871887165606975,0.308,0.308,6921
7121,0.3079,0.21487825365721966,4.871740192930246,0.3079,0.3079,6922
7151,0.3078,0.21487036088274883,4.871561247197579,0.3078,0.3078,6923
2169,0.3077,0.21486933620047663,4.871538015504547,0.3077,0.3077,6924
10,0.3076,0.21486425864751493,4.871422896740747,0.3076,0.3076,6925
1758,0.3075,0.2148623014420212,4.871378522791928,0.3075,0.3075,6926
4498,0.3074,0.21483190663776966,4.870689408901026,0.3074,0.3074,6927
1571,0.3073,0.21482389376448446,4.870507740275539,0.3073,0.3073,6928
3853,0.3072,0.21482212355102584,4.870467605828521,0.3072,0.3072,6929
5614,0.3071,0.21481455572994915,4.870296027468127,0.3071,0.3071,6930
6958,0.307,0.2148133377501858,4.87026841331506,0.307,0.307,6931
4443,0.3069,0.2147910737040881,4.869763640745585,0.3069,0.3069,6932
7270,0.3068,0.21479015155288075,4.869742733647284,0.3068,0.3068,6933
9319,0.3067,0.2147897309360833,4.869733197382504,0.3067,0.3067,6934
4778,0.3066,0.21478748842535522,4.869682354965469,0.3066,0.3066,6935
2032,0.3065,0.21477993725107103,4.869511154025843,0.3065,0.3065,6936
7841,0.3064,0.21477270512304553,4.869347186531327,0.3064,0.3064,6937
2667,0.3063,0.2147672663850298,4.869223878945616,0.3063,0.3063,6938
7911,0.3062,0.21476408338038533,4.869151713562188,0.3062,0.3062,6939
4774,0.3061,0.21476155808452943,4.869094459814225,0.3061,0.3061,6940
3765,0.306,0.21475455032133992,4.868935579140764,0.306,0.306,6941
3954,0.3059,0.21474824176464588,4.868792550943908,0.3059,0.3059,6942
2274,0.3058,0.21474108537687903,4.868630300639785,0.3058,0.3058,6943
7795,0.3057,0.21473459602684097,4.86848317347956,0.3057,0.3057,6944
7145,0.3056,0.21471916114049447,4.868133232269272,0.3056,0.3056,6945
939,0.3055,0.21471912797066714,4.8681324802388675,0.3055,0.3055,6946
8020,0.3054,0.2147166737632235,4.868076838213929,0.3054,0.3054,6947
4383,0.3053,0.21471498520220622,4.868038554998262,0.3053,0.3053,6948
6184,0.3052,0.21470383206117435,4.867785689924789,0.3052,0.3052,6949
9984,0.3051,0.2146980579099344,4.867654777818853,0.3051,0.3051,6950
1182,0.305,0.21469374054346926,4.867556894076468,0.305,0.305,6951
4208,0.3049,0.2146869396974027,4.867402704647503,0.3049,0.3049,6952
211,0.3048,0.21468432660727893,4.8673434604209485,0.3048,0.3048,6953
9771,0.3047,0.2146713681581168,4.86704966522929,0.3047,0.3047,6954
871,0.3046,0.21465925449813686,4.866775023179368,0.3046,0.3046,6955
3627,0.3045,0.21465373951310782,4.866649986913205,0.3045,0.3045,6956
2981,0.3044,0.21464499282616437,4.8664516811961835,0.3044,0.3044,6957
5947,0.3043,0.21463578951362183,4.866243022818854,0.3043,0.3043,6958
7102,0.3042,0.21462772082087606,4.866060088650504,0.3042,0.3042,6959
4224,0.3041,0.21462420177325764,4.865980304468966,0.3041,0.3041,6960
594,0.304,0.21462415434848012,4.86597922924914,0.304,0.304,6961
6468,0.3039,0.21459719218823106,4.865367940588872,0.3039,0.3039,6962
1503,0.3038,0.21457742802703866,4.864919845646996,0.3038,0.3038,6963
1080,0.3037,0.21457252894199152,4.864808773125669,0.3037,0.3037,6964
4674,0.3036,0.21456700626614508,4.864683562493502,0.3036,0.3036,6965
1685,0.3035,0.21455581486994182,4.864429830095498,0.3035,0.3035,6966
9295,0.3034,0.21454715745060085,4.864233548260209,0.3034,0.3034,6967
6740,0.3033,0.2145380267524224,4.8640265362034745,0.3033,0.3033,6968
2935,0.3032,0.2144821488873801,4.862759667935591,0.3032,0.3032,6969
4988,0.3031,0.21447877862162457,4.8626832569499365,0.3031,0.3031,6970
9630,0.303,0.2144514001501302,4.86206252964282,0.303,0.303,6971
1708,0.3029,0.21444854051598625,4.861997695745914,0.3029,0.3029,6972
1949,0.3028,0.21443162066457347,4.861614087266004,0.3028,0.3028,6973
4834,0.3027,0.21442734312371442,4.861517106452525,0.3027,0.3027,6974
9767,0.3026,0.21441200518740175,4.861169363302557,0.3026,0.3026,6975
2059,0.3025,0.2144045335388212,4.8609999653761005,0.3025,0.3025,6976
6790,0.3024,0.21438521964144505,4.860562078857788,0.3024,0.3024,6977
9150,0.3023,0.21438478189930044,4.86055215432618,0.3023,0.3023,6978
2845,0.3022,0.21437888716345474,4.860418508315144,0.3022,0.3022,6979
55,0.3021,0.21435477307283682,4.859871791360845,0.3021,0.3021,6980
6066,0.302,0.2143546878317514,4.859869858766481,0.302,0.302,6981
3416,0.3019,0.21434029858014994,4.859543624285524,0.3019,0.3019,6982
2086,0.3018,0.21433551546148696,4.859435180965037,0.3018,0.3018,6983
1563,0.3017,0.21433170258332723,4.859348735029333,0.3017,0.3017,6984
9942,0.3016,0.2143305395341967,4.859322366268375,0.3016,0.3016,6985
9873,0.3015,0.21431498868857882,4.858969796019222,0.3015,0.3015,6986
1957,0.3014,0.2142920934739561,4.858450713536795,0.3014,0.3014,6987
5868,0.3013,0.2142847937507901,4.858285213519109,0.3013,0.3013,6988
1717,0.3012,0.2142797879776936,4.858171722155614,0.3012,0.3012,6989
8072,0.3011,0.21426821674568763,4.857909378084627,0.3011,0.3011,6990
794,0.301,0.21426622779063453,4.857864284305548,0.301,0.301,6991
67,0.3009,0.21426222011148935,4.8577734218229205,0.3009,0.3009,6992
1409,0.3008,0.21425049473157692,4.8575075828961625,0.3008,0.3008,6993
3757,0.3007,0.21424423389734987,4.857365636667052,0.3007,0.3007,6994
9814,0.3006,0.2142279413250139,4.856996249918073,0.3006,0.3006,6995
6281,0.3005,0.21422699375804125,4.856974766588942,0.3005,0.3005,6996
5624,0.3004,0.21422652520484292,4.85696414350649,0.3004,0.3004,6997
4804,0.3003,0.21421896503201682,4.856792738549502,0.3003,0.3003,6998
9616,0.3002,0.21421884015873657,4.8567899074103735,0.3002,0.3002,6999
1987,0.3001,0.21421324266471278,4.856663000494026,0.3001,0.3001,7000
3384,0.3,0.21421108531714034,4.856614088905187,0.3,0.3,7001
2178,0.2999,0.2141983910216251,4.856326282629215,0.2999,0.2999,7002
3717,0.2998,0.21419746125435102,4.856305202857918,0.2998,0.2998,7003
9831,0.2997,0.2141949601842752,4.856248498359337,0.2997,0.2997,7004
7882,0.2996,0.21418816991341938,4.856094548692598,0.2996,0.2996,7005
5038,0.2995,0.2141860560940171,4.8560466239782345,0.2995,0.2995,7006
1038,0.2994,0.21417888073797856,4.8558839436239465,0.2994,0.2994,7007
1880,0.2993,0.21415810050526354,4.85541281221285,0.2993,0.2993,7008
7696,0.2992,0.21415191121634164,4.8552724880660785,0.2992,0.2992,7009
1997,0.2991,0.21415094160331913,4.855250504907422,0.2991,0.2991,7010
8636,0.299,0.21413950199890536,4.854991145108698,0.299,0.299,7011
1562,0.2989,0.21412984147465772,4.854772120785545,0.2989,0.2989,7012
9024,0.2988,0.21410345113167537,4.854173796420967,0.2988,0.2988,7013
4601,0.2987,0.2140879969674687,4.853823418140828,0.2987,0.2987,7014
7753,0.2986,0.2140879532968216,4.853822428035533,0.2986,0.2986,7015
1795,0.2985,0.2140810724362885,4.853666424511249,0.2985,0.2985,7016
9530,0.2984,0.214058252964056,4.85314905926768,0.2984,0.2984,7017
4191,0.2983,0.21405769397530852,4.853136385821203,0.2983,0.2983,7018
4894,0.2982,0.21405444011184482,4.853062613919404,0.2982,0.2982,7019
4857,0.2981,0.21402869041522363,4.852478814351444,0.2981,0.2981,7020
8149,0.298,0.21400557471545292,4.851954733006505,0.298,0.298,7021
117,0.2979,0.2139927078570194,4.851663014369419,0.2979,0.2979,7022
2747,0.2978,0.21399201374967897,4.851647277501974,0.2978,0.2978,7023
7594,0.2977,0.21398205183842198,4.851421420103827,0.2977,0.2977,7024
2067,0.2976,0.21398178540849203,4.851415379579172,0.2976,0.2976,7025
3435,0.2975,0.21397626022459293,4.851290112083739,0.2975,0.2975,7026
4937,0.2974,0.21397453142581482,4.851250916594283,0.2974,0.2974,7027
4268,0.2973,0.21397276811372737,4.851210938615317,0.2973,0.2973,7028
3897,0.2972,0.21395485024524272,4.850804702997426,0.2972,0.2972,7029
2709,0.2971,0.21395416944377074,4.850789267800491,0.2971,0.2971,7030
5804,0.297,0.2139450410567004,4.850582308141932,0.297,0.297,7031
7287,0.2969,0.21393005223371572,4.850242480123566,0.2969,0.2969,7032
3146,0.2968,0.2139043134369714,4.849658927676185,0.2968,0.2968,7033
1180,0.2967,0.21389661420644776,4.849484369990172,0.2967,0.2967,7034
8241,0.2966,0.21387403668802102,4.8489724903458855,0.2966,0.2966,7035
2389,0.2965,0.21384614042791888,4.848340023684592,0.2965,0.2965,7036
2073,0.2964,0.21384103247932942,4.848224215788666,0.2964,0.2964,7037
6358,0.2963,0.21382615592291282,4.847886933087173,0.2963,0.2963,7038
878,0.2962,0.21382331279519337,4.847822473426102,0.2962,0.2962,7039
4276,0.2961,0.21381270161053975,4.847581895638094,0.2961,0.2961,7040
6010,0.296,0.2138099686561531,4.8475199338376775,0.296,0.296,7041
2582,0.2959,0.21379858796139753,4.84726190964465,0.2959,0.2959,7042
3524,0.2958,0.21379789973683877,4.847246306151133,0.2958,0.2958,7043
2489,0.2957,0.2137964476394543,4.84721338406175,0.2957,0.2957,7044
9935,0.2956,0.21377918295245565,4.846821957436172,0.2956,0.2956,7045
7805,0.2955,0.21376933848138097,4.846598762652917,0.2955,0.2955,7046
3973,0.2954,0.21376503115701875,4.846501106585638,0.2954,0.2954,7047
1060,0.2953,0.21375424429420817,4.846256545805966,0.2953,0.2953,7048
9262,0.2952,0.21374247538353222,4.8459897199445,0.2952,0.2952,7049
4384,0.2951,0.2137294487631446,4.845694379168145,0.2951,0.2951,7050
5025,0.295,0.2137223196624627,4.845532747521064,0.295,0.295,7051
9756,0.2949,0.21371505630959514,4.845368072093459,0.2949,0.2949,7052
398,0.2948,0.21371219771192798,4.845303261695112,0.2948,0.2948,7053
7553,0.2947,0.21369956054907055,4.845016750738731,0.2947,0.2947,7054
1798,0.2946,0.21367918179148923,4.8445547216097715,0.2946,0.2946,7055
7105,0.2945,0.2136768486783885,4.844501825047309,0.2945,0.2945,7056
5454,0.2944,0.2136766259372257,4.844496775037682,0.2944,0.2944,7057
3344,0.2943,0.21366529027544906,4.844239771836519,0.2943,0.2943,7058
5589,0.2942,0.21365933218075006,4.844104689348224,0.2942,0.2942,7059
7175,0.2941,0.21363411864773502,4.843533045730043,0.2941,0.2941,7060
6924,0.294,0.21362893109135225,4.843415432959097,0.294,0.294,7061
2530,0.2939,0.21362862595406593,4.843408514857549,0.2939,0.2939,7062
552,0.2938,0.21361820131944262,4.843172166550463,0.2938,0.2938,7063
178,0.2937,0.2136152398038912,4.8431050227874435,0.2937,0.2937,7064
480,0.2936,0.21360571818195473,4.842889147670028,0.2936,0.2936,7065
6389,0.2935,0.21358597203914448,4.842441461243181,0.2935,0.2935,7066
3956,0.2934,0.2135829431366582,4.842372789679173,0.2934,0.2934,7067
9917,0.2933,0.21354808853108975,4.841582562747478,0.2933,0.2933,7068
6053,0.2932,0.21354614874258768,4.841538583679649,0.2932,0.2932,7069
9376,0.2931,0.21354184571991977,4.841441025139486,0.2931,0.2931,7070
4611,0.293,0.2135392982778368,4.841383269290498,0.293,0.293,7071
6134,0.2929,0.2135308172039512,4.841190985577019,0.2929,0.2929,7072
1260,0.2928,0.21349629812967433,4.840408365843723,0.2928,0.2928,7073
5475,0.2927,0.213495909931265,4.840399564571798,0.2927,0.2927,7074
4597,0.2926,0.21349413030803868,4.8403592167850125,0.2926,0.2926,7075
6329,0.2925,0.2134864276706201,4.840184581857724,0.2925,0.2925,7076
4332,0.2924,0.21346799320476997,4.839766633895266,0.2924,0.2924,7077
4765,0.2923,0.21346162990649173,4.839622364591589,0.2923,0.2923,7078
5725,0.2922,0.21345840877575736,4.839549334809504,0.2922,0.2922,7079
2809,0.2921,0.21345403528886464,4.839450178699464,0.2921,0.2921,7080
2260,0.292,0.21345248832853822,4.839415105867812,0.292,0.292,7081
5308,0.2919,0.2134502870997478,4.839365199399505,0.2919,0.2919,7082
8287,0.2918,0.21343882630381206,4.839105359143747,0.2918,0.2918,7083
2023,0.2917,0.2134377059927568,4.839079959345794,0.2917,0.2917,7084
8254,0.2916,0.21343606557727735,4.839042767690856,0.2916,0.2916,7085
241,0.2915,0.21342649361930016,4.838825751349514,0.2915,0.2915,7086
3094,0.2914,0.21338930829167085,4.837982682066885,0.2914,0.2914,7087
2624,0.2913,0.21337402304237493,4.8376361334417695,0.2913,0.2913,7088
4592,0.2912,0.2133694946117194,4.837533464431078,0.2912,0.2912,7089
2822,0.2911,0.21336383328602088,4.837405110317605,0.2911,0.2911,7090
7309,0.291,0.21335074928944425,4.837108468702375,0.291,0.291,7091
1209,0.2909,0.21334908387178414,4.83707071019526,0.2909,0.2909,7092
7954,0.2908,0.2133356751691042,4.836766706813081,0.2908,0.2908,7093
5099,0.2907,0.21333186699781875,4.836680367592213,0.2907,0.2907,7094
9671,0.2906,0.21331971668846042,4.836404894622881,0.2906,0.2906,7095
9758,0.2905,0.21331342853273602,4.836262328958458,0.2905,0.2905,7096
42,0.2904,0.2132840021691788,4.8355951716460694,0.2904,0.2904,7097
9988,0.2903,0.21327998572614182,4.835504110468008,0.2903,0.2903,7098
981,0.2902,0.21327061058301852,4.835291556331893,0.2902,0.2902,7099
4821,0.2901,0.21325557061041392,4.834950568643938,0.2901,0.2901,7100
4893,0.29,0.21325031430965247,4.834831397293357,0.29,0.29,7101
4901,0.2899,0.21325006030560134,4.834825638488978,0.2899,0.2899,7102
9018,0.2898,0.21324535408875137,4.834718938692609,0.2898,0.2898,7103
4315,0.2897,0.21324212097071743,4.834645637133576,0.2897,0.2897,7104
3585,0.2896,0.2132414957074577,4.8346314611066985,0.2896,0.2896,7105
1910,0.2895,0.21323079010408533,4.834388742648175,0.2895,0.2895,7106
9263,0.2894,0.21319960154641548,4.833681632704896,0.2894,0.2894,7107
5034,0.2893,0.21319449187230263,4.833565785687967,0.2893,0.2893,7108
3130,0.2892,0.2131858707921018,4.833370327737547,0.2892,0.2892,7109
6376,0.2891,0.21317028313069977,4.833016922796421,0.2891,0.2891,7110
5483,0.289,0.2131686124755077,4.832979045543333,0.289,0.289,7111
3857,0.2889,0.21314014706441875,4.832333675037607,0.2889,0.2889,7112
7717,0.2888,0.21313291589802005,4.832169729345822,0.2888,0.2888,7113
5413,0.2887,0.21312696835934375,4.832034886182498,0.2887,0.2887,7114
7615,0.2886,0.21312122697596747,4.831904716992668,0.2886,0.2886,7115
8417,0.2885,0.21312038021116345,4.831885519060678,0.2885,0.2885,7116
9927,0.2884,0.21311461211310626,4.831754744193866,0.2884,0.2884,7117
5568,0.2883,0.21311069761973858,4.83166599442833,0.2883,0.2883,7118
3803,0.2882,0.21310650571725634,4.83157095521671,0.2882,0.2882,7119
9932,0.2881,0.21309073129231304,4.831213315955358,0.2881,0.2881,7120
8205,0.288,0.21308717134022762,4.831132604382655,0.288,0.288,7121
9996,0.2879,0.21308299814209933,4.831037989237656,0.2879,0.2879,7122
896,0.2878,0.21308160893418185,4.8310064929845895,0.2878,0.2878,7123
9122,0.2877,0.21308061875423578,4.830984043530305,0.2877,0.2877,7124
9,0.2876,0.21307102405615683,4.8307665116237875,0.2876,0.2876,7125
7561,0.2875,0.21306790617239005,4.830695822666017,0.2875,0.2875,7126
2610,0.2874,0.21306060939630964,4.830530389464176,0.2874,0.2874,7127
4460,0.2873,0.21305837680587295,4.830479771962894,0.2873,0.2873,7128
3261,0.2872,0.21303510433351205,4.829952136256625,0.2872,0.2872,7129
9162,0.2871,0.21303359408040154,4.829917895655382,0.2871,0.2871,7130
8388,0.287,0.213021443604451,4.829642418909376,0.287,0.287,7131
9259,0.2869,0.21301300352839275,4.829451064701454,0.2869,0.2869,7132
9952,0.2868,0.21300879088365254,4.829355555220191,0.2868,0.2868,7133
9513,0.2867,0.21300565130078966,4.8292843742996805,0.2867,0.2867,7134
3520,0.2866,0.2129997649873105,4.829150919239542,0.2866,0.2866,7135
9593,0.2865,0.21298650504622824,4.8288502885963185,0.2865,0.2865,7136
860,0.2864,0.2129573966575762,4.828190340441722,0.2864,0.2864,7137
1482,0.2863,0.21294856774979645,4.827990170605583,0.2863,0.2863,7138
7184,0.2862,0.2129400499465825,4.827797054160511,0.2862,0.2862,7139
7728,0.2861,0.21291495788252726,4.827228164498466,0.2861,0.2861,7140
9469,0.286,0.21290876742798354,4.827087813924839,0.286,0.286,7141
5649,0.2859,0.21290125415587488,4.826917472305668,0.2859,0.2859,7142
8955,0.2858,0.2128997032314273,4.826882309599311,0.2858,0.2858,7143
5858,0.2857,0.21289622713056836,4.826803499109565,0.2857,0.2857,7144
2060,0.2856,0.21289403262120343,4.826753744985834,0.2856,0.2856,7145
3966,0.2855,0.21288755184991762,4.826606812322426,0.2855,0.2855,7146
6707,0.2854,0.21288512010629485,4.826551679600492,0.2854,0.2854,7147
9384,0.2853,0.21286989426912817,4.826206477973386,0.2853,0.2853,7148
4243,0.2852,0.21285808983873747,4.825938846804373,0.2852,0.2852,7149
4647,0.2851,0.21283218612976643,4.825351555452563,0.2851,0.2851,7150
2537,0.285,0.2128253262056903,4.82519602660098,0.285,0.285,7151
1440,0.2849,0.21281489431329967,4.824959513746306,0.2849,0.2849,7152
4360,0.2848,0.21280383952968715,4.824708878641144,0.2848,0.2848,7153
1579,0.2847,0.21280226694114454,4.824673224763756,0.2847,0.2847,7154
8207,0.2846,0.21279958925352865,4.824612515975507,0.2846,0.2846,7155
5547,0.2845,0.2127994443298862,4.824609230253224,0.2845,0.2845,7156
7444,0.2844,0.21279690851142807,4.824551737936719,0.2844,0.2844,7157
6850,0.2843,0.21279246148584793,4.824450914549625,0.2843,0.2843,7158
111,0.2842,0.212784419431139,4.824268584320658,0.2842,0.2842,7159
3050,0.2841,0.2127732457547205,4.8240152536658005,0.2841,0.2841,7160
4388,0.284,0.2127718749500634,4.8239841746535355,0.284,0.284,7161
5925,0.2839,0.21276985310914007,4.823938335283722,0.2839,0.2839,7162
2893,0.2838,0.21276584339120475,4.823847426576803,0.2838,0.2838,7163
1972,0.2837,0.21274354356692224,4.8233418428423445,0.2837,0.2837,7164
958,0.2836,0.21273978925331605,4.8232567246864795,0.2836,0.2836,7165
548,0.2835,0.21273924104246278,4.823244295598334,0.2835,0.2835,7166
8125,0.2834,0.21272959578893919,4.8230256174924495,0.2834,0.2834,7167
6018,0.2833,0.21270559095491737,4.822481377613606,0.2833,0.2833,7168
453,0.2832,0.21269001902538684,4.8221283293479775,0.2832,0.2832,7169
8839,0.2831,0.21268666720516086,4.822052336560236,0.2831,0.2831,7170
843,0.283,0.21268572080091827,4.822030879593366,0.283,0.283,7171
672,0.2829,0.21268319024504406,4.821973506590227,0.2829,0.2829,7172
9177,0.2828,0.21267626679956605,4.82181653757718,0.2828,0.2828,7173
6809,0.2827,0.21267619402755414,4.821814887682248,0.2827,0.2827,7174
109,0.2826,0.21266196165399848,4.821492209956562,0.2826,0.2826,7175
7636,0.2825,0.21265712375665533,4.8213825246886275,0.2825,0.2825,7176
6671,0.2824,0.21264846812132396,4.821186283301048,0.2824,0.2824,7177
5937,0.2823,0.2126479310557898,4.82117410690015,0.2823,0.2823,7178
8261,0.2822,0.21262366791494433,4.820624010664576,0.2822,0.2822,7179
4730,0.2821,0.21261675413051417,4.820467260686306,0.2821,0.2821,7180
7215,0.282,0.21261413333399348,4.82040784173933,0.282,0.282,7181
7614,0.2819,0.21261189849196357,4.820357173187524,0.2819,0.2819,7182
9271,0.2818,0.21260197287775034,4.82013213871942,0.2818,0.2818,7183
4777,0.2817,0.21259559294705968,4.819987492323812,0.2817,0.2817,7184
1325,0.2816,0.2125903354152878,4.819868293063892,0.2816,0.2816,7185
7332,0.2815,0.21257894629100074,4.819610077755679,0.2815,0.2815,7186
3542,0.2814,0.21257267107375633,4.819467805432643,0.2814,0.2814,7187
3231,0.2813,0.2125723545577218,4.819460629351341,0.2813,0.2813,7188
7073,0.2812,0.21257145172009842,4.819440160131092,0.2812,0.2812,7189
8539,0.2811,0.2125179992844094,4.818228281429028,0.2811,0.2811,7190
2585,0.281,0.21251352283868305,4.8181267910256,0.281,0.281,7191
770,0.2809,0.2124937461602209,4.817678412291423,0.2809,0.2809,7192
734,0.2808,0.21247659721416545,4.817289609755916,0.2808,0.2808,7193
9354,0.2807,0.21247575876385338,4.817270600331652,0.2807,0.2807,7194
3280,0.2806,0.21247575352065315,4.817270481456311,0.2806,0.2806,7195
984,0.2805,0.21247246770861292,4.817195985213567,0.2805,0.2805,7196
5783,0.2804,0.21243129166930325,4.816262438135556,0.2804,0.2804,7197
8770,0.2803,0.21242862844400093,4.816202057239455,0.2803,0.2803,7198
9696,0.2802,0.21242714642300958,4.816168456718449,0.2802,0.2802,7199
1428,0.2801,0.212420865957155,4.8160260653992415,0.2801,0.2801,7200
6945,0.28,0.21240851295878677,4.815745997046136,0.28,0.28,7201
5692,0.2799,0.2124067513086379,4.815706056746292,0.2799,0.2799,7202
8147,0.2798,0.21239191299673427,4.815369641128469,0.2798,0.2798,7203
3729,0.2797,0.21236932140469467,4.814857442407159,0.2797,0.2797,7204
2805,0.2796,0.2123684800185283,4.814838366419153,0.2796,0.2796,7205
6954,0.2795,0.21236253134246075,4.81470349746994,0.2795,0.2795,7206
7077,0.2794,0.21235123213127827,4.814447320679417,0.2794,0.2794,7207
6212,0.2793,0.2123388353440069,4.814166259541111,0.2793,0.2793,7208
7303,0.2792,0.2123383499838474,4.8141552554089495,0.2792,0.2792,7209
8776,0.2791,0.21233684545515646,4.814121144591383,0.2791,0.2791,7210
481,0.279,0.21233648740106315,4.814113026754284,0.279,0.279,7211
7275,0.2789,0.21233351650958243,4.814045670421193,0.2789,0.2789,7212
867,0.2788,0.21231742170262852,4.8136807674278055,0.2788,0.2788,7213
1442,0.2787,0.212307512923761,4.813456114650807,0.2787,0.2787,7214
2601,0.2786,0.21230260177919613,4.813344768715502,0.2786,0.2786,7215
9125,0.2785,0.21228643426293936,4.812978217249167,0.2785,0.2785,7216
9468,0.2784,0.2122786033201797,4.81280067337062,0.2784,0.2784,7217
6220,0.2783,0.21227791831256096,4.812785142812007,0.2783,0.2783,7218
200,0.2782,0.2122553100946102,4.812272567145724,0.2782,0.2782,7219
4665,0.2781,0.21224078134017776,4.8119431698451836,0.2781,0.2781,7220
1565,0.278,0.2122333500898507,4.811774687830404,0.278,0.278,7221
4844,0.2779,0.2122309495799017,4.811720263240845,0.2779,0.2779,7222
5288,0.2778,0.212225333598908,4.811592937186345,0.2778,0.2778,7223
9989,0.2777,0.21221647308838684,4.811392050850429,0.2777,0.2777,7224
262,0.2776,0.21221106217303606,4.811269374062481,0.2776,0.2776,7225
6609,0.2775,0.2121938639183162,4.810879453597133,0.2775,0.2775,7226
6616,0.2774,0.21219267392026728,4.810852473847712,0.2774,0.2774,7227
5325,0.2773,0.2121838948194698,4.810653433240139,0.2773,0.2773,7228
4767,0.2772,0.21216747538085354,4.810281170166844,0.2772,0.2772,7229
7153,0.2771,0.2121537887452447,4.809970865462548,0.2771,0.2771,7230
6700,0.277,0.21215340222738682,4.809962102293881,0.277,0.277,7231
3714,0.2769,0.2121175286225719,4.809148772514976,0.2769,0.2769,7232
9653,0.2768,0.21211089387835777,4.808998348963277,0.2768,0.2768,7233
6277,0.2767,0.21210324469843053,4.808824926028838,0.2767,0.2767,7234
3892,0.2766,0.21210307968213768,4.808821184764103,0.2766,0.2766,7235
5282,0.2765,0.2120993581795391,4.808736810502668,0.2765,0.2765,7236
4391,0.2764,0.21208135477494408,4.808328635603354,0.2764,0.2764,7237
2085,0.2763,0.21207810945089425,4.808255057306754,0.2763,0.2763,7238
4584,0.2762,0.2120747727805382,4.80817940800015,0.2762,0.2762,7239
7291,0.2761,0.21205777956709373,4.80779413625033,0.2761,0.2761,7240
5600,0.276,0.21205740820402416,4.807785716669963,0.276,0.276,7241
1662,0.2759,0.2120572266142087,4.807781599649176,0.2759,0.2759,7242
6427,0.2758,0.21205631965785968,4.807761037049269,0.2758,0.2758,7243
2318,0.2757,0.21205397096487782,4.807707787257945,0.2757,0.2757,7244
8034,0.2756,0.21205303515555413,4.807686570500274,0.2756,0.2756,7245
9716,0.2755,0.21204956024868982,4.80760778708179,0.2755,0.2755,7246
2991,0.2754,0.21204728653345292,4.8075562371933716,0.2754,0.2754,7247
9602,0.2753,0.21204384825975928,4.807478284325404,0.2753,0.2753,7248
7950,0.2752,0.21203043712506933,4.807174225805026,0.2752,0.2752,7249
5382,0.2751,0.21201994338352972,4.8069363106992276,0.2751,0.2751,7250
950,0.275,0.21199778562347846,4.806433947857935,0.275,0.275,7251
7558,0.2749,0.21199396524510344,4.806347331874972,0.2749,0.2749,7252
4424,0.2748,0.21197856509085042,4.805998178114986,0.2748,0.2748,7253
4303,0.2747,0.2119726262880415,4.805863533011552,0.2747,0.2747,7254
4207,0.2746,0.21195685950291257,4.805506066961472,0.2746,0.2746,7255
7638,0.2745,0.21194626949622777,4.8052659693236395,0.2745,0.2745,7256
3385,0.2744,0.2119436570739639,4.805206740237444,0.2744,0.2744,7257
7867,0.2743,0.21190558889491387,4.804343654862607,0.2743,0.2743,7258
5935,0.2742,0.21189416367181207,4.804084621119198,0.2742,0.2742,7259
5912,0.2741,0.21188713059641184,4.803925166564978,0.2741,0.2741,7260
6172,0.274,0.2118629094420307,4.8033760222503465,0.274,0.274,7261
510,0.2739,0.2118281221919467,4.802587322409924,0.2739,0.2739,7262
6494,0.2738,0.2117862466019245,4.8016379150516535,0.2738,0.2738,7263
9461,0.2737,0.2117740498660666,4.801361389496712,0.2737,0.2737,7264
4212,0.2736,0.2117570062429955,4.800974974853841,0.2736,0.2736,7265
4004,0.2735,0.21174105370660176,4.8006132974323155,0.2735,0.2735,7266
7007,0.2734,0.2117397635981941,4.800584047972278,0.2734,0.2734,7267
4541,0.2733,0.2117328212316975,4.80042664997871,0.2733,0.2733,7268
1265,0.2732,0.21172733955939269,4.800302368983102,0.2732,0.2732,7269
1886,0.2731,0.21169287473670242,4.799520979247676,0.2731,0.2731,7270
8850,0.273,0.21168512550664742,4.799345287967546,0.273,0.273,7271
37,0.2729,0.21167852112283284,4.799195552748576,0.2729,0.2729,7272
3974,0.2728,0.21166985547538616,4.798999084366957,0.2728,0.2728,7273
2092,0.2727,0.21166673998462154,4.7989284496642375,0.2727,0.2727,7274
8093,0.2726,0.21166287400696332,4.798840799851057,0.2726,0.2726,7275
3404,0.2725,0.21165350647359515,4.798628418243721,0.2725,0.2725,7276
8357,0.2724,0.21164803808059168,4.798504438317938,0.2724,0.2724,7277
5549,0.2723,0.2116365777151643,4.7982446078241505,0.2723,0.2723,7278
6877,0.2722,0.21163426157097487,4.798192095983118,0.2722,0.2722,7279
3241,0.2721,0.2116328149133261,4.798159297222815,0.2721,0.2721,7280
5442,0.272,0.2116293818443227,4.798081462355885,0.272,0.272,7281
5202,0.2719,0.21161039900020848,4.797651081509827,0.2719,0.2719,7282
3705,0.2718,0.211604524724089,4.797517899363834,0.2718,0.2718,7283
7084,0.2717,0.21158469460961754,4.797068309122947,0.2717,0.2717,7284
7919,0.2716,0.21156745770106614,4.7966775122932415,0.2716,0.2716,7285
2635,0.2715,0.2115582611000028,4.796469006079841,0.2715,0.2715,7286
7873,0.2714,0.21155626691764334,4.796423793788618,0.2714,0.2714,7287
210,0.2713,0.21155269383894762,4.796342784608383,0.2713,0.2713,7288
3154,0.2712,0.21154902821123328,4.79625967714895,0.2712,0.2712,7289
1450,0.2711,0.21154902052920643,4.796259502981668,0.2711,0.2711,7290
278,0.271,0.2115488601640284,4.7962558671656605,0.271,0.271,7291
3482,0.2709,0.21154615461447682,4.796194526689884,0.2709,0.2709,7292
1752,0.2708,0.21154514022569065,4.796171528370173,0.2708,0.2708,7293
143,0.2707,0.21153151679458904,4.795862656645708,0.2707,0.2707,7294
8521,0.2706,0.21153085833569354,4.7958477280034115,0.2706,0.2706,7295
772,0.2705,0.21150165564750878,4.795185641879741,0.2705,0.2705,7296
4157,0.2704,0.21148942202691004,4.794908280070983,0.2704,0.2704,7297
1831,0.2703,0.21148574168941017,4.794824839108669,0.2703,0.2703,7298
2655,0.2702,0.21148343063451275,4.794772442653114,0.2702,0.2702,7299
1619,0.2701,0.21147850188605097,4.7946606975999755,0.2701,0.2701,7300
3143,0.27,0.21147519273319668,4.794585672171627,0.27,0.27,7301
1727,0.2699,0.21146687298109382,4.794397045961009,0.2699,0.2699,7302
5009,0.2698,0.21146417168078982,4.794335801823319,0.2698,0.2698,7303
3167,0.2697,0.21146087037004516,4.794260954192715,0.2697,0.2697,7304
6990,0.2696,0.21144506326270693,4.793902573952329,0.2696,0.2696,7305
3875,0.2695,0.21143709705220737,4.793721963269895,0.2695,0.2695,7306
3033,0.2694,0.21143492706882575,4.793672765201367,0.2694,0.2694,7307
8421,0.2693,0.21143299148783767,4.79362888152508,0.2693,0.2693,7308
2368,0.2692,0.21143103294498772,4.793584477255012,0.2692,0.2692,7309
736,0.2691,0.2114206827431303,4.793349816494367,0.2691,0.2691,7310
5893,0.269,0.21142057256062738,4.793347318426829,0.269,0.269,7311
8986,0.2689,0.2114170425569268,4.7932672858479215,0.2689,0.2689,7312
2886,0.2688,0.21139163302757547,4.7926911985831175,0.2688,0.2688,7313
3282,0.2687,0.21134792859927173,4.791700327629804,0.2687,0.2687,7314
5105,0.2686,0.2113425888750585,4.7915792648943745,0.2686,0.2686,7315
336,0.2685,0.21134230748123628,4.79157288510631,0.2685,0.2685,7316
7644,0.2684,0.21133823764459642,4.791480613383908,0.2684,0.2684,7317
1885,0.2683,0.2113349476718462,4.791406022808388,0.2683,0.2683,7318
3944,0.2682,0.21131432223881308,4.79093840103088,0.2682,0.2682,7319
1352,0.2681,0.21131086459702433,4.79086000904822,0.2681,0.2681,7320
6878,0.268,0.21130282597820302,4.790677756717196,0.268,0.268,7321
9948,0.2679,0.21129960848644383,4.7906048094395075,0.2679,0.2679,7322
235,0.2678,0.21129418087816976,4.790481754186474,0.2678,0.2678,7323
8430,0.2677,0.21129107510564113,4.7904113398178865,0.2677,0.2677,7324
2558,0.2676,0.211291016483947,4.790410010741992,0.2676,0.2676,7325
5130,0.2675,0.21129049511107412,4.790398190126258,0.2675,0.2675,7326
2477,0.2674,0.2112834964299031,4.790239515361042,0.2674,0.2674,7327
8978,0.2673,0.2112794006918524,4.790146656398323,0.2673,0.2673,7328
3744,0.2672,0.21127290697378667,4.789999430205296,0.2672,0.2672,7329
1975,0.2671,0.21126046156532508,4.789717266720929,0.2671,0.2671,7330
6407,0.267,0.21125070420437217,4.789496046906819,0.267,0.267,7331
4210,0.2669,0.21124517769758275,4.789370749420028,0.2669,0.2669,7332
5839,0.2668,0.21124249442470874,4.789309914001419,0.2668,0.2668,7333
9112,0.2667,0.2112399880817248,4.789253089955751,0.2667,0.2667,7334
1901,0.2666,0.21123719024632992,4.789189657165321,0.2666,0.2666,7335
1413,0.2665,0.21123304234224022,4.789095615489401,0.2665,0.2665,7336
5167,0.2664,0.2112318316598357,4.789068166782776,0.2664,0.2664,7337
1431,0.2663,0.21122796049704967,4.788980399412617,0.2663,0.2663,7338
3233,0.2662,0.21121566626122737,4.788701663329865,0.2662,0.2662,7339
5623,0.2661,0.2112096770913608,4.788565876299399,0.2661,0.2661,7340
9684,0.266,0.21119517393354342,4.78823705932779,0.266,0.266,7341
5032,0.2659,0.2111915412159558,4.7881546980087375,0.2659,0.2659,7342
4813,0.2658,0.2111882012091715,4.788078973058409,0.2658,0.2658,7343
2418,0.2657,0.21118275320528407,4.787955455395981,0.2657,0.2657,7344
8105,0.2656,0.2111691790053306,4.787647699844287,0.2656,0.2656,7345
2630,0.2655,0.21116897419906014,4.787643056457373,0.2655,0.2655,7346
2725,0.2654,0.21114325504978992,4.787059949459768,0.2654,0.2654,7347
898,0.2653,0.21113130943498104,4.786789117345694,0.2653,0.2653,7348
122,0.2652,0.21113086290149558,4.786778993496698,0.2652,0.2652,7349
5580,0.2651,0.21111295813629588,4.786373054956846,0.2651,0.2651,7350
7276,0.265,0.2111127404651206,4.7863681198948305,0.265,0.265,7351
9709,0.2649,0.21110849169689708,4.786271791418454,0.2649,0.2649,7352
6450,0.2648,0.2111034490979393,4.786157465136038,0.2648,0.2648,7353
3185,0.2647,0.21109557383890307,4.785978916514185,0.2647,0.2647,7354
1354,0.2646,0.2110842739720039,4.785722724857326,0.2646,0.2646,7355
1690,0.2645,0.2110762097640603,4.785539892368285,0.2645,0.2645,7356
5066,0.2644,0.21107298259198623,4.785466725617245,0.2644,0.2644,7357
2134,0.2643,0.21106992938292343,4.785397502971006,0.2643,0.2643,7358
6751,0.2642,0.21106880909824946,4.785372103769374,0.2642,0.2642,7359
4288,0.2641,0.21105761124426492,4.785118224960142,0.2641,0.2641,7360
4450,0.264,0.21105519938753986,4.785063543115132,0.264,0.264,7361
8248,0.2639,0.21105002014258395,4.784946118781049,0.2639,0.2639,7362
3915,0.2638,0.2110345694366532,4.784595818906507,0.2638,0.2638,7363
9107,0.2637,0.21097546698698807,4.783255842549085,0.2637,0.2637,7364
9242,0.2636,0.21097450948942087,4.783234134074573,0.2636,0.2636,7365
5013,0.2635,0.21094819351853167,4.782637495880827,0.2635,0.2635,7366
5485,0.2634,0.21094702235029628,4.782610943043792,0.2634,0.2634,7367
9221,0.2633,0.21093119067313526,4.782252005753465,0.2633,0.2633,7368
2222,0.2632,0.2109283112892793,4.782186724089358,0.2632,0.2632,7369
1872,0.2631,0.21091523290437314,4.781890209703586,0.2631,0.2631,7370
3618,0.263,0.21090690987691377,4.781701509234471,0.263,0.263,7371
8511,0.2629,0.21089384684210907,4.781405342867111,0.2629,0.2629,7372
6062,0.2628,0.21086001173074173,4.780638230006254,0.2628,0.2628,7373
3952,0.2627,0.210856693586427,4.780563000722944,0.2627,0.2627,7374
6308,0.2626,0.21085211289836128,4.780459146927816,0.2626,0.2626,7375
9061,0.2625,0.2108432295020384,4.7802577417207655,0.2625,0.2625,7376
2344,0.2624,0.2108330945589908,4.780027961329454,0.2624,0.2624,7377
6217,0.2623,0.21082753051511036,4.7799018127980935,0.2623,0.2623,7378
8905,0.2622,0.21081896288334898,4.779707566635259,0.2622,0.2622,7379
378,0.2621,0.21080960341407923,4.779495367858341,0.2621,0.2621,7380
3780,0.262,0.21080156182607543,4.779313048211404,0.262,0.262,7381
4015,0.2619,0.21079736191644402,4.779217827461389,0.2619,0.2619,7382
7047,0.2618,0.21079731892478176,4.779216852749343,0.2618,0.2618,7383
5572,0.2617,0.21076354209604042,4.7784510612776225,0.2617,0.2617,7384
7721,0.2616,0.21075462519581184,4.778248896468379,0.2616,0.2616,7385
8921,0.2615,0.2107418134976542,4.777958428430101,0.2615,0.2615,7386
8844,0.2614,0.21073248394432872,4.777746907909538,0.2614,0.2614,7387
7692,0.2613,0.21072047918282139,4.777474734814737,0.2613,0.2613,7388
3443,0.2612,0.21069884916521894,4.776984337001217,0.2612,0.2612,7389
5386,0.2611,0.21069463976295866,4.776888901032543,0.2611,0.2611,7390
8749,0.261,0.21069308797641528,4.776853718780509,0.261,0.261,7391
6755,0.2609,0.21068128050767587,4.776586018726694,0.2609,0.2609,7392
3390,0.2608,0.21067647053849914,4.776476966648059,0.2608,0.2608,7393
6256,0.2607,0.21065284386575253,4.775941300477521,0.2607,0.2607,7394
5834,0.2606,0.21064925380353733,4.775859906245873,0.2606,0.2606,7395
945,0.2605,0.21062966752391368,4.775415844252821,0.2605,0.2605,7396
9230,0.2604,0.21060790871276713,4.774922526416508,0.2604,0.2604,7397
8830,0.2603,0.2106020243595374,4.774789115802609,0.2603,0.2603,7398
2364,0.2602,0.21060042430613032,4.77475283923817,0.2602,0.2602,7399
9906,0.2601,0.21059873455540737,4.774714529050003,0.2601,0.2601,7400
5090,0.26,0.21059871239930988,4.774714026725111,0.26,0.26,7401
5564,0.2599,0.21054566859799556,4.773511412618348,0.2599,0.2599,7402
4265,0.2598,0.21053082052434804,4.773174775681709,0.2598,0.2598,7403
1385,0.2597,0.21051568070498813,4.772831524258644,0.2597,0.2597,7404
3030,0.2596,0.2105121589320681,4.772751678288309,0.2596,0.2596,7405
9385,0.2595,0.21049904513312126,4.772454360992223,0.2595,0.2595,7406
8761,0.2594,0.21048619493518675,4.772163020082717,0.2594,0.2594,7407
3060,0.2593,0.2104761972366794,4.771936351311594,0.2593,0.2593,7408
251,0.2592,0.2104678700300313,4.771747556091335,0.2592,0.2592,7409
8004,0.2591,0.21046512459016276,4.771685311217215,0.2591,0.2591,7410
5469,0.259,0.210462454541486,4.7716247756191645,0.259,0.259,7411
5496,0.2589,0.21044517927644332,4.771233109168511,0.2589,0.2589,7412
1863,0.2588,0.21043971352081633,4.771109189038136,0.2588,0.2588,7413
4316,0.2587,0.21043907057487118,4.771094612106172,0.2587,0.2587,7414
7384,0.2586,0.2104372622041795,4.771053612553232,0.2586,0.2586,7415
8193,0.2585,0.21042864050880547,4.770858140656113,0.2585,0.2585,7416
1314,0.2584,0.2104235608108144,4.770742973260648,0.2584,0.2584,7417
2523,0.2583,0.210394175096921,4.770076737562451,0.2583,0.2583,7418
839,0.2582,0.21039187580102342,4.770024607706374,0.2582,0.2582,7419
6906,0.2581,0.21038262255818804,4.769814817305006,0.2581,0.2581,7420
6692,0.258,0.21037622021026833,4.769669662665153,0.258,0.258,7421
6567,0.2579,0.21037605909484403,4.769666009841512,0.2579,0.2579,7422
6526,0.2578,0.210372258071477,4.769579832678246,0.2578,0.2578,7423
4411,0.2577,0.2103720758633905,4.7695757016391225,0.2577,0.2577,7424
9610,0.2576,0.2103570736447586,4.769235569911858,0.2576,0.2576,7425
8032,0.2575,0.21033891772690294,4.7688239372154655,0.2575,0.2575,7426
4199,0.2574,0.2103334462727158,4.7686998878860525,0.2574,0.2574,7427
8367,0.2573,0.21029976515199464,4.767936266316587,0.2573,0.2573,7428
2961,0.2572,0.21029503159137758,4.767828946579134,0.2572,0.2572,7429
3445,0.2571,0.2102935626932154,4.767795643581298,0.2571,0.2571,7430
1307,0.257,0.21027755951557514,4.767432818016573,0.257,0.257,7431
363,0.2569,0.21027467932040572,4.767367517957708,0.2569,0.2569,7432
8480,0.2568,0.21026847511473562,4.767226855617661,0.2568,0.2568,7433
4420,0.2567,0.21026658157720687,4.767183925154034,0.2567,0.2567,7434
2507,0.2566,0.21025572859755942,4.766937865367723,0.2566,0.2566,7435
2490,0.2565,0.2102549871692733,4.766921055634992,0.2565,0.2565,7436
7837,0.2564,0.21023782355433135,4.766531920526367,0.2564,0.2564,7437
8223,0.2563,0.21023440598465182,4.766454437061266,0.2563,0.2563,7438
9590,0.2562,0.21023112574025984,4.766380067048288,0.2562,0.2562,7439
7292,0.2561,0.2101823357521816,4.765273895800317,0.2561,0.2561,7440
7514,0.256,0.21016580877740154,4.76489919465729,0.256,0.256,7441
6122,0.2559,0.21014861860739237,4.764509457489137,0.2559,0.2559,7442
9498,0.2558,0.21014476708180355,4.76442213533481,0.2558,0.2558,7443
5622,0.2557,0.21014121175616232,4.764341528653994,0.2557,0.2557,7444
9152,0.2556,0.21013715121689902,4.764249467721362,0.2556,0.2556,7445
409,0.2555,0.21013474124677972,4.764194828650624,0.2555,0.2555,7446
6495,0.2554,0.21012250330065163,4.763917368772995,0.2554,0.2554,7447
4980,0.2553,0.21011990392167912,4.763858435405021,0.2553,0.2553,7448
7562,0.2552,0.2101187849118804,4.763833065108909,0.2552,0.2552,7449
1309,0.2551,0.21009409420066508,4.763273274956931,0.2551,0.2551,7450
6932,0.255,0.21009032705474118,4.7631878658662545,0.255,0.255,7451
3611,0.2549,0.2100876923870943,4.763128132430589,0.2549,0.2549,7452
324,0.2548,0.21008203007296392,4.7629997559067165,0.2548,0.2548,7453
6044,0.2547,0.21007985388282183,4.762950417117544,0.2547,0.2547,7454
1742,0.2546,0.21007627130521095,4.762869192575796,0.2546,0.2546,7455
4487,0.2545,0.21006293233240136,4.762566770116923,0.2545,0.2545,7456
6002,0.2544,0.21006164537525984,4.762537592102108,0.2544,0.2544,7457
8632,0.2543,0.210039885775233,4.762044256381733,0.2543,0.2543,7458
7792,0.2542,0.21002882414124677,4.7617934659654,0.2542,0.2542,7459
537,0.2541,0.2100223797079242,4.761647357159782,0.2541,0.2541,7460
709,0.254,0.21000869955668486,4.761337199470796,0.254,0.254,7461
9509,0.2539,0.2100072323072469,4.761303933852643,0.2539,0.2539,7462
5761,0.2538,0.2100015227130836,4.761174485390619,0.2538,0.2538,7463
6598,0.2537,0.20999363874828259,4.760995739391697,0.2537,0.2537,7464
2882,0.2536,0.20998862273754915,4.7608820159195835,0.2536,0.2536,7465
2325,0.2535,0.20997666673669876,4.760610948331877,0.2535,0.2535,7466
1540,0.2534,0.20997380423030462,4.760546049313833,0.2534,0.2534,7467
8277,0.2533,0.2099656305468276,4.760360734785874,0.2533,0.2533,7468
6542,0.2532,0.20995984499718207,4.760229564253995,0.2532,0.2532,7469
5701,0.2531,0.20995573607673573,4.760136406418923,0.2531,0.2531,7470
4945,0.253,0.20995238513877923,4.760060433635083,0.253,0.253,7471
1558,0.2529,0.20993655812455425,4.759701602064718,0.2529,0.2529,7472
8470,0.2528,0.2099331063062431,4.759623342111228,0.2528,0.2528,7473
1656,0.2527,0.20993214939821211,4.759601647000999,0.2527,0.2527,7474
8639,0.2526,0.20992354043064318,4.7594064636705085,0.2526,0.2526,7475
4815,0.2525,0.20991241703495842,4.7591542729856435,0.2525,0.2525,7476
5666,0.2524,0.20991163618954423,4.759136569584683,0.2524,0.2524,7477
1601,0.2523,0.20989790423033564,4.758825237299663,0.2523,0.2523,7478
3471,0.2522,0.20986794122450828,4.758145913184013,0.2522,0.2522,7479
6984,0.2521,0.20985651588816034,4.757886876871004,0.2521,0.2521,7480
7512,0.252,0.2098190093591908,4.757036525282175,0.252,0.252,7481
7586,0.2519,0.20980439334237616,4.756705149558511,0.2519,0.2519,7482
9129,0.2518,0.20980090132292492,4.756625978161954,0.2518,0.2518,7483
7925,0.2517,0.20979155805239544,4.756414146643901,0.2517,0.2517,7484
4374,0.2516,0.2097780192654558,4.7561071939801085,0.2516,0.2516,7485
5303,0.2515,0.20975166592858346,4.755509708621601,0.2515,0.2515,7486
73,0.2514,0.20974812756826403,4.755429486580646,0.2514,0.2514,7487
1290,0.2513,0.20973130866994866,4.755048166917627,0.2513,0.2513,7488
2441,0.2512,0.20972488201410946,4.754902461166239,0.2512,0.2512,7489
6729,0.2511,0.2097102319447449,4.754570313401788,0.2511,0.2511,7490
9954,0.251,0.20969282244377563,4.754175603540305,0.251,0.251,7491
4572,0.2509,0.20968006489067412,4.753886363083717,0.2509,0.2509,7492
2172,0.2508,0.20966448387165607,4.753533108739902,0.2508,0.2508,7493
8250,0.2507,0.20966160969849618,4.753467945212954,0.2507,0.2507,7494
9098,0.2506,0.20965887428531838,4.753405927664896,0.2506,0.2506,7495
3589,0.2505,0.2096479244772603,4.75315767257481,0.2505,0.2505,7496
4253,0.2504,0.20963782606299758,4.752928720367361,0.2504,0.2504,7497
5626,0.2503,0.20963058469616305,4.752764543410359,0.2503,0.2503,7498
9637,0.2502,0.2096268803545313,4.752680558224973,0.2502,0.2502,7499
1593,0.2501,0.20960101852811464,4.752094216437225,0.2501,0.2501,7500
829,0.25,0.2095937009717238,4.751928312103524,0.25,0.25,7501
1328,0.2499,0.20959275081231457,4.751906769998817,0.2499,0.2499,7502
4007,0.2498,0.20958463285581397,4.751722718916939,0.2498,0.2498,7503
2367,0.2497,0.2095665895947698,4.75131364038783,0.2497,0.2497,7504
8051,0.2496,0.20955857482882664,4.751131928852695,0.2496,0.2496,7505
3268,0.2495,0.20955803696695802,4.751119734397215,0.2495,0.2495,7506
4706,0.2494,0.20955690528315876,4.751094076755058,0.2494,0.2494,7507
6189,0.2493,0.20955671430718345,4.751089746929648,0.2493,0.2493,7508
3951,0.2492,0.20955402735839368,4.751028828171288,0.2492,0.2492,7509
9033,0.2491,0.20953494390830882,4.750596166376839,0.2491,0.2491,7510
7305,0.249,0.20952615109946052,4.750396814978668,0.249,0.249,7511
1050,0.2489,0.20950946498676082,4.750018505844144,0.2489,0.2489,7512
4903,0.2488,0.20949059110459337,4.749590595393838,0.2488,0.2488,7513
9731,0.2487,0.2094763116947168,4.749266851255742,0.2487,0.2487,7514
7959,0.2486,0.20947091644444882,4.749144529628916,0.2486,0.2486,7515
6534,0.2485,0.20946982905105474,4.7491198761434905,0.2485,0.2485,7516
3223,0.2484,0.20946048649408466,4.7489080608034495,0.2484,0.2484,7517
8067,0.2483,0.2094533984782919,4.748747360635585,0.2483,0.2483,7518
6289,0.2482,0.20945085166866415,4.748689619125257,0.2482,0.2482,7519
5867,0.2481,0.2094493142379852,4.7486547623509425,0.2481,0.2481,7520
8276,0.248,0.20943921418287376,4.748425772940417,0.248,0.248,7521
9947,0.2479,0.20942982790579734,4.748212966375387,0.2479,0.2479,7522
3822,0.2478,0.20942971068018407,4.7482103086251115,0.2478,0.2478,7523
4258,0.2477,0.2093772339139733,4.74702055039309,0.2477,0.2477,7524
5106,0.2476,0.2093649799963864,4.746742728409628,0.2476,0.2476,7525
6895,0.2475,0.20936298216852414,4.746697433465803,0.2475,0.2475,7526
5370,0.2474,0.2093613730772313,4.746660951994877,0.2474,0.2474,7527
2068,0.2473,0.20933901574365157,4.746154064401977,0.2473,0.2473,7528
1964,0.2472,0.20933538151133996,4.746071668741804,0.2472,0.2472,7529
1231,0.2471,0.20932869306633087,4.7459200276804765,0.2471,0.2471,7530
9535,0.247,0.20931645120707448,4.745642479084228,0.247,0.247,7531
4921,0.2469,0.20931395779829448,4.745585948283574,0.2469,0.2469,7532
892,0.2468,0.2093134176854006,4.745573702792921,0.2468,0.2468,7533
4539,0.2467,0.20931000553798737,4.745496342261954,0.2467,0.2467,7534
9810,0.2466,0.20930923603548007,4.745478896027489,0.2466,0.2466,7535
7932,0.2465,0.20930111758157743,4.745294833668782,0.2465,0.2465,7536
8696,0.2464,0.20929169337048206,4.74508116705999,0.2464,0.2464,7537
2802,0.2463,0.2092484260017933,4.744100205163438,0.2463,0.2463,7538
6608,0.2462,0.2092385677605412,4.743876698181463,0.2462,0.2462,7539
5921,0.2461,0.20922982620881436,4.74367850888998,0.2461,0.2461,7540
6536,0.246,0.20922363877552436,4.743538226813685,0.246,0.246,7541
4725,0.2459,0.20921991592090655,4.743453821899689,0.2459,0.2459,7542
3244,0.2458,0.2091961295915321,4.74291453597997,0.2458,0.2458,7543
1723,0.2457,0.20919482394315467,4.74288493419453,0.2457,0.2457,7544
5181,0.2456,0.20917797729295282,4.7425029853408285,0.2456,0.2456,7545
1175,0.2455,0.20916978923364166,4.742317344880814,0.2455,0.2455,7546
2515,0.2454,0.20915472353432207,4.741975773914341,0.2454,0.2454,7547
8048,0.2453,0.20914675532989685,4.741795118026244,0.2453,0.2453,7548
1935,0.2452,0.20913620636242938,4.741555950833715,0.2452,0.2452,7549
327,0.2451,0.2091342002964868,4.741510469115475,0.2451,0.2451,7550
4959,0.245,0.20911563948262987,4.741089656579236,0.245,0.245,7551
9777,0.2449,0.2091121741686416,4.741011090650814,0.2449,0.2449,7552
759,0.2448,0.20910352511924638,4.740814998580542,0.2448,0.2448,7553
7433,0.2447,0.2091029751362567,4.740802529314186,0.2447,0.2447,7554
8790,0.2446,0.20909901936158617,4.740712843615886,0.2446,0.2446,7555
116,0.2445,0.2090982652006587,4.740695745206646,0.2445,0.2445,7556
1666,0.2444,0.20908339308978566,4.740358563295235,0.2444,0.2444,7557
904,0.2443,0.20906282415192076,4.739892222379885,0.2443,0.2443,7558
8319,0.2442,0.20905042785369746,4.739611172328887,0.2442,0.2442,7559
1735,0.2441,0.20904443813581464,4.739475372875928,0.2441,0.2441,7560
6785,0.244,0.20903027122277143,4.739154179276171,0.244,0.244,7561
5059,0.2439,0.209012621435508,4.738754021621273,0.2439,0.2439,7562
1943,0.2438,0.208997620263156,4.738413913615774,0.2438,0.2438,7563
8295,0.2437,0.20898410676980916,4.738107534411215,0.2437,0.2437,7564
4297,0.2436,0.20898206160041558,4.738061166135884,0.2436,0.2436,7565
2824,0.2435,0.2089792132159896,4.737996587293292,0.2435,0.2435,7566
8814,0.2434,0.20895483910803578,4.737443975200011,0.2434,0.2434,7567
1256,0.2433,0.20894853011868755,4.7373009371944175,0.2433,0.2433,7568
9218,0.2432,0.20893762756270465,4.737053753408896,0.2432,0.2432,7569
5555,0.2431,0.20893437099985904,4.736979920306628,0.2431,0.2431,7570
1406,0.243,0.20892676126894857,4.736807391764624,0.243,0.243,7571
9704,0.2429,0.20890639923020643,4.736345741686133,0.2429,0.2429,7572
3018,0.2428,0.2089061532601834,4.736340165030289,0.2428,0.2428,7573
1621,0.2427,0.20888115254080727,4.735773346343769,0.2427,0.2427,7574
8961,0.2426,0.20887935922507647,4.735732688119067,0.2426,0.2426,7575
7343,0.2425,0.20887796276252849,4.7357010273867655,0.2425,0.2425,7576
7363,0.2424,0.20887483936738344,4.735630213475497,0.2424,0.2424,7577
1184,0.2423,0.20886683727699795,4.735448789321907,0.2423,0.2423,7578
5762,0.2422,0.20883430155096644,4.734711136248653,0.2422,0.2422,7579
5722,0.2421,0.208827007311115,4.7345457605489045,0.2421,0.2421,7580
6223,0.242,0.20882047053636466,4.734397558170827,0.242,0.242,7581
9475,0.2419,0.2088122828666705,4.734211926545695,0.2419,0.2419,7582
2627,0.2418,0.2087744407952121,4.733353967503347,0.2418,0.2418,7583
6551,0.2417,0.20875810690057647,4.732983643892039,0.2417,0.2417,7584
9822,0.2416,0.20875556503221704,4.732926014411559,0.2416,0.2416,7585
5256,0.2415,0.20875432276858513,4.732897849692117,0.2415,0.2415,7586
8405,0.2414,0.20872946354137195,4.732334238930128,0.2414,0.2414,7587
2127,0.2413,0.20872803263742343,4.732301797338442,0.2413,0.2413,7588
6871,0.2412,0.20872103622086216,4.732143173917772,0.2412,0.2412,7589
9536,0.2411,0.2087132640228252,4.731966961905269,0.2411,0.2411,7590
718,0.241,0.2086954572396127,4.73156324482404,0.241,0.241,7591
5012,0.2409,0.20868968719297595,4.731432425777295,0.2409,0.2409,7592
3995,0.2408,0.20867819828054307,4.731171948062132,0.2408,0.2408,7593
5678,0.2407,0.20867518395589862,4.7311036070081025,0.2407,0.2407,7594
3665,0.2406,0.20866501531550877,4.730873062626375,0.2406,0.2406,7595
3928,0.2405,0.20863432230192094,4.730177187703976,0.2405,0.2405,7596
727,0.2404,0.20862763534935808,4.730025580481178,0.2404,0.2404,7597
5391,0.2403,0.2086171476803058,4.7297878030507015,0.2403,0.2403,7598
813,0.2402,0.20861407205756669,4.729718072239797,0.2402,0.2402,7599
6215,0.2401,0.208607112022556,4.729560273664069,0.2401,0.2401,7600
3308,0.24,0.20859603156210335,4.729309056411898,0.24,0.24,7601
2056,0.2399,0.2085845017397909,4.729047651184331,0.2399,0.2399,7602
913,0.2398,0.20857419265982752,4.728813922743879,0.2398,0.2398,7603
2095,0.2397,0.20856905332431977,4.728697403240271,0.2397,0.2397,7604
2168,0.2396,0.20856869060058875,4.7286891795330686,0.2396,0.2396,7605
1586,0.2395,0.20855046088651702,4.728275873722497,0.2395,0.2395,7606
5356,0.2394,0.20854798357640092,4.728219707912998,0.2394,0.2394,7607
1155,0.2393,0.20854795647726077,4.728219093517512,0.2393,0.2393,7608
8194,0.2392,0.20854522646015533,4.728157198310008,0.2392,0.2392,7609
7389,0.2391,0.20854107037158132,4.728062971075746,0.2391,0.2391,7610
511,0.239,0.2085253095350933,4.7277056398924,0.239,0.239,7611
5010,0.2389,0.20851344977907207,4.727436754376512,0.2389,0.2389,7612
9493,0.2388,0.20851206634260971,4.727405388972851,0.2388,0.2388,7613
725,0.2387,0.20850486848820646,4.727242198534684,0.2387,0.2387,7614
4494,0.2386,0.20849101329317304,4.726928072236266,0.2386,0.2386,7615
7539,0.2385,0.20848200688080937,4.726723877999368,0.2385,0.2385,7616
6258,0.2384,0.20846859624131256,4.726419830705337,0.2384,0.2384,7617
5250,0.2383,0.2084644273149978,4.726325312410649,0.2383,0.2383,7618
7018,0.2382,0.2084593315062652,4.726209779751702,0.2382,0.2382,7619
4107,0.2381,0.2084522114599543,4.726048353384402,0.2381,0.2381,7620
1154,0.238,0.20845203397285844,4.726044329380327,0.238,0.238,7621
6014,0.2379,0.20844252955066286,4.725828844216764,0.2379,0.2379,7622
3326,0.2378,0.2084323582905725,4.725598240441711,0.2378,0.2378,7623
8056,0.2377,0.20841251978550834,4.7251484599675635,0.2377,0.2377,7624
5550,0.2376,0.20840354613969625,4.7249450086177465,0.2376,0.2376,7625
9458,0.2375,0.20840184316139287,4.724906398531955,0.2375,0.2375,7626
7157,0.2374,0.2083963548103884,4.724781966115934,0.2374,0.2374,7627
9145,0.2373,0.20839297315493194,4.724705296901871,0.2373,0.2373,7628
8865,0.2372,0.20838759710424923,4.724583410569392,0.2372,0.2372,7629
3989,0.2371,0.20838523145007504,4.724529776233044,0.2371,0.2371,7630
6949,0.237,0.20837243847328263,4.724239732647607,0.237,0.237,7631
2358,0.2369,0.20835948633782214,4.723946080600829,0.2369,0.2369,7632
8806,0.2368,0.20835735218539872,4.723897694893795,0.2368,0.2368,7633
545,0.2367,0.2083561582878081,4.723870626735706,0.2367,0.2367,7634
8498,0.2366,0.20833804403508305,4.723459938675302,0.2366,0.2366,7635
1094,0.2365,0.2083300047142993,4.723277670430227,0.2365,0.2365,7636
4861,0.2364,0.2082815163558966,4.72217833775904,0.2364,0.2364,7637
181,0.2363,0.20827922035554564,4.722126282620401,0.2363,0.2363,7638
1036,0.2362,0.20827261448308695,4.721976513652535,0.2362,0.2362,7639
8227,0.2361,0.20827167841005656,4.721955290915731,0.2361,0.2361,7640
2322,0.236,0.20826637701382844,4.721835097155631,0.236,0.236,7641
4608,0.2359,0.20825201222578477,4.721509417316173,0.2359,0.2359,7642
4166,0.2358,0.2082508626812902,4.721483354734983,0.2358,0.2358,7643
5380,0.2357,0.208245177150227,4.7213544518339505,0.2357,0.2357,7644
3460,0.2356,0.20823846184954917,4.72120220189854,0.2356,0.2356,7645
3139,0.2355,0.20823409763149012,4.721103255932657,0.2355,0.2355,7646
5800,0.2354,0.2082262042827707,4.720924297180079,0.2354,0.2354,7647
1996,0.2353,0.20822196002853363,4.720828071043944,0.2353,0.2353,7648
1585,0.2352,0.20821163625152006,4.720594009390377,0.2352,0.2352,7649
158,0.2351,0.20819659885136294,4.72025308002489,0.2351,0.2351,7650
2701,0.235,0.2081744021967026,4.719749835360359,0.235,0.235,7651
9580,0.2349,0.20815132989850946,4.719226738022573,0.2349,0.2349,7652
974,0.2348,0.20815100041334617,4.719219267903154,0.2348,0.2348,7653
3151,0.2347,0.20813308759242916,4.718813146724307,0.2347,0.2347,7654
9918,0.2346,0.20810440807386713,4.718162921953977,0.2346,0.2346,7655
8614,0.2345,0.20807565151328217,4.717510950478966,0.2345,0.2345,7656
196,0.2344,0.20807391636436492,4.717471611017416,0.2344,0.2344,7657
8638,0.2343,0.20806931590362523,4.717367308934312,0.2343,0.2343,7658
1040,0.2342,0.2080505339090572,4.716941481766765,0.2342,0.2342,7659
2759,0.2341,0.2080402148758924,4.716707527666419,0.2341,0.2341,7660
9974,0.234,0.2080227384284491,4.716311299988658,0.234,0.234,7661
433,0.2339,0.20802257146650832,4.716307514612508,0.2339,0.2339,7662
5698,0.2338,0.2080150198789558,4.716136304300614,0.2338,0.2338,7663
5962,0.2337,0.2080145772105176,4.716126268080117,0.2337,0.2337,7664
4814,0.2336,0.2079919621927786,4.715613538248757,0.2336,0.2336,7665
1079,0.2335,0.20799167498503043,4.715607026647277,0.2335,0.2335,7666
3059,0.2334,0.2079778617535654,4.715293851749808,0.2334,0.2334,7667
803,0.2333,0.20797730555982397,4.715281241672465,0.2333,0.2333,7668
2623,0.2332,0.20797350417299532,4.715195056268927,0.2332,0.2332,7669
8014,0.2331,0.20796309159862114,4.7149589813934085,0.2331,0.2331,7670
7833,0.233,0.20796006190269506,4.714890291838686,0.233,0.233,7671
2247,0.2329,0.20795717373277886,4.71482481097636,0.2329,0.2329,7672
9149,0.2328,0.20795603491058703,4.71479899149122,0.2328,0.2328,7673
893,0.2327,0.20795580601903163,4.714793802040079,0.2327,0.2327,7674
785,0.2326,0.20795355837142884,4.7147428431603275,0.2326,0.2326,7675
5240,0.2325,0.20795173696496036,4.714701548059732,0.2325,0.2325,7676
86,0.2324,0.20795062007888065,4.714676225912465,0.2324,0.2324,7677
6004,0.2323,0.20794712057259573,4.714596884773546,0.2323,0.2323,7678
9091,0.2322,0.20794524691372177,4.714554405001143,0.2322,0.2322,7679
7435,0.2321,0.20793831949310224,4.714397345861998,0.2321,0.2321,7680
1940,0.232,0.20789727003662758,4.713466668682605,0.232,0.232,7681
3533,0.2319,0.20789476817008862,4.713409946126122,0.2319,0.2319,7682
5749,0.2318,0.20788709920243464,4.713236074563313,0.2318,0.2318,7683
5627,0.2317,0.20784913651257927,4.712375380850032,0.2317,0.2317,7684
3639,0.2316,0.2078462979614602,4.71231102494866,0.2316,0.2316,7685
4193,0.2315,0.2078445911157688,4.71227232718185,0.2315,0.2315,7686
5244,0.2314,0.2078210692293705,4.711739036737087,0.2314,0.2314,7687
804,0.2313,0.20781457889380087,4.711591887231619,0.2313,0.2313,7688
530,0.2312,0.2078115030514155,4.711522151441852,0.2312,0.2312,7689
1947,0.2311,0.20780415379182837,4.711355528328616,0.2311,0.2311,7690
3485,0.231,0.2078011851374929,4.711288222715198,0.231,0.231,7691
3262,0.2309,0.2078011407089971,4.711287215428969,0.2309,0.2309,7692
3424,0.2308,0.20779071465648202,4.711050834975244,0.2308,0.2308,7693
1020,0.2307,0.20778240806513396,4.710862507146822,0.2307,0.2307,7694
3352,0.2306,0.2077819478051656,4.710852072088906,0.2306,0.2306,7695
3242,0.2305,0.20777276211166262,4.7106438131722745,0.2305,0.2305,7696
4170,0.2304,0.20775456566773465,4.710231261666287,0.2304,0.2304,7697
3971,0.2303,0.20775298884168275,4.710195511716967,0.2303,0.2303,7698
1205,0.2302,0.2077469141671994,4.710057786118557,0.2302,0.2302,7699
3842,0.2301,0.2077429495353726,4.709967899608669,0.2301,0.2301,7700
2737,0.23,0.20773209297968337,4.709721758746261,0.23,0.23,7701
5418,0.2299,0.20772844317424174,4.7096390100101875,0.2299,0.2299,7702
7500,0.2298,0.20772040134930556,4.709456684991601,0.2298,0.2298,7703
8938,0.2297,0.2077015743751971,4.70902983804459,0.2297,0.2297,7704
9217,0.2296,0.20769237650631678,4.708821303086873,0.2296,0.2296,7705
386,0.2295,0.20769163783664182,4.708804555898608,0.2295,0.2295,7706
1274,0.2294,0.20768207521018106,4.708587751122112,0.2294,0.2294,7707
6592,0.2293,0.20767613970632517,4.7084531808144225,0.2293,0.2293,7708
6842,0.2292,0.20766822606113206,4.708273761896804,0.2292,0.2292,7709
3504,0.2291,0.2076677583568984,4.70826315806293,0.2291,0.2291,7710
1813,0.229,0.20766324012114473,4.7081607201926925,0.229,0.229,7711
9784,0.2289,0.2076500588862492,4.7078618739823215,0.2289,0.2289,7712
5782,0.2288,0.20764812272930508,4.707817977247866,0.2288,0.2288,7713
2052,0.2287,0.20763757042101863,4.7075787343107995,0.2287,0.2287,7714
676,0.2286,0.2076207988009747,4.707198486546241,0.2286,0.2286,7715
9819,0.2285,0.20761363796262602,4.7070361353395125,0.2285,0.2285,7716
8803,0.2284,0.20760814966215635,4.706911704068963,0.2284,0.2284,7717
7432,0.2283,0.207601261328987,4.706755531124602,0.2283,0.2283,7718
5629,0.2282,0.20759567850410945,4.706628956788973,0.2282,0.2282,7719
4008,0.2281,0.20759546079714816,4.706624020915335,0.2281,0.2281,7720
7584,0.228,0.2075835091195727,4.706353051346044,0.228,0.228,7721
5817,0.2279,0.20757863261075638,4.706242490674178,0.2279,0.2279,7722
2590,0.2278,0.2075748081012597,4.706155781032011,0.2278,0.2278,7723
4756,0.2277,0.2075636832376731,4.705903557066575,0.2277,0.2277,7724
5869,0.2276,0.20756163361004992,4.705857087714403,0.2276,0.2276,7725
1494,0.2275,0.20755588398329441,4.705726731629145,0.2275,0.2275,7726
2197,0.2274,0.20755401504499663,4.705684358883171,0.2274,0.2274,7727
1724,0.2273,0.20753999918382715,4.705366589947094,0.2273,0.2273,7728
3107,0.2272,0.20753518831928244,4.705257517568708,0.2272,0.2272,7729
5776,0.2271,0.20751402285261342,4.704777652096317,0.2271,0.2271,7730
5578,0.227,0.20750327837695826,4.704534052322568,0.227,0.227,7731
5422,0.2269,0.20749075484490676,4.704250117613951,0.2269,0.2269,7732
1085,0.2268,0.20748851088418693,4.70419924232209,0.2268,0.2268,7733
8734,0.2267,0.207486149265557,4.704145699481584,0.2267,0.2267,7734
7952,0.2266,0.20748169827528307,4.704044786206565,0.2266,0.2266,7735
2662,0.2265,0.20746824002219008,4.703739659412078,0.2265,0.2265,7736
3340,0.2264,0.20746288613466538,4.703618275565915,0.2264,0.2264,7737
2742,0.2263,0.2074626569172213,4.703613078725586,0.2263,0.2263,7738
1033,0.2262,0.20745629931337725,4.703468938526993,0.2262,0.2262,7739
2331,0.2261,0.2074458460849185,4.70323194193875,0.2261,0.2261,7740
729,0.226,0.2074116987612914,4.702457750571053,0.226,0.226,7741
5990,0.2259,0.20740483694024953,4.702302178711884,0.2259,0.2259,7742
3488,0.2258,0.20736203201689538,4.701331701420265,0.2258,0.2258,7743
6119,0.2257,0.20736022272120924,4.70129068089656,0.2257,0.2257,7744
3895,0.2256,0.20733166407482556,4.700643196550507,0.2256,0.2256,7745
9521,0.2255,0.20732710357957798,4.700539800568666,0.2255,0.2255,7746
30,0.2254,0.2073114652090953,4.7001852459474645,0.2254,0.2254,7747
7277,0.2253,0.20730916154110995,4.700133016967047,0.2253,0.2253,7748
5707,0.2252,0.20728767344509869,4.699645836813178,0.2252,0.2252,7749
4702,0.2251,0.20726880496115005,4.69921804875057,0.2251,0.2251,7750
322,0.225,0.2072686968866155,4.699215598474304,0.225,0.225,7751
7274,0.2249,0.20726655151708695,4.699166958452745,0.2249,0.2249,7752
1270,0.2248,0.2072552727692517,4.698911245609853,0.2248,0.2248,7753
118,0.2247,0.20723449376940445,4.698440142150348,0.2247,0.2247,7754
4477,0.2246,0.20723296872433644,4.698405566183208,0.2246,0.2246,7755
325,0.2245,0.20722014858186172,4.698114906693894,0.2245,0.2245,7756
1674,0.2244,0.20721793948612552,4.698064821865367,0.2244,0.2244,7757
5113,0.2243,0.20721376312151538,4.697970134928987,0.2243,0.2243,7758
7349,0.2242,0.2071857707094437,4.697335488303016,0.2242,0.2242,7759
7366,0.2241,0.20716670323575936,4.696903188727282,0.2241,0.2241,7760
367,0.224,0.20715964407695794,4.696743142808397,0.224,0.224,7761
4561,0.2239,0.20714132709085514,4.696327858357494,0.2239,0.2239,7762
3119,0.2238,0.207124832042416,4.6959538810511425,0.2238,0.2238,7763
133,0.2237,0.20711747121515417,4.695786995675673,0.2237,0.2237,7764
6916,0.2236,0.20708272893240068,4.694999315338148,0.2236,0.2236,7765
7074,0.2235,0.2070809394120693,4.694958743163401,0.2235,0.2235,7766
1527,0.2234,0.20707134435100535,4.69474120302722,0.2234,0.2234,7767
5885,0.2233,0.20706997259246732,4.694710102386424,0.2233,0.2233,7768
420,0.2232,0.2070695840648758,4.694701293651821,0.2232,0.2232,7769
248,0.2231,0.20705671278536794,4.694409474780831,0.2231,0.2231,7770
6988,0.223,0.20703775935235993,4.693979760745407,0.223,0.223,7771
3381,0.2229,0.20701263193181357,4.693410069478018,0.2229,0.2229,7772
8095,0.2228,0.2070110223749687,4.69337357745257,0.2228,0.2228,7773
8378,0.2227,0.20700445284981858,4.6932246325537355,0.2227,0.2227,7774
9348,0.2226,0.2069979334348801,4.693076823758234,0.2226,0.2226,7775
9785,0.2225,0.20699543414260219,4.693020159566061,0.2225,0.2225,7776
2792,0.2224,0.20699351318492196,4.692976607431809,0.2224,0.2224,7777
6334,0.2223,0.2069925794963754,4.69295543875625,0.2223,0.2223,7778
1510,0.2222,0.20695036535314051,4.691998355688081,0.2222,0.2222,7779
3376,0.2221,0.20694308209573412,4.6918332289821905,0.2221,0.2221,7780
4866,0.222,0.20693734449938445,4.691703145653665,0.222,0.222,7781
7297,0.2219,0.20690893731545468,4.6910590952780025,0.2219,0.2219,7782
6835,0.2218,0.20686631921498133,4.690092853653303,0.2218,0.2218,7783
4916,0.2217,0.20685756658535384,4.689894413203167,0.2217,0.2217,7784
6733,0.2216,0.20684959098248742,4.689713589575956,0.2216,0.2216,7785
9126,0.2215,0.2068468257797679,4.689650896638014,0.2215,0.2215,7786
9383,0.2214,0.2068444878175309,4.689597890135657,0.2214,0.2214,7787
7300,0.2213,0.20684411046360818,4.689589334730621,0.2213,0.2213,7788
5037,0.2212,0.20679234036045596,4.6884155980320505,0.2212,0.2212,7789
3530,0.2211,0.2067910135901145,4.688385517367909,0.2211,0.2211,7790
773,0.221,0.20677305172284904,4.6879782842067454,0.221,0.221,7791
8520,0.2209,0.20676580722488752,4.687814036259217,0.2209,0.2209,7792
5188,0.2208,0.20675775562195373,4.6876314895530315,0.2208,0.2208,7793
2401,0.2207,0.2067575995988755,4.687627952182667,0.2207,0.2207,7794
8994,0.2206,0.20675288737641018,4.687521116227436,0.2206,0.2206,7795
2362,0.2205,0.2067474553868489,4.6873979616433425,0.2205,0.2205,7796
4870,0.2204,0.2067455850404885,4.687355556973236,0.2204,0.2204,7797
315,0.2203,0.206728298572182,4.686963636520627,0.2203,0.2203,7798
9902,0.2202,0.20669797618492597,4.686276164473872,0.2202,0.2202,7799
6139,0.2201,0.20669482283497015,4.686204671423005,0.2201,0.2201,7800
9194,0.22,0.20666729220143343,4.685580494283671,0.22,0.22,7801
4045,0.2199,0.20666523231686615,4.6855337923850255,0.2199,0.2199,7802
3706,0.2198,0.20666486636454534,4.685525495479003,0.2198,0.2198,7803
1673,0.2197,0.2066633053408731,4.6854901038014996,0.2197,0.2197,7804
730,0.2196,0.20666313394409797,4.685486217878291,0.2196,0.2196,7805
5644,0.2195,0.2066582413810787,4.68537529322326,0.2195,0.2195,7806
3276,0.2194,0.20664959158498028,4.685179184225328,0.2194,0.2194,7807
4139,0.2193,0.20664785181374995,4.685139739966884,0.2193,0.2193,7808
3431,0.2192,0.20664425676831025,4.685058232753967,0.2192,0.2192,7809
1464,0.2191,0.20662702299590785,4.6846675070278785,0.2191,0.2191,7810
7639,0.219,0.2066231149224988,4.6845789028154226,0.219,0.219,7811
3698,0.2189,0.20662119363964512,4.684535343308283,0.2189,0.2189,7812
4447,0.2188,0.20661318615617177,4.684353796882038,0.2188,0.2188,7813
7622,0.2187,0.20659700045644555,4.6839868331597465,0.2187,0.2187,7814
1657,0.2186,0.20658995400535746,4.683827075350214,0.2186,0.2186,7815
87,0.2185,0.20658445860659505,4.6837024831461225,0.2185,0.2185,7816
5812,0.2184,0.20655438649247063,4.683020685317189,0.2184,0.2184,7817
912,0.2183,0.2065513010973152,4.682950732944977,0.2183,0.2183,7818
745,0.2182,0.20653257003733125,4.682526060573266,0.2182,0.2182,7819
2676,0.2181,0.206530317079035,4.682474981287677,0.2181,0.2181,7820
6946,0.218,0.2065191665881478,4.682222176297512,0.218,0.218,7821
7605,0.2179,0.20651740452666387,4.682182226673761,0.2179,0.2179,7822
8318,0.2178,0.20651454447821313,4.682117383383429,0.2178,0.2178,7823
3824,0.2177,0.2065006627509747,4.681802655543933,0.2177,0.2177,7824
3758,0.2176,0.20649536096918342,4.681682453042243,0.2176,0.2176,7825
7703,0.2175,0.2064845023140968,4.681436264582221,0.2175,0.2175,7826
213,0.2174,0.20645150318373479,4.68068810516089,0.2174,0.2174,7827
3377,0.2173,0.20643636734384763,4.680344943960381,0.2173,0.2173,7828
5375,0.2172,0.2064201247259168,4.679976689783979,0.2172,0.2172,7829
6035,0.2171,0.20638539471464892,4.67918928766599,0.2171,0.2171,7830
2909,0.217,0.20638028172611603,4.679073365505096,0.217,0.217,7831
7992,0.2169,0.2063770313460152,4.678999672576956,0.2169,0.2169,7832
3571,0.2168,0.20636659224857626,4.678762996368667,0.2168,0.2168,7833
6887,0.2167,0.20636633926290587,4.678757260652153,0.2167,0.2167,7834
2021,0.2166,0.20636422331517146,4.678709287685627,0.2166,0.2166,7835
3576,0.2165,0.20631448728163515,4.67758166760475,0.2165,0.2165,7836
9569,0.2164,0.2063025504554025,4.677311034745433,0.2164,0.2164,7837
707,0.2163,0.20628812048107684,4.676983876995913,0.2163,0.2163,7838
699,0.2162,0.20627163174465166,4.676610042796359,0.2162,0.2162,7839
428,0.2161,0.20626915919586447,4.676553984935742,0.2161,0.2161,7840
1286,0.216,0.2062660450203615,4.676483380052973,0.216,0.216,7841
4737,0.2159,0.20625360641603158,4.676201370832599,0.2159,0.2159,7842
3586,0.2158,0.2062350542364865,4.675780754053315,0.2158,0.2158,7843
9581,0.2157,0.2062258184268812,4.675571358901188,0.2157,0.2157,7844
6511,0.2156,0.20622484063290916,4.67554919026277,0.2156,0.2156,7845
1561,0.2155,0.2062164140033559,4.675358140916319,0.2155,0.2155,7846
2706,0.2154,0.20620041646038387,4.674995443101464,0.2154,0.2154,7847
2791,0.2153,0.20619555585030622,4.674885242888291,0.2153,0.2153,7848
1280,0.2152,0.2061955204100487,4.674884439382521,0.2152,0.2152,7849
9277,0.2151,0.20618494158391612,4.674644595231224,0.2151,0.2151,7850
5307,0.215,0.20616697931481973,4.674237352958347,0.215,0.215,7851
1037,0.2149,0.2061280163893992,4.673353981809392,0.2149,0.2149,7852
7164,0.2148,0.20612274237240222,4.67323440879608,0.2148,0.2148,7853
4382,0.2147,0.20611843765349563,4.673136811799521,0.2147,0.2147,7854
8204,0.2146,0.20609062702969538,4.672506286692964,0.2146,0.2146,7855
1148,0.2145,0.2060754004899536,4.6721610691363935,0.2145,0.2145,7856
1639,0.2144,0.20606573798665534,4.671941999942533,0.2144,0.2144,7857
916,0.2143,0.20606450787735886,4.671914110788623,0.2143,0.2143,7858
3840,0.2142,0.20604553365315795,4.671483925373547,0.2142,0.2142,7859
2985,0.2141,0.20603446831334907,4.6712330509368885,0.2141,0.2141,7860
8738,0.214,0.2060227958410484,4.670968411535849,0.214,0.214,7861
3037,0.2139,0.2060194532829199,4.670892628740368,0.2139,0.2139,7862
9339,0.2138,0.20601045562938625,4.670688633084253,0.2138,0.2138,7863
1559,0.2137,0.20600585516329284,4.670584330879863,0.2137,0.2137,7864
5081,0.2136,0.2059670513158142,4.669704566359912,0.2136,0.2136,7865
4585,0.2135,0.20595935393902626,4.66953005070307,0.2135,0.2135,7866
1660,0.2134,0.20594528935766523,4.669211177177391,0.2134,0.2134,7867
3958,0.2133,0.20592671132885323,4.668789974341708,0.2133,0.2133,7868
4798,0.2132,0.20591333987519198,4.668486815473424,0.2132,0.2132,7869
6403,0.2131,0.20590721997264802,4.668348064460364,0.2131,0.2131,7870
4920,0.213,0.20590563458038488,4.668312120297182,0.213,0.213,7871
7660,0.2129,0.2058923512950206,4.668010960388366,0.2129,0.2129,7872
8515,0.2128,0.2058857120125592,4.667860433944949,0.2128,0.2128,7873
4649,0.2127,0.20587609472391266,4.66764238986286,0.2127,0.2127,7874
2953,0.2126,0.20587091162000817,4.667524878038283,0.2126,0.2126,7875
3707,0.2125,0.205869662730363,4.667496563093846,0.2125,0.2125,7876
9057,0.2124,0.2058660068641588,4.66741367694679,0.2124,0.2124,7877
2587,0.2123,0.20584658537876266,4.666973351183835,0.2123,0.2123,7878
375,0.2122,0.20584402386762377,4.6669152763603465,0.2122,0.2122,7879
1676,0.2121,0.2058387193329572,4.666795011446122,0.2121,0.2121,7880
2708,0.212,0.2058262520940698,4.666512353021321,0.212,0.212,7881
3787,0.2119,0.2058258255335206,4.666502681999085,0.2119,0.2119,7882
9714,0.2118,0.20582159685938953,4.666406809098544,0.2118,0.2118,7883
7929,0.2117,0.20580470853874758,4.666023915486807,0.2117,0.2117,7884
6194,0.2116,0.20580395331814968,4.666006793053934,0.2116,0.2116,7885
9627,0.2115,0.2057754108228322,4.665359674887056,0.2115,0.2115,7886
8211,0.2114,0.20577106911513188,4.665261239277037,0.2114,0.2114,7887
4012,0.2113,0.20577071474020103,4.665253204853985,0.2113,0.2113,7888
8176,0.2112,0.20576958039277782,4.665227486822044,0.2112,0.2112,7889
5850,0.2111,0.20576782411356534,4.665187668293954,0.2111,0.2111,7890
190,0.211,0.20576631493971925,4.66515345215955,0.211,0.211,7891
3906,0.2109,0.2057591808910751,4.6649917083317325,0.2109,0.2109,7892
5984,0.2108,0.20572642377189587,4.6642490358111015,0.2108,0.2108,7893
5236,0.2107,0.20572293022691332,4.664169829826863,0.2107,0.2107,7894
9241,0.2106,0.2057099460409612,4.663875451129158,0.2106,0.2106,7895
2741,0.2105,0.2056929689650481,4.663490545249823,0.2105,0.2105,7896
4929,0.2104,0.20569040322733892,4.663432374601165,0.2104,0.2104,7897
8892,0.2103,0.20567718139248822,4.66313260790538,0.2103,0.2103,7898
5389,0.2102,0.20566762953852416,4.662916047363221,0.2102,0.2102,7899
9511,0.2101,0.20566594664080579,4.662877892546402,0.2101,0.2101,7900
9506,0.21,0.20565863780011118,4.66271218581589,0.21,0.21,7901
1999,0.2099,0.20564887010036356,4.662490731598032,0.2099,0.2099,7902
8910,0.2098,0.20563970706733212,4.662282986442705,0.2098,0.2098,7903
6159,0.2097,0.20561967358838498,4.66182878550346,0.2097,0.2097,7904
225,0.2096,0.20561634948716748,4.661753421164831,0.2096,0.2096,7905
2973,0.2095,0.20560624999467636,4.661524444510763,0.2095,0.2095,7906
5824,0.2094,0.20559639356479906,4.661300978594531,0.2094,0.2094,7907
5712,0.2093,0.20558824978594048,4.661116342067786,0.2093,0.2093,7908
6980,0.2092,0.20558770112537075,4.661103902782864,0.2092,0.2092,7909
226,0.2091,0.2055873766741843,4.6610965467947345,0.2091,0.2091,7910
704,0.209,0.20557917658419464,4.66091063357457,0.209,0.209,7911
2980,0.2089,0.20557323619076953,4.660775952410453,0.2089,0.2089,7912
1893,0.2088,0.2055584545867606,4.66044082247925,0.2088,0.2088,7913
9142,0.2087,0.20554910210979987,4.660228782231973,0.2087,0.2087,7914
5574,0.2086,0.2055263732339944,4.659713470998659,0.2086,0.2086,7915
8054,0.2085,0.20551988358436887,4.659566337047052,0.2085,0.2085,7916
4504,0.2084,0.20551833124496915,4.65953114226002,0.2084,0.2084,7917
7931,0.2083,0.205500384893194,4.65912426086675,0.2083,0.2083,7918
6460,0.2082,0.2054576704501533,4.658155834953924,0.2082,0.2082,7919
6918,0.2081,0.20545047315801543,4.657992657261817,0.2081,0.2081,7920
5941,0.208,0.2054369638006058,4.657686371826965,0.208,0.208,7921
7982,0.2079,0.20543357492060044,4.657609538817674,0.2079,0.2079,7922
7824,0.2078,0.20542160399073353,4.657338132757392,0.2078,0.2078,7923
4416,0.2077,0.20542083459930913,4.657320689040727,0.2077,0.2077,7924
7835,0.2076,0.20542066727466496,4.657316895441315,0.2076,0.2076,7925
8310,0.2075,0.2053987855388301,4.656820790646177,0.2075,0.2075,7926
7652,0.2074,0.20539049293981665,4.656632780052726,0.2074,0.2074,7927
7492,0.2073,0.20538112535138217,4.656420397198402,0.2073,0.2073,7928
2221,0.2072,0.20537766070722158,4.6563418464563435,0.2072,0.2072,7929
4218,0.2071,0.20535297090038465,4.6557820768081,0.2071,0.2071,7930
7498,0.207,0.2053517663208843,4.655754766467331,0.207,0.207,7931
4226,0.2069,0.20535040888790654,4.655723990618205,0.2069,0.2069,7932
1770,0.2068,0.20533230628363866,4.6553135666536685,0.2068,0.2068,7933
870,0.2067,0.20532670369386266,4.655186544204746,0.2067,0.2067,7934
9667,0.2066,0.20532473379610272,4.655141882495984,0.2066,0.2066,7935
7654,0.2065,0.2053193484459217,4.655019785324836,0.2065,0.2065,7936
3647,0.2064,0.2053001507370481,4.65458453304425,0.2064,0.2064,7937
7516,0.2063,0.20529014930879022,4.6543577797112325,0.2063,0.2063,7938
5768,0.2062,0.2052734954448978,4.653980201727153,0.2062,0.2062,7939
6659,0.2061,0.2052687473953557,4.65387255349619,0.2061,0.2061,7940
7029,0.206,0.20525295013666478,4.653514396545219,0.206,0.206,7941
7062,0.2059,0.2052488128946411,4.6534205966008635,0.2059,0.2059,7942
9355,0.2058,0.205241674676195,4.653258758234521,0.2058,0.2058,7943
6157,0.2057,0.20523927772320516,4.6532044142882745,0.2057,0.2057,7944
4237,0.2056,0.20523165858423031,4.653031672444293,0.2056,0.2056,7945
5902,0.2055,0.20519749568624462,4.652257127975057,0.2055,0.2055,7946
7125,0.2054,0.20519679920685419,4.65224133732658,0.2054,0.2054,7947
4108,0.2053,0.20519176547141946,4.652127211998462,0.2053,0.2053,7948
2646,0.2052,0.20516276219756005,4.651469647017436,0.2052,0.2052,7949
8258,0.2051,0.20514782112518443,4.6511309016031595,0.2051,0.2051,7950
2844,0.205,0.20514155712675847,4.650988883636836,0.205,0.205,7951
2302,0.2049,0.20513712522426839,4.650888403122431,0.2049,0.2049,7952
3880,0.2048,0.2051347543704546,4.65083465089923,0.2048,0.2048,7953
3348,0.2047,0.20512941342257032,4.6507135604213765,0.2047,0.2047,7954
2719,0.2046,0.2051252572951797,4.650619332305492,0.2046,0.2046,7955
48,0.2045,0.20510952286090356,4.650262599716059,0.2045,0.2045,7956
2732,0.2044,0.20510097329691424,4.650068763187276,0.2044,0.2044,7957
494,0.2043,0.20509617390565982,4.649959950933835,0.2043,0.2043,7958
4064,0.2042,0.2050848972378037,4.649704285247799,0.2042,0.2042,7959
1581,0.2041,0.205081343388122,4.649623712031051,0.2041,0.2041,7960
5334,0.204,0.2050762376306631,4.649507953812051,0.204,0.204,7961
4847,0.2039,0.2050758804235068,4.649499855176231,0.2039,0.2039,7962
6288,0.2038,0.20506639770301568,4.649284862036698,0.2038,0.2038,7963
4149,0.2037,0.205066090180206,4.649277889850673,0.2037,0.2037,7964
6904,0.2036,0.20506117444779878,4.64916643989783,0.2036,0.2036,7965
8621,0.2035,0.20505881209292462,4.64911288036347,0.2035,0.2035,7966
2276,0.2034,0.20505269844204108,4.6489742710890125,0.2034,0.2034,7967
622,0.2033,0.20504896063701394,4.648889527218488,0.2033,0.2033,7968
4130,0.2032,0.20502795032494325,4.648413179426386,0.2032,0.2032,7969
7588,0.2031,0.2050234881366787,4.648312012270081,0.2031,0.2031,7970
5381,0.203,0.20502281146800735,4.648296670773221,0.203,0.203,7971
5269,0.2029,0.2050122322994096,4.648056818856999,0.2029,0.2029,7972
151,0.2028,0.20501095846556813,4.648027938375892,0.2028,0.2028,7973
6713,0.2027,0.20500458943864117,4.647883539191247,0.2027,0.2027,7974
6476,0.2026,0.20498643125333912,4.647471855088438,0.2026,0.2026,7975
4693,0.2025,0.20498570813612804,4.64745546050661,0.2025,0.2025,7976
1493,0.2024,0.20498209126354427,4.64737345842724,0.2024,0.2024,7977
6868,0.2023,0.20496741954867045,4.647040819912599,0.2023,0.2023,7978
7152,0.2022,0.20495182598481007,4.646687281149999,0.2022,0.2022,7979
4688,0.2021,0.2049424986082304,4.646475809981693,0.2021,0.2021,7980
9855,0.202,0.20493571478655437,4.646322006532579,0.202,0.202,7981
1970,0.2019,0.20493481017914517,4.646301497186543,0.2019,0.2019,7982
8957,0.2018,0.20493139850509953,4.6462241473884385,0.2018,0.2018,7983
5830,0.2017,0.20492512008789762,4.6460818025166875,0.2017,0.2017,7984
406,0.2016,0.2049186291662417,4.645934639724696,0.2016,0.2016,7985
1649,0.2015,0.20491329997883515,4.645813815880887,0.2015,0.2015,7986
1681,0.2014,0.20491177655023915,4.645779276561952,0.2014,0.2014,7987
620,0.2013,0.20490213462024273,4.64556067380982,0.2013,0.2013,7988
8041,0.2012,0.20489945554133374,4.645499933477424,0.2012,0.2012,7989
7935,0.2011,0.20488562394711365,4.645186342258996,0.2011,0.2011,7990
7397,0.201,0.204882330036833,4.645111662411661,0.201,0.201,7991
8518,0.2009,0.20486997496964973,4.644831547154241,0.2009,0.2009,7992
8791,0.2008,0.20486764987605308,4.644778832411124,0.2008,0.2008,7993
9136,0.2007,0.20486187138873407,4.644647821996971,0.2007,0.2007,7994
1483,0.2006,0.20484566526321402,4.644280395179063,0.2006,0.2006,7995
6995,0.2005,0.2048301936875291,4.643929622143362,0.2005,0.2005,7996
5345,0.2004,0.20482069765433025,4.6437143271770935,0.2004,0.2004,7997
798,0.2003,0.20479950648964232,4.643233879075909,0.2003,0.2003,7998
8928,0.2002,0.20478817697863047,4.642977015325736,0.2002,0.2002,7999
4134,0.2001,0.204779334578614,4.642776539592202,0.2001,0.2001,8000
580,0.2,0.20477752289595613,4.642735464950328,0.2,0.2,8001
1594,0.1999,0.20473181141065228,4.641699089811226,0.1999,0.1999,8002
683,0.1998,0.20471315470987037,4.6412761033171535,0.1998,0.1998,8003
3114,0.1997,0.20468245473585295,4.6405800705877915,0.1997,0.1997,8004
2216,0.1996,0.20468118858007664,4.6405513641838985,0.1996,0.1996,8005
5625,0.1995,0.20467839668563312,4.640488066086806,0.1995,0.1995,8006
8769,0.1994,0.20467060804717654,4.64031148133628,0.1994,0.1994,8007
3398,0.1993,0.2046670180031323,4.640230087516681,0.1993,0.1993,8008
2122,0.1992,0.20465358538649697,4.639925541955449,0.1992,0.1992,8009
7488,0.1991,0.20464452455426668,4.6397201139059305,0.1991,0.1991,8010
7342,0.199,0.20463695629784945,4.639548525676439,0.199,0.199,8011
8475,0.1989,0.20463498887706547,4.639503920124955,0.1989,0.1989,8012
1253,0.1988,0.20462414791150965,4.639258132723957,0.1988,0.1988,8013
766,0.1987,0.2046181667180164,4.639122526536342,0.1987,0.1987,8014
1878,0.1986,0.20461438472570698,4.639036780847947,0.1986,0.1986,8015
915,0.1985,0.204585441894966,4.638380586237853,0.1985,0.1985,8016
961,0.1984,0.2045704928663481,4.638041660439556,0.1984,0.1984,8017
3400,0.1983,0.20456797710042868,4.63798462275534,0.1983,0.1983,8018
4569,0.1982,0.20455943456501216,4.637790945579825,0.1982,0.1982,8019
5121,0.1981,0.204549375478474,4.637562885013417,0.1981,0.1981,8020
2188,0.198,0.20452824246027132,4.637083755217357,0.198,0.198,8021
4334,0.1979,0.20452789813355343,4.6370759486088176,0.1979,0.1979,8022
3593,0.1978,0.20452477080207698,4.637005045452123,0.1978,0.1978,8023
4956,0.1977,0.20452460517526788,4.63700129034473,0.1977,0.1977,8024
964,0.1976,0.2045236928921901,4.6369806069767465,0.1976,0.1976,8025
4326,0.1975,0.20451877026065624,4.636869000607172,0.1975,0.1975,8026
7774,0.1974,0.2045167855196135,4.636824002369577,0.1974,0.1974,8027
2310,0.1973,0.20451405326424052,4.6367620564145575,0.1973,0.1973,8028
7222,0.1972,0.20449480003181944,4.636325545299537,0.1972,0.1972,8029
4241,0.1971,0.20449248899067907,4.636273149155912,0.1971,0.1971,8030
2155,0.197,0.20447152680189146,4.635797892418002,0.197,0.197,8031
1883,0.1969,0.20446973559906959,4.635757282098959,0.1969,0.1969,8032
8937,0.1968,0.20446760944325149,4.635709077691591,0.1968,0.1968,8033
8120,0.1967,0.20445473625304306,4.6354172154989115,0.1967,0.1967,8034
1553,0.1966,0.20443948431187625,4.635071422038961,0.1966,0.1966,8035
4325,0.1965,0.20443049123201357,4.634867530078185,0.1965,0.1965,8036
2370,0.1964,0.2044207881869611,4.63464754171779,0.1964,0.1964,8037
9807,0.1963,0.20441350635002167,4.634482447218453,0.1963,0.1963,8038
247,0.1962,0.20439899277822451,4.634153394138575,0.1962,0.1962,8039
9415,0.1961,0.2043915522561175,4.633984701914974,0.1961,0.1961,8040
3962,0.196,0.20439154803699913,4.633984606258964,0.196,0.196,8041
198,0.1959,0.20437132117072906,4.633526020822688,0.1959,0.1959,8042
2743,0.1958,0.20437001229298718,4.633496345823564,0.1958,0.1958,8043
3362,0.1957,0.20436890445129025,4.633471228731756,0.1957,0.1957,8044
2616,0.1956,0.20436256919858392,4.63332759527952,0.1956,0.1956,8045
2938,0.1955,0.20436054061754264,4.633281603096698,0.1955,0.1955,8046
5640,0.1954,0.20435985077087876,4.633265962827582,0.1954,0.1954,8047
5477,0.1953,0.20434094562426627,4.632837343546012,0.1953,0.1953,8048
6950,0.1952,0.2043277776723287,4.632538798489012,0.1952,0.1952,8049
1774,0.1951,0.20431432025368285,4.632233690614306,0.1951,0.1951,8050
3521,0.195,0.2042970582059648,4.631842323826837,0.195,0.195,8051
9881,0.1949,0.20428811737755753,4.63163961651477,0.1949,0.1949,8052
144,0.1948,0.20428769666174412,4.631630078006914,0.1948,0.1948,8053
4752,0.1947,0.2042871483101918,4.63161764572864,0.1947,0.1947,8054
5265,0.1946,0.2042859321781736,4.6315900734680415,0.1946,0.1946,8055
1465,0.1945,0.2042832822035001,4.631529992989045,0.1945,0.1945,8056
7828,0.1944,0.2042801451598518,4.631458869637935,0.1944,0.1944,8057
9838,0.1943,0.20427797123612385,4.6314095822319015,0.1943,0.1943,8058
8984,0.1942,0.20426868922094454,4.631199139502454,0.1942,0.1942,8059
4629,0.1941,0.2042650495043217,4.631116619501241,0.1941,0.1941,8060
7198,0.194,0.2042645830817409,4.6311060447230235,0.194,0.194,8061
3237,0.1939,0.20425691620319483,4.63093222052509,0.1939,0.1939,8062
662,0.1938,0.20421600413319657,4.630004658184472,0.1938,0.1938,8063
9109,0.1937,0.2042153905306881,4.629990746530947,0.1937,0.1937,8064
396,0.1936,0.20420133451901043,4.629672067296434,0.1936,0.1936,8065
8916,0.1935,0.20417563202970318,4.629089338015583,0.1935,0.1935,8066
2000,0.1934,0.20416989561932056,4.628959281575047,0.1934,0.1934,8067
5376,0.1933,0.20416510808461713,4.628850738132855,0.1933,0.1933,8068
4773,0.1932,0.20413946681603914,4.628269396855011,0.1932,0.1932,8069
1595,0.1931,0.2041372589188782,4.628219339200665,0.1931,0.1931,8070
3799,0.193,0.2041370958508494,4.628215642106086,0.193,0.193,8071
3661,0.1929,0.20413264655612692,4.6281147672738605,0.1929,0.1929,8072
4407,0.1928,0.2041205323111316,4.6278401119590695,0.1928,0.1928,8073
7428,0.1927,0.20411227154850045,4.627652823163515,0.1927,0.1927,8074
1629,0.1926,0.20410694475711796,4.627532053642671,0.1926,0.1926,8075
98,0.1925,0.20409598705016335,4.627283619468958,0.1925,0.1925,8076
901,0.1924,0.20409119388712849,4.627174948422008,0.1924,0.1924,8077
368,0.1923,0.20407009332848486,4.626696554550503,0.1923,0.1923,8078
3724,0.1922,0.20405154495638805,4.626276024094652,0.1922,0.1922,8079
4110,0.1921,0.2040316468823671,4.625824893069097,0.1921,0.1921,8080
180,0.192,0.20402670076155127,4.625712754148084,0.192,0.192,8081
1375,0.1919,0.2040263043962009,4.6257037677155335,0.1919,0.1919,8082
1397,0.1918,0.2040215181414863,4.625595253292634,0.1918,0.1918,8083
5756,0.1917,0.20399657632684945,4.625029770100709,0.1917,0.1917,8084
5767,0.1916,0.20398881869757,4.62485388839207,0.1916,0.1916,8085
1764,0.1915,0.2039797852390395,4.624649080962124,0.1915,0.1915,8086
5863,0.1914,0.20397801663585113,4.624608983021114,0.1914,0.1914,8087
264,0.1913,0.20396299302561474,4.6242683663026405,0.1913,0.1913,8088
2427,0.1912,0.20394147258085865,4.623780452733456,0.1912,0.1912,8089
9344,0.1911,0.2039414701570944,4.623780397781412,0.1911,0.1911,8090
6180,0.191,0.20393439823468618,4.623620062484319,0.191,0.191,8091
8139,0.1909,0.20392756035509385,4.62346503342861,0.1909,0.1909,8092
3782,0.1908,0.20391520133909233,4.62318482864293,0.1908,0.1908,8093
6580,0.1907,0.20391447964431797,4.623168466309708,0.1907,0.1907,8094
8438,0.1906,0.20390372487432223,4.622924633142919,0.1906,0.1906,8095
6114,0.1905,0.20390331455182162,4.622915330271779,0.1905,0.1905,8096
5848,0.1904,0.20389353447043587,4.622693595336423,0.1904,0.1904,8097
5928,0.1903,0.20385036581052407,4.621714871376238,0.1903,0.1903,8098
3339,0.1902,0.20385002477278139,4.621707139335608,0.1902,0.1902,8099
465,0.1901,0.20384908068407462,4.621685734866357,0.1901,0.1901,8100
5095,0.19,0.20384682093489667,4.6216345016192495,0.19,0.19,8101
6362,0.1899,0.20384348840981997,4.621558946293724,0.1899,0.1899,8102
7862,0.1898,0.20383492129257647,4.621364711796484,0.1898,0.1898,8103
2987,0.1897,0.2038313558887791,4.6212838766230755,0.1897,0.1897,8104
608,0.1896,0.2038135500713993,4.620880181438408,0.1896,0.1896,8105
3677,0.1895,0.20380117173743414,4.6205995386744885,0.1895,0.1895,8106
1024,0.1894,0.203796167488215,4.620486081861296,0.1894,0.1894,8107
3869,0.1893,0.2037886068495266,4.620314666341751,0.1893,0.1893,8108
3291,0.1892,0.20377871097024872,4.620090306026079,0.1892,0.1892,8109
9773,0.1891,0.20375757095203242,4.619611017523163,0.1891,0.1891,8110
792,0.189,0.2037557033114329,4.619568674197911,0.189,0.189,8111
8594,0.1889,0.20373999306730453,4.619212490050369,0.1889,0.1889,8112
3058,0.1888,0.20372740634727995,4.61892712273652,0.1888,0.1888,8113
7643,0.1887,0.203726380545808,4.618903865668201,0.1887,0.1887,8114
66,0.1886,0.20372054628780917,4.618771590815529,0.1886,0.1886,8115
1939,0.1885,0.2037113800159856,4.618563772231116,0.1885,0.1885,8116
4000,0.1884,0.20371032969291578,4.618539959205613,0.1884,0.1884,8117
5746,0.1883,0.20370528580285477,4.618425603650885,0.1883,0.1883,8118
9199,0.1882,0.2037021960526434,4.618355552540381,0.1882,0.1882,8119
8466,0.1881,0.20368272517327343,4.617914106912596,0.1881,0.1881,8120
6944,0.188,0.20367630503282164,4.617768548878055,0.188,0.188,8121
50,0.1879,0.2036719196859134,4.617669123875478,0.1879,0.1879,8122
6061,0.1878,0.20365904433752738,4.617377212753187,0.1878,0.1878,8123
5156,0.1877,0.2036250509887844,4.6166065123182385,0.1877,0.1877,8124
8383,0.1876,0.20362295174671252,4.616558918103137,0.1876,0.1876,8125
2545,0.1875,0.2036212669107188,4.616520719340729,0.1875,0.1875,8126
2557,0.1874,0.2036011417343233,4.616064439429665,0.1874,0.1874,8127
6879,0.1873,0.2035966283488373,4.615962111524735,0.1873,0.1873,8128
4846,0.1872,0.20358009423346288,4.6155872484891605,0.1872,0.1872,8129
4049,0.1871,0.20356997907046304,4.615357916552038,0.1871,0.1871,8130
2998,0.187,0.2035646757072658,4.615237678197683,0.187,0.187,8131
8980,0.1869,0.20354950690829834,4.6148937697454215,0.1869,0.1869,8132
7702,0.1868,0.20354819363850296,4.614863995168214,0.1868,0.1868,8133
2232,0.1867,0.20354672843409247,4.614830775914713,0.1867,0.1867,8134
6741,0.1866,0.20348883669622597,4.613518248930135,0.1866,0.1866,8135
74,0.1865,0.2034768040777808,4.613245444261059,0.1865,0.1865,8136
6234,0.1864,0.2034734835282802,4.613170160447085,0.1864,0.1864,8137
7560,0.1863,0.20346684752061203,4.613019708249496,0.1863,0.1863,8138
4476,0.1862,0.20346298266996665,4.612932083989723,0.1862,0.1862,8139
5276,0.1861,0.2034582621796252,4.61282506058415,0.1861,0.1861,8140
7871,0.186,0.2034516068689878,4.612674170747812,0.186,0.186,8141
4864,0.1859,0.20343925956231998,4.612394231436977,0.1859,0.1859,8142
6777,0.1858,0.2034360503787545,4.6123214725224235,0.1858,0.1858,8143
8926,0.1857,0.20343216330537475,4.612233344424486,0.1857,0.1857,8144
1384,0.1856,0.20341868930872334,4.6119278606930365,0.1856,0.1856,8145
5084,0.1855,0.20341368679502517,4.611814443226155,0.1855,0.1855,8146
855,0.1854,0.20340851983558886,4.611697297431103,0.1854,0.1854,8147
9297,0.1853,0.20340300211650753,4.611572199179037,0.1853,0.1853,8148
3477,0.1852,0.20340247640611486,4.611560280222832,0.1852,0.1852,8149
1521,0.1851,0.20337130148046104,4.610853479344739,0.1851,0.1851,8150
5231,0.185,0.20337118617668937,4.6108508651683495,0.185,0.185,8151
5335,0.1849,0.20335521375121554,4.610488736817912,0.1849,0.1849,8152
2821,0.1848,0.2033532322278063,4.610443811530445,0.1848,0.1848,8153
3607,0.1847,0.20335275050583324,4.610432889884345,0.1847,0.1847,8154
746,0.1846,0.20332163515708726,4.609727439740965,0.1846,0.1846,8155
3306,0.1845,0.20331936103038384,4.6096758805236755,0.1845,0.1845,8156
3901,0.1844,0.20330223104228165,4.609287507805534,0.1844,0.1844,8157
2540,0.1843,0.2032971934631467,4.609173295331234,0.1843,0.1843,8158
1721,0.1842,0.2032922715070018,4.609061704273748,0.1842,0.1842,8159
1447,0.1841,0.2032756487438173,4.608684831406693,0.1841,0.1841,8160
7149,0.184,0.2032529537455167,4.608170288248416,0.184,0.184,8161
6907,0.1839,0.20324910222141437,4.608082966127395,0.1839,0.1839,8162
6320,0.1838,0.20324008122116757,4.60787844115311,0.1838,0.1838,8163
2912,0.1837,0.2032362670244795,4.607791965323788,0.1837,0.1837,8164
2487,0.1836,0.2032218762576856,4.607465696490592,0.1836,0.1836,8165
4486,0.1835,0.2032209197406145,4.607444010244805,0.1835,0.1835,8166
298,0.1834,0.20321146332720869,4.607229613540289,0.1834,0.1834,8167
5926,0.1833,0.20320108170592519,4.606994240435799,0.1833,0.1833,8168
515,0.1832,0.2031865443764729,4.606664648722042,0.1832,0.1832,8169
5880,0.1831,0.20318337285818508,4.606592743757534,0.1831,0.1831,8170
6747,0.183,0.20316668469391627,4.60621438810983,0.183,0.183,8171
4747,0.1829,0.20315984421114128,4.606059300034874,0.1829,0.1829,8172
6673,0.1828,0.2031467191724596,4.605761727910414,0.1828,0.1828,8173
4641,0.1827,0.20314627917245284,4.605751752188448,0.1827,0.1827,8174
7783,0.1826,0.20313239849727177,4.605437048200828,0.1826,0.1826,8175
120,0.1825,0.20312649797800034,4.605303271067202,0.1825,0.1825,8176
7684,0.1824,0.20312634649273367,4.6052998365780535,0.1824,0.1824,8177
4856,0.1823,0.20312190045606604,4.605199035611708,0.1823,0.1823,8178
9243,0.1822,0.2031102706457465,4.604935363446972,0.1822,0.1822,8179
9624,0.1821,0.20309854407210792,4.604669497455673,0.1821,0.1821,8180
2287,0.182,0.20308083470779614,4.604267989064435,0.182,0.182,8181
801,0.1819,0.20307312740013234,4.604093248252884,0.1819,0.1819,8182
2922,0.1818,0.20306352311827455,4.603875499060761,0.1818,0.1818,8183
1098,0.1817,0.2030576369645384,4.603742047623253,0.1817,0.1817,8184
2474,0.1816,0.20305639399591827,4.603713866921582,0.1816,0.1816,8185
4444,0.1815,0.20305145351206666,4.603601855800604,0.1815,0.1815,8186
5760,0.1814,0.20304631684202487,4.603485396730061,0.1814,0.1814,8187
9890,0.1813,0.20303428859872422,4.603212691254877,0.1813,0.1813,8188
7646,0.1812,0.20303205165879207,4.6031619751391215,0.1812,0.1812,8189
3726,0.1811,0.20300958279603912,4.602652558947881,0.1811,0.1811,8190
1233,0.181,0.20300833610112595,4.6026242937617114,0.181,0.181,8191
8643,0.1809,0.2030029075456688,4.60250121703712,0.1809,0.1809,8192
7072,0.1808,0.2029877532909384,4.6021576383321525,0.1808,0.1808,8193
3899,0.1807,0.20295554521465706,4.60142741376697,0.1807,0.1807,8194
7847,0.1806,0.2029534536584232,4.601379993804525,0.1806,0.1806,8195
9995,0.1805,0.2029497217697224,4.601295384068802,0.1805,0.1805,8196
131,0.1804,0.20294555891806382,4.6012010035000195,0.1804,0.1804,8197
1277,0.1803,0.20293378226959938,4.600934002206079,0.1803,0.1803,8198
9651,0.1802,0.20292581046840524,4.6007532647721705,0.1802,0.1802,8199
9921,0.1801,0.20291992525563673,4.6006198346692315,0.1801,0.1801,8200
4727,0.18,0.20291664445443602,4.6005454520325,0.18,0.18,8201
1622,0.1799,0.20290581026434806,4.600299818245346,0.1799,0.1799,8202
7329,0.1798,0.20289915245435267,4.600148871743576,0.1798,0.1798,8203
3171,0.1797,0.2028883596108935,4.599904175370225,0.1797,0.1797,8204
6830,0.1796,0.20287707233424718,4.599648269161545,0.1796,0.1796,8205
8787,0.1795,0.20287373629220734,4.59957263409972,0.1795,0.1795,8206
8679,0.1794,0.2028716587946688,4.599525532877384,0.1794,0.1794,8207
1188,0.1793,0.20285282353213366,4.599098498014411,0.1793,0.1793,8208
4910,0.1792,0.20284938566518484,4.599020554369218,0.1792,0.1792,8209
9451,0.1791,0.2028473251775111,4.598973838795433,0.1791,0.1791,8210
3529,0.179,0.2028414513900289,4.598840667728796,0.179,0.179,8211
1326,0.1789,0.2028256645088231,4.598482746057554,0.1789,0.1789,8212
3856,0.1788,0.20281267070233872,4.5981881492416985,0.1788,0.1788,8213
13,0.1787,0.20280592777547202,4.598035272962531,0.1787,0.1787,8214
5165,0.1786,0.20279902783780096,4.597878836919998,0.1786,0.1786,8215
2986,0.1785,0.2027934980322269,4.597753464641916,0.1785,0.1785,8216
5150,0.1784,0.20276790968838174,4.597173323277831,0.1784,0.1784,8217
7809,0.1783,0.20274026151742575,4.596546481316976,0.1783,0.1783,8218
7058,0.1782,0.2027384035749984,4.596504357870785,0.1782,0.1782,8219
260,0.1781,0.20270566154530387,4.5957620274603554,0.1781,0.1781,8220
2875,0.178,0.2026974483629556,4.59557581740947,0.178,0.178,8221
4291,0.1779,0.20268861517085585,4.595375550438277,0.1779,0.1779,8222
1688,0.1778,0.20268653847631973,4.595328467423302,0.1778,0.1778,8223
1344,0.1777,0.20268442431444186,4.595280534943833,0.1777,0.1777,8224
6438,0.1776,0.20267245639037362,4.595009197031138,0.1776,0.1776,8225
7491,0.1775,0.2026628655853937,4.59479175338978,0.1775,0.1775,8226
4366,0.1774,0.2026459011867825,4.59440713493208,0.1774,0.1774,8227
1793,0.1773,0.20261440241798484,4.593692991851624,0.1773,0.1773,8228
4567,0.1772,0.20260292572370553,4.5934327911466735,0.1772,0.1772,8229
3697,0.1771,0.20259908198521287,4.593345645542992,0.1771,0.1771,8230
2460,0.177,0.2025948709333769,4.593250172174824,0.177,0.177,8231
8628,0.1769,0.20258631881781322,4.593056277797709,0.1769,0.1769,8232
8443,0.1768,0.202578112120215,4.592870214769862,0.1768,0.1768,8233
6080,0.1767,0.20257646208261432,4.592832804961228,0.1767,0.1767,8234
6828,0.1766,0.202574832481112,4.592795858481046,0.1766,0.1766,8235
3825,0.1765,0.20256413790668168,4.592553390072098,0.1765,0.1765,8236
7947,0.1764,0.20255987640354545,4.592456772868684,0.1764,0.1764,8237
1720,0.1763,0.20255963947133518,4.592451401118548,0.1763,0.1763,8238
2647,0.1762,0.20255609780537717,4.592371104132267,0.1762,0.1762,8239
7902,0.1761,0.20253854370383317,4.591973115872865,0.1761,0.1761,8240
4135,0.176,0.2025265729816828,4.591701714521656,0.176,0.176,8241
762,0.1759,0.20249872127751248,4.59107025803778,0.1759,0.1759,8242
2104,0.1758,0.20249509732622387,4.5909880954697515,0.1758,0.1758,8243
9479,0.1757,0.2024707534850892,4.590436169589291,0.1757,0.1757,8244
7544,0.1756,0.2024704873166731,4.59043013499355,0.1756,0.1756,8245
3257,0.1755,0.2024574439434918,4.590134414397654,0.1755,0.1755,8246
4115,0.1754,0.20237285256663068,4.5882165506604355,0.1754,0.1754,8247
3837,0.1753,0.2023696340012595,4.588143579038892,0.1753,0.1753,8248
6812,0.1752,0.20236889950088358,4.588126926378008,0.1752,0.1752,8249
8168,0.1751,0.20236828837997348,4.588113070987175,0.1751,0.1751,8250
7666,0.175,0.20235143604874,4.587730993331234,0.175,0.175,8251
1055,0.1749,0.20233421834079696,4.5873406318191146,0.1749,0.1749,8252
5663,0.1748,0.2023288122199905,4.5872180637337605,0.1748,0.1748,8253
5777,0.1747,0.2023168280852826,4.586946358292451,0.1747,0.1747,8254
4603,0.1746,0.20229478005347468,4.586446483220323,0.1746,0.1746,8255
5347,0.1745,0.20228714292369343,4.586273333488905,0.1745,0.1745,8256
6081,0.1744,0.20226858679896753,4.585852627264046,0.1744,0.1744,8257
6939,0.1743,0.20224683147838698,4.5853593885682,0.1743,0.1743,8258
7759,0.1742,0.20224105089445285,4.5852283306198744,0.1742,0.1742,8259
9331,0.1741,0.20222926185389375,4.584961048371238,0.1741,0.1741,8260
7238,0.174,0.20221728997343805,4.584689620759965,0.174,0.174,8261
6294,0.1739,0.20221554508837009,4.584650060559851,0.1739,0.1739,8262
3000,0.1738,0.20220638600489052,4.584442404948438,0.1738,0.1738,8263
1532,0.1737,0.2021818304918515,4.583885680022402,0.1737,0.1737,8264
9538,0.1736,0.20216479473029433,4.583499443617863,0.1736,0.1736,8265
6113,0.1735,0.20216389250800693,4.583478988347177,0.1735,0.1735,8266
9797,0.1734,0.2021458732019261,4.583070452926908,0.1734,0.1734,8267
3556,0.1733,0.20214134951605994,4.582967891491738,0.1733,0.1733,8268
3285,0.1732,0.2021191009258328,4.582463469338082,0.1732,0.1732,8269
2777,0.1731,0.20210670805041983,4.5821824968882,0.1731,0.1731,8270
5543,0.173,0.2020935735710307,4.5818847107245855,0.173,0.173,8271
9552,0.1729,0.20208961809398387,4.58179503177209,0.1729,0.1729,8272
4648,0.1728,0.20206622808457778,4.581264731255664,0.1728,0.1728,8273
9711,0.1727,0.2020660727312062,4.581261209069797,0.1727,0.1727,8274
5018,0.1726,0.20201930940822835,4.580200986565524,0.1726,0.1726,8275
9245,0.1725,0.20201063567241942,4.580004334803307,0.1725,0.1725,8276
9116,0.1724,0.20199790641395468,4.579715735845087,0.1724,0.1724,8277
3851,0.1723,0.20198305820313958,4.579379095797525,0.1723,0.1723,8278
4422,0.1722,0.20198268246798637,4.579370577095417,0.1722,0.1722,8279
6509,0.1721,0.2019784148942195,4.579273822256123,0.1721,0.1721,8280
9368,0.172,0.2019571439845203,4.578791566170429,0.172,0.172,8281
2607,0.1719,0.20194849753619049,4.578595533071767,0.1719,0.1719,8282
6507,0.1718,0.2019371338617974,4.578337894764227,0.1718,0.1718,8283
825,0.1717,0.2019292987426437,4.578160256198946,0.1717,0.1717,8284
3005,0.1716,0.20191436085981573,4.577821583100028,0.1716,0.1716,8285
3861,0.1715,0.20189217160375666,4.577318506177093,0.1715,0.1715,8286
4501,0.1714,0.2018888693360944,4.577243636850408,0.1714,0.1714,8287
7786,0.1713,0.20188773028150772,4.5772178120967615,0.1713,0.1713,8288
6390,0.1712,0.20188638163129882,4.577187235371517,0.1712,0.1712,8289
3036,0.1711,0.20184794053637756,4.576315695212037,0.1711,0.1711,8290
64,0.171,0.20183107042900178,4.575933214533775,0.171,0.171,8291
2955,0.1709,0.20182899224320675,4.575886097708683,0.1709,0.1709,8292
4209,0.1708,0.20180470519874366,4.575335459527099,0.1708,0.1708,8293
6311,0.1707,0.20180043778176696,4.575238708244298,0.1707,0.1707,8294
3708,0.1706,0.20179271681262342,4.575063657698411,0.1706,0.1706,8295
642,0.1705,0.20178943429531138,4.574989236153233,0.1705,0.1705,8296
899,0.1704,0.2017844850383806,4.574877026130149,0.1704,0.1704,8297
4822,0.1703,0.20177955351859178,4.574765218244607,0.1703,0.1703,8298
8553,0.1702,0.20177935233200558,4.574760656922644,0.1702,0.1702,8299
2937,0.1701,0.20177865778504503,4.574744910088384,0.1701,0.1701,8300
6721,0.17,0.20177751913460323,4.574719094498002,0.17,0.17,8301
8256,0.1699,0.20177334712470643,4.574624506292174,0.1699,0.1699,8302
8904,0.1698,0.20177326426829725,4.574622627763061,0.1698,0.1698,8303
7825,0.1697,0.20176788363959455,4.574500637639802,0.1697,0.1697,8304
6772,0.1696,0.20176571957488149,4.574451573758319,0.1696,0.1696,8305
9963,0.1695,0.20174699989003902,4.574027159283236,0.1695,0.1695,8306
1818,0.1694,0.20174633483245707,4.574012081034441,0.1694,0.1694,8307
3102,0.1693,0.20171530504063456,4.573308570646199,0.1693,0.1693,8308
6094,0.1692,0.20171436738446455,4.573287312015192,0.1692,0.1692,8309
7507,0.1691,0.2016980730661698,4.572917885682187,0.1691,0.1691,8310
3149,0.169,0.2016883640973907,4.572697763018582,0.169,0.169,8311
2840,0.1689,0.20168149725666137,4.572542077352535,0.1689,0.1689,8312
9944,0.1688,0.20166278619613184,4.572117858411033,0.1688,0.1688,8313
4475,0.1687,0.20165730593867753,4.571993609492251,0.1687,0.1687,8314
3175,0.1686,0.20165529007374072,4.571947905609894,0.1686,0.1686,8315
506,0.1685,0.20165011989616752,4.571830686853051,0.1685,0.1685,8316
7542,0.1684,0.20163489599514475,4.571485529121821,0.1684,0.1684,8317
1072,0.1683,0.20159563757649127,4.570595458523443,0.1683,0.1683,8318
9843,0.1682,0.2015907736106187,4.570485182225825,0.1682,0.1682,8319
6446,0.1681,0.2015697580615162,4.570008715699194,0.1681,0.1681,8320
2591,0.168,0.2015625589765923,4.569845497361888,0.168,0.168,8321
5796,0.1679,0.20155062446552785,4.5695749169913675,0.1679,0.1679,8322
5673,0.1678,0.20154534423178758,4.569455203029998,0.1678,0.1678,8323
5238,0.1677,0.20154155211278424,4.569369227748532,0.1677,0.1677,8324
1916,0.1676,0.20153224088329622,4.569158122667117,0.1676,0.1676,8325
4607,0.1675,0.20152144710299924,4.568913405055205,0.1675,0.1675,8326
1225,0.1674,0.20148431706917916,4.568071589398742,0.1674,0.1674,8327
9414,0.1673,0.20148286749081312,4.5680387244210126,0.1673,0.1673,8328
1111,0.1672,0.20148022643985675,4.567978846262645,0.1672,0.1672,8329
8682,0.1671,0.20146467525184794,4.567626268248536,0.1671,0.1671,8330
8451,0.167,0.20145763393270166,4.567466626791574,0.167,0.167,8331
259,0.1669,0.20143622441540548,4.566981228180876,0.1669,0.1669,8332
8457,0.1668,0.2013913814255509,4.56596454365132,0.1668,0.1668,8333
3927,0.1667,0.2013900697575895,4.565934805391254,0.1667,0.1667,8334
4036,0.1666,0.20138915291563528,4.565914018664349,0.1666,0.1666,8335
97,0.1665,0.20137386633162216,4.565567439777814,0.1665,0.1665,8336
607,0.1664,0.20136602148563162,4.565389580683681,0.1664,0.1664,8337
7712,0.1663,0.20136269688247074,4.565314204964645,0.1663,0.1663,8338
7715,0.1662,0.20135189491646346,4.565069301763623,0.1662,0.1662,8339
6371,0.1661,0.20135176257652881,4.565066301340396,0.1661,0.1661,8340
6045,0.166,0.2013405560394144,4.564812225666159,0.166,0.166,8341
6807,0.1659,0.20133461545146142,4.56467754009211,0.1659,0.1659,8342
3813,0.1658,0.20131115797659477,4.564145709990831,0.1658,0.1658,8343
462,0.1657,0.20126249220697293,4.563042355036568,0.1657,0.1657,8344
170,0.1656,0.20124860089123234,4.5627274098048565,0.1656,0.1656,8345
1646,0.1655,0.20122798484465532,4.5622600008376,0.1655,0.1655,8346
6603,0.1654,0.201219341503386,4.5620640381828785,0.1654,0.1654,8347
1808,0.1653,0.2011899664182933,4.561398043460873,0.1653,0.1653,8348
9744,0.1652,0.20118798397279988,4.561353097268959,0.1652,0.1652,8349
9457,0.1651,0.2011847560421581,4.56127991331925,0.1651,0.1651,8350
3766,0.165,0.20115712309600284,4.560653416536064,0.165,0.165,8351
5544,0.1649,0.20113308710386751,4.560108470238056,0.1649,0.1649,8352
4354,0.1648,0.20110992670102443,4.559583375383355,0.1648,0.1648,8353
5301,0.1647,0.20110508996911491,4.559473716536717,0.1647,0.1647,8354
9373,0.1646,0.2010909165033155,4.559152374373403,0.1646,0.1646,8355
272,0.1645,0.20109026934807536,4.559137702008271,0.1645,0.1645,8356
4461,0.1644,0.2010763826351881,4.558822861134344,0.1644,0.1644,8357
5765,0.1643,0.20107055325230158,4.558690696810281,0.1643,0.1643,8358
7612,0.1642,0.20106960948791022,4.558669299693939,0.1642,0.1642,8359
5489,0.1641,0.20106308788581026,4.558521441312761,0.1641,0.1641,8360
4346,0.164,0.20106164326582363,4.558488688750056,0.164,0.164,8361
2118,0.1639,0.20105136285850736,4.558255610378509,0.1639,0.1639,8362
3399,0.1638,0.20104883618396271,4.558198325372924,0.1638,0.1638,8363
9514,0.1637,0.20104367236009735,4.558081250667019,0.1637,0.1637,8364
2492,0.1636,0.2010250227214173,4.557658424285849,0.1636,0.1636,8365
1904,0.1635,0.20100605838459634,4.557228463039881,0.1635,0.1635,8366
7781,0.1634,0.20098247351753762,4.556693744690882,0.1634,0.1634,8367
1147,0.1633,0.20095746855326674,4.5561268297656135,0.1633,0.1633,8368
1696,0.1632,0.2009563337164134,4.556101100635937,0.1632,0.1632,8369
5040,0.1631,0.2009543780325715,4.556056761185589,0.1631,0.1631,8370
5173,0.163,0.20093990070872697,4.55572852992329,0.163,0.163,8371
1506,0.1629,0.20093179449701035,4.555544745120924,0.1629,0.1629,8372
3672,0.1628,0.2009233336762787,4.555352920589206,0.1628,0.1628,8373
5145,0.1627,0.20089506622174547,4.554712038172517,0.1627,0.1627,8374
8985,0.1626,0.20089053890495748,4.554609394416585,0.1626,0.1626,8375
6640,0.1625,0.20087186423309278,4.554186000479931,0.1625,0.1625,8376
3603,0.1624,0.20086688379805157,4.554073083583289,0.1624,0.1624,8377
4300,0.1623,0.20084536394414934,4.553585183410491,0.1623,0.1623,8378
9329,0.1622,0.2008381847200214,4.553422415358282,0.1622,0.1622,8379
6415,0.1621,0.20082698592267634,4.553168515160777,0.1621,0.1621,8380
8260,0.162,0.20082040959643035,4.5530194160673005,0.162,0.162,8381
2214,0.1619,0.20080155949002085,4.552592044661711,0.1619,0.1619,8382
8852,0.1618,0.20079705686735902,4.552489960773753,0.1618,0.1618,8383
6864,0.1617,0.20078607338885368,4.5522409423042856,0.1617,0.1617,8384
4076,0.1616,0.20078366249773127,4.5521862823524435,0.1616,0.1616,8385
2622,0.1615,0.20076797304049823,4.551830569485697,0.1615,0.1615,8386
1926,0.1614,0.2007634545764256,4.551728126439753,0.1614,0.1614,8387
4658,0.1613,0.2007597224387859,4.551643511059281,0.1613,0.1613,8388
3437,0.1612,0.20074769306740334,4.551370780008382,0.1612,0.1612,8389
1115,0.1611,0.2007269083053699,4.550899545907461,0.1611,0.1611,8390
1418,0.161,0.20071446937165788,4.550617529220491,0.161,0.161,8391
1759,0.1609,0.2006679515717137,4.54956287323879,0.1609,0.1609,8392
4343,0.1608,0.20066252658132067,4.549439877339783,0.1608,0.1608,8393
9188,0.1607,0.20065157696088295,4.549191626504427,0.1607,0.1607,8394
6374,0.1606,0.2006369648061644,4.548860338343965,0.1606,0.1606,8395
5348,0.1605,0.2005969993542235,4.547954237817764,0.1605,0.1605,8396
3738,0.1604,0.2005957539424086,4.5479260017229866,0.1604,0.1604,8397
6637,0.1603,0.2005956204725855,4.547922975682779,0.1603,0.1603,8398
6253,0.1602,0.20059097636678794,4.547817684074368,0.1602,0.1602,8399
3930,0.1601,0.20058157191667755,4.547604465488503,0.1601,0.1601,8400
4617,0.16,0.20058155544562636,4.5476040920541605,0.16,0.16,8401
1570,0.1599,0.20055497202461917,4.547001390206783,0.1599,0.1599,8402
6442,0.1598,0.20052978953916134,4.546430450502184,0.1598,0.1598,8403
8561,0.1597,0.2005292628244218,4.546418508776294,0.1597,0.1597,8404
7555,0.1596,0.20052375088898916,4.546293541651031,0.1596,0.1596,8405
7236,0.1595,0.20051038658113537,4.545990544793646,0.1595,0.1595,8406
8428,0.1594,0.20050935227709113,4.54596709495444,0.1594,0.1594,8407
9096,0.1593,0.2004965911029263,4.545677772399244,0.1593,0.1593,8408
3983,0.1592,0.20049050203737798,4.5455397205276,0.1592,0.1592,8409
335,0.1591,0.2004636482120197,4.544930888046061,0.1591,0.1591,8410
1765,0.159,0.20045460518170366,4.544725863603944,0.159,0.159,8411
6353,0.1589,0.2004534956982924,4.544700709290181,0.1589,0.1589,8412
5685,0.1588,0.20045205299806595,4.544668000253267,0.1588,0.1588,8413
9095,0.1587,0.2004301148781164,4.544170617112133,0.1587,0.1587,8414
7412,0.1586,0.20039316337646415,4.5433328491540825,0.1586,0.1586,8415
599,0.1585,0.20036897406927526,4.542784426881403,0.1585,0.1585,8416
7146,0.1584,0.20033907884622443,4.542106639542536,0.1584,0.1584,8417
3702,0.1583,0.2003044365981476,4.541321227202254,0.1583,0.1583,8418
2099,0.1582,0.20030083228346318,4.541239509837592,0.1582,0.1582,8419
5088,0.1581,0.20029768552990093,4.541168166340492,0.1581,0.1581,8420
6142,0.158,0.20025489223321147,4.540197952651042,0.158,0.158,8421
270,0.1579,0.20024867507821822,4.540056996722345,0.1579,0.1579,8422
5575,0.1578,0.20024339524498166,4.539937291840663,0.1578,0.1578,8423
4786,0.1577,0.20022202428057784,4.539452767304399,0.1577,0.1577,8424
9195,0.1576,0.20022116227994755,4.53943322394376,0.1576,0.1576,8425
9423,0.1575,0.2001907229129539,4.538743099722243,0.1575,0.1575,8426
4221,0.1574,0.20018813412858175,4.5386844065570635,0.1574,0.1574,8427
9795,0.1573,0.20018778558601855,4.538676504366531,0.1573,0.1573,8428
8837,0.1572,0.2001853914267087,4.5386222237586535,0.1572,0.1572,8429
3994,0.1571,0.2001665825307616,4.538195786682253,0.1571,0.1571,8430
5688,0.157,0.20016192484536785,4.538090187195773,0.157,0.157,8431
2215,0.1569,0.2001483613071211,4.537782673367976,0.1569,0.1569,8432
7535,0.1568,0.2001455696190184,4.5377193799486,0.1568,0.1568,8433
1519,0.1567,0.2001411062952483,4.537618187048662,0.1567,0.1567,8434
4286,0.1566,0.20010329505453395,4.53676092700566,0.1566,0.1566,8435
8247,0.1565,0.20003976973383836,4.535320674896463,0.1565,0.1565,8436
7807,0.1564,0.1999881357051199,4.534150023288709,0.1564,0.1564,8437
287,0.1563,0.19998395213140108,4.534055172906594,0.1563,0.1563,8438
3867,0.1562,0.19998195643423305,4.534009926271748,0.1562,0.1562,8439
2825,0.1561,0.1999801985281233,4.5339700708564825,0.1561,0.1561,8440
7811,0.156,0.19993668248989377,4.532983471101472,0.156,0.156,8441
8091,0.1559,0.19993277115486988,4.532894792942447,0.1559,0.1559,8442
7451,0.1558,0.19991291070428485,4.532444514917984,0.1558,0.1558,8443
7502,0.1557,0.1999008829809195,4.532171821231341,0.1557,0.1557,8444
2391,0.1556,0.19989116464098183,4.531951486103932,0.1556,0.1556,8445
643,0.1555,0.19988618283767717,4.531838538185957,0.1555,0.1555,8446
5129,0.1554,0.1998810407671416,4.531721956674328,0.1554,0.1554,8447
9631,0.1553,0.19987572714342244,4.531601485691763,0.1553,0.1553,8448
1816,0.1552,0.19986813548582433,4.5314293669096255,0.1552,0.1552,8449
6168,0.1551,0.19985780819691806,4.531195225633393,0.1551,0.1551,8450
5280,0.155,0.19985528126725133,4.531137934842809,0.155,0.155,8451
8136,0.1549,0.19984689441708145,4.530947787378667,0.1549,0.1549,8452
59,0.1548,0.19982913243039743,4.53054508592946,0.1548,0.1548,8453
9093,0.1547,0.1997894435360516,4.529645255543821,0.1547,0.1547,8454
7878,0.1546,0.1997878612949832,4.52960938282357,0.1546,0.1546,8455
1401,0.1545,0.19976707165167915,4.5291380380535236,0.1545,0.1545,8456
6388,0.1544,0.19972957699363272,4.528287955603007,0.1544,0.1544,8457
7178,0.1543,0.1997145772799725,4.527947880669038,0.1543,0.1543,8458
6207,0.1542,0.19970019855201865,4.527621884782164,0.1542,0.1542,8459
1041,0.1541,0.1996681729106727,4.526895796397305,0.1541,0.1541,8460
553,0.154,0.1996654751446277,4.526834632388694,0.154,0.154,8461
4909,0.1539,0.19965059534637639,4.526497276189099,0.1539,0.1539,8462
6084,0.1538,0.19963999056815304,4.5262568436487225,0.1538,0.1538,8463
9528,0.1537,0.19963028037058456,4.526036693125324,0.1537,0.1537,8464
6341,0.1536,0.1995716567249274,4.524707572259193,0.1536,0.1536,8465
7333,0.1535,0.19956311332175639,4.524513875410873,0.1535,0.1535,8466
9997,0.1534,0.1995608309975801,4.524462130338924,0.1534,0.1534,8467
4120,0.1533,0.19955687860312832,4.524372521277241,0.1533,0.1533,8468
4952,0.1532,0.19952673106821758,4.52368901349906,0.1532,0.1532,8469
7953,0.1531,0.1995183498021171,4.523498992638045,0.1531,0.1531,8470
4935,0.153,0.19951520789263985,4.523427758966766,0.153,0.153,8471
164,0.1529,0.1994998622878176,4.5230798419566085,0.1529,0.1529,8472
822,0.1528,0.19944800332204526,4.521904090554239,0.1528,0.1528,8473
2837,0.1527,0.19941126453961047,4.521071145386937,0.1527,0.1527,8474
1791,0.1526,0.1994094144572405,4.521029200144022,0.1526,0.1526,8475
1377,0.1525,0.19939799933323982,4.520770395367219,0.1525,0.1525,8476
7436,0.1524,0.19939579487071651,4.520720415582417,0.1524,0.1524,8477
1564,0.1523,0.19938376712546982,4.5204477213994085,0.1523,0.1523,8478
6083,0.1522,0.19935995310581106,4.519907807682251,0.1522,0.1522,8479
5427,0.1521,0.19935195417882337,4.51972645525002,0.1521,0.1521,8480
9980,0.152,0.1993513100848774,4.519711852290108,0.152,0.152,8481
1792,0.1519,0.19934266419656912,4.519515831887585,0.1519,0.1519,8482
3637,0.1518,0.1993313883361962,4.519260184510661,0.1518,0.1518,8483
8815,0.1517,0.1993066054384129,4.518698304296312,0.1517,0.1517,8484
77,0.1516,0.1992738439686604,4.517955533139281,0.1516,0.1516,8485
4525,0.1515,0.1992596558603278,4.517633858999069,0.1515,0.1515,8486
3961,0.1514,0.19925547299088253,4.517539024585349,0.1514,0.1514,8487
6316,0.1513,0.19925462465111385,4.517519790945226,0.1513,0.1513,8488
4099,0.1512,0.1992356764746105,4.517090196086428,0.1512,0.1512,8489
5491,0.1511,0.19923219949980203,4.517011365782445,0.1511,0.1511,8490
1905,0.151,0.1992030433181373,4.516350334060583,0.151,0.151,8491
5846,0.1509,0.19920300516687892,4.516349469091004,0.1509,0.1509,8492
9685,0.1508,0.19919084626199515,4.516073801245053,0.1508,0.1508,8493
9649,0.1507,0.19918176149133937,4.515867830460623,0.1507,0.1507,8494
3144,0.1506,0.19916102125345347,4.515397605815947,0.1506,0.1506,8495
4353,0.1505,0.19915620849638566,4.515288490530352,0.1505,0.1505,8496
7509,0.1504,0.19914010012050504,4.514923279900976,0.1504,0.1504,8497
4891,0.1503,0.19913686977542358,4.51485004120946,0.1503,0.1503,8498
5517,0.1502,0.1990741390172983,4.51342780349848,0.1502,0.1502,8499
5943,0.1501,0.19903193343248538,4.512470914467999,0.1501,0.1501,8500
25,0.15,0.1990013385908928,4.511777265310873,0.15,0.15,8501
1560,0.1499,0.19899844456557175,4.5117116516937585,0.1499,0.1499,8502
575,0.1498,0.1989947815697997,4.511628603905172,0.1498,0.1498,8503
2884,0.1497,0.19898967232784062,4.511512766684905,0.1497,0.1497,8504
3793,0.1496,0.1989865393102977,4.511441734613454,0.1496,0.1496,8505
2786,0.1495,0.19897485191630782,4.511176756906256,0.1495,0.1495,8506
6093,0.1494,0.19896456836929344,4.510943607351454,0.1494,0.1494,8507
8253,0.1493,0.1989597661955028,4.510834732011154,0.1493,0.1493,8508
4734,0.1492,0.19893456383572808,4.510263341714622,0.1492,0.1492,8509
3378,0.1491,0.19892413620621077,4.51002692550665,0.1491,0.1491,8510
5934,0.149,0.1988874150089823,4.509194379031516,0.149,0.149,8511
2147,0.1489,0.1988377408015451,4.50806816067943,0.1489,0.1489,8512
7630,0.1488,0.19882621997725886,4.5078069594570245,0.1488,0.1488,8513
6941,0.1487,0.19882061659539216,4.507679919049916,0.1487,0.1487,8514
3555,0.1486,0.19879040073050333,4.506994862088127,0.1486,0.1486,8515
9484,0.1485,0.1987638612594492,4.506393156678863,0.1485,0.1485,8516
4365,0.1484,0.19876354305749605,4.506385942374244,0.1484,0.1484,8517
1545,0.1483,0.1987604182556405,4.506315096568827,0.1483,0.1483,8518
8709,0.1482,0.1987594192425113,4.506292446848042,0.1482,0.1482,8519
4400,0.1481,0.1987454846809501,4.505976521143835,0.1481,0.1481,8520
3011,0.148,0.19874381042667158,4.50593856229092,0.148,0.148,8521
8779,0.1479,0.19873482112191745,4.505734755918784,0.1479,0.1479,8522
9937,0.1478,0.19872460689136998,4.505503177913592,0.1478,0.1478,8523
3578,0.1477,0.1986884516267159,4.504683462315983,0.1477,0.1477,8524
4484,0.1476,0.19868737009111442,4.504658941638124,0.1476,0.1476,8525
9008,0.1475,0.1986854206550973,4.504614743839479,0.1475,0.1475,8526
8493,0.1474,0.19860049733883525,4.502689354340762,0.1474,0.1474,8527
4905,0.1473,0.198557168236006,4.501706992803377,0.1473,0.1473,8528
2286,0.1472,0.19855109827696085,4.501569374114395,0.1472,0.1472,8529
669,0.1471,0.1985301501575155,4.501094436358527,0.1471,0.1471,8530
8058,0.147,0.19852004149128172,4.500865251717458,0.147,0.147,8531
7662,0.1469,0.1985168504047776,4.500792903101012,0.1469,0.1469,8532
7364,0.1468,0.19850608365746664,4.500548798381835,0.1468,0.1468,8533
8114,0.1467,0.1984551338600507,4.499393659732236,0.1467,0.1467,8534
3093,0.1466,0.19842635591571273,4.498741203441964,0.1466,0.1466,8535
1702,0.1465,0.1984255291984996,4.4987224600306766,0.1465,0.1465,8536
6504,0.1464,0.19839803276977971,4.498099058384602,0.1464,0.1464,8537
3817,0.1463,0.19839358938826518,4.497998317617275,0.1463,0.1463,8538
6357,0.1462,0.19839226695053058,4.4979683351835655,0.1462,0.1462,8539
8402,0.1461,0.19837996160133986,4.497689347136591,0.1461,0.1461,8540
3747,0.146,0.19834132424811865,4.496813357392008,0.146,0.146,8541
3921,0.1459,0.19832695318165205,4.496487535206028,0.1459,0.1459,8542
748,0.1458,0.19831840989303004,4.496293840953951,0.1458,0.1458,8543
1415,0.1457,0.1983056894053589,4.496005440849021,0.1457,0.1457,8544
7455,0.1456,0.19829282569423518,4.495713793566873,0.1456,0.1456,8545
1520,0.1455,0.19827958004021912,4.495413486841239,0.1455,0.1455,8546
4434,0.1454,0.19827913797900432,4.495403464386677,0.1454,0.1454,8547
3855,0.1453,0.19827905077381244,4.4954014872625025,0.1453,0.1453,8548
955,0.1452,0.1982624375981052,4.495024831763249,0.1452,0.1452,8549
3964,0.1451,0.1982486305193901,4.494711796362205,0.1451,0.1451,8550
6925,0.145,0.1982454425541474,4.494639518511706,0.145,0.145,8551
8826,0.1449,0.1981954166495971,4.4935053264478,0.1449,0.1449,8552
8303,0.1448,0.19818869883360152,4.493353019485086,0.1448,0.1448,8553
5597,0.1447,0.19816994629485996,4.492927860144082,0.1447,0.1447,8554
4125,0.1446,0.19815699091268307,4.492634134487965,0.1446,0.1446,8555
5506,0.1445,0.19809595977228647,4.491250430671636,0.1445,0.1445,8556
4678,0.1444,0.19809071259003816,4.491131466056823,0.1444,0.1444,8557
3917,0.1443,0.1980567766577776,4.4903620673742415,0.1443,0.1443,8558
3307,0.1442,0.19804270072857783,4.490042936569626,0.1442,0.1442,8559
5512,0.1441,0.1980356983798987,4.48988417865533,0.1441,0.1441,8560
3491,0.144,0.19802799418908554,4.489709508509145,0.144,0.144,8561
7170,0.1439,0.1980220407048314,4.48957453054796,0.1439,0.1439,8562
503,0.1438,0.19800637673011404,4.48921939542343,0.1438,0.1438,8563
6058,0.1437,0.19799628672793246,4.4889906339350585,0.1437,0.1437,8564
534,0.1436,0.19798306660362758,4.488690906020189,0.1436,0.1436,8565
103,0.1435,0.19793940632138823,4.487701035951563,0.1435,0.1435,8566
1710,0.1434,0.19792863270409392,4.4874567754750805,0.1434,0.1434,8567
887,0.1433,0.19792277018983445,4.48732385999477,0.1433,0.1433,8568
8471,0.1432,0.19791522100445078,4.487152704146706,0.1432,0.1432,8569
4039,0.1431,0.19790757033572118,4.486979247457587,0.1431,0.1431,8570
3001,0.143,0.19790411943270841,4.486901008255593,0.143,0.143,8571
953,0.1429,0.19789466651068247,4.48668669070938,0.1429,0.1429,8572
2841,0.1428,0.1978916691630416,4.486618734559619,0.1428,0.1428,8573
2573,0.1427,0.1978617046092351,4.485939375346805,0.1427,0.1427,8574
6519,0.1426,0.197845586293089,4.485573939350674,0.1426,0.1426,8575
7202,0.1425,0.19782290298628147,4.485059661262674,0.1425,0.1425,8576
2143,0.1424,0.19781444465457382,4.4848678931633765,0.1424,0.1424,8577
1392,0.1423,0.19781387221759802,4.484854914816518,0.1423,0.1423,8578
5259,0.1422,0.19780440375613517,4.484640244958284,0.1422,0.1422,8579
6012,0.1421,0.1977995147816103,4.484529401662699,0.1421,0.1421,8580
544,0.142,0.19779936017789773,4.484525896472967,0.142,0.142,8581
2387,0.1419,0.19777871260826105,4.484057772811469,0.1419,0.1419,8582
3525,0.1418,0.19777496154033947,4.483972728243426,0.1418,0.1418,8583
6375,0.1417,0.19775730091171304,4.48357232479295,0.1417,0.1417,8584
5063,0.1416,0.19774399443290477,4.4832706390403,0.1416,0.1416,8585
3846,0.1415,0.19773385732106047,4.483040809475307,0.1415,0.1415,8586
1477,0.1414,0.1977318848488632,4.482996089398812,0.1414,0.1414,8587
4550,0.1413,0.19773148110256528,4.482986935624516,0.1413,0.1413,8588
8137,0.1412,0.1977117303396398,4.482539144449907,0.1412,0.1412,8589
9483,0.1411,0.19770339604856765,4.482350188609674,0.1411,0.1411,8590
3155,0.141,0.1976735754850813,4.481674093960664,0.141,0.141,8591
8145,0.1409,0.19767326215191292,4.481666990040898,0.1409,0.1409,8592
2462,0.1408,0.1976497624544202,4.481134202665479,0.1408,0.1408,8593
2300,0.1407,0.19762896331368668,4.480662642570751,0.1407,0.1407,8594
7096,0.1406,0.19761638776698626,4.480377528579783,0.1406,0.1406,8595
6042,0.1405,0.19758048937095643,4.47956363673316,0.1405,0.1405,8596
7616,0.1404,0.1975703077799426,4.479332798732618,0.1404,0.1404,8597
2270,0.1403,0.1975642718055133,4.479195950548003,0.1403,0.1403,8598
407,0.1402,0.1975369866803661,4.47857733959695,0.1402,0.1402,8599
5702,0.1401,0.19750222498204206,4.477789219068131,0.1401,0.1401,8600
3554,0.14,0.19749935012196923,4.477724039966876,0.14,0.14,8601
2054,0.1399,0.19749856870755683,4.477706323664514,0.1399,0.1399,8602
4766,0.1398,0.1974873657997235,4.477452330273724,0.1398,0.1398,8603
1365,0.1397,0.19748552799099078,4.477410663299231,0.1397,0.1397,8604
449,0.1396,0.19745534345594723,4.476726316651171,0.1396,0.1396,8605
513,0.1395,0.1974340243001245,4.476242966724315,0.1395,0.1395,8606
7387,0.1394,0.1974251997297146,4.476042895225223,0.1394,0.1394,8607
4970,0.1393,0.1974226848306096,4.475985877193387,0.1393,0.1393,8608
2827,0.1392,0.1974224806724615,4.475981248499873,0.1392,0.1392,8609
9015,0.1391,0.19740209473571874,4.47551905660442,0.1391,0.1391,8610
6017,0.139,0.19739465754974725,4.475350440017224,0.139,0.139,8611
1738,0.1389,0.1973827051740691,4.475079454620186,0.1389,0.1389,8612
3791,0.1388,0.19732541243715485,4.47378050824154,0.1388,0.1388,8613
9424,0.1387,0.19731229667825587,4.473483146509588,0.1387,0.1387,8614
1434,0.1386,0.19730646598976107,4.47335095258522,0.1386,0.1386,8615
695,0.1385,0.19729716385740614,4.473140053756251,0.1385,0.1385,8616
2939,0.1384,0.1972942115176852,4.473073118030164,0.1384,0.1384,8617
9622,0.1383,0.19726112271411048,4.472322925529789,0.1383,0.1383,8618
4408,0.1382,0.19726102663748324,4.472320747271565,0.1382,0.1382,8619
5077,0.1381,0.1972298341170078,4.4716135474826375,0.1381,0.1381,8620
8925,0.138,0.19722704882049127,4.471550398975067,0.138,0.138,8621
4690,0.1379,0.1972188504282226,4.471364524245713,0.1379,0.1379,8622
9338,0.1378,0.19720510022462706,4.471052778322935,0.1378,0.1378,8623
1866,0.1377,0.1971994827756714,4.47092541898691,0.1377,0.1377,8624
6844,0.1376,0.1971992940412335,4.470921139980442,0.1376,0.1376,8625
238,0.1375,0.19718251710366616,4.470540771658048,0.1375,0.1375,8626
417,0.1374,0.19715988615192648,4.470027680569306,0.1374,0.1374,8627
8143,0.1373,0.19714964912963798,4.469795585826971,0.1373,0.1373,8628
1481,0.1372,0.19714032767870537,4.469584249004427,0.1372,0.1372,8629
2459,0.1371,0.19713937397241377,4.469562626485001,0.1371,0.1371,8630
1583,0.137,0.1971282115681947,4.469309551394765,0.137,0.137,8631
9639,0.1369,0.1970721435042277,4.4680383709195945,0.1369,0.1369,8632
1399,0.1368,0.19706812128276197,4.4679471787322695,0.1368,0.1368,8633
8265,0.1367,0.19705984064490503,4.467759439322968,0.1367,0.1367,8634
4413,0.1366,0.19701390466199703,4.46671797435181,0.1366,0.1366,8635
593,0.1365,0.19699969050985092,4.466395709743556,0.1365,0.1365,8636
584,0.1364,0.19699954623500737,4.466392438729839,0.1364,0.1364,8637
4867,0.1363,0.1969613949771987,4.4655274697869105,0.1363,0.1363,8638
6670,0.1362,0.19695741950006782,4.4654373373908465,0.1362,0.1362,8639
3420,0.1361,0.19695346205618097,4.465347613848502,0.1361,0.1361,8640
2313,0.136,0.19694711494383751,4.465203711514066,0.136,0.136,8641
4156,0.1359,0.1969304469096946,4.464825812259274,0.1359,0.1359,8642
4762,0.1358,0.19692026678795957,4.464595007571771,0.1358,0.1358,8643
204,0.1357,0.1968969285399352,4.4640658805934805,0.1357,0.1357,8644
9950,0.1356,0.1968864435681543,4.463828164315235,0.1356,0.1356,8645
4707,0.1355,0.19686233132276987,4.463281489197271,0.1355,0.1355,8646
8212,0.1354,0.196855450284744,4.463125481649514,0.1354,0.1354,8647
6778,0.1353,0.19685534255043402,4.4631230390863985,0.1353,0.1353,8648
8725,0.1352,0.19685072771649473,4.46301841113308,0.1352,0.1352,8649
818,0.1351,0.19680878319259945,4.4620674408999506,0.1351,0.1351,8650
8483,0.135,0.1967948079382874,4.461750592605875,0.135,0.135,8651
4543,0.1349,0.19677061721173325,4.46120213815372,0.1349,0.1349,8652
4087,0.1348,0.19676272211707135,4.461023139815905,0.1348,0.1348,8653
8262,0.1347,0.19674841719860003,4.460698817345513,0.1347,0.1347,8654
7945,0.1346,0.19672050707012628,4.4600660362592714,0.1346,0.1346,8655
1803,0.1345,0.19667847610364267,4.459113106192092,0.1345,0.1345,8656
2520,0.1344,0.19667275521699443,4.458983401706518,0.1344,0.1344,8657
1407,0.1343,0.196670939751721,4.458942241304832,0.1343,0.1343,8658
8919,0.1342,0.1966198064490349,4.457782942205972,0.1342,0.1342,8659
655,0.1341,0.1965925892526925,4.45716587134269,0.1341,0.1341,8660
5953,0.134,0.19658747057763015,4.457049820254479,0.134,0.134,8661
4596,0.1339,0.19654716741929396,4.45613606321881,0.1339,0.1339,8662
3032,0.1338,0.19654356079431443,4.456054293474109,0.1338,0.1338,8663
1088,0.1337,0.19652366830273943,4.455603289013629,0.1337,0.1337,8664
4810,0.1336,0.1965173058551918,4.45545903899859,0.1336,0.1336,8665
6414,0.1335,0.1964788830397105,4.454587913273884,0.1335,0.1335,8666
9824,0.1334,0.1964782709684595,4.45457403633572,0.1334,0.1334,8667
2727,0.1333,0.19645675272147511,4.454086172595471,0.1333,0.1333,8668
5460,0.1332,0.19645348325963397,4.454012047045305,0.1332,0.1332,8669
3767,0.1331,0.19640163755553944,4.452836596313947,0.1331,0.1331,8670
862,0.133,0.19639246718991807,4.452628684912285,0.133,0.133,8671
7606,0.1329,0.19635603165740131,4.451802615055225,0.1329,0.1329,8672
917,0.1328,0.19634239477393273,4.451493438337807,0.1328,0.1328,8673
750,0.1327,0.1963423551685319,4.45149254040099,0.1327,0.1327,8674
1249,0.1326,0.1963061563663729,4.450671837716934,0.1326,0.1326,8675
4781,0.1325,0.19630477574952,4.450640536240248,0.1325,0.1325,8676
6739,0.1324,0.1962595086091771,4.449614235330749,0.1324,0.1324,8677
1109,0.1323,0.19620580664473478,4.448396699288794,0.1323,0.1323,8678
4586,0.1322,0.1962051264559104,4.448381277982606,0.1322,0.1322,8679
5344,0.1321,0.19618126425304094,4.447840271850039,0.1321,0.1321,8680
1992,0.132,0.19608328415104562,4.445618857664547,0.132,0.132,8681
5611,0.1319,0.19607347859059682,4.445396545066495,0.1319,0.1319,8682
4940,0.1318,0.1960714051221769,4.445349535192994,0.1318,0.1318,8683
6282,0.1317,0.19605667967608276,4.445015678479804,0.1317,0.1317,8684
1453,0.1316,0.19605467241385513,4.444970169638472,0.1316,0.1316,8685
6060,0.1315,0.1960384984771252,4.444603472608576,0.1315,0.1315,8686
1661,0.1314,0.19603233767519448,4.444463794320458,0.1314,0.1314,8687
3581,0.1313,0.19602574374924034,4.444314296204843,0.1313,0.1313,8688
8043,0.1312,0.19602230381628694,4.4442363057189125,0.1312,0.1312,8689
2768,0.1311,0.1960188172593093,4.444157258168269,0.1311,0.1311,8690
3670,0.131,0.1960138933952895,4.444045623854419,0.131,0.131,8691
8325,0.1309,0.19600399984675956,4.443821316380984,0.1309,0.1309,8692
4274,0.1308,0.19599558158341068,4.4436304567139135,0.1308,0.1308,8693
5291,0.1307,0.19595409539226402,4.442689877844413,0.1307,0.1307,8694
6314,0.1306,0.1959313422565908,4.442174016589358,0.1306,0.1306,8695
9560,0.1305,0.19592361451687834,4.441998812540568,0.1305,0.1305,8696
1044,0.1304,0.19587814963920314,4.44096802851211,0.1304,0.1304,8697
6816,0.1303,0.19586172428181944,4.440595631248986,0.1303,0.1303,8698
8419,0.1302,0.19584315673442737,4.440174666049004,0.1302,0.1302,8699
1842,0.1301,0.19583643943478607,4.440022370792612,0.1301,0.1301,8700
4795,0.13,0.19580057341037635,4.439209212877829,0.13,0.13,8701
4348,0.1299,0.19579461010743995,4.43907401230688,0.1299,0.1299,8702
3552,0.1298,0.1957891391007461,4.43894997312294,0.1298,0.1298,8703
1141,0.1297,0.19575781995233724,4.438239902413797,0.1297,0.1297,8704
1469,0.1296,0.19575168392762002,4.438100785878001,0.1296,0.1296,8705
7318,0.1295,0.19574849077023201,4.438028390309654,0.1295,0.1295,8706
9161,0.1294,0.19572935921593343,4.437594637892689,0.1294,0.1294,8707
3801,0.1293,0.19572399466360826,4.437473012251159,0.1293,0.1293,8708
5717,0.1292,0.1956950521560026,4.43681682496765,0.1292,0.1292,8709
8237,0.1291,0.19568804486508995,4.43665795500213,0.1291,0.1291,8710
9897,0.129,0.19568229015528874,4.436527483675419,0.129,0.129,8711
4908,0.1289,0.1956788334915637,4.436449113866714,0.1289,0.1289,8712
8404,0.1288,0.19565685775264288,4.435950877824595,0.1288,0.1288,8713
4005,0.1287,0.1956559345419945,4.435929946704496,0.1287,0.1287,8714
8050,0.1286,0.19565392172914403,4.435884312020096,0.1286,0.1286,8715
5058,0.1285,0.19562645775402568,4.435261646166246,0.1285,0.1285,8716
8392,0.1284,0.19562050967034336,4.435126790646388,0.1284,0.1284,8717
7990,0.1283,0.19556433127025433,4.433853108621514,0.1283,0.1283,8718
1648,0.1282,0.1955418732725106,4.433343938760234,0.1282,0.1282,8719
8203,0.1281,0.19553242483509706,4.433129722889366,0.1281,0.1281,8720
9507,0.128,0.19553116750186425,4.433101216510017,0.128,0.128,8721
8104,0.1279,0.1955136666192155,4.432704434836644,0.1279,0.1279,8722
1019,0.1278,0.19551030294477675,4.432628173288818,0.1278,0.1278,8723
1196,0.1277,0.19547750406330627,4.431884553930741,0.1277,0.1277,8724
1659,0.1276,0.19545701818497838,4.431420096150115,0.1276,0.1276,8725
1920,0.1275,0.19541115274962395,4.430380230639437,0.1275,0.1275,8726
4267,0.1274,0.19539111423172661,4.4299259154573365,0.1274,0.1274,8727
2163,0.1273,0.19534743394956497,4.428935591948,0.1273,0.1273,8728
4562,0.1272,0.19534446686257284,4.428868321869809,0.1272,0.1272,8729
8524,0.1271,0.19533972785739276,4.428760878693677,0.1271,0.1271,8730
4037,0.127,0.1953313423155293,4.428570760891263,0.127,0.127,8731
4091,0.1269,0.19530450153778292,4.42796222422682,0.1269,0.1269,8732
3297,0.1268,0.1952967084035389,4.427785537546373,0.1268,0.1268,8733
1687,0.1267,0.1952901391535562,4.427636598886165,0.1267,0.1267,8734
9965,0.1266,0.1952898155158479,4.427629261341874,0.1266,0.1266,8735
1313,0.1265,0.19527219374113688,4.427229738790407,0.1265,0.1265,8736
4227,0.1264,0.19526359295080206,4.427034740853919,0.1264,0.1264,8737
5178,0.1263,0.19526226014248377,4.4270045232976925,0.1263,0.1263,8738
8396,0.1262,0.19523620432474628,4.4264137833202994,0.1262,0.1262,8739
2763,0.1261,0.19519766687335727,4.425540058559375,0.1261,0.1261,8740
4394,0.126,0.1951945538731036,4.425469480321757,0.126,0.126,8741
3796,0.1259,0.19519025393939277,4.425371991815985,0.1259,0.1259,8742
9000,0.1258,0.19517852263269858,4.425106018515341,0.1258,0.1258,8743
2522,0.1257,0.19515933227557924,4.424670932914199,0.1257,0.1257,8744
366,0.1256,0.195125799098511,4.4239106655368365,0.1256,0.1256,8745
9776,0.1255,0.19510236783397297,4.423379429678523,0.1255,0.1255,8746
320,0.1254,0.1950604794642174,4.422429732577967,0.1254,0.1254,8747
850,0.1253,0.19505087256336978,4.422211924009106,0.1253,0.1253,8748
8015,0.1252,0.19501259790776299,4.4213441573782,0.1252,0.1252,8749
6531,0.1251,0.19501177552464669,4.421325512231191,0.1251,0.1251,8750
7649,0.125,0.19501152053064216,4.421319730982158,0.125,0.125,8751
3783,0.1249,0.19498053077265629,4.420617128243969,0.1249,0.1249,8752
358,0.1248,0.19496363707667688,4.420234112762179,0.1248,0.1248,8753
1800,0.1247,0.19496251481496985,4.420208668738214,0.1247,0.1247,8754
9847,0.1246,0.19495975806264731,4.4201461673879,0.1246,0.1246,8755
463,0.1245,0.19494933934188574,4.419909953160025,0.1245,0.1245,8756
3053,0.1244,0.19493770798739832,4.41964624598568,0.1244,0.1244,8757
7379,0.1243,0.1949135733505786,4.419099063204955,0.1243,0.1243,8758
1194,0.1242,0.1949118999610023,4.419061123958361,0.1242,0.1242,8759
8468,0.1241,0.19489512187949667,4.418680729698388,0.1241,0.1241,8760
6423,0.124,0.1948834346463791,4.418415755638134,0.124,0.124,8761
7788,0.1239,0.19481704916143608,4.416910657613665,0.1239,0.1239,8762
1051,0.1238,0.1947764963997546,4.415991241545818,0.1238,0.1238,8763
7341,0.1237,0.1947734810735385,4.415922877782697,0.1237,0.1237,8764
321,0.1236,0.19468211515166994,4.413851420918279,0.1236,0.1236,8765
4545,0.1235,0.1946336829367326,4.4127533611359135,0.1235,0.1235,8766
4361,0.1234,0.1946228752549106,4.412508328347498,0.1234,0.1234,8767
8109,0.1233,0.19458370799100938,4.411620324416438,0.1233,0.1233,8768
5976,0.1232,0.19455659327096336,4.411005576906255,0.1232,0.1232,8769
6513,0.1231,0.19454227897797577,4.410681041895487,0.1231,0.1231,8770
3848,0.123,0.19453168779543573,4.410440917597977,0.123,0.123,8771
6267,0.1229,0.1945247200344649,4.410282943858624,0.1229,0.1229,8772
6972,0.1228,0.19450467826215373,4.409828554891775,0.1228,0.1228,8773
9967,0.1227,0.19448403679420695,4.409360569568328,0.1227,0.1227,8774
2439,0.1226,0.19447282767459384,4.409106435343369,0.1226,0.1226,8775
889,0.1225,0.1944577164841794,4.408763832998021,0.1225,0.1225,8776
6038,0.1224,0.19445216385897013,4.408637943351201,0.1224,0.1224,8777
3699,0.1223,0.19444896487481128,4.408565415678322,0.1223,0.1223,8778
4055,0.1222,0.19444798730264226,4.408543252068844,0.1222,0.1222,8779
3267,0.1221,0.19443428680452793,4.4082326330734585,0.1221,0.1221,8780
8692,0.122,0.19443265279170294,4.408195586579626,0.122,0.122,8781
8514,0.1219,0.19441236339420206,4.407735583430204,0.1219,0.1219,8782
7922,0.1218,0.19433725018641312,4.406032609642265,0.1218,0.1218,8783
2349,0.1217,0.1943256622509239,4.405769886868169,0.1217,0.1217,8784
1136,0.1216,0.19426576260907213,4.404411836494283,0.1216,0.1216,8785
3745,0.1215,0.19423558996927034,4.403727759536385,0.1215,0.1215,8786
7989,0.1214,0.19410851200584772,4.400846635869477,0.1214,0.1214,8787
4318,0.1213,0.19410331858156318,4.400728890059725,0.1213,0.1213,8788
4158,0.1212,0.19404393451223648,4.39938252879692,0.1212,0.1212,8789
3304,0.1211,0.19404361375717782,4.399375256606454,0.1211,0.1211,8790
6368,0.121,0.19403529311835657,4.3991866102917925,0.121,0.121,8791
6224,0.1209,0.19401003251144333,4.398613899411516,0.1209,0.1209,8792
774,0.1208,0.19400966058119193,4.398605466973424,0.1208,0.1208,8793
1333,0.1207,0.19399751168211016,4.398330025978355,0.1207,0.1207,8794
3436,0.1206,0.1939971937267854,4.398322817265468,0.1206,0.1206,8795
5588,0.1205,0.19398630206948198,4.398075880575833,0.1205,0.1205,8796
5856,0.1204,0.19398069763276263,4.3979488162533285,0.1204,0.1204,8797
1310,0.1203,0.193978473659957,4.397898394130013,0.1203,0.1203,8798
9476,0.1202,0.19393454166794627,4.396902363831804,0.1202,0.1202,8799
4925,0.1201,0.19391366527399798,4.396429052243759,0.1201,0.1201,8800
7353,0.12,0.1938783446676128,4.3956282600974825,0.12,0.12,8801
8141,0.1199,0.19386641444877778,4.3953577770426975,0.1199,0.1199,8802
257,0.1198,0.19384608227366265,4.394896804034926,0.1198,0.1198,8803
3774,0.1197,0.19381129437782965,4.394108089554166,0.1197,0.1197,8804
5955,0.1196,0.19380606309809884,4.39398948548324,0.1196,0.1196,8805
7083,0.1195,0.1937982432382926,4.3938121928777605,0.1195,0.1195,8806
957,0.1194,0.1937922961793118,4.393677360591822,0.1194,0.1194,8807
1552,0.1193,0.19377813241055986,4.393356238279981,0.1193,0.1193,8808
7575,0.1192,0.19375171450797976,4.3927572890807385,0.1192,0.1192,8809
5085,0.1191,0.19373252420233228,4.392322204646923,0.1191,0.1191,8810
6971,0.119,0.19371681758346418,4.39196610269089,0.119,0.119,8811
2063,0.1189,0.193686610573349,4.391281246487095,0.1189,0.1189,8812
8573,0.1188,0.19365340580949367,4.390528424924875,0.1188,0.1188,8813
8758,0.1187,0.19365016196359747,4.390454880141856,0.1187,0.1187,8814
3106,0.1186,0.1936293250264552,4.3899824631224496,0.1186,0.1186,8815
7216,0.1185,0.19362388607790054,4.389859150764008,0.1185,0.1185,8816
174,0.1184,0.1936078165356487,4.389494820573692,0.1184,0.1184,8817
5842,0.1183,0.19359982647512586,4.38931366916132,0.1183,0.1183,8818
8590,0.1182,0.19356672362552677,4.388563158209518,0.1182,0.1182,8819
9962,0.1181,0.1935482732616943,4.388144849806712,0.1181,0.1181,8820
5312,0.118,0.1935188224236005,4.387477137606479,0.118,0.118,8821
1495,0.1179,0.1935039673450509,4.387140341853637,0.1179,0.1179,8822
3768,0.1178,0.1934862059691536,4.386737654250223,0.1178,0.1178,8823
7515,0.1177,0.19347296045323192,4.386437350654547,0.1177,0.1177,8824
4222,0.1176,0.19347008365470983,4.386372127604206,0.1176,0.1176,8825
2883,0.1175,0.19346494456382668,4.386255613647548,0.1175,0.1175,8826
1722,0.1174,0.19346392694111905,4.38623254200941,0.1174,0.1174,8827
1358,0.1173,0.1934548712558624,4.386027230651791,0.1173,0.1173,8828
1257,0.1172,0.1934479733764722,4.385870841275117,0.1172,0.1172,8829
2053,0.1171,0.19344285049411336,4.385754694799461,0.1171,0.1171,8830
2436,0.117,0.1934272159403552,4.385400226709771,0.117,0.117,8831
8185,0.1169,0.1934250435352401,4.3853509737337335,0.1169,0.1169,8832
7219,0.1168,0.19339864846037494,4.384752542087922,0.1168,0.1168,8833
2831,0.1167,0.19339605895876025,4.384693832661395,0.1167,0.1167,8834
9790,0.1166,0.1933895434852982,4.38454611322739,0.1166,0.1166,8835
4047,0.1165,0.19338650770166535,4.384477285653049,0.1165,0.1165,8836
5120,0.1164,0.19338255699744544,4.384387714911168,0.1164,0.1164,8837
3230,0.1163,0.19338197443195157,4.3843745069310085,0.1163,0.1163,8838
5082,0.1162,0.19338197352419934,4.384374486349873,0.1162,0.1162,8839
5899,0.1161,0.19335947796422556,4.383864464876094,0.1161,0.1161,8840
4794,0.116,0.19334906212445652,4.38362831596705,0.116,0.116,8841
5417,0.1159,0.1933475050294313,4.383593013360252,0.1159,0.1159,8842
6196,0.1158,0.19334366124901342,4.383505866804843,0.1158,0.1158,8843
4631,0.1157,0.19332106130658558,4.382993478761503,0.1157,0.1157,8844
2652,0.1156,0.19332072401798106,4.382985831722671,0.1156,0.1156,8845
2183,0.1155,0.19328693959615267,4.382219868099334,0.1155,0.1155,8846
1268,0.1154,0.19328305477100938,4.382131790975231,0.1154,0.1154,8847
3523,0.1153,0.19327616091191532,4.38197549274525,0.1153,0.1153,8848
1526,0.1152,0.19327401028321636,4.381926733487933,0.1152,0.1152,8849
7326,0.1151,0.19325749110415583,4.381552209089957,0.1151,0.1151,8850
6331,0.115,0.1932382473122282,4.3811159120090615,0.115,0.115,8851
1515,0.1149,0.19322563987565547,4.380830075009107,0.1149,0.1149,8852
673,0.1148,0.1932242062860141,4.380797572528869,0.1148,0.1148,8853
459,0.1147,0.1931777399460313,4.3797440832518175,0.1147,0.1147,8854
3987,0.1146,0.19316892647358463,4.379544263365969,0.1146,0.1146,8855
2779,0.1145,0.19315083992565876,4.379134203432294,0.1145,0.1145,8856
9931,0.1144,0.19308915431171675,4.377735661329455,0.1144,0.1144,8857
1053,0.1143,0.19307210342277162,4.377349081954305,0.1143,0.1143,8858
4927,0.1142,0.19305804177479066,4.377030274935465,0.1142,0.1142,8859
4359,0.1141,0.1930233666487757,4.37624411718238,0.1141,0.1141,8860
8886,0.114,0.19300940532396618,4.375927584699166,0.114,0.114,8861
1130,0.1139,0.19300243888953716,4.375769641035423,0.1139,0.1139,8862
6629,0.1138,0.19300095758131264,4.375736056674005,0.1138,0.1138,8863
595,0.1137,0.19299606666123845,4.375625169269572,0.1137,0.1137,8864
703,0.1136,0.1929225994594522,4.373959513886765,0.1136,0.1136,8865
1783,0.1135,0.19285707734382349,4.372473990252756,0.1135,0.1135,8866
2481,0.1134,0.19285367482145124,4.372396847942643,0.1134,0.1134,8867
3023,0.1133,0.19284625677161646,4.372228665211462,0.1133,0.1133,8868
8512,0.1132,0.19284123614008802,4.372114836976112,0.1132,0.1132,8869
4958,0.1131,0.19283041305261536,4.3718694549085155,0.1131,0.1131,8870
9144,0.113,0.1927608190645078,4.370291613393024,0.113,0.113,8871
8885,0.1129,0.19276007174465826,4.370274670087138,0.1129,0.1129,8872
1341,0.1128,0.192729215851356,4.369575102341559,0.1128,0.1128,8873
5148,0.1127,0.19266579888000224,4.368137306737945,0.1127,0.1127,8874
8999,0.1126,0.19263849762982455,4.367518330199205,0.1126,0.1126,8875
7352,0.1125,0.19263713460075085,4.367487427474741,0.1125,0.1125,8876
8805,0.1124,0.19263253577053566,4.367383162358214,0.1124,0.1124,8877
9279,0.1123,0.19262833132392837,4.367287838745972,0.1123,0.1123,8878
1744,0.1122,0.19262730466375882,4.367264562207547,0.1122,0.1122,8879
5633,0.1121,0.1926195699124009,4.367089199190866,0.1121,0.1121,8880
2112,0.112,0.19260764662637148,4.366818873317033,0.112,0.112,8881
8741,0.1119,0.19260671997571288,4.366797864204165,0.1119,0.1119,8882
5889,0.1118,0.19260491537378718,4.366756950098442,0.1118,0.1118,8883
5907,0.1117,0.19259618062526654,4.366558915048096,0.1117,0.1117,8884
3967,0.1116,0.1925887613893693,4.366390705427924,0.1116,0.1116,8885
8006,0.1115,0.1925618549360754,4.365780679761142,0.1115,0.1115,8886
9042,0.1114,0.19253940966006802,4.365271798329566,0.1114,0.1114,8887
985,0.1113,0.19253646807966918,4.365205106539193,0.1113,0.1113,8888
9527,0.1112,0.19252057361048852,4.364844745623143,0.1112,0.1112,8889
7537,0.1111,0.19249291807486374,4.364217736690609,0.1111,0.1111,8890
1667,0.111,0.19245594796279375,4.363379546794637,0.111,0.111,8891
8576,0.1109,0.19243701694507656,4.362950340962389,0.1109,0.1109,8892
3430,0.1108,0.19243259230785492,4.362850025165619,0.1108,0.1108,8893
2881,0.1107,0.19240597583829505,4.362246574039223,0.1107,0.1107,8894
3301,0.1106,0.19238505587348462,4.3617722746084535,0.1106,0.1106,8895
2295,0.1105,0.19238439384179296,4.3617572649624465,0.1105,0.1105,8896
1066,0.1104,0.1923588331011779,4.361177749421208,0.1104,0.1104,8897
8231,0.1103,0.19235874619837148,4.361175779151917,0.1103,0.1103,8898
2800,0.1102,0.1923537234367274,4.361061902622654,0.1102,0.1102,8899
1703,0.1101,0.19229756430772502,4.359788657511799,0.1101,0.1101,8900
4213,0.11,0.19228255941699246,4.359448465202887,0.11,0.11,8901
5026,0.1099,0.1922545875683069,4.358814284790097,0.1099,0.1099,8902
2843,0.1098,0.19225036148932764,4.358718470725444,0.1098,0.1098,8903
576,0.1097,0.19224106841749006,4.358507777317374,0.1097,0.1097,8904
7239,0.1096,0.1922107971650095,4.3578214646051485,0.1096,0.1096,8905
2517,0.1095,0.19220352275300143,4.357656538444041,0.1095,0.1095,8906
3492,0.1094,0.19220165956350033,4.357614296034848,0.1094,0.1094,8907
1152,0.1093,0.1921914863925761,4.357383648935833,0.1093,0.1093,8908
9427,0.1092,0.19217489230059723,4.357007426105377,0.1092,0.1092,8909
2586,0.1091,0.19216821660829975,4.356856074173949,0.1091,0.1091,8910
9495,0.109,0.19215233717174937,4.356496054079155,0.109,0.109,8911
4367,0.1089,0.1921460267768303,4.356352984206363,0.1089,0.1089,8912
6441,0.1088,0.1921258015386177,4.355894435682751,0.1088,0.1088,8913
2798,0.1087,0.192121233939798,4.355790878648314,0.1087,0.1087,8914
861,0.1086,0.19211853158964357,4.355729610708739,0.1086,0.1086,8915
9746,0.1085,0.19210092314250704,4.35533039032203,0.1085,0.1085,8916
1052,0.1084,0.19207771850046956,4.35480429247178,0.1084,0.1084,8917
8817,0.1083,0.19205420825127476,4.354271265867184,0.1083,0.1083,8918
7465,0.1082,0.19203707147401355,4.353882739223408,0.1082,0.1082,8919
1156,0.1081,0.19203698664229094,4.353880815910505,0.1081,0.1081,8920
4153,0.108,0.19203361551833723,4.353804385468236,0.108,0.108,8921
1486,0.1079,0.19203060843759628,4.353736208647798,0.1079,0.1079,8922
3737,0.1078,0.19202224251019187,4.353546535545638,0.1078,0.1078,8923
614,0.1077,0.1920206519231226,4.353510473605282,0.1077,0.1077,8924
4638,0.1076,0.1920162094862999,4.353409754255564,0.1076,0.1076,8925
5055,0.1075,0.19199611493858185,4.352954168759817,0.1075,0.1075,8926
4779,0.1074,0.19199099953181986,4.352838191770725,0.1074,0.1074,8927
4022,0.1073,0.19195041272387994,4.351918003802935,0.1073,0.1073,8928
2130,0.1072,0.19192860972294243,4.351423684094287,0.1072,0.1072,8929
2416,0.1071,0.1919198615352781,4.3512253443503415,0.1071,0.1071,8930
5338,0.107,0.19191560574289798,4.351128856622284,0.107,0.107,8931
668,0.1069,0.19184428894052832,4.349511955298635,0.1069,0.1069,8932
3609,0.1068,0.19181933810525292,4.348946267589347,0.1068,0.1068,8933
8510,0.1067,0.19181048434842957,4.3487455343728865,0.1067,0.1067,8934
8811,0.1066,0.1917780300088905,4.348009726502527,0.1066,0.1066,8935
1686,0.1065,0.19175359225109728,4.3474556713347,0.1065,0.1065,8936
3539,0.1064,0.19175337311403212,4.34745070303879,0.1064,0.1064,8937
3484,0.1063,0.1917497175588057,4.347367823942951,0.1063,0.1063,8938
9595,0.1062,0.19169605074046242,4.346151084735185,0.1062,0.1062,8939
47,0.1061,0.19165629333898135,4.345249701150029,0.1061,0.1061,8940
1423,0.106,0.19164514372631783,4.3449969160714295,0.106,0.106,8941
6770,0.1059,0.1916375703833352,4.344825212519681,0.1059,0.1059,8942
8336,0.1058,0.1916342704620529,4.344750396391436,0.1058,0.1058,8943
2101,0.1057,0.19162656575046688,4.344575714437176,0.1057,0.1057,8944
5339,0.1056,0.1916187905556809,4.3443994344821695,0.1056,0.1056,8945
6111,0.1055,0.19155543146740628,4.34296295120899,0.1055,0.1055,8946
5513,0.1054,0.19153860605218395,4.342581483796542,0.1054,0.1054,8947
2828,0.1053,0.19153431683535257,4.342484238265636,0.1053,0.1053,8948
1220,0.1052,0.19152174884475365,4.34219929558808,0.1052,0.1052,8949
8816,0.1051,0.19151729439487497,4.3420983038757495,0.1051,0.1051,8950
5209,0.105,0.19151309771167252,4.3420031562764025,0.105,0.105,8951
4704,0.1049,0.191504626710477,4.341811100931673,0.1049,0.1049,8952
9165,0.1048,0.19149875606075625,4.3416780010027525,0.1048,0.1048,8953
4972,0.1047,0.19145098380535994,4.340594903888105,0.1047,0.1047,8954
472,0.1046,0.19141299777101595,4.33973368090538,0.1046,0.1046,8955
3507,0.1045,0.19140709451348978,4.339599841690234,0.1045,0.1045,8956
5488,0.1044,0.1913949358125027,4.339324178466079,0.1044,0.1044,8957
2891,0.1043,0.1913637663479504,4.338617501401803,0.1043,0.1043,8958
6451,0.1042,0.19133845205406827,4.3380435733248435,0.1042,0.1042,8959
9588,0.1041,0.1912918710447779,4.336987484255498,0.1041,0.1041,8960
4162,0.104,0.19126663850687944,4.336415409757041,0.104,0.104,8961
7718,0.1039,0.19125203938103688,4.336084416987494,0.1039,0.1039,8962
8445,0.1038,0.1912388990002008,4.33578649702522,0.1038,0.1038,8963
8807,0.1037,0.1912246279083996,4.335462941475532,0.1037,0.1037,8964
1534,0.1036,0.19121341698545774,4.335208766364097,0.1036,0.1036,8965
291,0.1035,0.19120609743662448,4.335042816856478,0.1035,0.1035,8966
7010,0.1034,0.19118512780566904,4.334567391391425,0.1034,0.1034,8967
9548,0.1033,0.19117317300822706,4.334296351086273,0.1033,0.1033,8968
5865,0.1032,0.19116930528289924,4.334208661650003,0.1032,0.1032,8969
4549,0.1031,0.19113505191873778,4.3334320661222065,0.1031,0.1031,8970
1112,0.103,0.19111867716999034,4.333060816262491,0.103,0.103,8971
5978,0.1029,0.19107843073048864,4.332148345159518,0.1029,0.1029,8972
8234,0.1028,0.19104009921622872,4.331279289425187,0.1028,0.1028,8973
4536,0.1027,0.19101963683202078,4.330815364304509,0.1027,0.1027,8974
3364,0.1026,0.1909974480596497,4.330312298348463,0.1026,0.1026,8975
8588,0.1025,0.1909754238913483,4.329812964311899,0.1025,0.1025,8976
8698,0.1024,0.19097199342619794,4.32973518847931,0.1024,0.1024,8977
8650,0.1023,0.19097133949668715,4.329720362526474,0.1023,0.1023,8978
4051,0.1022,0.19097062530461625,4.329704170296532,0.1022,0.1022,8979
6173,0.1021,0.19094305316622212,4.329079052154051,0.1021,0.1021,8980
6998,0.102,0.190908249619547,4.328289982835261,0.102,0.102,8981
4358,0.1019,0.19089285312013,4.327940911936795,0.1019,0.1019,8982
9131,0.1018,0.19089110676292367,4.327901318360755,0.1018,0.1018,8983
4471,0.1017,0.1908894070975008,4.327862783384266,0.1017,0.1017,8984
2162,0.1016,0.19088923544199224,4.327858891594171,0.1016,0.1016,8985
7625,0.1015,0.19086814236379426,4.327380667319739,0.1015,0.1015,8986
8863,0.1014,0.19086395546013546,4.327285741442825,0.1014,0.1014,8987
4971,0.1013,0.19083872093443147,4.3267136218773965,0.1013,0.1013,8988
8540,0.1012,0.19074758333236885,4.324647341499134,0.1012,0.1012,8989
9076,0.1011,0.19073826254025875,4.324436019614499,0.1011,0.1011,8990
1396,0.101,0.19070949401966444,4.323783776981162,0.101,0.101,8991
6885,0.1009,0.1907071872897512,4.323731478581497,0.1009,0.1009,8992
3303,0.1008,0.19070604469846497,4.323705573642804,0.1008,0.1008,8993
3836,0.1007,0.19068294216127407,4.323181790724317,0.1007,0.1007,8994
828,0.1006,0.19067335441309127,4.322964416385521,0.1006,0.1006,8995
7365,0.1005,0.19065375910462568,4.3225201496895265,0.1005,0.1005,8996
1187,0.1004,0.190602493159511,4.321357843308808,0.1004,0.1004,8997
2509,0.1003,0.19056276342834955,4.320457087066116,0.1003,0.1003,8998
5051,0.1002,0.19053117776748382,4.319740973960378,0.1002,0.1002,8999
4029,0.1001,0.19050137915264245,4.319065376932263,0.1001,0.1001,9000
3614,0.1,0.19046675643415106,4.318280407368721,0.1,0.1,9001
4598,0.0999,0.19046209059731928,4.318174623071966,0.0999,0.0999,9002
9808,0.0998,0.19045532883616545,4.31802131977946,0.0998,0.0998,9003
9291,0.0997,0.1904548988825852,4.318011571832904,0.0997,0.0997,9004
768,0.0996,0.19043595955019021,4.3175821774875,0.0996,0.0996,9005
1150,0.0995,0.19043039564453768,4.317456032089776,0.0995,0.0995,9006
1490,0.0994,0.1904245940096139,4.3173244968710405,0.0994,0.0994,9007
1953,0.0993,0.1904104363376042,4.317003512785738,0.0993,0.0993,9008
149,0.0992,0.19040240704905717,4.316821471991346,0.0992,0.0992,9009
2603,0.0991,0.19040042324997708,4.316776495111618,0.0991,0.0991,9010
9083,0.099,0.19039037975063416,4.316548787939303,0.099,0.099,9011
2239,0.0989,0.19038931532237224,4.316524655121083,0.0989,0.0989,9012
1408,0.0988,0.1903777760483866,4.316263035603335,0.0988,0.0988,9013
698,0.0987,0.19035355590721734,4.315713914259881,0.0987,0.0987,9014
5005,0.0986,0.19033874207207965,4.315378053582313,0.0986,0.0986,9015
9023,0.0985,0.19032908967875065,4.3151592136025645,0.0985,0.0985,9016
101,0.0984,0.19032709605521317,4.315114013981336,0.0984,0.0984,9017
2745,0.0983,0.19031796524176942,4.314906999310215,0.0983,0.0983,9018
4090,0.0982,0.19031020031732107,4.314730952205561,0.0982,0.0982,9019
6218,0.0981,0.19029361375266832,4.314354900034935,0.0981,0.0981,9020
2751,0.098,0.19028794092707363,4.314226285194037,0.098,0.098,9021
2694,0.0979,0.19028666747432635,4.3141974133524545,0.0979,0.0979,9022
4666,0.0978,0.19026550373337275,4.313717587005279,0.0978,0.0978,9023
4578,0.0977,0.19025895998272044,4.313569226467864,0.0977,0.0977,9024
9135,0.0976,0.19023185326560005,4.312954660401444,0.0976,0.0976,9025
6039,0.0975,0.19020659711320909,4.312382050514076,0.0975,0.0975,9026
6753,0.0974,0.19016286218688852,4.311390488105752,0.0974,0.0974,9027
6498,0.0973,0.1901216004245022,4.310454997506922,0.0973,0.0973,9028
5802,0.0972,0.19011846100047783,4.310383820187009,0.0972,0.0972,9029
2943,0.0971,0.19009938031759152,4.3099512211318824,0.0971,0.0971,9030
6552,0.097,0.1900921814106149,4.309788006828359,0.097,0.097,9031
3568,0.0969,0.1900869454444515,4.309669296505476,0.0969,0.0969,9032
1171,0.0968,0.1900719671455698,4.309329707089176,0.0968,0.0968,9033
1980,0.0967,0.19007003343893028,4.309285865908452,0.0967,0.0967,9034
1617,0.0966,0.1900601878746311,4.309062646339146,0.0966,0.0966,9035
747,0.0965,0.19004895305271804,4.308807929388065,0.0965,0.0965,9036
1129,0.0964,0.19002780094855404,4.308328366872392,0.0964,0.0964,9037
4689,0.0963,0.19000587122425328,4.307831174078511,0.0963,0.0963,9038
203,0.0962,0.1899873219654138,4.307410623517947,0.0962,0.0962,9039
6266,0.0961,0.18997950037830494,4.3072332917526746,0.0961,0.0961,9040
8991,0.096,0.18996980605274352,4.307013501081814,0.096,0.096,9041
1367,0.0959,0.18993966669260084,4.306330178643906,0.0959,0.0959,9042
2281,0.0958,0.1898715170917641,4.3047850844140685,0.0958,0.0958,9043
243,0.0957,0.18985209282326365,4.304344695553853,0.0957,0.0957,9044
1332,0.0956,0.1898487900697282,4.304269815210195,0.0956,0.0956,9045
5603,0.0955,0.18984855945700585,4.304264586737122,0.0955,0.0955,9046
8706,0.0954,0.18983103774327123,4.303867332778593,0.0954,0.0954,9047
2264,0.0953,0.18979279964092555,4.303000394886647,0.0953,0.0953,9048
6889,0.0952,0.18978602341620768,4.302846763675111,0.0952,0.0952,9049
5192,0.0951,0.18976513150676808,4.30237310031909,0.0951,0.0951,9050
348,0.095,0.1897529789489681,4.302097576373754,0.095,0.095,9051
208,0.0949,0.1897521584287428,4.3020789734615095,0.0949,0.0949,9052
8122,0.0948,0.1897430864441912,4.301873292565038,0.0948,0.0948,9053
5832,0.0947,0.1897325732957417,4.301634937464381,0.0947,0.0947,9054
6092,0.0946,0.18973079853826244,4.301594699994077,0.0946,0.0946,9055
4652,0.0945,0.18971609327583971,4.301261300886292,0.0945,0.0945,9056
8249,0.0944,0.18970537157485365,4.3010182174624,0.0944,0.0944,9057
3199,0.0943,0.18965603614557852,4.299899679919883,0.0943,0.0943,9058
4651,0.0942,0.1896229866497429,4.299150378608903,0.0942,0.0942,9059
6471,0.0941,0.18960905148945847,4.298834439330442,0.0941,0.0941,9060
3675,0.094,0.1895988187976217,4.298602442768022,0.094,0.094,9061
1135,0.0939,0.18959670476826007,4.298554513293831,0.0939,0.0939,9062
856,0.0938,0.18959438768588302,4.298501980182076,0.0938,0.0938,9063
2405,0.0937,0.18952387670868015,4.2969033486032195,0.0937,0.0937,9064
1945,0.0936,0.1894907062141991,4.296151303998784,0.0936,0.0936,9065
7839,0.0935,0.18946470426641773,4.295561785367444,0.0935,0.0935,9066
4298,0.0934,0.18940112095519074,4.2941202184913125,0.0934,0.0934,9067
4994,0.0933,0.1894001137603797,4.294097383275254,0.0933,0.0933,9068
9062,0.0932,0.18933312838042948,4.2925786843736615,0.0932,0.0932,9069
3100,0.0931,0.18931945581671336,4.292268698708373,0.0931,0.0931,9070
8064,0.093,0.1893187894081165,4.292253589829769,0.093,0.093,9071
2317,0.0929,0.18931850393367677,4.292247117526672,0.0929,0.0929,9072
6824,0.0928,0.18931839595654035,4.292244669457751,0.0928,0.0928,9073
1165,0.0927,0.18930963729914663,4.292046092345261,0.0927,0.0927,9074
1829,0.0926,0.18930721898526218,4.291991264102968,0.0926,0.0926,9075
4344,0.0925,0.18922544851489517,4.290137356225972,0.0925,0.0925,9076
6285,0.0924,0.18919996081997417,4.289559496783606,0.0924,0.0924,9077
7814,0.0923,0.18917060110778253,4.28889385059729,0.0923,0.0923,9078
7017,0.0922,0.18914226417585905,4.2882513929836,0.0922,0.0922,9079
3091,0.0921,0.18911617666847924,4.287659934536391,0.0921,0.0921,9080
495,0.092,0.18909879113175446,4.287265767994998,0.092,0.092,9081
1671,0.0919,0.18904993692577488,4.2861581407943605,0.0919,0.0919,9082
6579,0.0918,0.18904267198360938,4.28599342933384,0.0918,0.0918,9083
8200,0.0917,0.18903029493131226,4.285712815628475,0.0917,0.0917,9084
7466,0.0916,0.18902894660367334,4.285682246215673,0.0916,0.0916,9085
263,0.0915,0.1889885050877031,4.28476535232092,0.0915,0.0915,9086
7529,0.0914,0.18891426786896626,4.283082239040733,0.0914,0.0914,9087
221,0.0913,0.18885684320090862,4.281780301507686,0.0913,0.0913,9088
1837,0.0912,0.18885654392519638,4.281773516300399,0.0912,0.0912,9089
9257,0.0911,0.18885576258487866,4.281755801678422,0.0911,0.0911,9090
905,0.091,0.18885575832906165,4.281755705190924,0.091,0.091,9091
9908,0.0909,0.18885206347212116,4.281671935042803,0.0909,0.0909,9092
723,0.0908,0.18884460451813884,4.281502824928886,0.0908,0.0908,9093
6303,0.0907,0.1888387987245082,4.281371195423995,0.0907,0.0907,9094
7066,0.0906,0.18882853167077251,4.281138419806298,0.0906,0.0906,9095
9542,0.0905,0.18881872288759838,4.280916034141742,0.0905,0.0905,9096
6364,0.0904,0.18879598370991751,4.280400489342238,0.0904,0.0904,9097
2282,0.0903,0.18879449110924507,4.280366648958151,0.0903,0.0903,9098
4119,0.0902,0.1887799049108415,4.28003594928222,0.0902,0.0902,9099
6472,0.0901,0.1887683724612617,4.279774484489582,0.0901,0.0901,9100
8348,0.09,0.18873788018749577,4.2790831607598365,0.09,0.09,9101
1093,0.0899,0.18872078611656223,4.278695602358335,0.0899,0.0899,9102
8800,0.0898,0.18871202802874495,4.278497038159096,0.0898,0.0898,9103
1172,0.0897,0.18870772004742198,4.278399367197739,0.0897,0.0897,9104
1417,0.0896,0.18867304827181644,4.277613285404033,0.0896,0.0896,9105
9413,0.0895,0.18862244931853506,4.276466101126212,0.0895,0.0895,9106
8963,0.0894,0.18857500385490514,4.2753904130643665,0.0894,0.0894,9107
5429,0.0893,0.18848798604720204,4.273417537057388,0.0893,0.0893,9108
9686,0.0892,0.18842536718648037,4.271997836293904,0.0892,0.0892,9109
2950,0.0891,0.18838540055490333,4.271091709023072,0.0891,0.0891,9110
5569,0.089,0.18832923624069708,4.269818346352315,0.089,0.089,9111
533,0.0889,0.18829195006180963,4.268972990560537,0.0889,0.0889,9112
230,0.0888,0.18827638659967155,4.268620134266383,0.0888,0.0888,9113
5369,0.0887,0.18825939084562807,4.268234804917152,0.0887,0.0887,9114
3936,0.0886,0.1882169937898435,4.2672735748374295,0.0886,0.0886,9115
3379,0.0885,0.1882168901509764,4.267271225127401,0.0885,0.0885,9116
424,0.0884,0.18819229448932473,4.26671358994849,0.0884,0.0884,9117
2684,0.0883,0.18816923552016818,4.266190794808219,0.0883,0.0883,9118
5411,0.0882,0.18811830973099702,4.265036200473923,0.0882,0.0882,9119
2736,0.0881,0.18810647344233503,4.264767847012479,0.0881,0.0881,9120
4510,0.088,0.18805970362168226,4.263707477192898,0.088,0.088,9121
2334,0.0879,0.18805413975961063,4.263581332782464,0.0879,0.0879,9122
5298,0.0878,0.18805171358331385,4.263526326283536,0.0878,0.0878,9123
2392,0.0877,0.18803359934944738,4.263115638650843,0.0877,0.0877,9124
969,0.0876,0.1880026617674269,4.26241421885107,0.0876,0.0876,9125
7497,0.0875,0.18793732085483975,4.2609328034691325,0.0875,0.0875,9126
8823,0.0874,0.18793142643026026,4.2607991645154835,0.0874,0.0874,9127
5709,0.0873,0.18789820163366197,4.260045888767967,0.0873,0.0873,9128
3354,0.0872,0.18789232102757142,4.25991256310843,0.0872,0.0872,9129
5310,0.0871,0.18786165564537083,4.2592173146484855,0.0871,0.0871,9130
6100,0.087,0.1878610964059619,4.2592046355187,0.087,0.087,9131
5887,0.0869,0.187813829372884,4.258132992852095,0.0869,0.0869,9132
7445,0.0868,0.18779676294810463,4.257746061246619,0.0868,0.0868,9133
3323,0.0867,0.1877692839283587,4.257123054298907,0.0867,0.0867,9134
488,0.0866,0.1877525104850229,4.256742765197944,0.0866,0.0866,9135
9059,0.0865,0.18773640493056457,4.256377618535008,0.0865,0.0865,9136
8739,0.0864,0.18770055958367304,4.255564929423824,0.0864,0.0864,9137
6730,0.0863,0.18769899234382623,4.2555293968123316,0.0863,0.0863,9138
3975,0.0862,0.18765815319786802,4.254603487813884,0.0862,0.0862,9139
6773,0.0861,0.1876536417148264,4.254501203040411,0.0861,0.0861,9140
3715,0.086,0.1876364749227941,4.254111995900911,0.086,0.086,9141
6213,0.0859,0.1876196589844464,4.253730743348272,0.0859,0.0859,9142
2974,0.0858,0.18752908038744193,4.2516771367856645,0.0858,0.0858,9143
1215,0.0857,0.18751950552066732,4.251460054496275,0.0857,0.0857,9144
2105,0.0856,0.18746964694539112,4.250329656138946,0.0856,0.0856,9145
8459,0.0855,0.1874666707275225,4.2502621790434505,0.0855,0.0855,9146
4604,0.0854,0.18733043632336577,4.247173459683004,0.0854,0.0854,9147
3844,0.0853,0.18732724835704506,4.247101181806243,0.0853,0.0853,9148
7161,0.0852,0.18732210533861118,4.2469845788046845,0.0852,0.0852,9149
6728,0.0851,0.18729858737745939,4.246451377353369,0.0851,0.0851,9150
7626,0.085,0.18727062275659767,4.24581736081027,0.085,0.085,9151
3406,0.0849,0.1872631183043009,4.245647219154522,0.0849,0.0849,9152
7613,0.0848,0.18726084237244106,4.24559561901164,0.0848,0.0848,9153
9861,0.0847,0.18725895589327535,4.245552848576385,0.0847,0.0847,9154
4583,0.0846,0.18723399013598752,4.2449868225545755,0.0846,0.0846,9155
6656,0.0845,0.1872176326650559,4.244615964418614,0.0845,0.0845,9156
2373,0.0844,0.1871933993483053,4.244066544358154,0.0844,0.0844,9157
4517,0.0843,0.1871909819456301,4.2440117367746,0.0843,0.0843,9158
583,0.0842,0.1871788459093618,4.243736587406465,0.0842,0.0842,9159
2011,0.0841,0.1871649530746469,4.243421607735874,0.0841,0.0841,9160
6938,0.084,0.18714936754779868,4.243068251190848,0.084,0.084,9161
3948,0.0839,0.18714516968378123,4.242973076819162,0.0839,0.0839,9162
8918,0.0838,0.18713163163150268,4.242666140811255,0.0838,0.0838,9163
2728,0.0837,0.18712965084542907,4.24262123224059,0.0837,0.0837,9164
6214,0.0836,0.18707956277062543,4.241485630647578,0.0836,0.0836,9165
9679,0.0835,0.18707297492867356,4.241336270468536,0.0835,0.0835,9166
9835,0.0834,0.18697705860178349,4.239161646387579,0.0834,0.0834,9167
1090,0.0833,0.18694913656988613,4.23852859542483,0.0833,0.0833,9168
457,0.0832,0.1869417562328691,4.238361267723174,0.0832,0.0832,9169
6968,0.0831,0.18693522613791982,4.23821321679015,0.0831,0.0831,9170
5593,0.083,0.18692353987665547,4.237948264763906,0.083,0.083,9171
6934,0.0829,0.18689576808089015,4.237318619970844,0.0829,0.0829,9172
4293,0.0828,0.18688679075292602,4.237115085136773,0.0828,0.0828,9173
671,0.0827,0.18687386105960488,4.236821941901552,0.0827,0.0827,9174
9143,0.0826,0.18682619670566047,4.235741291138336,0.0826,0.0826,9175
8208,0.0825,0.1866952681245926,4.232772865901375,0.0825,0.0825,9176
5682,0.0824,0.18669225868201214,4.232704635534153,0.0824,0.0824,9177
8266,0.0823,0.18667776861396454,4.232376115332953,0.0823,0.0823,9178
4070,0.0822,0.18666999373309132,4.232199842495252,0.0822,0.0822,9179
4485,0.0821,0.1866296314883266,4.23128474584556,0.0821,0.0821,9180
3439,0.082,0.1865960073919521,4.23052241713485,0.082,0.082,9181
5554,0.0819,0.18658141054423152,4.230191476017305,0.0819,0.0819,9182
2076,0.0818,0.18657710888285378,4.230093948340915,0.0818,0.0818,9183
4437,0.0817,0.18657423841206308,4.230028868754742,0.0817,0.0817,9184
2341,0.0816,0.18654201916194896,4.229298390853127,0.0816,0.0816,9185
2470,0.0815,0.18653668658455905,4.229177490151277,0.0815,0.0815,9186
2091,0.0814,0.1864685857956561,4.2276335025925,0.0814,0.0814,9187
4801,0.0813,0.18646135302293837,4.227469520481967,0.0813,0.0813,9188
9085,0.0812,0.18641787002126162,4.226483669734893,0.0812,0.0812,9189
7624,0.0811,0.18639109699329942,4.225876669098317,0.0811,0.0811,9190
596,0.081,0.1863899996463126,4.225851789943358,0.081,0.081,9191
9682,0.0809,0.18637129085281282,4.225427622398958,0.0809,0.0809,9192
6437,0.0808,0.18635049303166026,4.224956092220175,0.0808,0.0808,9193
8607,0.0807,0.18630845119060907,4.224002915603239,0.0807,0.0807,9194
2672,0.0806,0.1863052708316228,4.223930810203422,0.0806,0.0806,9195
4973,0.0805,0.18630246397364736,4.223867172852015,0.0805,0.0805,9196
675,0.0804,0.18625491731843982,4.2227891905655435,0.0804,0.0804,9197
8685,0.0803,0.18621182456330532,4.2218121875240975,0.0803,0.0803,9198
4463,0.0802,0.1861964780419825,4.221464249734025,0.0802,0.0802,9199
7993,0.0801,0.18619553839791167,4.221442946034253,0.0801,0.0801,9200
4643,0.08,0.18618680727836306,4.221244993262781,0.08,0.08,9201
7923,0.0799,0.18611837933061512,4.219693588325609,0.0799,0.0799,9202
5309,0.0798,0.1860404292702495,4.217926297147896,0.0798,0.0798,9203
2120,0.0797,0.1860315515869979,4.217725021469558,0.0797,0.0797,9204
5963,0.0796,0.18602420540884154,4.217558468220412,0.0796,0.0796,9205
9959,0.0795,0.18600697184948134,4.2171677473242974,0.0795,0.0795,9206
7336,0.0794,0.18598709839271607,4.216717174422586,0.0794,0.0794,9207
5607,0.0793,0.1859660957352711,4.216241000177158,0.0793,0.0793,9208
8117,0.0792,0.185929697822543,4.215415783239112,0.0792,0.0792,9209
4862,0.0791,0.1859178197039915,4.215146481406931,0.0791,0.0791,9210
6487,0.079,0.18590091141114937,4.214763134983323,0.079,0.079,9211
5404,0.0789,0.18588740343732632,4.214456880917307,0.0789,0.0789,9212
3125,0.0788,0.18588545033426593,4.214412599979641,0.0788,0.0788,9213
5901,0.0787,0.18588397884971103,4.2143792383419285,0.0787,0.0787,9214
3499,0.0786,0.18576251187789022,4.211625327610326,0.0786,0.0786,9215
6814,0.0785,0.1857081453491778,4.210392724503469,0.0785,0.0785,9216
4304,0.0784,0.18568542198268184,4.209877538176855,0.0784,0.0784,9217
4659,0.0783,0.18565840651841206,4.209265041004474,0.0783,0.0783,9218
3667,0.0782,0.18562200403717424,4.208439720489221,0.0782,0.0782,9219
3781,0.0781,0.1856167942145942,4.208321602896265,0.0781,0.0781,9220
8416,0.078,0.1856105983709364,4.208181130139306,0.078,0.078,9221
5179,0.0779,0.18560441074071732,4.208040843599631,0.0779,0.0779,9222
6241,0.0778,0.18558830000899587,4.207675579558247,0.0778,0.0778,9223
5723,0.0777,0.1855523702435358,4.20686097650111,0.0777,0.0777,9224
7323,0.0776,0.18551687335147965,4.206056187589299,0.0776,0.0776,9225
7052,0.0775,0.18551466412249396,4.206006099740154,0.0775,0.0775,9226
8587,0.0774,0.18549905535463193,4.205652216270614,0.0774,0.0774,9227
5262,0.0773,0.18547924839922927,4.205203151095017,0.0773,0.0773,9228
3631,0.0772,0.1853745761899297,4.20283001281526,0.0772,0.0772,9229
7719,0.0771,0.18535774439381564,4.202448400735034,0.0771,0.0771,9230
4570,0.077,0.18528251794477993,4.20074285953099,0.077,0.077,9231
6344,0.0769,0.18527245660527839,4.200514747884592,0.0769,0.0769,9232
9002,0.0768,0.185215205089962,4.1992167360885375,0.0768,0.0768,9233
8408,0.0767,0.1852021332370807,4.198920369797087,0.0767,0.0767,9234
328,0.0766,0.18515374518995711,4.197823311392192,0.0766,0.0766,9235
8711,0.0765,0.18510517138970797,4.196722041576417,0.0765,0.0765,9236
8549,0.0764,0.18504254948007126,4.195302271688093,0.0764,0.0764,9237
6200,0.0763,0.18504142401897428,4.195276755127073,0.0763,0.0763,9238
8216,0.0762,0.18502317675391053,4.194863051399412,0.0762,0.0762,9239
1894,0.0761,0.18498406276110332,4.193976255236699,0.0761,0.0761,9240
7112,0.076,0.18485908399004614,4.191142724658503,0.076,0.076,9241
2198,0.0759,0.18482270034196177,4.190317831130027,0.0759,0.0759,9242
7554,0.0758,0.18476431429313292,4.188994097080826,0.0758,0.0758,9243
84,0.0757,0.1847311576271645,4.188242365998465,0.0757,0.0757,9244
598,0.0756,0.18468806303005186,4.187265321196603,0.0756,0.0756,9245
4599,0.0755,0.18465622546619212,4.186543496921077,0.0755,0.0755,9246
250,0.0754,0.18463810900533012,4.1861327587991015,0.0754,0.0754,9247
4140,0.0753,0.18461353350830534,4.185575580794288,0.0753,0.0753,9248
1550,0.0752,0.1846123542711191,4.185548845016584,0.0752,0.0752,9249
9510,0.0751,0.18456806317228128,4.184544673013929,0.0751,0.0751,9250
976,0.075,0.1844764223128471,4.182466982737627,0.075,0.075,9251
4720,0.0749,0.18439488961895578,4.180618465751401,0.0749,0.0749,9252
8342,0.0748,0.18435393604101394,4.179689962338311,0.0748,0.0748,9253
8733,0.0747,0.18432642552209952,4.179066241239172,0.0747,0.0747,9254
4989,0.0746,0.18432220099302174,4.178970462314239,0.0746,0.0746,9255
2139,0.0745,0.18432118299461278,4.178947382157079,0.0745,0.0745,9256
3302,0.0744,0.1842790717569509,4.177992632173846,0.0744,0.0744,9257
2833,0.0743,0.18422527349806334,4.176772912935835,0.0743,0.0743,9258
5011,0.0742,0.18419572524110794,4.176102992044264,0.0742,0.0742,9259
5892,0.0741,0.18416966936940993,4.17551225084467,0.0741,0.0741,9260
3669,0.074,0.18416631235247605,4.175436140237781,0.074,0.074,9261
295,0.0739,0.18415517302016288,4.175183588235211,0.0739,0.0739,9262
1650,0.0738,0.18414805449194574,4.175022196288466,0.0738,0.0738,9263
3134,0.0737,0.18411565258613286,4.174287577199351,0.0737,0.0737,9264
5710,0.0736,0.18409873900292137,4.1739041108321615,0.0736,0.0736,9265
5918,0.0735,0.18407669995413317,4.173404439423681,0.0735,0.0735,9266
1394,0.0734,0.18403372486947045,4.172430104219155,0.0734,0.0734,9267
2978,0.0733,0.18401884221545223,4.172092683272201,0.0733,0.0733,9268
7027,0.0732,0.184011300124733,4.171921688274728,0.0732,0.0732,9269
4081,0.0731,0.18396669695546747,4.170910440980709,0.0731,0.0731,9270
9378,0.073,0.1839592052744622,4.170740588877127,0.073,0.073,9271
8794,0.0729,0.1839245378050336,4.169954604714583,0.0729,0.0729,9272
5182,0.0728,0.1839200579473518,4.169853036955389,0.0728,0.0728,9273
3031,0.0727,0.18379683987205353,4.167059425040535,0.0727,0.0727,9274
7738,0.0726,0.1837465462896214,4.165919164157752,0.0726,0.0726,9275
4953,0.0725,0.18374423984854268,4.165866872306856,0.0725,0.0725,9276
5662,0.0724,0.18372091198123572,4.1653379806806266,0.0724,0.0724,9277
2911,0.0723,0.18368711838060145,4.164571808954698,0.0723,0.0723,9278
2113,0.0722,0.18366170473387688,4.16399562834179,0.0722,0.0722,9279
4239,0.0721,0.1836095524309856,4.162813226373371,0.0721,0.0721,9280
1882,0.072,0.18356831384128236,4.16187826114734,0.072,0.072,9281
6527,0.0719,0.18356614807632848,4.161829158718013,0.0719,0.0719,9282
5433,0.0718,0.1835148677099379,4.1606665253758415,0.0718,0.0718,9283
233,0.0717,0.18350687381023145,4.160485286921723,0.0717,0.0717,9284
5769,0.0716,0.18344188987606322,4.159011964989467,0.0716,0.0716,9285
6647,0.0715,0.183403505965484,4.158141721320817,0.0715,0.0715,9286
6138,0.0714,0.1833713843146674,4.157413456198818,0.0714,0.0714,9287
5322,0.0713,0.18336230918153987,4.157207703918453,0.0713,0.0713,9288
5792,0.0712,0.18335511683137315,4.15704463827209,0.0712,0.0712,9289
2380,0.0711,0.18332944506802354,4.156462605612863,0.0711,0.0711,9290
3017,0.071,0.18320089718791233,4.153548155854251,0.071,0.071,9291
1974,0.0709,0.18311315853198243,4.15155893670719,0.0709,0.0709,9292
8930,0.0708,0.1830731256113489,4.1506513065262665,0.0708,0.0708,9293
9699,0.0707,0.18305280315584788,4.150190553882695,0.0707,0.0707,9294
1245,0.0706,0.1830221831339391,4.1494963338355,0.0706,0.0706,9295
568,0.0705,0.18301963566533322,4.149438577384234,0.0705,0.0705,9296
2999,0.0704,0.18298866465741662,4.148736399749447,0.0704,0.0704,9297
9961,0.0703,0.18292976980110093,4.147401129968404,0.0703,0.0703,9298
5669,0.0702,0.18292462675807872,4.1472845264090195,0.0702,0.0702,9299
3358,0.0701,0.1829119892507279,4.146998007641111,0.0701,0.0701,9300
2949,0.07,0.182859199312401,4.145801149139807,0.07,0.07,9301
9068,0.0699,0.18279724451171883,4.144396504010015,0.0699,0.0699,9302
8688,0.0698,0.1827581275954594,4.143509641565906,0.0698,0.0698,9303
8376,0.0697,0.18273099804335477,4.142894557782016,0.0697,0.0697,9304
4609,0.0696,0.18272230352556132,4.142697434848059,0.0696,0.0696,9305
3111,0.0695,0.18247041973134842,4.136986701522428,0.0695,0.0695,9306
4398,0.0694,0.1824573183279712,4.13668966525949,0.0694,0.0694,9307
5230,0.0693,0.18245152203960793,4.136558251258026,0.0693,0.0693,9308
591,0.0692,0.18244595662164187,4.136432071573926,0.0692,0.0692,9309
3454,0.0691,0.1824292420294901,4.136053116751733,0.0691,0.0691,9310
1998,0.069,0.18240521794047326,4.135508440322109,0.069,0.069,9311
2713,0.0689,0.18239667248950145,4.135314697045264,0.0689,0.0689,9312
8877,0.0688,0.18234814375120248,4.134214448876318,0.0688,0.0688,9313
9294,0.0687,0.18234123643572114,4.134057845563028,0.0687,0.0687,9314
5527,0.0686,0.1822147448398094,4.131190016076465,0.0686,0.0686,9315
5930,0.0685,0.18216112230860984,4.129974280951843,0.0685,0.0685,9316
9282,0.0684,0.18215161216975778,4.129758666179995,0.0684,0.0684,9317
2563,0.0683,0.18213663820674403,4.129419175067649,0.0683,0.0683,9318
2572,0.0682,0.1821207351008513,4.129058618339094,0.0682,0.0682,9319
6758,0.0681,0.18205857202765438,4.127649251235086,0.0681,0.0681,9320
1711,0.068,0.1819283333948315,4.124696468570888,0.068,0.068,9321
4048,0.0679,0.18192784067028292,4.124685297473205,0.0679,0.0679,9322
5538,0.0678,0.1819257171403832,4.124637152601322,0.0678,0.0678,9323
7505,0.0677,0.18189093179418192,4.123848495925598,0.0677,0.0677,9324
9966,0.0676,0.1818792647120092,4.12358397873002,0.0676,0.0676,9325
6424,0.0675,0.1818490555352987,4.122899073403471,0.0675,0.0675,9326
1224,0.0674,0.1818484096736391,4.122884430367387,0.0674,0.0674,9327
5253,0.0673,0.1817679833977756,4.1210609981938475,0.0673,0.0673,9328
1568,0.0672,0.18176452221218498,4.120982525865724,0.0672,0.0672,9329
755,0.0671,0.18173893337590372,4.120402373338109,0.0671,0.0671,9330
5751,0.067,0.1817310082128531,4.120222693288376,0.067,0.067,9331
8743,0.0669,0.1817138768203405,4.119834288728752,0.0669,0.0669,9332
610,0.0668,0.18170861904567925,4.119715083960951,0.0668,0.0668,9333
7013,0.0667,0.18169091596164144,4.119313717957001,0.0667,0.0667,9334
2764,0.0666,0.18165873909794636,4.118584201044866,0.0666,0.0666,9335
9827,0.0665,0.18155770285058564,4.116293497640165,0.0665,0.0665,9336
4215,0.0664,0.18155551415584734,4.116243875345537,0.0664,0.0664,9337
1790,0.0663,0.18151135770945429,4.115242756195238,0.0663,0.0663,9338
8727,0.0662,0.18148691283067575,4.114688539579087,0.0662,0.0662,9339
100,0.0661,0.18147419327589248,4.114400160624602,0.0661,0.0661,9340
7390,0.066,0.18146485394850603,4.114188418505233,0.066,0.066,9341
5149,0.0659,0.18145328273711836,4.113926074901849,0.0659,0.0659,9342
3643,0.0658,0.18144971321080428,4.113845146260888,0.0658,0.0658,9343
9970,0.0657,0.18144321154166893,4.113697739800417,0.0657,0.0657,9344
5126,0.0656,0.18140661282257645,4.112867970162217,0.0656,0.0656,9345
7948,0.0655,0.1813078118726371,4.110627945633547,0.0655,0.0655,9346
3814,0.0654,0.18118465583916932,4.107835740336233,0.0654,0.0654,9347
3004,0.0653,0.18115411580762494,4.10714333383786,0.0653,0.0653,9348
5361,0.0652,0.18111832961164148,4.106331985800227,0.0652,0.0652,9349
2532,0.0651,0.1811011902006531,4.105943399445063,0.0651,0.0651,9350
5019,0.065,0.1810710369795631,4.105259762750503,0.065,0.065,9351
1031,0.0649,0.1810651261074079,4.105125750895418,0.0649,0.0649,9352
7620,0.0648,0.18103898561672715,4.104533091204579,0.0648,0.0648,9353
1924,0.0647,0.18096483373588637,4.102851912714229,0.0647,0.0647,9354
2941,0.0646,0.18085147839381502,4.100281909622906,0.0646,0.0646,9355
4196,0.0645,0.1807980031482583,4.099069513772754,0.0645,0.0645,9356
7838,0.0644,0.18070569637688189,4.09697672587761,0.0644,0.0644,9357
4118,0.0643,0.18066568678647962,4.0960696246406085,0.0643,0.0643,9358
1472,0.0642,0.1806483646466552,4.0956768954398255,0.0642,0.0642,9359
9380,0.0641,0.1806267832961748,4.095187601009752,0.0641,0.0641,9360
4433,0.064,0.18051581259941302,4.092671662825525,0.064,0.064,9361
2908,0.0639,0.18049843484705122,4.092277672771314,0.0639,0.0639,9362
2275,0.0638,0.18046674025019288,4.091559089857804,0.0638,0.0638,9363
6594,0.0637,0.18045741337191387,4.0913476299876885,0.0637,0.0637,9364
3331,0.0636,0.18044856576886953,4.091147036289455,0.0636,0.0636,9365
2918,0.0635,0.18044139160442346,4.09098438295238,0.0635,0.0635,9366
1258,0.0634,0.18039525764618675,4.089938429466189,0.0634,0.0634,9367
2968,0.0633,0.1803810189954653,4.089615609423311,0.0633,0.0633,9368
2186,0.0632,0.1803671686497852,4.089301593069074,0.0632,0.0632,9369
948,0.0631,0.18034661924394318,4.088835694986206,0.0631,0.0631,9370
9825,0.063,0.1803188287289477,4.088205625788717,0.063,0.063,9371
604,0.0629,0.1803100107934211,4.08800570471546,0.0629,0.0629,9372
9727,0.0628,0.18029051827555617,4.087563768498789,0.0628,0.0628,9373
3320,0.0627,0.1802412072806624,4.086445784933951,0.0627,0.0627,9374
7571,0.0626,0.18023483830394657,4.086301386888083,0.0626,0.0626,9375
851,0.0625,0.1801444322845365,4.084251693023759,0.0625,0.0625,9376
2542,0.0624,0.18009234992199116,4.083070876748118,0.0624,0.0624,9377
1419,0.0623,0.18005464354042106,4.082215994080715,0.0623,0.0623,9378
6849,0.0622,0.1799828788852328,4.080588938996745,0.0622,0.0622,9379
8355,0.0621,0.17997760209252783,4.080469303050396,0.0621,0.0621,9380
4701,0.062,0.1799325430084593,4.079447719213591,0.062,0.062,9381
3099,0.0619,0.17992749788900442,4.079333335785241,0.0619,0.0619,9382
1454,0.0618,0.17991729829224448,4.079102089557816,0.0618,0.0618,9383
6793,0.0617,0.17986883619334368,4.078003352246315,0.0617,0.0617,9384
1889,0.0616,0.179859326221617,4.077787741262385,0.0616,0.0616,9385
6596,0.0615,0.17979249313260923,4.076272495115761,0.0615,0.0615,9386
9314,0.0614,0.17979106185440338,4.0762400450401195,0.0614,0.0614,9387
3612,0.0613,0.1797387912213513,4.075054960278001,0.0613,0.0613,9388
7232,0.0612,0.17973278774742868,4.074918848947917,0.0612,0.0612,9389
8479,0.0611,0.17970934000822517,4.074387239576026,0.0611,0.0611,9390
6363,0.061,0.17970885878919757,4.074376329332171,0.061,0.061,9391
4467,0.0609,0.17958778684293056,4.071631374657247,0.0609,0.0609,9392
7669,0.0608,0.1795274993704139,4.0702645313489025,0.0608,0.0608,9393
1049,0.0607,0.1794464677642428,4.068427375071851,0.0607,0.0607,9394
6384,0.0606,0.1794388333527363,4.068254286968435,0.0606,0.0606,9395
1747,0.0605,0.1793704713469345,4.066704377074046,0.0605,0.0605,9396
2892,0.0604,0.17930711283334902,4.065267906831147,0.0604,0.0604,9397
4296,0.0603,0.17928371822704142,4.064737502093667,0.0603,0.0603,9398
5198,0.0602,0.17926196882961545,4.064244397688075,0.0602,0.0602,9399
5894,0.0601,0.1792615991421281,4.064236016097079,0.0601,0.0601,9400
1917,0.06,0.1792571762011364,4.064135738758262,0.06,0.06,9401
2030,0.0599,0.17920333332407715,4.062915007931638,0.0599,0.0599,9402
4375,0.0598,0.17917133499908425,4.062189538866907,0.0598,0.0598,9403
993,0.0597,0.1791506785170498,4.061721213142179,0.0597,0.0597,9404
4770,0.0596,0.1790969597944215,4.060503297156609,0.0596,0.0596,9405
9993,0.0595,0.17907307286555824,4.059961730434332,0.0595,0.0595,9406
3283,0.0594,0.1790375978504049,4.059157437518269,0.0594,0.0594,9407
2167,0.0593,0.1788782236207432,4.055544089834272,0.0593,0.0593,9408
431,0.0592,0.17886339961175066,4.0552079984925165,0.0592,0.0592,9409
5482,0.0591,0.17876724359468818,4.053027940132975,0.0591,0.0591,9410
8354,0.059,0.17872159981334818,4.051993099983287,0.059,0.059,9411
5929,0.0589,0.1786625902893813,4.050655230447698,0.0589,0.0589,9412
9049,0.0588,0.17861563170789677,4.049590581023552,0.0588,0.0588,9413
303,0.0587,0.178565907077527,4.048463219477821,0.0587,0.0587,9414
7579,0.0586,0.1783187055551016,4.0428586430624245,0.0586,0.0586,9415
7879,0.0585,0.17814042635211186,4.038816680024967,0.0585,0.0585,9416
2645,0.0584,0.1781224120349805,4.038408257715142,0.0584,0.0584,9417
9846,0.0583,0.1779529244653735,4.034565619425084,0.0583,0.0583,9418
5510,0.0582,0.1779096110082937,4.03358361260909,0.0582,0.0582,9419
6501,0.0581,0.17789736969947811,4.033306076491446,0.0581,0.0581,9420
1739,0.058,0.177880476008137,4.0329230611159455,0.058,0.058,9421
1895,0.0579,0.1777529749737387,4.030032345543664,0.0579,0.0579,9422
2161,0.0578,0.17769451511671444,4.028706938108801,0.0578,0.0578,9423
1922,0.0577,0.1776856019959261,4.028504858987753,0.0577,0.0577,9424
5195,0.0576,0.17768252800796833,4.028435165240545,0.0576,0.0576,9425
4630,0.0575,0.1776132738416828,4.026865028198071,0.0575,0.0575,9426
4032,0.0574,0.17748786316200876,4.024021705347513,0.0574,0.0574,9427
6101,0.0573,0.17746081412586068,4.023408447028099,0.0573,0.0573,9428
5410,0.0572,0.17745767032215487,4.0233371704115415,0.0572,0.0572,9429
7373,0.0571,0.17744168928491597,4.022974846817412,0.0571,0.0571,9430
3432,0.057,0.17742962029576564,4.022701217548435,0.057,0.057,9431
9442,0.0569,0.17741469819701955,4.0223629023068135,0.0569,0.0569,9432
7181,0.0568,0.177310644675155,4.020003790966801,0.0568,0.0568,9433
3278,0.0567,0.17723282114099884,4.018239368403762,0.0567,0.0567,9434
705,0.0566,0.17718072472658358,4.017058233543357,0.0566,0.0566,9435
5065,0.0565,0.1771551892329319,4.016479290404234,0.0565,0.0565,9436
6174,0.0564,0.17713219968485602,4.015958069184774,0.0564,0.0564,9437
3771,0.0563,0.17702958191146811,4.013631509271269,0.0563,0.0563,9438
4112,0.0562,0.17699716535860666,4.0128965581037255,0.0562,0.0562,9439
355,0.0561,0.17674803512046997,4.007248253663409,0.0561,0.0561,9440
5171,0.056,0.17661013788052074,4.004121834330223,0.056,0.056,9441
401,0.0559,0.17652577798846986,4.00220921883777,0.0559,0.0559,9442
9558,0.0558,0.17646673464807042,4.000870582613035,0.0558,0.0558,9443
8023,0.0557,0.1764485560325946,4.000458435314792,0.0557,0.0557,9444
1186,0.0556,0.17644083841835312,4.000283460831053,0.0556,0.0556,9445
5112,0.0555,0.17639846285558947,3.999322718043631,0.0555,0.0555,9446
1695,0.0554,0.17622942081191295,3.9954901807611525,0.0554,0.0554,9447
4273,0.0553,0.17618278980628774,3.994432958168525,0.0553,0.0553,9448
6201,0.0552,0.1761813696920668,3.9944007612036714,0.0552,0.0552,9449
9055,0.0551,0.17609657873434173,3.992478372549847,0.0551,0.0551,9450
1653,0.055,0.17585718988586035,3.987050925821615,0.055,0.055,9451
6412,0.0549,0.17580074571915674,3.985771218308798,0.0549,0.0549,9452
648,0.0548,0.17570475494647692,3.983594906385148,0.0548,0.0548,9453
3968,0.0547,0.17566756398856517,3.9827517094521454,0.0547,0.0547,9454
3357,0.0546,0.1756264701119129,3.9818200251753337,0.0546,0.0546,9455
3225,0.0545,0.175619864617987,3.981670264788609,0.0545,0.0545,9456
4317,0.0544,0.17561806435527294,3.9816294490600344,0.0544,0.0544,9457
3163,0.0543,0.17557958868832912,3.9807571250820426,0.0543,0.0543,9458
5772,0.0542,0.1755638033747714,3.9803992389533924,0.0542,0.0542,9459
2808,0.0541,0.17554728483117973,3.9800247289629693,0.0541,0.0541,9460
4426,0.054,0.17548245199591078,3.9785548327586944,0.054,0.054,9461
3996,0.0539,0.1754341234368889,3.9774591230746816,0.0539,0.0539,9462
8566,0.0538,0.17531467663746908,3.9747510138829676,0.0538,0.0538,9463
863,0.0537,0.17516364162512454,3.9713267337268077,0.0537,0.0537,9464
3916,0.0536,0.17513828661024253,3.9707518824188366,0.0536,0.0536,9465
1210,0.0535,0.17508072639095731,3.969446871654967,0.0535,0.0535,9466
5521,0.0534,0.1750331013410287,3.9683671119963977,0.0534,0.0534,9467
2201,0.0533,0.17497902951739072,3.9671411904710916,0.0533,0.0533,9468
4685,0.0532,0.1746818067116522,3.960402526764822,0.0532,0.0532,9469
7499,0.0531,0.1746580051286295,3.959862895012443,0.0531,0.0531,9470
9052,0.053,0.1745156587207329,3.9566356037210397,0.053,0.053,9471
1789,0.0529,0.17440516269313278,3.9541304272793125,0.0529,0.0529,9472
3159,0.0528,0.17433949395287238,3.9526415793586502,0.0528,0.0528,9473
4339,0.0527,0.17432618124232685,3.9523397523186294,0.0527,0.0527,9474
6787,0.0526,0.1742672847697579,3.951004445894489,0.0526,0.0526,9475
8046,0.0525,0.17422691128281834,3.9500890943618567,0.0525,0.0525,9476
1458,0.0524,0.17417038070422108,3.9488074277094363,0.0524,0.0524,9477
217,0.0523,0.1739071725643178,3.942839947740797,0.0523,0.0523,9478
1104,0.0522,0.17378741007198098,3.94012468113041,0.0522,0.0522,9479
4357,0.0521,0.17369081045902104,3.9379345655232396,0.0521,0.0521,9480
1605,0.052,0.1734403755362954,3.9322566811495085,0.052,0.052,9481
1232,0.0519,0.17335361986414355,3.9302897483032697,0.0519,0.0519,9482
4709,0.0518,0.173277118306174,3.9285552977084515,0.0518,0.0518,9483
7241,0.0517,0.17322436374134403,3.9273592412001808,0.0517,0.0517,9484
8531,0.0516,0.1731851124712069,3.9264693326722653,0.0516,0.0516,9485
4667,0.0515,0.1731462174282427,3.925587500560931,0.0515,0.0515,9486
1956,0.0514,0.17311501172451613,3.9248800018800893,0.0514,0.0514,9487
6586,0.0513,0.17307812098742573,3.9240436115807915,0.0513,0.0513,9488
621,0.0512,0.1730278743308388,3.9229044146075536,0.0512,0.0512,9489
4841,0.0511,0.17298601381246062,3.921955348955752,0.0511,0.0511,9490
3236,0.051,0.1729689649192507,3.9215688148287584,0.051,0.051,9491
5294,0.0509,0.1728605380365423,3.9191105502365624,0.0509,0.0509,9492
3434,0.0508,0.1727835894341084,3.9173659642073657,0.0508,0.0508,9493
6724,0.0507,0.17277546107143538,3.9171816771962273,0.0507,0.0507,9494
6776,0.0506,0.17252915879450567,3.9115974885599987,0.0506,0.0506,9495
8936,0.0505,0.17247603682719673,3.9103931022680842,0.0505,0.0505,9496
4040,0.0504,0.1724565863735794,3.9099521197349185,0.0504,0.0504,9497
6227,0.0503,0.17237887157331447,3.9081901623958326,0.0503,0.0503,9498
1500,0.0502,0.17233263174965788,3.907141808718785,0.0502,0.0502,9499
359,0.0501,0.1721113723441713,3.902125394443052,0.0501,0.0501,9500
9312,0.05,0.17201885908354325,3.900027925004819,0.05,0.05,9501
1615,0.0499,0.17191070227111047,3.8975757834725377,0.0499,0.0499,9502
2049,0.0498,0.17171035726167558,3.893033542373604,0.0498,0.0498,9503
2200,0.0497,0.17163908183018894,3.8914175790158065,0.0497,0.0497,9504
4482,0.0496,0.17135000356229443,3.8848635690460402,0.0496,0.0496,9505
9019,0.0495,0.17118640492977857,3.8811544452990385,0.0495,0.0495,9506
8912,0.0494,0.17116189946885352,3.8805988551585875,0.0494,0.0494,9507
3587,0.0493,0.17097208937897426,3.8762954627585042,0.0493,0.0493,9508
1203,0.0492,0.1709152327394111,3.875006403621066,0.0492,0.0492,9509
441,0.0491,0.17089767510703288,3.874608335311914,0.0491,0.0491,9510
5283,0.049,0.1707279752754185,3.8707608845983628,0.049,0.049,9511
9707,0.0489,0.17045330615508508,3.8645335601915733,0.0489,0.0489,9512
5986,0.0488,0.17044568154766676,3.8643606943675013,0.0488,0.0488,9513
2723,0.0487,0.17036894167509806,3.8626208406811404,0.0487,0.0487,9514
814,0.0486,0.17030674506157206,3.8612107131473583,0.0486,0.0486,9515
4053,0.0485,0.17027878816026912,3.8605768716244326,0.0485,0.0485,9516
1445,0.0484,0.17023441387870286,3.8595708136934,0.0484,0.0484,9517
4836,0.0483,0.16995658496150393,3.8532718500739174,0.0483,0.0483,9518
2426,0.0482,0.16980251752813638,3.8497788185789212,0.0482,0.0482,9519
5700,0.0481,0.1697929288180895,3.849561422432766,0.0481,0.0481,9520
2324,0.048,0.16962305268377184,3.845709974566843,0.048,0.048,9521
4174,0.0479,0.16961184713309635,3.8454559212579107,0.0479,0.0479,9522
7447,0.0478,0.1695415821072185,3.843862865911127,0.0478,0.0478,9523
2152,0.0477,0.16949446910011634,3.842794715335395,0.0477,0.0477,9524
6763,0.0476,0.16947743872622517,3.8424086010793577,0.0476,0.0476,9525
2504,0.0475,0.16936019637936334,3.8397504714464037,0.0475,0.0475,9526
6524,0.0474,0.16934997667693313,3.839518769382425,0.0474,0.0474,9527
6070,0.0473,0.169265697914882,3.8376079932780116,0.0473,0.0473,9528
4097,0.0472,0.16921930396526938,3.836556145241633,0.0472,0.0472,9529
7752,0.0471,0.1690320316773284,3.832310290127537,0.0471,0.0471,9530
8306,0.047,0.16889870742988067,3.8292875501150676,0.047,0.047,9531
7054,0.0469,0.16881338102099486,3.8273530216623652,0.0469,0.0469,9532
4503,0.0468,0.1688099088008429,3.8272742991577013,0.0468,0.0468,9533
1597,0.0467,0.16879251794543784,3.8268800120298976,0.0467,0.0467,9534
2629,0.0466,0.16878907617797045,3.826801979952083,0.0466,0.0466,9535
2914,0.0465,0.16876392083863764,3.8262316557071463,0.0465,0.0465,9536
7301,0.0464,0.16857422309644857,3.8219308104637784,0.0464,0.0464,9537
2253,0.0463,0.16850552222324075,3.8203732177354457,0.0463,0.0463,9538
2823,0.0462,0.16814152794955697,3.8121207049613797,0.0462,0.0462,9539
7995,0.0461,0.16814050363738772,3.8120974816579567,0.0461,0.0461,9540
2926,0.046,0.16797980007211308,3.8084539951506664,0.046,0.046,9541
3215,0.0459,0.16788676889602605,3.806344783482841,0.0459,0.0459,9542
2231,0.0458,0.1676209501602804,3.80031811583835,0.0458,0.0458,9543
9524,0.0457,0.16757080422251083,3.7991812023707996,0.0457,0.0457,9544
663,0.0456,0.16746035939775805,3.796677186804693,0.0456,0.0456,9545
4732,0.0455,0.16744948055333753,3.79643054060973,0.0455,0.0455,9546
872,0.0454,0.16711128085611798,3.788762844926222,0.0454,0.0454,9547
1751,0.0453,0.16710679020401753,3.7886610324334833,0.0453,0.0453,9548
5525,0.0452,0.1670366517327953,3.787070846347487,0.0452,0.0452,9549
2437,0.0451,0.16664708730033448,3.7782386045028793,0.0451,0.0451,9550
8527,0.045,0.16621399730850986,3.7684195470391235,0.045,0.045,9551
5498,0.0449,0.16614135127986696,3.7667725093724425,0.0449,0.0449,9552
8777,0.0448,0.1660071311404394,3.763729457612823,0.0448,0.0448,9553
8447,0.0447,0.16590003817104013,3.761301435629615,0.0447,0.0447,9554
7312,0.0446,0.16584202728615963,3.7599862073338395,0.0446,0.0446,9555
8361,0.0445,0.16546407452101747,3.751417226315175,0.0445,0.0445,9556
4943,0.0444,0.1651427909330626,3.744133054268134,0.0444,0.0444,9557
3984,0.0443,0.1650591733444661,3.7422372683507295,0.0443,0.0443,9558
8756,0.0442,0.16505914812144631,3.742236696492818,0.0442,0.0442,9559
1809,0.0441,0.16467454886939784,3.7335170256905177,0.0441,0.0441,9560
9975,0.044,0.16467106585129274,3.7334380583731672,0.044,0.044,9561
6396,0.0439,0.16439651870317654,3.727213499331797,0.0439,0.0439,9562
6493,0.0438,0.16428825517735754,3.724758938384768,0.0438,0.0438,9563
6937,0.0437,0.16426921981928627,3.7243273669368016,0.0437,0.0437,9564
4961,0.0436,0.1641424402801699,3.721453009173428,0.0436,0.0436,9565
6397,0.0435,0.16396592619953176,3.717451065159667,0.0435,0.0435,9566
6613,0.0434,0.1637293257868948,3.712086838112118,0.0434,0.0434,9567
3227,0.0433,0.1634196338515118,3.7050654731140615,0.0433,0.0433,9568
3489,0.0432,0.16307102197247028,3.6971617114550064,0.0432,0.0432,9569
5292,0.0431,0.16294302116994183,3.694259665091644,0.0431,0.0431,9570
6628,0.043,0.16265013704075953,3.687619368274758,0.043,0.043,9571
8530,0.0429,0.1626283986550793,3.6871265135277387,0.0429,0.0429,9572
3683,0.0428,0.1626205787656015,3.686949220249942,0.0428,0.0428,9573
4499,0.0427,0.16258753193075462,3.6861999792693694,0.0427,0.0427,9574
6848,0.0426,0.1618402970818594,3.6692585997430505,0.0426,0.0426,9575
4351,0.0425,0.16172941505684973,3.6667446719314656,0.0425,0.0425,9576
7793,0.0424,0.16161081903703434,3.664055851697675,0.0424,0.0424,9577
3528,0.0423,0.1615846645220928,3.6634628740482933,0.0423,0.0423,9578
8603,0.0422,0.16152912943752995,3.662203777332507,0.0422,0.0422,9579
4640,0.0421,0.16042477898596083,3.637165838916858,0.0421,0.0421,9580
1424,0.042,0.16012859034626833,3.630450621922152,0.042,0.042,9581
1815,0.0419,0.15969523696837432,3.6206255929444273,0.0419,0.0419,9582
9919,0.0418,0.1594151687510953,3.614275859699694,0.0418,0.0418,9583
8330,0.0417,0.15929986095370682,3.611661590355167,0.0417,0.0417,9584
1827,0.0416,0.15917638459180639,3.6088621225418893,0.0416,0.0416,9585
7934,0.0415,0.1584875396145829,3.593244563737095,0.0415,0.0415,9586
9123,0.0414,0.1582553632221102,3.587980638496253,0.0414,0.0414,9587
5677,0.0413,0.15801737339352787,3.5825849104801017,0.0413,0.0413,9588
1190,0.0412,0.15763961480041785,3.574020331747161,0.0412,0.0412,9589
281,0.0411,0.157158764005931,3.5631184368267763,0.0411,0.0411,9590
4542,0.041,0.15653041988521393,3.5488725591924504,0.041,0.041,9591
5390,0.0409,0.15611335585809752,3.5394168439240534,0.0409,0.0409,9592
5524,0.0408,0.15572009605993226,3.530500820397017,0.0408,0.0408,9593
7963,0.0407,0.15496259797042441,3.513326751704746,0.0407,0.0407,9594
9400,0.0406,0.15447337830247898,3.5022351168893286,0.0406,0.0406,9595
1327,0.0405,0.1543119772777455,3.4985758175139194,0.0405,0.0405,9596
2770,0.0404,0.15001636339781863,3.401185251292963,0.0404,0.0404,9597
8932,0.0403,0.14691134333617586,3.3307879412965606,0.0403,0.0403,9598
9223,0.0402,0.144165433352539,3.268532409124368,0.0402,0.0402,9599
2897,0.0401,0.13959973653051314,3.165018496768172,0.0401,0.0401,9600
8598,0.04,0.1353641919223984,3.068989826788341,0.04,0.04,9601
2277,0.0399,0.1349957550533226,3.0606365910686897,0.0399,0.0399,9602
3608,0.0398,0.1349426998155395,3.0594337176746333,0.0398,0.0398,9603
8883,0.0397,0.13289354136926385,3.0129750025904363,0.0397,0.0397,9604
4423,0.0396,0.13009292279207618,2.9494791119851533,0.0396,0.0396,9605
1591,0.0395,0.13004877574140616,2.9484782058567442,0.0395,0.0395,9606
691,0.0394,0.12999674841048914,2.9472986372648595,0.0394,0.0394,9607
820,0.0393,0.1280930039593427,2.9041367621007956,0.0393,0.0393,9608
4842,0.0392,0.1277185568299102,2.895647261187051,0.0392,0.0392,9609
5675,0.0391,0.12692237013349902,2.8775960407217553,0.0391,0.0391,9610
4518,0.039,0.12594646759805309,2.855470285670279,0.039,0.039,9611
7784,0.0389,0.12584812348056296,2.8532406184901853,0.0389,0.0389,9612
7648,0.0388,0.1257565816606167,2.851165173646285,0.0388,0.0388,9613
6211,0.0387,0.12555654114680953,2.84662983610262,0.0387,0.0387,9614
9283,0.0386,0.12527065033903895,2.8401480925317113,0.0386,0.0386,9615
3508,0.0385,0.1250125635507493,2.8342967243352133,0.0385,0.0385,9616
6963,0.0384,0.1247893105783114,2.8292351117214993,0.0384,0.0384,9617
3864,0.0383,0.12293455560938212,2.7871839307564317,0.0383,0.0383,9618
9238,0.0382,0.12278019515417601,2.7836842558415786,0.0382,0.0382,9619
5716,0.0381,0.12274395446711829,2.782862603540255,0.0381,0.0381,9620
5634,0.038,0.12196885991890016,2.7652895862637146,0.038,0.038,9621
1805,0.0379,0.1216036931641976,2.7570104908894812,0.0379,0.0379,9622
6775,0.0378,0.12131785485573687,2.7505299375878898,0.0378,0.0378,9623
4122,0.0377,0.1211738035237214,2.747263992095444,0.0377,0.0377,9624
9635,0.0376,0.12101793574979122,2.743730143107444,0.0376,0.0376,9625
543,0.0375,0.1204363687846648,2.7305448015917553,0.0375,0.0375,9626
8021,0.0374,0.12033547067474328,2.7282572300518124,0.0374,0.0374,9627
1452,0.0373,0.12029518488101124,2.727343866707412,0.0373,0.0373,9628
6625,0.0372,0.12020059873016005,2.725199400504396,0.0372,0.0372,9629
9189,0.0371,0.11902253925614892,2.698490324124534,0.0371,0.0371,9630
6735,0.037,0.11840906551555032,2.6845815891620997,0.037,0.037,9631
9933,0.0369,0.11828557932635846,2.681781898542422,0.0369,0.0369,9632
8737,0.0368,0.11828245222755804,2.681711000661633,0.0368,0.0368,9633
7720,0.0367,0.11825020227895287,2.680979826761233,0.0367,0.0367,9634
9925,0.0366,0.11823814056972433,2.68070636254238,0.0366,0.0366,9635
7634,0.0365,0.11822573412354669,2.6804250824149234,0.0365,0.0365,9636
992,0.0364,0.11803066482419983,2.6760024527166766,0.0364,0.0364,9637
9809,0.0363,0.11778151534018354,2.6703537119320133,0.0363,0.0363,9638
5263,0.0362,0.11755047563461588,2.665115557764906,0.0362,0.0362,9639
3809,0.0361,0.11744196672198333,2.662655433383442,0.0361,0.0361,9640
7372,0.036,0.11700818677197276,2.6528207331224682,0.036,0.036,9641
528,0.0359,0.11673232679094805,2.6465664094099,0.0359,0.0359,9642
1239,0.0358,0.11669159414076684,2.6456429148926555,0.0358,0.0358,9643
7324,0.0357,0.11658158783128496,2.643148841386195,0.0357,0.0357,9644
9001,0.0356,0.11642983884355922,2.639708373912385,0.0356,0.0356,9645
5415,0.0355,0.11591233933651897,2.627975575896006,0.0355,0.0355,9646
3247,0.0354,0.11589684970946754,2.6276243935987873,0.0354,0.0354,9647
6682,0.0353,0.11575433792147563,2.6243933527938563,0.0353,0.0353,9648
3180,0.0352,0.11563654608686351,2.621722765123529,0.0352,0.0352,9649
9430,0.0351,0.11552783162213956,2.619257980444557,0.0351,0.0351,9650
7910,0.035,0.11551412884020298,2.618947309670745,0.035,0.035,9651
9603,0.0349,0.11510030827965083,2.609565130584239,0.0349,0.0349,9652
4680,0.0348,0.11497821726514683,2.606797071497411,0.0348,0.0348,9653
6693,0.0347,0.11496404335492484,2.606475719257631,0.0347,0.0347,9654
3889,0.0346,0.11473040133001672,2.6011785650585537,0.0346,0.0346,9655
4855,0.0345,0.114677328679558,2.5999752968830006,0.0345,0.0345,9656
8849,0.0344,0.11448314311301322,2.595572703259447,0.0344,0.0344,9657
9567,0.0343,0.11424714511833435,2.590222134290061,0.0343,0.0343,9658
8793,0.0342,0.11413677922661972,2.5877199083020677,0.0342,0.0342,9659
6322,0.0341,0.11411493602968246,2.5872246772644454,0.0341,0.0341,9660
4568,0.034,0.11392104314943348,2.5828287194515895,0.034,0.034,9661
9210,0.0339,0.11391414411063354,2.582672303788818,0.0339,0.0339,9662
6219,0.0338,0.11381308978579849,2.580381190530195,0.0338,0.0338,9663
4161,0.0337,0.11360041326134951,2.57555936815137,0.0337,0.0337,9664
1163,0.0336,0.11357901110668032,2.575074136466759,0.0336,0.0336,9665
4345,0.0335,0.1133903276565379,2.5707962873478674,0.0335,0.0335,9666
8857,0.0334,0.11333990589946108,2.5696531204783835,0.0334,0.0334,9667
9346,0.0333,0.11326834734482924,2.5680307381263483,0.0333,0.0333,9668
135,0.0332,0.1132578944234604,2.5677937484986018,0.0332,0.0332,9669
3638,0.0331,0.11315842869160327,2.5655386519708374,0.0331,0.0331,9670
2207,0.033,0.11307122036996584,2.563561456613127,0.033,0.033,9671
8774,0.0329,0.11288451320812032,2.5593284140920836,0.0329,0.0329,9672
7158,0.0328,0.11284214872104129,2.5583679224144187,0.0328,0.0328,9673
8298,0.0327,0.11278972103101055,2.557179276840947,0.0327,0.0327,9674
7002,0.0326,0.11268727912170336,2.5548567041359806,0.0326,0.0326,9675
1443,0.0325,0.11260873202713491,2.5530758769417723,0.0325,0.0325,9676
8094,0.0324,0.11254414245786526,2.5516114960864225,0.0324,0.0324,9677
9075,0.0323,0.11240840946120485,2.548534144684162,0.0323,0.0323,9678
7289,0.0322,0.11211448357621623,2.541870229079873,0.0322,0.0322,9679
1785,0.0321,0.11198522009319183,2.5389395551047858,0.0321,0.0321,9680
2735,0.032,0.11188349082180271,2.5366331393938313,0.032,0.032,9681
5108,0.0319,0.11184834698679798,2.5358363550259924,0.0319,0.0319,9682
8335,0.0318,0.11178284315515935,2.534351245927406,0.0318,0.0318,9683
3870,0.0317,0.11155721300934685,2.529235737814262,0.0317,0.0317,9684
5606,0.0316,0.11155578042658518,2.529203258162047,0.0316,0.0316,9685
6749,0.0315,0.11150997333665473,2.528164715464373,0.0315,0.0315,9686
8901,0.0314,0.1111718976199441,2.520499830678367,0.0314,0.0314,9687
558,0.0313,0.11111543658650992,2.5192197407607897,0.0313,0.0313,9688
1712,0.0312,0.11107776906938742,2.5183657392313754,0.0312,0.0312,9689
4006,0.0311,0.11099358185545172,2.5164570387144227,0.0311,0.0311,9690
6991,0.031,0.11086976063557683,2.513649752247913,0.031,0.031,9691
7426,0.0309,0.11071466958924378,2.5101335133032094,0.0309,0.0309,9692
8439,0.0308,0.1106866689433252,2.5094986799967987,0.0308,0.0308,9693
3003,0.0307,0.11056521261714292,2.5067450106242286,0.0307,0.0307,9694
688,0.0306,0.11052923318161245,2.505929281440878,0.0306,0.0306,9695
9038,0.0305,0.11043864466254089,2.5038754499251543,0.0305,0.0305,9696
3098,0.0304,0.11037714988577774,2.5024812345020044,0.0304,0.0304,9697
7025,0.0303,0.1103580049847871,2.5020471794868255,0.0303,0.0303,9698
1363,0.0302,0.11032139958911788,2.5012172584768626,0.0302,0.0302,9699
3034,0.0301,0.11016777905966166,2.4977343592292653,0.0301,0.0301,9700
4883,0.03,0.1101131094708061,2.496494885114158,0.03,0.03,9701
4859,0.0299,0.11009802452827659,2.4961528778624733,0.0299,0.0299,9702
6158,0.0298,0.11009098460323867,2.4959932680136134,0.0298,0.0298,9703
2707,0.0297,0.11003544667493528,2.4947341068234925,0.0297,0.0297,9704
2453,0.0296,0.11001629614330487,2.4942999241492694,0.0296,0.0296,9705
9158,0.0295,0.1099861274791727,2.4936159373292233,0.0295,0.0295,9706
4949,0.0294,0.10981413150325123,2.489716428212958,0.0294,0.0294,9707
3575,0.0293,0.10970387851888407,2.487216762071529,0.0293,0.0293,9708
940,0.0292,0.10960362831349889,2.4849438798852783,0.0292,0.0292,9709
6570,0.0291,0.10948195928497141,2.4821853881039146,0.0291,0.0291,9710
5950,0.029,0.10947639977178558,2.482059342292913,0.029,0.029,9711
9673,0.0289,0.10944865901364406,2.4814304011882524,0.0289,0.0289,9712
7779,0.0288,0.10915109716048736,2.4746840505672343,0.0288,0.0288,9713
6420,0.0287,0.10829482402620663,2.455270544669828,0.0287,0.0287,9714
8134,0.0286,0.10819655713429523,2.453042628355277,0.0286,0.0286,9715
7115,0.0285,0.10816469413481852,2.4523202274022604,0.0285,0.0285,9716
9473,0.0284,0.1081059806992374,2.4509890708108335,0.0284,0.0284,9717
9232,0.0283,0.10805131272630011,2.449749633331423,0.0283,0.0283,9718
4874,0.0282,0.1079898603610234,2.4483563794644834,0.0282,0.0282,9719
1012,0.0281,0.10782780330132115,2.4446822064018963,0.0281,0.0281,9720
9656,0.028,0.10780768007447471,2.4442259706889486,0.028,0.028,9721
6478,0.0279,0.10775683082800765,2.4430731117398383,0.0279,0.0279,9722
9009,0.0278,0.10762644112745834,2.44011690405387,0.0278,0.0278,9723
7641,0.0277,0.10758546071544627,2.439187792257656,0.0277,0.0277,9724
8666,0.0276,0.10748961440063999,2.4370147554981165,0.0276,0.0276,9725
179,0.0275,0.10748827570094063,2.436984404371194,0.0275,0.0275,9726
5819,0.0274,0.10729578078100639,2.432620141247873,0.0274,0.0274,9727
3277,0.0273,0.10724935100707636,2.431567480998861,0.0273,0.0273,9728
7817,0.0272,0.10693927668691997,2.424537446537631,0.0272,0.0272,9729
1134,0.0271,0.10670098275451646,2.4191348238509303,0.0271,0.0271,9730
1189,0.027,0.10658160732134844,2.416428332682182,0.027,0.027,9731
5687,0.0269,0.10648565883785062,2.4142529795440115,0.0269,0.0269,9732
8825,0.0268,0.10641754424011782,2.412708678908855,0.0268,0.0268,9733
9444,0.0267,0.10630514485217545,2.410160349301061,0.0267,0.0267,9734
4182,0.0266,0.10629773082556723,2.409992257784652,0.0266,0.0266,9735
587,0.0265,0.10621051767224192,2.4080149528819828,0.0265,0.0265,9736
1009,0.0264,0.10621020327559103,2.4080078248516013,0.0264,0.0264,9737
1026,0.0263,0.10618076426722797,2.4073403808547895,0.0263,0.0263,9738
75,0.0262,0.10616918546164097,2.4070778650739797,0.0262,0.0262,9739
9549,0.0261,0.1061392604527504,2.406399402428603,0.0261,0.0261,9740
3327,0.026,0.10612689575674476,2.4061190688657113,0.026,0.026,9741
2810,0.0259,0.10612135123236675,2.405993362880601,0.0259,0.0259,9742
1693,0.0258,0.10611416054536922,2.4058303349420203,0.0258,0.0258,9743
7361,0.0257,0.10598223826332842,2.4028393804236456,0.0257,0.0257,9744
4823,0.0256,0.10593123992005823,2.401683141137729,0.0256,0.0256,9745
1636,0.0255,0.1058946438396251,2.400853431323129,0.0255,0.0255,9746
3370,0.0254,0.10585089885047028,2.3998616407707116,0.0254,0.0254,9747
2757,0.0253,0.10569309179841466,2.396283824285618,0.0253,0.0253,9748
4083,0.0252,0.1056587072487045,2.3955042545045893,0.0252,0.0252,9749
6050,0.0251,0.105540728267213,2.3928294238229255,0.0251,0.0251,9750
2249,0.025,0.10548650816646762,2.3916001405432983,0.025,0.025,9751
8285,0.0249,0.10534802065010095,2.3884603384086933,0.0249,0.0249,9752
1726,0.0248,0.10522527544705801,2.3856774474975566,0.0248,0.0248,9753
4277,0.0247,0.10511795490950954,2.3832442660686657,0.0247,0.0247,9754
1382,0.0246,0.10505943064344728,2.381917398345511,0.0246,0.0246,9755
1376,0.0245,0.10503565888481088,2.3813784427728812,0.0245,0.0245,9756
7829,0.0244,0.10495634741172853,2.379580285516577,0.0244,0.0244,9757
9157,0.0243,0.10491148003750808,2.3785630481427664,0.0243,0.0243,9758
7858,0.0242,0.10486609764793556,2.3775341342933136,0.0242,0.0242,9759
2061,0.0241,0.10456549156432335,2.3707187645903214,0.0241,0.0241,9760
5493,0.024,0.10454115674895895,2.370167043342291,0.024,0.024,9761
5585,0.0239,0.10447130091726646,2.368583265285376,0.0239,0.0239,9762
68,0.0238,0.10429752999365523,2.3646435143873514,0.0238,0.0238,9763
4676,0.0237,0.10429553021504653,2.3645981752167624,0.0237,0.0237,9764
3444,0.0236,0.1042888678490068,2.3644471254211905,0.0236,0.0236,9765
3852,0.0235,0.10426056336698554,2.3638054035143905,0.0235,0.0235,9766
677,0.0234,0.10404175356660395,2.3588445269197136,0.0234,0.0234,9767
5212,0.0233,0.10399434103642473,2.357769585529076,0.0233,0.0233,9768
4092,0.0232,0.1039708476169762,2.3572369404886926,0.0232,0.0232,9769
5258,0.0231,0.1039630089768073,2.357059222094277,0.0231,0.0231,9770
8812,0.023,0.10388379982512681,2.355263384677386,0.023,0.023,9771
2720,0.0229,0.10387115892478772,2.354976788983277,0.0229,0.0229,9772
29,0.0228,0.10380436449819531,2.353462419394121,0.0228,0.0228,9773
1164,0.0227,0.1036478454922426,2.349913805613252,0.0227,0.0227,9774
3547,0.0226,0.10352822177760072,2.3472016853835864,0.0226,0.0226,9775
5734,0.0225,0.10352301612722133,2.347083662383903,0.0225,0.0225,9776
9526,0.0224,0.1034230460350281,2.344817130950326,0.0224,0.0224,9777
5787,0.0223,0.10336649842743242,2.3435350782154996,0.0223,0.0223,9778
6496,0.0222,0.10336532260372804,2.343508419828607,0.0222,0.0222,9779
3903,0.0221,0.10331522497265982,2.3423726015752777,0.0221,0.0221,9780
4483,0.022,0.10323341230424957,2.340517736979941,0.022,0.022,9781
3078,0.0219,0.10323038099209615,2.3404490107830482,0.0219,0.0219,9782
9613,0.0218,0.10287312751247234,2.3323493259320527,0.0218,0.0218,9783
5086,0.0217,0.10281036338703474,2.330926331714363,0.0217,0.0217,9784
3811,0.0216,0.1027676992400441,2.329959046118275,0.0216,0.0216,9785
6505,0.0215,0.10267001711488946,2.327744387690374,0.0215,0.0215,9786
9327,0.0214,0.10265111307254121,2.3273157934453224,0.0214,0.0214,9787
4114,0.0213,0.10264575934967646,2.327194413332103,0.0213,0.0213,9788
156,0.0212,0.10263101475586738,2.3268601225001873,0.0212,0.0212,9789
8941,0.0211,0.10245113104777004,2.3227817819707863,0.0211,0.0211,9790
7924,0.021,0.1024366948771133,2.3224544837369394,0.021,0.021,9791
5047,0.0209,0.10243372717987581,2.322387199823041,0.0209,0.0209,9792
4809,0.0208,0.10240186330066839,2.321664778925212,0.0208,0.0208,9793
8304,0.0207,0.10234086543832152,2.320281829590978,0.0207,0.0207,9794
6135,0.0206,0.10218892585635651,2.3168370409463876,0.0206,0.0206,9795
5738,0.0205,0.10213327705892475,2.315575366120454,0.0205,0.0205,9796
5216,0.0204,0.10213061345901843,2.3155149767309386,0.0204,0.0204,9797
2766,0.0203,0.10183952860641281,2.3089154732815507,0.0203,0.0203,9798
7156,0.0202,0.10178146252628607,2.307598993593901,0.0202,0.0202,9799
8270,0.0201,0.1014244468818935,2.2995047009662395,0.0201,0.0201,9800
6026,0.02,0.10141355849763097,2.2992578384835265,0.02,0.02,9801
715,0.0199,0.10139430819732258,2.298821393844807,0.0199,0.0199,9802
5438,0.0198,0.10130613766544543,2.2968223831645713,0.0198,0.0198,9803
5408,0.0197,0.10118312317684995,2.2940333869857423,0.0197,0.0197,9804
0,0.0196,0.10105887950618363,2.2912165226742847,0.0196,0.0196,9805
1287,0.0195,0.10083118622325693,2.2860542389191747,0.0195,0.0195,9806
1801,0.0194,0.10069291984787948,2.2829194505141825,0.0194,0.0194,9807
9575,0.0193,0.10064874070771095,2.281917816848717,0.0193,0.0193,9808
4750,0.0192,0.10060612814730596,2.2809517008283966,0.0192,0.0192,9809
8100,0.0191,0.10053473141420738,2.279332987308259,0.0191,0.0191,9810
9086,0.019,0.10007496043854752,2.2689090160420866,0.019,0.019,9811
6383,0.0189,0.09982146917093956,2.2631618379272513,0.0189,0.0189,9812
8717,0.0188,0.09968011070643833,2.259956945382806,0.0188,0.0188,9813
3290,0.0187,0.09952677150228274,2.256480424370017,0.0187,0.0187,9814
1592,0.0186,0.09950364751667455,2.2559561551703458,0.0186,0.0186,9815
2066,0.0185,0.09936297464626913,2.252766806479492,0.0185,0.0185,9816
9154,0.0184,0.09931229318256925,2.2516177515165543,0.0184,0.0184,9817
4890,0.0183,0.09930914884955913,2.2515464629005364,0.0183,0.0183,9818
539,0.0182,0.0991648976314942,2.248275985572622,0.0182,0.0182,9819
4889,0.0181,0.09906551403990232,2.2460227513369064,0.0181,0.0181,9820
4620,0.018,0.09904845849515144,2.2456360664040345,0.018,0.018,9821
556,0.0179,0.09900824149650565,2.2447242627873747,0.0179,0.0179,9822
1796,0.0178,0.09897007905111077,2.2438590401989487,0.0178,0.0178,9823
4067,0.0177,0.09875315153780606,2.2389408389964984,0.0177,0.0177,9824
8736,0.0176,0.0986784376965591,2.2372469196844165,0.0176,0.0176,9825
1322,0.0175,0.09867751336874797,2.2372259632375533,0.0175,0.0175,9826
3977,0.0174,0.09847723667539973,2.232685271007618,0.0174,0.0174,9827
8600,0.0173,0.09845646084162063,2.2322142393292213,0.0173,0.0173,9828
6147,0.0172,0.09835189913658458,2.229843606412249,0.0172,0.0172,9829
7894,0.0171,0.09830355880988818,2.22874762993079,0.0171,0.0171,9830
757,0.017,0.09825656359079173,2.2276821498556516,0.017,0.017,9831
1087,0.0169,0.09824874624314545,2.227504914207127,0.0169,0.0169,9832
2666,0.0168,0.09811085839402914,2.224378707785018,0.0168,0.0168,9833
8199,0.0167,0.09794697109785859,2.2206630394277114,0.0167,0.0167,9834
914,0.0166,0.09792057744532835,2.2200646400285478,0.0166,0.0166,9835
1995,0.0165,0.0978199783965301,2.217783848831605,0.0165,0.0165,9836
8180,0.0164,0.09778704168983968,2.2170371046856325,0.0164,0.0164,9837
962,0.0163,0.09744505999448456,2.2092836631809165,0.0163,0.0163,9838
9721,0.0162,0.09736940659612796,2.207568442141376,0.0162,0.0162,9839
8490,0.0161,0.09720598515027667,2.2038633355869948,0.0161,0.0161,9840
9644,0.016,0.09713280727194752,2.202204239772762,0.016,0.016,9841
3238,0.0159,0.09694936113993825,2.19804513162974,0.0159,0.0159,9842
4231,0.0158,0.09692482237082437,2.197488786323101,0.0158,0.0158,9843
6216,0.0157,0.096905520963191,2.197051182975494,0.0157,0.0157,9844
105,0.0156,0.09670465748572717,2.1924971871198067,0.0156,0.0156,9845
6317,0.0155,0.09654585518811534,2.1888968063327034,0.0155,0.0155,9846
4748,0.0154,0.09654005250489867,2.188765247348337,0.0154,0.0154,9847
3336,0.0153,0.09640826493488387,2.1857773470332296,0.0153,0.0153,9848
8861,0.0152,0.09639270718417406,2.185424620229202,0.0152,0.0152,9849
1624,0.0151,0.09606582535814212,2.178013524397576,0.0151,0.0151,9850
6411,0.015,0.09582052174121819,2.1724519774760562,0.015,0.015,9851
4772,0.0149,0.09563918030540126,2.168340587205274,0.0149,0.0149,9852
8809,0.0148,0.09557378337569858,2.1668579017991796,0.0148,0.0148,9853
7437,0.0147,0.09553893307927777,2.1660677725653894,0.0147,0.0147,9854
4830,0.0146,0.0954543612295752,2.1641503515490053,0.0146,0.0146,9855
7044,0.0145,0.0953888996592186,2.162666200603921,0.0145,0.0145,9856
3660,0.0144,0.0951385236418221,2.156989651737085,0.0144,0.0144,9857
6795,0.0143,0.09511613478894454,2.1564820495366583,0.0143,0.0143,9858
6573,0.0142,0.09500660427961344,2.1539987634171425,0.0142,0.0142,9859
4552,0.0141,0.09481900399462438,2.149745471923008,0.0141,0.0141,9860
2177,0.014,0.09470911730151624,2.147254110370653,0.014,0.014,9861
452,0.0139,0.09468105677814168,2.146617919517233,0.0139,0.0139,9862
7846,0.0138,0.09455300952713144,2.143714820070519,0.0138,0.0138,9863
4944,0.0137,0.09446619855970881,2.14174663356507,0.0137,0.0137,9864
918,0.0136,0.09438209909784648,2.139839922571341,0.0136,0.0136,9865
3711,0.0135,0.09426790826561107,2.1372509771683075,0.0135,0.0135,9866
2006,0.0134,0.09416274138479802,2.1348666236486427,0.0134,0.0134,9867
1496,0.0133,0.09410287174107258,2.133509253395261,0.0133,0.0133,9868
8294,0.0132,0.09400530559177239,2.1312972243834487,0.0132,0.0132,9869
4065,0.0131,0.09393628957341346,2.129732486655213,0.0131,0.0131,9870
7109,0.013,0.09374936757034787,2.1254945732337176,0.013,0.013,9871
5866,0.0129,0.0937424782744808,2.125338378463233,0.0129,0.0129,9872
3463,0.0128,0.09374008189108733,2.1252840474306147,0.0128,0.0128,9873
4390,0.0127,0.09345790708796213,2.1188865534714942,0.0127,0.0127,9874
8099,0.0126,0.09344889209361237,2.118682164662166,0.0126,0.0126,9875
2005,0.0125,0.0932483724005436,2.114135963119516,0.0125,0.0125,9876
8406,0.0124,0.09320605283968608,2.113176490012191,0.0124,0.0124,9877
1077,0.0123,0.09311168323781986,2.111036933429152,0.0123,0.0123,9878
9534,0.0122,0.09287962152698048,2.1057756082618853,0.0122,0.0122,9879
4623,0.0121,0.09276929973331396,2.1032743820688173,0.0121,0.0121,9880
3680,0.012,0.092643653108865,2.100425709855587,0.012,0.012,9881
8110,0.0119,0.09257424559877771,2.09885209618824,0.0119,0.0119,9882
6458,0.0118,0.09251953576002807,2.097611709524037,0.0118,0.0118,9883
8442,0.0117,0.09222059008649537,2.090833984796161,0.0117,0.0117,9884
1449,0.0116,0.09208992303788031,2.087871489048678,0.0116,0.0116,9885
1902,0.0115,0.09208808547939093,2.0878298277484064,0.0115,0.0115,9886
5507,0.0114,0.09206425982885871,2.087289650334787,0.0114,0.0114,9887
2600,0.0113,0.09203937436243842,2.0867254446747263,0.0113,0.0113,9888
651,0.0112,0.09197306125365029,2.0852219875683637,0.0112,0.0112,9889
4449,0.0111,0.09177221747394693,2.0806684383026437,0.0111,0.0111,9890
712,0.011,0.09168917890838761,2.0787857800507776,0.011,0.011,9891
4436,0.0109,0.09156059670047985,2.0758705520107306,0.0109,0.0109,9892
4902,0.0108,0.09137854839671877,2.0717431355625933,0.0108,0.0108,9893
6974,0.0107,0.09125226504289863,2.068880027359351,0.0107,0.0107,9894
998,0.0106,0.09124618112309478,2.0687420921520285,0.0106,0.0106,9895
6593,0.0105,0.09111815610819658,2.065839496844965,0.0105,0.0105,9896
8675,0.0104,0.09101163217093429,2.0634243760130593,0.0104,0.0104,9897
6545,0.0103,0.09094975630257957,2.0620215204441172,0.0103,0.0103,9898
873,0.0102,0.09093841256197246,2.0617643340781777,0.0102,0.0102,9899
7971,0.0101,0.09091902010342306,2.0613246664148495,0.0101,0.0101,9900
8802,0.01,0.09050594157374661,2.051959310723574,0.01,0.01,9901
5457,0.0099,0.09035695506171343,2.048581474359692,0.0099,0.0099,9902
726,0.0098,0.09026658216487744,2.0465325314520992,0.0098,0.0098,9903
8981,0.0097,0.09019627314516468,2.044938478674253,0.0097,0.0097,9904
1768,0.0096,0.089881197099911,2.037795044625326,0.0096,0.0096,9905
963,0.0095,0.08987273521027805,2.0376031958580083,0.0095,0.0095,9906
6489,0.0094,0.08980441366986935,2.0360542033998446,0.0094,0.0094,9907
526,0.0093,0.0896776541387555,2.033180299261783,0.0093,0.0093,9908
5957,0.0092,0.08931041667909763,2.024854256667235,0.0092,0.0092,9909
4211,0.0091,0.08924075432562203,2.0232748651667882,0.0091,0.0091,9910
1984,0.009,0.08922795993245075,2.0229847894676656,0.009,0.009,9911
1118,0.0089,0.08917953814046718,2.021886965997149,0.0089,0.0089,9912
4637,0.0088,0.08914293254054594,2.021057040357049,0.0088,0.0088,9913
1283,0.0087,0.08913159215077665,2.0207999299619663,0.0087,0.0087,9914
5778,0.0086,0.08912404802131138,2.0206288887416486,0.0086,0.0086,9915
554,0.0085,0.08909079230262182,2.019874911926419,0.0085,0.0085,9916
8641,0.0084,0.08900223988686584,2.0178672431379745,0.0084,0.0084,9917
7327,0.0083,0.08895393296737873,2.016772024067751,0.0083,0.0083,9918
1011,0.0082,0.08892453348010748,2.016105476097392,0.0082,0.0082,9919
2192,0.0081,0.08890493926852215,2.0156612342704188,0.0081,0.0081,9920
3113,0.008,0.08885564901209288,2.014543720890114,0.008,0.008,9921
966,0.0079,0.08881597019765933,2.013644119038217,0.0079,0.0079,9922
6447,0.0078,0.08878479405199818,2.0129372905008163,0.0078,0.0078,9923
6563,0.0077,0.08857646612393802,2.0082140599123086,0.0077,0.0077,9924
4624,0.0076,0.08834476701887065,2.002960955776606,0.0076,0.0076,9925
3160,0.0075,0.08829545041389214,2.0018428450209957,0.0075,0.0075,9926
5119,0.0074,0.08828933350594892,2.001704161902107,0.0074,0.0074,9927
4281,0.0073,0.08810145280466465,1.9974445127824954,0.0073,0.0073,9928
1178,0.0072,0.08796428415665389,1.9943346121570404,0.0072,0.0072,9929
2683,0.0071,0.08791333369852875,1.9931794585270821,0.0071,0.0071,9930
2512,0.007,0.08785672669840527,1.9918960592393309,0.007,0.007,9931
5610,0.0069,0.0877824711784184,1.9902125310314989,0.0069,0.0069,9932
3186,0.0068,0.08777878770217329,1.9901290189079526,0.0068,0.0068,9933
4529,0.0067,0.08761520666158171,1.986420294005931,0.0067,0.0067,9934
6833,0.0066,0.08755190439330018,1.9849850989619982,0.0066,0.0066,9935
220,0.0065,0.08746968426122217,1.9831209963107224,0.0065,0.0065,9936
1719,0.0064,0.0873823841708187,1.9811417203633241,0.0064,0.0064,9937
3312,0.0063,0.08710550021144184,1.9748641809157712,0.0063,0.0063,9938
3866,0.0062,0.08696859122059762,1.9717601672609781,0.0062,0.0062,9939
7282,0.0061,0.0868820804962706,1.9697987878961927,0.0061,0.0061,9940
416,0.006,0.08687639370665487,1.9696698564613522,0.006,0.006,9941
1278,0.0059,0.0866165366742899,1.9637783531213964,0.0059,0.0059,9942
7367,0.0058,0.08628583739148057,1.956280707545934,0.0058,0.0058,9943
5407,0.0057,0.0858686513109928,1.946822225071823,0.0057,0.0057,9944
5948,0.0056,0.08586667980790622,1.9467775269654226,0.0056,0.0056,9945
6178,0.0055,0.08568937831761096,1.9427577307245207,0.0055,0.0055,9946
79,0.0054,0.0856156156744746,1.941085377066714,0.0054,0.0054,9947
4885,0.0053,0.08555893004783974,1.9398001951522224,0.0053,0.0053,9948
8950,0.0052,0.08553691715274452,1.9393011167022745,0.0052,0.0052,9949
3229,0.0051,0.08522179401329366,1.9321566149288776,0.0051,0.0051,9950
3905,0.005,0.08502522696357277,1.9277000280927734,0.005,0.005,9951
2003,0.0049,0.08491584556509905,1.9252201226289447,0.0049,0.0049,9952
3755,0.0048,0.08485185191280786,1.9237692524609127,0.0048,0.0048,9953
3750,0.0047,0.08467016371036597,1.919650000264432,0.0047,0.0047,9954
8778,0.0046,0.0845801263759474,1.9176086652582878,0.0046,0.0046,9955
5194,0.0045,0.08450036868655583,1.9158003913433355,0.0045,0.0045,9956
936,0.0044,0.08417992651488522,1.9085352959664628,0.0044,0.0044,9957
7459,0.0043,0.084012600993736,1.9047416758456257,0.0043,0.0043,9958
9071,0.0042,0.08351977130768634,1.893568194355562,0.0042,0.0042,9959
3191,0.0041,0.08341842631292758,1.8912704910004845,0.0041,0.0041,9960
5465,0.004,0.08335045495088239,1.8897294378200344,0.004,0.004,9961
550,0.0039,0.08321570391704564,1.8866743495713973,0.0039,0.0039,9962
6164,0.0038,0.08305094398457454,1.882938896720217,0.0038,0.0038,9963
7966,0.0037,0.0829453723718408,1.880545367080447,0.0037,0.0037,9964
4496,0.0036,0.08264103735943235,1.8736454547497003,0.0036,0.0036,9965
941,0.0035,0.0824777350758501,1.8699430498528047,0.0035,0.0035,9966
464,0.0034,0.08212095428690329,1.8618540818909746,0.0034,0.0034,9967
5001,0.0033,0.08211639106206237,1.8617506240232637,0.0033,0.0033,9968
9726,0.0032,0.08204378819991733,1.8601045650317127,0.0032,0.0032,9969
665,0.0031,0.08068996247461019,1.8294104994951064,0.0031,0.0031,9970
2265,0.003,0.08064619882060246,1.828418285771321,0.003,0.003,9971
8703,0.0029,0.08033807980947844,1.8214325822608108,0.0029,0.0029,9972
7199,0.0028,0.0800139146004992,1.8140830778287524,0.0028,0.0028,9973
2780,0.0027,0.07994201800998317,1.8124530314945468,0.0027,0.0027,9974
3733,0.0026,0.07970561835547083,1.8070933560554838,0.0026,0.0026,9975
1199,0.0025,0.07966805285141375,1.8062416673762418,0.0025,0.0025,9976
8,0.0024,0.07964770427361474,1.8057803224853752,0.0024,0.0024,9977
8847,0.0023,0.07954085496000675,1.8033578246915023,0.0023,0.0023,9978
2257,0.0022,0.07928057720464927,1.79745678268029,0.0022,0.0022,9979
7012,0.0021,0.07895259859812377,1.7900208205350716,0.0021,0.0021,9980
9896,0.002,0.07871443280300601,1.7846211029883612,0.002,0.002,9981
9399,0.0019,0.07838683368881517,1.7771937447314725,0.0019,0.0019,9982
6453,0.0018,0.07797409949731052,1.7678361959080617,0.0018,0.0018,9983
5096,0.0017,0.07777622505125997,1.7633499676569742,0.0017,0.0017,9984
7344,0.0016,0.07733145673524217,1.7532661381163093,0.0016,0.0016,9985
6321,0.0015,0.0769816599236259,1.7453355115533218,0.0015,0.0015,9986
1402,0.0014,0.07687093481728459,1.7428251414170162,0.0014,0.0014,9987
2319,0.0013,0.0753135934834814,1.707516950657894,0.0013,0.0013,9988
1633,0.0012,0.07510012395134037,1.7026771491326471,0.0012,0.0012,9989
835,0.0011,0.07486070487378464,1.6972490170485561,0.0011,0.0011,9990
3127,0.001,0.07454274707370799,1.690040247579458,0.001,0.001,9991
8895,0.0009,0.07432638311028775,1.6851348232334908,0.0009,0.0009,9992
560,0.0008,0.0728320443651598,1.6512550331555356,0.0008,0.0008,9993
6369,0.0007,0.06942442040327644,1.5739970587670866,0.0007,0.0007,9994
509,0.0006,0.06936565662181074,1.5726647607277968,0.0006,0.0006,9995
6559,0.0005,0.0688492639349495,1.5609570566445812,0.0005,0.0005,9996
9812,0.0004,0.06816384125655851,1.5454170885234253,0.0004,0.0004,9997
2055,0.0003,0.06776039359409067,1.5362700847700594,0.0003,0.0003,9998
3410,0.0002,0.06587864553889962,1.4936069139858352,0.0002,0.0002,9999
2480,0.0001,0.06530962389356634,1.4807060011531927,0.0001,0.0001,10000
