row_id,benchmark_score,nmf_score,svd_score,rank
11644,1.0,0.20623842185039806,4.046543145203939,1
10470,0.9999166666666667,0.2033204389801646,3.9892902653795606,2
9211,0.9998333333333334,0.20331309312409948,3.9891461345079193,3
10584,0.99975,0.20304491406062214,3.9838842723327534,4
8481,0.9996666666666667,0.2027500999356426,3.9780998114847774,5
11766,0.9995833333333334,0.20263887787590437,3.9759175563094473,6
6254,0.9995,0.20187363254734994,3.960902903797712,7
9198,0.9994166666666666,0.201581967367713,3.955180227475947,8
11612,0.9993333333333333,0.20126012109971794,3.9488653769360633,9
11214,0.99925,0.20099749602256917,3.9437124878858016,10
5378,0.9991666666666666,0.20099049608151,3.9435751441103513,11
6059,0.9990833333333333,0.20085641688913838,3.9409444158884277,12
11332,0.999,0.2008288288209794,3.9404031185534993,13
9026,0.9989166666666667,0.20070313559909708,3.9379369289810677,14
10981,0.9988333333333334,0.20058454474239343,3.9356100928174804,15
11378,0.99875,0.20057439800907007,3.93541100676065,16
11579,0.9986666666666667,0.2005543265449488,3.9350171904929256,17
11865,0.9985833333333334,0.2005365062176926,3.934667543116559,18
338,0.9985,0.20051060618375377,3.934159366202474,19
10400,0.9984166666666666,0.20046448469915837,3.933254430179031,20
11885,0.9983333333333333,0.20040964334458,3.9321784041628716,21
9691,0.99825,0.20032157184688915,3.930450379326043,22
11225,0.9981666666666666,0.2003162399651438,3.930345764049532,23
7588,0.9980833333333333,0.200294467098407,3.9299185650637494,24
10610,0.998,0.20024764214336607,3.928999826454585,25
10694,0.9979166666666667,0.20006544012227373,3.9254248944274677,26
11334,0.9978333333333333,0.20004181494160544,3.9249613517372675,27
9080,0.99775,0.19998993925859807,3.92394351428685,28
10504,0.9976666666666667,0.1998908654030554,3.921999615437069,29
9397,0.9975833333333334,0.19982452709170667,3.92069801102872,30
11100,0.9975,0.19981059776744722,3.920424707872611,31
10585,0.9974166666666666,0.19981019176043505,3.920416741728995,32
11717,0.9973333333333333,0.19980467616330774,3.9203085218272378,33
8548,0.99725,0.19977640164672686,3.9197537558906834,34
11573,0.9971666666666666,0.19977133990584686,3.9196544409682765,35
10317,0.9970833333333333,0.19972016310874388,3.9186503161517017,36
5324,0.997,0.19971014758061983,3.9184538044333506,37
8853,0.9969166666666667,0.19969805106365807,3.9182164622477442,38
10264,0.9968333333333333,0.19968385311506698,3.917937888493011,39
9294,0.99675,0.1996739173119574,3.917742941035562,40
11863,0.9966666666666667,0.19967118671702394,3.917689364839073,41
11427,0.9965833333333334,0.1996626678722147,3.91752221910183,42
8932,0.9965,0.1996031877983331,3.916355178144671,43
11918,0.9964166666666666,0.19954317451716533,3.9151776752848573,44
10784,0.9963333333333333,0.19952006553893073,3.9147242608500976,45
10369,0.99625,0.1994955915997407,3.914244064919722,46
7509,0.9961666666666666,0.1994903212439077,3.914140656824956,47
7760,0.9960833333333333,0.1994636455040656,3.9136172600144485,48
10389,0.996,0.19945768665730454,3.9135003432425846,49
10190,0.9959166666666667,0.19944786494283465,3.9133076342846493,50
7586,0.9958333333333333,0.19940926020139577,3.9125501820580517,51
11979,0.99575,0.19939102945156162,3.9121924819015295,52
7221,0.9956666666666667,0.19937289660015187,3.9118367025811036,53
10899,0.9955833333333334,0.1993679679834477,3.9117399996488373,54
11441,0.9955,0.19933107795443258,3.9110161912880983,55
10751,0.9954166666666666,0.19930006219031568,3.910407640143487,56
8385,0.9953333333333333,0.19929362854494048,3.910281407488311,57
11437,0.99525,0.1992808014339182,3.910029730532491,58
9592,0.9951666666666666,0.1992715263717968,3.90984774727879,59
7088,0.9950833333333333,0.19927005394717207,3.909818857270281,60
11601,0.995,0.19926716271681816,3.90976212929362,61
6374,0.9949166666666667,0.19924459072405695,3.909319250892227,62
8670,0.9948333333333333,0.1991900755224294,3.9082496242267464,63
5282,0.99475,0.199179007868043,3.9080324690498163,64
10672,0.9946666666666667,0.1991623632622423,3.907705890156757,65
11807,0.9945833333333334,0.19911297809774314,3.9067369184341922,66
11482,0.9945,0.19911268561726708,3.90673117976118,67
10527,0.9944166666666666,0.19910534977944805,3.9065872454545874,68
10410,0.9943333333333333,0.1990595280178984,3.9056881902085454,69
9392,0.99425,0.19904893860730302,3.9054804185117433,70
11086,0.9941666666666666,0.1990130285035402,3.904775836974885,71
10060,0.9940833333333333,0.19898254857074793,3.904177799218391,72
8826,0.994,0.19895466942793616,3.9036307907937395,73
10025,0.9939166666666667,0.19892847045430048,3.9031167484721223,74
10484,0.9938333333333333,0.198913973348124,3.902832305034769,75
11883,0.99375,0.19888936367483723,3.9023494459057355,76
10980,0.9936666666666667,0.19881074205240093,3.900806834279468,77
10574,0.9935833333333334,0.19879473280568322,3.9004927215792806,78
2125,0.9935,0.19879154293964188,3.900430134160147,79
11698,0.9934166666666666,0.19876259000811994,3.899862057244384,80
10948,0.9933333333333333,0.19872119454233542,3.899049849039864,81
10552,0.99325,0.19869910890698927,3.898616513313625,82
8547,0.9931666666666666,0.19869301072991366,3.8984968627828236,83
9126,0.9930833333333333,0.19868393053744504,3.898318703009025,84
11683,0.993,0.19865038144552996,3.8976604461880706,85
10105,0.9929166666666667,0.19863765673235972,3.897410778350303,86
9293,0.9928333333333333,0.19857237530920568,3.8961299108329737,87
8146,0.99275,0.19854289225259314,3.8955514324894747,88
8358,0.9926666666666667,0.19852464958920005,3.89519349858055,89
10962,0.9925833333333334,0.19850792947381138,3.8948654381362005,90
10918,0.9925,0.19850572993954438,3.8948222817241724,91
11383,0.9924166666666666,0.1984391780427169,3.8935164866182292,92
6689,0.9923333333333333,0.19842468595984747,3.893232141741718,93
11830,0.99225,0.19837382407955653,3.8922341958148676,94
8005,0.9921666666666666,0.19835070403172428,3.8917805641868197,95
11495,0.9920833333333333,0.19831541917627618,3.8910882504624125,96
8283,0.992,0.19819601654347258,3.8887454866798317,97
5726,0.9919166666666667,0.19818362211859036,3.888502299330966,98
3690,0.9918333333333333,0.19816397492862034,3.8881168076210333,99
9070,0.99175,0.19816315025239484,3.8881006268924256,100
9435,0.9916666666666667,0.19815147916808099,3.8878716319951474,101
9735,0.9915833333333334,0.19813209020669195,3.8874912069119203,102
9107,0.9915,0.19805590817734406,3.885996461820862,103
10272,0.9914166666666666,0.19804469345320927,3.885776421031818,104
9199,0.9913333333333333,0.19803210694388484,3.8855294648508574,105
10350,0.99125,0.19800066312050343,3.8849125148818686,106
9370,0.9911666666666666,0.19799545886897865,3.8848104038002234,107
11712,0.9910833333333333,0.1979608012161647,3.8841303962334095,108
10110,0.991,0.1979534326138047,3.88398581906345,109
11957,0.9909166666666667,0.1979512070214962,3.883942151374278,110
11735,0.9908333333333333,0.19787829943870625,3.8825116532317567,111
10132,0.99075,0.1978576606999343,3.882106706635719,112
6383,0.9906666666666667,0.19785642106026774,3.882082384032068,113
10474,0.9905833333333334,0.19785605038526435,3.8820751111273086,114
9181,0.9905,0.1978334899694396,3.8816324598735497,115
11115,0.9904166666666666,0.19783220614386196,3.8816072703111626,116
11811,0.9903333333333333,0.19782232297394126,3.8814133555539607,117
6708,0.99025,0.1977977112622932,3.8809304564308977,118
10510,0.9901666666666666,0.1977916117603557,3.8808107799053726,119
11913,0.9900833333333333,0.19777208438477878,3.8804276390382304,120
8587,0.99,0.19770638804381896,3.8791386305412257,121
3445,0.9899166666666667,0.1976933237888122,3.878882300653393,122
10807,0.9898333333333333,0.19768132784466158,3.8786469317771894,123
9796,0.98975,0.19767707167064083,3.8785634226441577,124
11099,0.9896666666666667,0.19767421435390822,3.8785073600766955,125
11506,0.9895833333333334,0.19766497811814948,3.8783261386235885,126
4028,0.9895,0.1976410097209956,3.877855861784152,127
11866,0.9894166666666667,0.1975585693269227,3.876238323167718,128
10919,0.9893333333333333,0.19755290185392615,3.876127123354423,129
11852,0.98925,0.19753402120980756,3.8757566718141687,130
11754,0.9891666666666666,0.19752862378156538,3.8756507704692105,131
8393,0.9890833333333333,0.19752574627581593,3.8755943117790306,132
11012,0.989,0.19750263931841128,3.8751409369944003,133
10405,0.9889166666666667,0.1974909984942865,3.8749125358233236,134
7803,0.9888333333333333,0.19746998854868233,3.8745003058876897,135
8974,0.98875,0.1974599772045605,3.874303876262383,136
10714,0.9886666666666667,0.19745432460108517,3.8741929681995426,137
10789,0.9885833333333334,0.19745068003492744,3.874121459243695,138
11018,0.9885,0.19743933258133475,3.8738988142091833,139
11132,0.9884166666666667,0.19743679031561115,3.873848933164484,140
6756,0.9883333333333333,0.19743455675340207,3.8738051091002808,141
5263,0.98825,0.19742293595126362,3.8735771007747113,142
8753,0.9881666666666666,0.19742147508160415,3.8735484374827154,143
11679,0.9880833333333333,0.19738178773151105,3.8727697437115136,144
9935,0.988,0.19737651840719966,3.8726663558559666,145
9474,0.9879166666666667,0.19736900937247587,3.8725190233040925,146
9653,0.9878333333333333,0.19734497188783376,3.8720473909194233,147
11788,0.98775,0.19733039290016183,3.871761340909445,148
11161,0.9876666666666667,0.19732232076057216,3.8716029598433126,149
11565,0.9875833333333334,0.1973082273146645,3.871326436504881,150
5939,0.9875,0.19730133202710742,3.871191146104822,151
11650,0.9874166666666667,0.19728979458941098,3.870964773448308,152
11199,0.9873333333333333,0.1972830162602271,3.870831777853943,153
11017,0.98725,0.19728233020123379,3.8708183168931303,154
1803,0.9871666666666666,0.19728110687138228,3.8707943142995846,155
8887,0.9870833333333333,0.19725017158223757,3.8701873421305724,156
6800,0.987,0.19722866638160072,3.8697653949422604,157
8269,0.9869166666666667,0.1972085795568626,3.8693712772884066,158
10104,0.9868333333333333,0.1972004645492483,3.8692120551214506,159
11835,0.98675,0.19719546406592567,3.869113942115513,160
11424,0.9866666666666667,0.19717220627713844,3.868657607912832,161
11920,0.9865833333333334,0.19715199013432722,3.8682609529472822,162
7908,0.9865,0.19714510503091093,3.868125862367261,163
9586,0.9864166666666667,0.19714080943150827,3.8680415796804484,164
5812,0.9863333333333333,0.1971259248914671,3.867749534517716,165
5764,0.98625,0.19711204199738164,3.8674771423543577,166
11648,0.9861666666666666,0.19707415738728198,3.866733819612003,167
7598,0.9860833333333333,0.19706736268799724,3.8666005028247232,168
9284,0.986,0.19706614566013214,3.866576623880527,169
7853,0.9859166666666667,0.19703055909359407,3.8658783903719707,170
10472,0.9858333333333333,0.1970171351210705,3.865615002572989,171
8578,0.98575,0.19701024042613224,3.865479723800541,172
10261,0.9856666666666667,0.19699900183581764,3.8652592147402416,173
8819,0.9855833333333334,0.19698848837833444,3.865052933297007,174
11218,0.9855,0.19697652924298206,3.864818286635404,175
11801,0.9854166666666667,0.19697254070679193,3.8647400287451417,176
3553,0.9853333333333333,0.19696216490586016,3.8645364482204645,177
8063,0.98525,0.19694162264247184,3.8641333945394223,178
11836,0.9851666666666666,0.19694139136033198,3.864128856620857,179
2034,0.9850833333333333,0.19692421619806333,3.86379186783617,180
10871,0.985,0.19692339936772524,3.863775841049357,181
10893,0.9849166666666667,0.1969230307219287,3.8637686079590967,182
10616,0.9848333333333333,0.19691318562223223,3.8635754401665645,183
8934,0.98475,0.19691017019722165,3.8635162754032715,184
11360,0.9846666666666667,0.19687818200702648,3.8628886445738804,185
11528,0.9845833333333334,0.19686085609454174,3.862548697963657,186
6700,0.9845,0.19685171277837,3.8623692996583285,187
11692,0.9844166666666667,0.19685126920237203,3.862360596384689,188
9689,0.9843333333333333,0.19683625123437215,3.8620659332714062,189
8954,0.98425,0.19682920769902654,3.861927734145289,190
11917,0.9841666666666666,0.1968270082618928,3.86188457963906,191
7553,0.9840833333333333,0.1968065544792321,3.861483262012251,192
11629,0.984,0.19680486354918925,3.8614500847734172,193
10185,0.9839166666666667,0.19680453422120736,3.861443623126382,194
10551,0.9838333333333333,0.19679872626567232,3.8613296669467143,195
10972,0.98375,0.19678450776407722,3.8610506899275574,196
7697,0.9836666666666667,0.19676698310438026,3.8607068437570558,197
10316,0.9835833333333334,0.19675452027926324,3.860462314347366,198
9479,0.9835,0.196721404598521,3.8598125613590186,199
10785,0.9834166666666667,0.1967210402081604,3.859805411763392,200
10397,0.9833333333333333,0.19671107423800804,3.8596098724073222,201
8164,0.98325,0.19671057350981647,3.859600047767424,202
9405,0.9831666666666666,0.19669942303856564,3.8593812676652535,203
5954,0.9830833333333333,0.19667731306227332,3.8589474543524718,204
8807,0.983,0.1966713419258036,3.8588302964478594,205
8687,0.9829166666666667,0.19666945882837655,3.8587933487495816,206
3697,0.9828333333333333,0.19665972151823544,3.858602295864073,207
4837,0.98275,0.19665837584190185,3.8585758927462717,208
3352,0.9826666666666667,0.19665182196633266,3.8584473010899734,209
2830,0.9825833333333334,0.19665019711530066,3.8584154203679155,210
9320,0.9825,0.19664028055354188,3.8582208504393183,211
8361,0.9824166666666667,0.19664014029653523,3.858218098498045,212
5548,0.9823333333333333,0.19663839978839015,3.8581839485019636,213
5907,0.98225,0.19662387833507947,3.8578990273566767,214
11951,0.9821666666666666,0.19660186078284875,3.857467027469051,215
8182,0.9820833333333333,0.19660015796555472,3.8574336169940047,216
9997,0.982,0.19659359448781596,3.857304836936386,217
10823,0.9819166666666667,0.1965884832618414,3.857204551081555,218
1972,0.9818333333333333,0.19654716838503686,3.856393924089682,219
10134,0.98175,0.1965454677033454,3.8563605555165985,220
7158,0.9816666666666667,0.19653822623700803,3.8562184728449633,221
9724,0.9815833333333334,0.19652467197906126,3.8559525287541696,222
4525,0.9815,0.19652433725370655,3.8559459612069054,223
8287,0.9814166666666667,0.19652427942217818,3.855944826511565,224
6236,0.9813333333333333,0.19652114073334742,3.855883243225283,225
6387,0.98125,0.19647159061077682,3.854911034909162,226
8710,0.9811666666666666,0.19647146415003222,3.8549085536602465,227
10771,0.9810833333333333,0.19646759490923968,3.8548326364297276,228
8106,0.981,0.19646569886623103,3.854795434730046,229
7502,0.9809166666666667,0.19646086550823885,3.8547006008407996,230
9387,0.9808333333333333,0.1964604359591743,3.8546921727855237,231
8829,0.98075,0.1964546052601697,3.854577770362921,232
11664,0.9806666666666667,0.19645266911842643,3.8545397818977847,233
11051,0.9805833333333334,0.19642898600769337,3.8540751025788875,234
7329,0.9805,0.19640822264859933,3.8536677108443236,235
11440,0.9804166666666667,0.19640695997152913,3.853642936230548,236
6786,0.9803333333333333,0.19639944254721883,3.8534954390690856,237
6803,0.98025,0.19639246690271633,3.8533585720091486,238
6194,0.9801666666666666,0.19638296151478823,3.853172069600835,239
4303,0.9800833333333333,0.1963736347187003,3.8529890712902546,240
10462,0.98,0.1963717245207291,3.8529515918601893,241
11169,0.9799166666666667,0.1963651199592737,3.852822005711067,242
10267,0.9798333333333333,0.19636243082758306,3.852769243052644,243
9447,0.97975,0.196349260348365,3.8525108289709094,244
10221,0.9796666666666667,0.1963363179170901,3.8522568893505014,245
8989,0.9795833333333334,0.19632774833303884,3.85208874807359,246
8011,0.9795,0.19631709629177396,3.8518797475189137,247
10666,0.9794166666666667,0.19630814392504628,3.8517040957761726,248
2375,0.9793333333333333,0.1962928893340319,3.8514047899526496,249
9395,0.97925,0.19629237985429104,3.8513947936011403,250
5669,0.9791666666666666,0.19629151240841805,3.851377773701949,251
3224,0.9790833333333333,0.19629047620366033,3.8513574426345496,252
10047,0.979,0.1962730425132843,3.8510153813461487,253
7907,0.9789166666666667,0.19626198128223665,3.8507983521996474,254
8268,0.9788333333333333,0.1962566487655772,3.8506937244656747,255
5215,0.97875,0.19625108554903983,3.850584570237583,256
9976,0.9786666666666667,0.19624403263519413,3.850446187098668,257
11166,0.9785833333333334,0.19623541364065658,3.850277076353188,258
11057,0.9785,0.19622332740639,3.850039935921327,259
10048,0.9784166666666667,0.1962165416928216,3.849906795440144,260
10326,0.9783333333333334,0.19619930513714087,3.849568602073407,261
8699,0.97825,0.1961926577274905,3.8494381752125655,262
8618,0.9781666666666666,0.19618385614611522,3.8492654819846512,263
11682,0.9780833333333333,0.1961821853476096,3.8492326997407726,264
8301,0.978,0.1961815451281307,3.849220138183548,265
9733,0.9779166666666667,0.19617930905685618,3.849176264889687,266
7031,0.9778333333333333,0.19617835593623964,3.849157563991679,267
10564,0.97775,0.1961777754284138,3.849146174019106,268
2587,0.9776666666666667,0.19617667217612342,3.8491245274318695,269
5896,0.9775833333333334,0.1961588486913513,3.8487748181028065,270
11063,0.9775,0.19614663115237765,3.8485351013800813,271
8435,0.9774166666666667,0.19614452878584027,3.8484938514673654,272
11154,0.9773333333333334,0.1961359554846689,3.848325637257906,273
3285,0.97725,0.19612426983641887,3.8480963566059776,274
9636,0.9771666666666666,0.19612339406215157,3.848079173297795,275
7723,0.9770833333333333,0.1961233131401593,3.8480775855513185,276
8605,0.977,0.19610563362210248,3.847730700950624,277
6535,0.9769166666666667,0.19610302673761873,3.8476795520403524,278
9251,0.9768333333333333,0.19608120232692383,3.8472513417257774,279
3702,0.97675,0.19607921446467708,3.847212338467938,280
9710,0.9766666666666667,0.196074210245264,3.8471141521572294,281
8370,0.9765833333333334,0.19606233961107833,3.8468812419508644,282
11503,0.9765,0.19603120709799274,3.8462704001092085,283
11547,0.9764166666666667,0.19602830563218596,3.846213471305812,284
11359,0.9763333333333334,0.19598483491784996,3.8453605452625714,285
9231,0.97625,0.19597946400125,3.8452551640947306,286
10120,0.9761666666666666,0.1959769705213315,3.845206240261901,287
11623,0.9760833333333333,0.19597441653866687,3.845156129322567,288
4345,0.976,0.1959680402001029,3.8450310210674328,289
6821,0.9759166666666667,0.19596601205162226,3.8449912273652656,290
8102,0.9758333333333333,0.19595868714958373,3.844847507626379,291
8895,0.97575,0.1959397825225478,3.8444765855244087,292
9938,0.9756666666666667,0.19593421697311456,3.84436738552321,293
8213,0.9755833333333334,0.19592971397069364,3.8442790334430805,294
10355,0.9755,0.19592652844201855,3.844216531126018,295
11392,0.9754166666666667,0.19592288278527253,3.844145000772067,296
10652,0.9753333333333334,0.19592020891734618,3.8440925375994244,297
1964,0.97525,0.1959140768054295,3.843972221243188,298
10195,0.9751666666666666,0.19589268314129454,3.843552462479586,299
5086,0.9750833333333333,0.19589086516035603,3.84351679241271,300
8646,0.975,0.19588027257604085,3.8433089584452516,301
11720,0.9749166666666667,0.19587766412265523,3.8432577787519886,302
10084,0.9748333333333333,0.1958687092651471,3.8430820781384245,303
6726,0.97475,0.19586808226185198,3.8430697758920056,304
8121,0.9746666666666667,0.1958579361973292,3.84287070295749,305
6969,0.9745833333333334,0.1958577634287599,3.8428673131164386,306
4893,0.9745,0.1958554432512438,3.8428217895988714,307
11190,0.9744166666666667,0.1958543544439272,3.8428004264321522,308
11878,0.9743333333333334,0.19585039660174045,3.842722770779897,309
11033,0.97425,0.1958476585411272,3.842669048101529,310
11978,0.9741666666666666,0.19584743644760017,3.8426646904700323,311
9669,0.9740833333333333,0.19584624707908035,3.8426413542216897,312
10914,0.974,0.19584582431107986,3.8426330592156503,313
7451,0.9739166666666667,0.19583979401920887,3.842514740640418,314
7442,0.9738333333333333,0.19583004855334996,3.8423235277339804,315
9674,0.97375,0.19580471413292164,3.8418264485553744,316
10456,0.9736666666666667,0.1958034797881827,3.8418022298419148,317
5479,0.9735833333333334,0.1957996350178982,3.841726792740065,318
11354,0.9735,0.19579904238679835,3.8417151649003163,319
7675,0.9734166666666667,0.19579073878241682,3.8415522423319235,320
8881,0.9733333333333334,0.1957902420108966,3.8415424953246893,321
10200,0.97325,0.1957803412636727,3.8413482356884234,322
11076,0.9731666666666666,0.1957784122380592,3.841310386846777,323
10637,0.9730833333333333,0.19577680111119192,3.841278775402489,324
7034,0.973,0.19576846430183822,3.8411152013291483,325
10502,0.9729166666666667,0.19576822854902576,3.8411105756928645,326
1933,0.9728333333333333,0.19575745399894975,3.8408991714290295,327
11071,0.97275,0.1957549693852987,3.8408504215585717,328
10944,0.9726666666666667,0.195751799819144,3.840788232437446,329
4244,0.9725833333333334,0.1957434498773291,3.840624400695992,330
11131,0.9725,0.19572983088451668,3.8403571864615182,331
11985,0.9724166666666667,0.19572881761096972,3.84033730532059,332
6012,0.9723333333333334,0.19571853946842488,3.840135640922264,333
2109,0.97225,0.1957047038842905,3.8398641770134843,334
5156,0.9721666666666666,0.19569561874570074,3.8396859201932827,335
7415,0.9720833333333333,0.19569429597674992,3.839659966534465,336
10803,0.972,0.19569077316967126,3.839590846577525,337
11853,0.9719166666666667,0.19568883118119124,3.8395527433953163,338
4834,0.9718333333333333,0.1956762471129263,3.839305835109675,339
11480,0.97175,0.19566588709391478,3.8391025642372947,340
5945,0.9716666666666667,0.1956642334306137,3.8390701181982525,341
3823,0.9715833333333334,0.19565079975199165,3.83880653995877,342
5308,0.9715,0.19564846460635507,3.838760722756118,343
10813,0.9714166666666667,0.19562875227128382,3.8383739528533605,344
4836,0.9713333333333334,0.1956274605509616,3.838348608390575,345
5906,0.97125,0.19562297216009578,3.838260542999401,346
7222,0.9711666666666666,0.19560119571810655,3.837833273864658,347
10986,0.9710833333333333,0.19559543188503514,3.8377201833987877,348
4949,0.971,0.19559233494212863,3.8376594191969744,349
5360,0.9709166666666667,0.19557791504651287,3.8373764906852115,350
5761,0.9708333333333333,0.19557045623657157,3.837230143578947,351
10880,0.97075,0.1955700077495393,3.837221343947358,352
4915,0.9706666666666667,0.19555991601941244,3.8370233370920115,353
6316,0.9705833333333334,0.1955535738107996,3.836898898490518,354
8233,0.9705,0.19555336150636132,3.8368947329278464,355
5621,0.9704166666666667,0.19554689299659014,3.8367678162086634,356
9256,0.9703333333333334,0.1955370517795131,3.836574724595814,357
7605,0.97025,0.19552201729850568,3.8362797374857047,358
600,0.9701666666666666,0.19551877253017813,3.8362160728449837,359
10529,0.9700833333333333,0.19551073056457974,3.8360582838137853,360
6659,0.97,0.19550965149480304,3.8360371117045107,361
7016,0.9699166666666666,0.19549147355601745,3.8356804477379782,362
5858,0.9698333333333333,0.19548476337580956,3.8355487892745517,363
9575,0.96975,0.1954715499242579,3.8352895320453495,364
8599,0.9696666666666667,0.1954603860074166,3.83507048813122,365
11056,0.9695833333333334,0.19545050371194408,3.834876590531308,366
5564,0.9695,0.19544786351392598,3.83482478798602,367
5058,0.9694166666666667,0.19543964961944502,3.8346636255890827,368
10963,0.9693333333333334,0.1954239378405078,3.83435534941633,369
9891,0.96925,0.1954204562300629,3.834287037766382,370
11073,0.9691666666666666,0.19541544394895208,3.8341886932795024,371
2494,0.9690833333333333,0.19540615855295762,3.834006507267955,372
11763,0.969,0.19540559124957818,3.8339953763759027,373
9720,0.9689166666666666,0.19539778162922833,3.8338421461222545,374
8596,0.9688333333333333,0.19539662950495823,3.833819540632338,375
7929,0.96875,0.1953952847870579,3.833793156319702,376
8878,0.9686666666666667,0.1953951395216225,3.8337903061095053,377
5154,0.9685833333333334,0.1953943145504582,3.833774119594027,378
9476,0.9685,0.19538864130301556,3.833662806482007,379
8049,0.9684166666666667,0.1953722779590382,3.833341746144141,380
8441,0.9683333333333334,0.1953688898685709,3.833275269422062,381
10293,0.96825,0.19535313707869592,3.8329661885857966,382
4638,0.9681666666666666,0.1953383067737148,3.832675207553166,383
8004,0.9680833333333333,0.19533325967279788,3.8325761798771714,384
11809,0.968,0.1953228868992248,3.832372658751331,385
11446,0.9679166666666666,0.19532134054715036,3.832342318234123,386
8088,0.9678333333333333,0.195320339050615,3.832322668166495,387
7109,0.96775,0.1953157967207079,3.83223354445336,388
10998,0.9676666666666667,0.19531497624677,3.832217446176622,389
8397,0.9675833333333334,0.19529348035664712,3.831795681667133,390
10390,0.9675,0.1952808619359359,3.8315480993622817,391
1599,0.9674166666666667,0.1952762390995874,3.8314573960560603,392
11537,0.9673333333333334,0.19527519218045641,3.831436854765051,393
10991,0.96725,0.19527424586899245,3.831418287467387,394
7879,0.9671666666666666,0.19527077747537494,3.831350235140908,395
9552,0.9670833333333333,0.19526705277515144,3.8312771538982178,396
4986,0.967,0.19526091608250287,3.8311567476647657,397
2908,0.9669166666666666,0.1952503831591337,3.8309500842871493,398
1173,0.9668333333333333,0.19524883072315422,3.830919624399436,399
10171,0.96675,0.19523945212240867,3.830735609644927,400
6265,0.9666666666666667,0.1952369827766263,3.8306871593408838,401
17,0.9665833333333333,0.19523509578893583,3.8306501353129176,402
9553,0.9665,0.19523350062145614,3.830618837003038,403
8027,0.9664166666666667,0.19522262591054534,3.8304054675130237,404
5719,0.9663333333333334,0.195222614471225,3.830405243065501,405
11475,0.96625,0.19520407184104951,3.8300414235969518,406
10987,0.9661666666666666,0.1952034739644207,3.8300296928362254,407
4734,0.9660833333333333,0.1952007824088029,3.8299768826186646,408
8412,0.966,0.1952006082613217,3.8299734657223654,409
7237,0.9659166666666666,0.19519683602306426,3.829899451749971,410
6605,0.9658333333333333,0.19517789103315744,3.8295277377000545,411
9549,0.96575,0.1951707474575291,3.82938757571305,412
11497,0.9656666666666667,0.1951652434683539,3.8292795835675113,413
11488,0.9655833333333333,0.19516219654055697,3.829219800697375,414
2654,0.9655,0.19516160935122764,3.8292082796290616,415
10797,0.9654166666666667,0.19515909797084088,3.8291590045764057,416
6743,0.9653333333333334,0.1951505798314681,3.8289918726803256,417
10756,0.96525,0.19514753551253325,3.8289321409979067,418
7010,0.9651666666666666,0.19514734863610367,3.8289284743506906,419
8034,0.9650833333333333,0.19514543057289874,3.8288908405992057,420
8270,0.965,0.19513989521101197,3.828782232898962,421
489,0.9649166666666666,0.19513126950537205,3.828612990476964,422
10786,0.9648333333333333,0.19512668319818463,3.8285230038985807,423
9659,0.96475,0.1951250349828762,3.828490664752948,424
4037,0.9646666666666667,0.19512102768754047,3.8284120387951006,425
3379,0.9645833333333333,0.19510707318473938,3.8281382416182517,426
6006,0.9645,0.19510108126968057,3.8280206760230806,427
11281,0.9644166666666667,0.19508909293867233,3.827785456522104,428
7584,0.9643333333333334,0.1950826824137895,3.827659677507291,429
6404,0.96425,0.19508253038672468,3.8276566946291686,430
3812,0.9641666666666666,0.19507799885777624,3.8275677828384564,431
6239,0.9640833333333333,0.1950741403400566,3.8274920760022386,432
10762,0.964,0.19506699872993838,3.827351952579934,433
3342,0.9639166666666666,0.19506433462565684,3.8272996809769246,434
2877,0.9638333333333333,0.1950641643334772,3.8272963397243824,435
7950,0.96375,0.1950500458815562,3.827019325750295,436
2870,0.9636666666666667,0.19504135798191685,3.8268488630381885,437
11252,0.9635833333333333,0.1950312776849446,3.826651080509331,438
4074,0.9635,0.19502473009552762,3.8265226121917904,439
10681,0.9634166666666667,0.19501647028414038,3.8263605488727945,440
11288,0.9633333333333334,0.1950013047893588,3.8260629911800645,441
9443,0.96325,0.19498976749953148,3.8258366214248847,442
10832,0.9631666666666666,0.19498914883602633,3.8258244828110635,443
10927,0.9630833333333333,0.19498043591876307,3.8256535292354936,444
1604,0.963,0.19498000447856856,3.8256450640749344,445
7443,0.9629166666666666,0.19497430668252802,3.8255332693021327,446
10275,0.9628333333333333,0.19497069963047534,3.825462496399437,447
11447,0.96275,0.1949656509093117,3.825363436933059,448
7382,0.9626666666666667,0.19496317492948706,3.825314856464418,449
11417,0.9625833333333333,0.19494667755903697,3.824991166432696,450
8108,0.9625,0.1949455119210889,3.824968295794907,451
10684,0.9624166666666667,0.19492927931351667,3.8246498005973724,452
8457,0.9623333333333334,0.19492245744167605,3.82451595066543,453
10128,0.96225,0.19491790240285328,3.8244265775943758,454
10165,0.9621666666666666,0.19491316154093197,3.8243335585432394,455
11142,0.9620833333333333,0.1949069080632036,3.8242108609042242,456
7678,0.962,0.19489508323861807,3.8239788495144946,457
11765,0.9619166666666666,0.19489347172081795,3.8239472303998143,458
10676,0.9618333333333333,0.19488765404707267,3.8238330835420173,459
9210,0.96175,0.1948858742445049,3.8237981625616557,460
7381,0.9616666666666667,0.19488059160899704,3.82369451353103,461
11694,0.9615833333333333,0.1948737846081588,3.8235609553785856,462
7852,0.9615,0.1948591256143277,3.823273335591421,463
9382,0.9614166666666667,0.19485449317594677,3.8231824438865223,464
11641,0.9613333333333334,0.1948541343115069,3.823175402713357,465
5934,0.96125,0.1948407529993015,3.8229128519399023,466
7061,0.9611666666666666,0.19484010926268674,3.8229002213739536,467
5687,0.9610833333333333,0.19483786393518576,3.822856166466414,468
8609,0.961,0.19483740374663466,3.8228471372427926,469
5304,0.9609166666666666,0.1948334262441298,3.822769095841278,470
10187,0.9608333333333333,0.19481952505299288,3.822496344676842,471
11571,0.96075,0.19481932872568483,3.8224924925967114,472
11709,0.9606666666666667,0.1948087128631587,3.8222842018943783,473
5491,0.9605833333333333,0.1947815857338238,3.821751948504035,474
10685,0.9605,0.19477174937839775,3.8215589522801574,475
929,0.9604166666666667,0.19477117830021215,3.821547747323857,476
2529,0.9603333333333334,0.19476245323371863,3.8213765553718826,477
9574,0.96025,0.19476210564329546,3.821369735402815,478
5115,0.9601666666666666,0.19475788725210802,3.8212869675956185,479
7494,0.9600833333333333,0.19475620851726824,3.821254029635269,480
10208,0.96,0.1947556111077884,3.821242308040347,481
2354,0.9599166666666666,0.19474760806875643,3.821085282775903,482
11083,0.9598333333333333,0.19474758973770537,3.8210849231077253,483
6393,0.95975,0.19474348785850257,3.8210044413477613,484
5837,0.9596666666666667,0.19474196940261834,3.820974648173447,485
9585,0.9595833333333333,0.1947405228732328,3.820946266247703,486
1734,0.9595,0.19474028459626358,3.8209415910857283,487
7631,0.9594166666666667,0.19473840880940999,3.820904786826043,488
8643,0.9593333333333334,0.1947353263415834,3.8208443066354683,489
10594,0.95925,0.1947349227387522,3.820836387663535,490
7650,0.9591666666666666,0.1947273593212073,3.8206879880823914,491
9565,0.9590833333333333,0.19472261252438033,3.820594852584213,492
7632,0.959,0.19471312470309343,3.8204086948457796,493
6318,0.9589166666666666,0.19469856235600455,3.820122971335773,494
10351,0.9588333333333333,0.1946916343731262,3.819987039430459,495
10310,0.95875,0.19468903238271698,3.8199359865453566,496
3752,0.9586666666666667,0.19468642796233512,3.8198848859825185,497
7916,0.9585833333333333,0.19468582811147192,3.8198731164859447,498
10053,0.9585,0.1946843163884864,3.819843455415831,499
1639,0.9584166666666667,0.19467588832111496,3.8196780907959287,500
6289,0.9583333333333334,0.19464492253710927,3.819070520296271,501
3204,0.95825,0.19464395878203528,3.8190516107427097,502
3429,0.9581666666666667,0.194638917306029,3.8189526934314113,503
3407,0.9580833333333333,0.19463615556530883,3.818898506132685,504
8090,0.958,0.19463029268268423,3.818783472244756,505
8915,0.9579166666666666,0.19463024742119306,3.8187825841824274,506
7278,0.9578333333333333,0.19461996477018134,3.8185808313247946,507
10413,0.95775,0.19461085085141755,3.818402009817248,508
9873,0.9576666666666667,0.19460925469097543,3.818370692024766,509
10111,0.9575833333333333,0.1945980491557884,3.818150831529369,510
3464,0.9575,0.19458748864800926,3.8179436269261924,511
10804,0.9574166666666667,0.19458570547668377,3.8179086398484046,512
216,0.9573333333333334,0.19458569034124257,3.8179083428804237,513
10464,0.95725,0.1945852271097175,3.817899253951486,514
7110,0.9571666666666667,0.19458249377566691,3.8178456240116097,515
7261,0.9570833333333333,0.1945807199221215,3.817810819755257,516
1184,0.957,0.19458056584641395,3.817807796681384,517
2147,0.9569166666666666,0.1945624321183187,3.8174520001597028,518
9915,0.9568333333333333,0.1945587534910419,3.817379822900696,519
3220,0.95675,0.19455024112715164,3.817212804323664,520
7379,0.9566666666666667,0.19454971086502038,3.8172024002070106,521
7014,0.9565833333333333,0.19454430784941087,3.8170963892339778,522
3344,0.9565,0.19454126649283088,3.8170367156750666,523
8641,0.9564166666666667,0.19453561348439566,3.8169257996666275,524
9896,0.9563333333333334,0.1945343624274198,3.816901253047301,525
4544,0.95625,0.19452719669455662,3.816760656319814,526
4275,0.9561666666666667,0.19452663564331027,3.816749648099073,527
5339,0.9560833333333333,0.19452403833185616,3.81669868701836,528
6828,0.956,0.19451635284128418,3.8165478922784226,529
3045,0.9559166666666666,0.19450736905992816,3.816371624158551,530
6720,0.9558333333333333,0.19450644027889308,3.8163534008202307,531
7517,0.95575,0.19450201408717735,3.8162665558202225,532
11808,0.9556666666666667,0.19449712345176354,3.8161705981076146,533
1838,0.9555833333333333,0.19449314906377466,3.8160926178151007,534
11064,0.9555,0.1944896461111336,3.816023887416197,535
6548,0.9554166666666667,0.1944893437951808,3.8160179557642007,536
8059,0.9553333333333334,0.19448669470891075,3.8159659788251252,537
6950,0.95525,0.19448656991022648,3.81596353018705,538
5078,0.9551666666666667,0.1944698285716063,3.8156350533279175,539
11713,0.9550833333333333,0.19445811567084145,3.8154052379623904,540
10615,0.955,0.19445158154638204,3.815277033836786,541
11090,0.9549166666666666,0.19445146143191885,3.8152746771063946,542
10097,0.9548333333333333,0.19444941110454525,3.815234448238721,543
9499,0.95475,0.1944492087818412,3.815230478524721,544
8712,0.9546666666666667,0.19444827246908458,3.815212107408768,545
3175,0.9545833333333333,0.19443886304878197,3.8150274879528823,546
4907,0.9545,0.19443847075959808,3.8150197909626877,547
7603,0.9544166666666667,0.19443611406640557,3.8149735509818212,548
7107,0.9543333333333334,0.19442786120664457,3.81481162405861,549
7661,0.95425,0.1944261387724049,3.8147778286852514,550
10590,0.9541666666666667,0.19442203033552458,3.8146972182590018,551
9868,0.9540833333333333,0.19441895355315564,3.8146368496211096,552
11467,0.954,0.1944182581818453,3.8146232059460923,553
11140,0.9539166666666666,0.19441476694643609,3.814554705447539,554
10152,0.9538333333333333,0.1944080720072101,3.814423346022899,555
10145,0.95375,0.1944056502501533,3.814375829443156,556
9570,0.9536666666666667,0.19440244652460778,3.8143129700907403,557
10839,0.9535833333333333,0.19440063005422772,3.8142773296620565,558
2470,0.9535,0.19439698242547815,3.81420576061606,559
6626,0.9534166666666667,0.19438390499719654,3.8139491722592007,560
2476,0.9533333333333334,0.1943833957824031,3.8139391811061882,561
9118,0.95325,0.1943804977239994,3.813882319158439,562
9386,0.9531666666666667,0.19437915251211035,3.8138559251533692,563
5873,0.9530833333333333,0.19437543357956588,3.813782957076625,564
3780,0.953,0.19436069154266147,3.8134937079258275,565
9341,0.9529166666666666,0.19436019910840543,3.8134840460187514,566
11460,0.9528333333333333,0.19434746292719968,3.8132341531700344,567
9989,0.95275,0.1943473273119601,3.8132314923034674,568
6117,0.9526666666666667,0.19434537958855677,3.8131932765980485,569
5412,0.9525833333333333,0.1943368935202919,3.8130267739596775,570
10592,0.9525,0.19432772767881493,3.81284693369195,571
10932,0.9524166666666667,0.19432336386186103,3.8127613125287017,572
7283,0.9523333333333334,0.19431684349450973,3.812633378327252,573
11552,0.95225,0.1943057298060741,3.8124153199298005,574
6660,0.9521666666666667,0.1943053281725158,3.8124074395964467,575
2704,0.9520833333333333,0.19430348994606966,3.8123713722984274,576
1483,0.952,0.194296995385577,3.8122439444457292,577
5317,0.9519166666666666,0.19429140640489295,3.812134284706924,578
8181,0.9518333333333333,0.19428864331622078,3.812080070960369,579
6380,0.95175,0.1942854380000143,3.8120171803980494,580
7063,0.9516666666666667,0.1942846912719174,3.812002529066647,581
11455,0.9515833333333333,0.19427129586178662,3.8117397016819297,582
6069,0.9515,0.1942681513473128,3.8116780040924425,583
8477,0.9514166666666667,0.1942629122704433,3.8115752097129985,584
11181,0.9513333333333334,0.19424505595531982,3.8112248562293143,585
2386,0.95125,0.19423939401538787,3.8111137649786704,586
8905,0.9511666666666667,0.19423885933806098,3.81110327423277,587
10854,0.9510833333333333,0.19423242670870228,3.810977061512536,588
2544,0.951,0.1942316471862362,3.81096176673256,589
11257,0.9509166666666666,0.19423027097890705,3.8109347645751086,590
7181,0.9508333333333333,0.19422353740791004,3.8108026471679484,591
11483,0.95075,0.19422208247532333,3.810774100365454,592
4799,0.9506666666666667,0.19421795611022902,3.810693138175033,593
9013,0.9505833333333333,0.1942044991009143,3.8104291021709056,594
6826,0.9505,0.1942035700771017,3.8104108740691576,595
10969,0.9504166666666667,0.19419734030806535,3.810288641611364,596
8788,0.9503333333333334,0.1941852282713911,3.8100509949180976,597
2882,0.95025,0.1941770662548979,3.8098908504038596,598
11744,0.9501666666666667,0.19417658771035154,3.8098814610226466,599
9678,0.9500833333333333,0.19416518227729798,3.809657678390262,600
10570,0.95,0.1941588286468847,3.809533015685026,601
10460,0.9499166666666666,0.19415683849414866,3.809493967486155,602
2337,0.9498333333333333,0.19415649259906234,3.8094871807808746,603
8502,0.94975,0.1941482501420269,3.8093254579664606,604
6226,0.9496666666666667,0.19414479190505887,3.8092576049206066,605
5705,0.9495833333333333,0.19414382705215197,3.809238673826761,606
9921,0.9495,0.19414227021627142,3.8092081276098817,607
10127,0.9494166666666667,0.19414003213007017,3.809164214781748,608
7791,0.9493333333333334,0.19413932562400274,3.8091503526349113,609
6405,0.94925,0.19413412848973713,3.809048381198929,610
9543,0.9491666666666667,0.19412489047149262,3.808867124772152,611
1138,0.9490833333333333,0.1941221820234177,3.808813983112678,612
4305,0.949,0.19412128927053315,3.8087964666720646,613
9122,0.9489166666666666,0.1941168405331533,3.8087091793102283,614
6152,0.9488333333333333,0.194114963477125,3.808672350148452,615
2763,0.94875,0.19410879604061307,3.808551340698739,616
9793,0.9486666666666667,0.1940992756748248,3.8083645444142418,617
1977,0.9485833333333333,0.19408938990226834,3.808170578591527,618
10256,0.9485,0.19408795986547647,3.808142520262072,619
5662,0.9484166666666667,0.19408751516009484,3.8081337948291827,620
7120,0.9483333333333334,0.19407608118342395,3.8079094521509376,621
4700,0.94825,0.1940716794874625,3.807823087774871,622
10241,0.9481666666666667,0.19406813959567615,3.807753632603921,623
7655,0.9480833333333333,0.19406554840532508,3.80770279162358,624
5404,0.948,0.19406519674351014,3.807695891771009,625
5305,0.9479166666666666,0.19405619851550687,3.807519340197743,626
9300,0.9478333333333333,0.19405143040350234,3.8074257864807395,627
11939,0.94775,0.19404992848736824,3.8073963178279806,628
2328,0.9476666666666667,0.19404784597530572,3.8073554574740953,629
3131,0.9475833333333333,0.19404267252841945,3.8072539508011545,630
10653,0.9475,0.19404226386533413,3.807245932543456,631
11381,0.9474166666666667,0.19402459612194506,3.806899278970076,632
11769,0.9473333333333334,0.1940192035138211,3.806793472199246,633
11206,0.94725,0.19401668582393175,3.80674407334973,634
7587,0.9471666666666667,0.19401159265611262,3.8066441418086736,635
11544,0.9470833333333334,0.19400119437777252,3.8064401202613327,636
8192,0.947,0.19399439477077823,3.806306707181359,637
9992,0.9469166666666666,0.19399341393474376,3.8062874624872913,638
10877,0.9468333333333333,0.19399035012581367,3.806227348397463,639
9768,0.94675,0.19398883591310387,3.8061976384772382,640
6060,0.9466666666666667,0.19396972667955892,3.8058227018513735,641
8284,0.9465833333333333,0.19396438058174822,3.805717807645636,642
8468,0.9465,0.19395572394742167,3.805547958380994,643
7396,0.9464166666666667,0.1939488536173811,3.8054131576649946,644
10525,0.9463333333333334,0.19394567502663157,3.8053507914749556,645
11490,0.94625,0.19394001690659757,3.805239775173354,646
7487,0.9461666666666667,0.19393812588165182,3.8052026719316165,647
7999,0.9460833333333334,0.19393708054182865,3.805182161627748,648
10162,0.946,0.19392857227591195,3.805015223455804,649
11151,0.9459166666666666,0.1939274303582222,3.8049928182261903,650
6315,0.9458333333333333,0.1939215815734052,3.804878060947253,651
5769,0.94575,0.19390677249415408,3.8045874963783595,652
10391,0.9456666666666667,0.19389677093147847,3.804391258671906,653
4645,0.9455833333333333,0.19388854837215824,3.804229926264715,654
10271,0.9455,0.19388821399376457,3.80422336552503,655
4942,0.9454166666666667,0.19388366658445544,3.8041341421504624,656
6591,0.9453333333333334,0.1938671666198452,3.803810401219482,657
8565,0.94525,0.19386416235372111,3.803751455401417,658
10905,0.9451666666666667,0.19386019439978486,3.803673601349507,659
7273,0.9450833333333334,0.1938595272517201,3.803660511434443,660
4850,0.945,0.19385739168195867,3.8036186100510685,661
6321,0.9449166666666666,0.19385485001051972,3.803568740666674,662
6009,0.9448333333333333,0.19385032817194675,3.803480019007935,663
10598,0.94475,0.19384348875933388,3.8033458249136203,664
671,0.9446666666666667,0.19383923551919935,3.803262373345545,665
9235,0.9445833333333333,0.1938378867038044,3.803235908637146,666
3165,0.9445,0.19383679256430938,3.803214440849362,667
9411,0.9444166666666667,0.19383485633343303,3.803176450635367,668
5168,0.9443333333333334,0.193832838104093,3.8031368515537745,669
1781,0.94425,0.1938243287557945,3.8029698921447466,670
6000,0.9441666666666667,0.19382249970059098,3.802934004792939,671
1062,0.9440833333333334,0.1938210299065732,3.80290516639878,672
1548,0.944,0.1938209107620226,3.8029028286987323,673
6305,0.9439166666666666,0.1938070127533255,3.8026301399760216,674
5916,0.9438333333333333,0.19380392350010106,3.802569526651176,675
8557,0.94375,0.19379903137101212,3.8024735396316114,676
11054,0.9436666666666667,0.19379431482892545,3.8023809977527474,677
7614,0.9435833333333333,0.19378752277341438,3.8022477328382003,678
8009,0.9435,0.19378748177349545,3.8022469283908897,679
8973,0.9434166666666667,0.19378088653866674,3.8021175252367634,680
10426,0.9433333333333334,0.19376839605405408,3.8018724531283175,681
8084,0.94325,0.1937631717263078,3.8017699481370384,682
11911,0.9431666666666667,0.19376302646601093,3.8017670980276685,683
11296,0.9430833333333334,0.1937576358922867,3.8016613311731877,684
5511,0.943,0.19375710977049107,3.801651008292886,685
11631,0.9429166666666666,0.1937536725260894,3.8015835671359284,686
7126,0.9428333333333333,0.19374090444656158,3.801333048419685,687
2672,0.94275,0.19373946207440157,3.801304748061665,688
10477,0.9426666666666667,0.193733101940246,3.8011799577483876,689
8925,0.9425833333333333,0.19373186809462986,3.8011557488280596,690
5015,0.9425,0.1937310869886278,3.8011404229779666,691
11390,0.9424166666666667,0.19372914023640517,3.8011022263277274,692
9482,0.9423333333333334,0.19372775107420223,3.8010749699865602,693
6335,0.94225,0.19372030127404477,3.800928799658604,694
5269,0.9421666666666667,0.19371957484602653,3.8009145466290697,695
8299,0.9420833333333334,0.1937192289049661,3.80090775902171,696
7389,0.942,0.19371798792058648,3.800883410033838,697
397,0.9419166666666666,0.19371764261376986,3.800876634870839,698
10840,0.9418333333333333,0.19370710553611536,3.8006698899831397,699
4499,0.94175,0.19370140469280092,3.8005580354207273,700
11108,0.9416666666666667,0.19369902913871456,3.8005114253757837,701
9828,0.9415833333333333,0.19369745810292913,3.800480600546818,702
11538,0.9415,0.19369118276547265,3.800357474004496,703
5817,0.9414166666666667,0.19368397980845808,3.800216146912942,704
11567,0.9413333333333334,0.193681763953052,3.80017267026866,705
10842,0.94125,0.1936795251608558,3.8001287435883784,706
9460,0.9411666666666667,0.19367673698925292,3.8000740376970947,707
3195,0.9410833333333334,0.19367353160524967,3.800011145804552,708
11604,0.941,0.19367077974585353,3.7999571523843114,709
1914,0.9409166666666666,0.19367076848364015,3.7999569314117965,710
11767,0.9408333333333333,0.1936663612091967,3.79987045758196,711
10144,0.94075,0.193662774464041,3.7998000831149046,712
7654,0.9406666666666667,0.19364696586092786,3.799489907183636,713
1854,0.9405833333333333,0.1936319819164433,3.799195911635702,714
8533,0.9405,0.19362919231778755,3.799141177744594,715
11074,0.9404166666666667,0.19362588801053937,3.799076344908289,716
8619,0.9403333333333334,0.19361729384028983,3.798907721232829,717
4441,0.94025,0.19361276439164055,3.7988188502590683,718
6827,0.9401666666666667,0.19361022882870305,3.798769100727746,719
2537,0.9400833333333334,0.1935969922003877,3.798509388754142,720
10480,0.94,0.19359607104237495,3.798491314984875,721
10683,0.9399166666666666,0.19359423680381163,3.798455325931921,722
11738,0.9398333333333333,0.19358308353960418,3.7982364910299564,723
9661,0.93975,0.19358283459859005,3.7982316066318793,724
6908,0.9396666666666667,0.1935821572716507,3.7982183170001376,725
2994,0.9395833333333333,0.19357922828437626,3.798160848206159,726
1178,0.9395,0.19357384806236436,3.798055284459581,727
7455,0.9394166666666667,0.19357249410872585,3.7980287189351953,728
6873,0.9393333333333334,0.19355842729574546,3.797752718153525,729
5136,0.93925,0.1935481479720336,3.7975510305798466,730
6379,0.9391666666666667,0.19354292542755366,3.7974485605775268,731
10950,0.9390833333333334,0.19353802303651046,3.7973523722111997,732
11871,0.939,0.19353534999900002,3.7972999253319033,733
9497,0.9389166666666666,0.19353432163553036,3.7972797481160736,734
7322,0.9388333333333333,0.19353126633574572,3.79721980098166,735
899,0.93875,0.19353083293961199,3.797211297444174,736
6151,0.9386666666666666,0.19352211164731403,3.7970401795445525,737
3643,0.9385833333333333,0.19351182240829615,3.7968382974255936,738
8927,0.9385,0.19351129605353581,3.796827969974311,739
8894,0.9384166666666667,0.1934994975638109,3.796596475293117,740
7901,0.9383333333333334,0.19349949742820027,3.7965964726323334,741
4939,0.93825,0.1934910753371958,3.7964312252729195,742
5018,0.9381666666666667,0.19348989482986242,3.796408062887294,743
9946,0.9380833333333334,0.1934836206813999,3.7962849596738932,744
3591,0.938,0.19348276596150013,3.796268189467276,745
9222,0.9379166666666666,0.19348118234809322,3.7962371178564673,746
5471,0.9378333333333333,0.19347640415682477,3.796143366377228,747
6490,0.93775,0.19347451733565252,3.796106345616443,748
10434,0.9376666666666666,0.1934730110083692,3.796076790413804,749
3038,0.9375833333333333,0.1934618631311839,3.7958580612090547,750
3924,0.9375,0.1934600798934636,3.795823072828574,751
9358,0.9374166666666667,0.19345356747682674,3.795695294625708,752
7521,0.9373333333333334,0.19345103067269753,3.795645520741397,753
10514,0.93725,0.1934497737051969,3.7956208581533613,754
7736,0.9371666666666667,0.1934409399196711,3.795447533057393,755
9020,0.9370833333333334,0.1934344560012005,3.7953203140086496,756
11413,0.937,0.1934325219292153,3.795282366153608,757
5657,0.9369166666666666,0.1934285594027272,3.79520461859208,758
953,0.9368333333333333,0.1934250312585225,3.7951353939169774,759
10982,0.93675,0.1934242555984986,3.7951201749207764,760
10935,0.9366666666666666,0.1934125569315263,3.7948906388323005,761
10579,0.9365833333333333,0.19341157432838937,3.794871359466435,762
9515,0.9365,0.19339872415386328,3.7946192299884425,763
3458,0.9364166666666667,0.19339639923345467,3.794573613412017,764
11516,0.9363333333333334,0.1933962826648158,3.7945713262531413,765
11248,0.93625,0.19338964313133594,3.7944410539283036,766
3986,0.9361666666666667,0.1933847378083933,3.794344808036044,767
10243,0.9360833333333334,0.1933839817051175,3.794329972757075,768
5518,0.936,0.1933779874494947,3.7942123612384044,769
11023,0.9359166666666666,0.19337357254458526,3.794125737693463,770
8907,0.9358333333333333,0.19337195742805147,3.7940940479691037,771
1467,0.93575,0.19337159018144925,3.7940868423320513,772
3433,0.9356666666666666,0.193370340211391,3.794062317038825,773
2431,0.9355833333333333,0.19336531195353465,3.7939636590769483,774
6132,0.9355,0.19336516226194836,3.7939607220225353,775
8625,0.9354166666666667,0.19336333117099316,3.793924794727859,776
6008,0.9353333333333333,0.19336256676610747,3.7939097965654414,777
6134,0.93525,0.19335979725727517,3.793855456850867,778
6644,0.9351666666666667,0.19335958128798744,3.7938512193812857,779
10686,0.9350833333333334,0.19335161359238642,3.7936948875797993,780
10236,0.935,0.19335010782857454,3.793665343432905,781
9166,0.9349166666666666,0.19334785092626247,3.7936210614193886,782
8100,0.9348333333333333,0.1933447601835327,3.7935604188694,783
10512,0.93475,0.19334008715880352,3.7934687308317647,784
3538,0.9346666666666666,0.19333485022343913,3.793365978470172,785
7460,0.9345833333333333,0.19333176405935631,3.793305425756464,786
11969,0.9345,0.19332346439658837,3.793142580525279,787
11036,0.9344166666666667,0.19331418950367948,3.7929606005916447,788
9773,0.9343333333333333,0.19330527580951637,3.792785707631909,789
11585,0.93425,0.1933012161430552,3.7927060541156052,790
3666,0.9341666666666667,0.19329616939197514,3.7926070333036686,791
5165,0.9340833333333334,0.19328601831238823,3.7924078619700676,792
3810,0.934,0.1932841282345854,3.792370777311901,793
6686,0.9339166666666666,0.19328275761513572,3.792343884792591,794
11541,0.9338333333333333,0.19328250826112692,3.792338992291243,795
7022,0.93375,0.19328197503766173,3.792328530071166,796
5972,0.9336666666666666,0.19327643297165512,3.7922197908313855,797
4348,0.9335833333333333,0.19327444699876886,3.7921808246441,798
7276,0.9335,0.1932740862430192,3.792173746362111,799
5472,0.9334166666666667,0.1932706544218295,3.7921064116124397,800
9197,0.9333333333333333,0.19327004204771284,3.792094396400797,801
11687,0.93325,0.1932698005833793,3.7920896587004416,802
7407,0.9331666666666667,0.19326936254445073,3.7920810640680624,803
7340,0.9330833333333334,0.1932593715222152,3.7918850331724503,804
4965,0.933,0.19325524404871375,3.7918040492342824,805
11532,0.9329166666666666,0.193248123192756,3.7916643330232542,806
5096,0.9328333333333333,0.19324448567322003,3.791592962327119,807
8147,0.93275,0.19324238283123543,3.791551703085773,808
6794,0.9326666666666666,0.193239073004668,3.79148676195656,809
11268,0.9325833333333333,0.19323025422723486,3.791313731329888,810
11964,0.9325,0.19322627866190611,3.7912357279370754,811
7975,0.9324166666666667,0.1932255954512451,3.7912223228625974,812
5212,0.9323333333333333,0.19322175555087837,3.7911469813119103,813
8187,0.93225,0.1932216360341776,3.7911446363100287,814
9417,0.9321666666666667,0.1932197604317222,3.791107835668357,815
7759,0.9320833333333334,0.19321924569577362,3.7910977361864164,816
3918,0.932,0.19321609700730108,3.7910359567001173,817
11970,0.9319166666666666,0.19321470251806375,3.7910085958387274,818
9271,0.9318333333333333,0.19321435730935851,3.791001822600723,819
2479,0.93175,0.1932109030310546,3.7909340472266715,820
7439,0.9316666666666666,0.19320916614765063,3.790899968350515,821
8585,0.9315833333333333,0.1931959781817347,3.790641211167479,822
7285,0.9315,0.1931957660205333,3.790637048415223,823
7942,0.9314166666666667,0.19319080331320201,3.7905396766008135,824
10079,0.9313333333333333,0.1931889214813591,3.790502753734163,825
7199,0.93125,0.19317916710287364,3.7903113659557164,826
10680,0.9311666666666667,0.19317900239472224,3.790308134265717,827
10183,0.9310833333333334,0.1931757720270604,3.790244752176191,828
9092,0.931,0.1931715893689948,3.7901626854779904,829
3630,0.9309166666666666,0.19316835088076115,3.790099144057134,830
3963,0.9308333333333333,0.19316305633602424,3.7899952613590457,831
1902,0.93075,0.19315704992864188,3.789877411414283,832
9870,0.9306666666666666,0.19315369195985374,3.7898115257007223,833
11010,0.9305833333333333,0.193153531534439,3.789808378041058,834
5179,0.9305,0.19315165324461522,3.7897715246713455,835
9204,0.9304166666666667,0.19314890481153277,3.7897175984778064,836
8616,0.9303333333333333,0.19313716287288155,3.7894872133685062,837
9560,0.93025,0.19313206608618333,3.7893872108224613,838
11815,0.9301666666666667,0.19312830123893374,3.7893133418668405,839
11287,0.9300833333333334,0.19312576064009945,3.789263493527704,840
3568,0.93,0.1931255416917652,3.7892591976071355,841
11746,0.9299166666666666,0.19312439729742328,3.789236743783814,842
7168,0.9298333333333333,0.19312418374668786,3.7892325537679437,843
5272,0.92975,0.1931239769865973,3.789228496989292,844
7784,0.9296666666666666,0.19312349589294298,3.7892190575928275,845
7161,0.9295833333333333,0.19312103979888065,3.7891708672968605,846
8510,0.9295,0.19312093120593893,3.7891687366268147,847
6003,0.9294166666666667,0.19311928846338047,3.7891365048604095,848
8745,0.9293333333333333,0.1931154513299154,3.7890612175983174,849
5402,0.92925,0.19311117962355617,3.7889774037098576,850
10560,0.9291666666666667,0.19309772097569403,3.7887133355562783,851
7645,0.9290833333333334,0.19309724619939014,3.7887040201107096,852
10806,0.929,0.19309209713428238,3.788602991825435,853
886,0.9289166666666666,0.19307466342230323,3.7882609301132373,854
9484,0.9288333333333333,0.19307150758946917,3.788199010449497,855
8539,0.92875,0.19306938849238148,3.7881574322715963,856
3737,0.9286666666666666,0.1930644870811124,3.7880612631291486,857
4617,0.9285833333333333,0.19306116278910626,3.787996038177808,858
8960,0.9285,0.1930593758642626,3.787960977453351,859
7334,0.9284166666666667,0.193053565090077,3.787846965969776,860
6324,0.9283333333333333,0.19304868649605628,3.787751244517789,861
4228,0.92825,0.19304319446330118,3.787643486965653,862
1835,0.9281666666666667,0.19304057306248343,3.787592053234662,863
7372,0.9280833333333334,0.19304053021961795,3.7875912126274365,864
3641,0.928,0.193040444526776,3.787589531273552,865
7111,0.9279166666666666,0.19303803920556203,3.7875423371765766,866
5959,0.9278333333333333,0.19303763235526378,3.7875343544870983,867
5529,0.92775,0.1930365858225419,3.7875138207777423,868
9307,0.9276666666666666,0.19303604232466878,3.7875031569665127,869
7858,0.9275833333333333,0.1930326104928993,3.7874358220092503,870
4406,0.9275,0.1930318522561045,3.7874209448691447,871
6719,0.9274166666666667,0.19303162319994366,3.787416450625856,872
2220,0.9273333333333333,0.19303080105298118,3.7874003195232095,873
9034,0.92725,0.19301861403166753,3.7871612015784963,874
6329,0.9271666666666667,0.19301403032305825,3.7870712659860244,875
1285,0.9270833333333334,0.1930134651272688,3.7870601764464364,876
10450,0.927,0.19300949196679215,3.7869822202385093,877
1726,0.9269166666666667,0.19300812670766185,3.7869554328924835,878
7429,0.9268333333333333,0.19300803278842876,3.786953590130943,879
7361,0.92675,0.19300370831116326,3.7868687408401023,880
5912,0.9266666666666666,0.1930021896972484,3.7868389445651554,881
10179,0.9265833333333333,0.19299611968320235,3.786719846612849,882
10288,0.9265,0.1929938512625292,3.7866753386009497,883
11406,0.9264166666666667,0.1929919858756035,3.786638738395216,884
7742,0.9263333333333333,0.192991847324064,3.7866360199163696,885
6273,0.92625,0.19299134896061917,3.7866262416744654,886
4249,0.9261666666666667,0.19298639950763635,3.78652912991973,887
5258,0.9260833333333334,0.1929862286980634,3.786525778515551,888
8604,0.926,0.19297594862792275,3.7863240762964256,889
1798,0.9259166666666667,0.19297098840775936,3.7862267532820333,890
10432,0.9258333333333333,0.19295721905664584,3.785956588911734,891
7982,0.92575,0.19295342091146764,3.7858820666273063,892
7794,0.9256666666666666,0.19295301241424956,3.785874051624062,893
6222,0.9255833333333333,0.19294849583290255,3.7857854331158194,894
11369,0.9255,0.19293012168957308,3.7854249194778884,895
297,0.9254166666666667,0.19292843470485027,3.7853918196490923,896
8760,0.9253333333333333,0.19292654805725268,3.785354802293921,897
9753,0.92525,0.19292487169523664,3.7853219108900635,898
651,0.9251666666666667,0.19292130653956618,3.7852519600239543,899
7859,0.9250833333333334,0.19291985483822902,3.7852234766208586,900
4663,0.925,0.1929013760733063,3.7848609102335775,901
2056,0.9249166666666667,0.1928990003751731,3.784814297362381,902
7882,0.9248333333333333,0.19289703560580437,3.784775747203059,903
11001,0.92475,0.19288904800948484,3.7846190249354494,904
1947,0.9246666666666666,0.19287969816206021,3.7844355743414404,905
6381,0.9245833333333333,0.19287555440312648,3.784354270871603,906
5187,0.9245,0.19287141112245382,3.78427297678558,907
6488,0.9244166666666667,0.19286849270461814,3.7842157153714284,908
8410,0.9243333333333333,0.19286461252891945,3.7841395835903873,909
11610,0.92425,0.19286171609242622,3.7840827534656265,910
8931,0.9241666666666667,0.19285094864080193,3.783871488478395,911
5584,0.9240833333333334,0.19285049284617461,3.7838625454666888,912
5611,0.924,0.1928492430591398,3.7838380237645364,913
2226,0.9239166666666667,0.19284568934369253,3.783768297363615,914
9137,0.9238333333333333,0.19284427812101929,3.7837406081804605,915
11149,0.92375,0.1928430636321135,3.78371677905241,916
8551,0.9236666666666666,0.1928368588453094,3.783595036763649,917
10008,0.9235833333333333,0.19283679630270528,3.7835938096337003,918
388,0.9235,0.19283628817905862,3.78358383988979,919
4602,0.9234166666666667,0.1928357641896749,3.783573558848862,920
8500,0.9233333333333333,0.1928303924450129,3.7834681614338477,921
6276,0.92325,0.19282664114249484,3.7833945582353934,922
4236,0.9231666666666667,0.19281914732625838,3.7832475242809807,923
6768,0.9230833333333334,0.19281496638401804,3.7831654912484636,924
5381,0.923,0.1928130242246231,3.783127384712752,925
7286,0.9229166666666667,0.19280996724050947,3.7830674045305805,926
9856,0.9228333333333333,0.19280920545279212,3.783052457718828,927
1454,0.92275,0.1928081054491409,3.783030874872197,928
10740,0.9226666666666666,0.19280380789722965,3.7829465538758056,929
10750,0.9225833333333333,0.19280372257229839,3.7829448797404854,930
10282,0.9225,0.1928018219823882,3.782907588827382,931
3258,0.9224166666666667,0.19279960325737677,3.782864055879431,932
5314,0.9223333333333333,0.19279924408230922,3.782857008611532,933
1538,0.92225,0.19278917601446655,3.7826594660268578,934
7045,0.9221666666666667,0.19278887778190443,3.78265361449386,935
8364,0.9220833333333334,0.19278382147283493,3.782554406147387,936
1718,0.922,0.19276223768018275,3.782130916928396,937
5783,0.9219166666666667,0.19275714280228817,3.7820309518344004,938
8433,0.9218333333333333,0.1927456943314745,3.7818063247708382,939
9495,0.92175,0.19274531497468542,3.7817988815233496,940
7131,0.9216666666666666,0.19273977567205317,3.7816901965029164,941
10928,0.9215833333333333,0.19273584387225182,3.78161305182062,942
7430,0.9215,0.19273238923427377,3.781545269389449,943
7024,0.9214166666666667,0.1927264147919942,3.781428046622544,944
6391,0.9213333333333333,0.19272337216965152,3.7813683482284537,945
8921,0.92125,0.19272251535263568,3.781351536874894,946
2756,0.9211666666666667,0.19271511497850846,3.7812063363204986,947
5821,0.9210833333333334,0.19271189038020267,3.781143067429796,948
9003,0.921,0.19271180751410485,3.7811414415385656,949
10313,0.9209166666666667,0.19270843366665705,3.78107524427453,950
8884,0.9208333333333333,0.1927005774560919,3.7809210998880367,951
7947,0.92075,0.19269879488378433,3.7808861245634127,952
11105,0.9206666666666666,0.19269763932226733,3.78086345163228,953
9458,0.9205833333333333,0.19269698411808214,3.7808505960645427,954
5103,0.9205,0.19269416905698775,3.780795362582471,955
6982,0.9204166666666667,0.19269405250405566,3.780793075731814,956
8456,0.9203333333333333,0.19269172962182238,3.7807474991457912,957
10425,0.92025,0.19268732575651237,3.7806610922055697,958
10939,0.9201666666666667,0.19268516785139733,3.780618752586819,959
6603,0.9200833333333334,0.19268215355316953,3.78055960993185,960
3425,0.92,0.1926794370150868,3.7805063095406997,961
11397,0.9199166666666667,0.19267888054361673,3.780495391178362,962
9154,0.9198333333333333,0.19267378859382078,3.7803954835357683,963
11771,0.91975,0.19265267397507474,3.7799811998393587,964
7799,0.9196666666666666,0.1926525534459286,3.779978834972563,965
3141,0.9195833333333333,0.19265162958707618,3.7799607082109725,966
7964,0.9195,0.19264454517995888,3.7798217071518874,967
5781,0.9194166666666667,0.19262493111595622,3.7794368653967734,968
11545,0.9193333333333333,0.19262167188516335,3.7793729169922567,969
8494,0.91925,0.19261913323489793,3.779323106885389,970
1025,0.9191666666666667,0.1926170869372303,3.779282957083434,971
8631,0.9190833333333334,0.19261351976120655,3.7792129665765186,972
9432,0.919,0.19260484926773508,3.7790428453856704,973
8491,0.9189166666666667,0.19259758917653422,3.7789003972810944,974
10605,0.9188333333333333,0.19259516584504696,3.7788528498099305,975
2513,0.91875,0.19258907653251445,3.778733373207742,976
10603,0.9186666666666666,0.19258630955270925,3.7786790831144277,977
415,0.9185833333333333,0.19258517755191001,3.7786568724612044,978
7215,0.9185,0.19258100521180704,3.7785750082086773,979
11060,0.9184166666666667,0.19257996403625477,3.7785545796107405,980
2843,0.9183333333333333,0.19257405391461244,3.778438618860088,981
3432,0.91825,0.19256360569134998,3.7782336173582074,982
5765,0.9181666666666667,0.19256092435620897,3.7781810076735685,983
11113,0.9180833333333334,0.19255949860717503,3.778153033472975,984
9477,0.918,0.19255678695769038,3.7780998289995544,985
7473,0.9179166666666667,0.19255332066992406,3.778031817991349,986
4136,0.9178333333333333,0.19255281505424382,3.778021897455478,987
6752,0.91775,0.19254515058451907,3.777871515159333,988
6098,0.9176666666666666,0.19253516163921114,3.7776755250145353,989
6955,0.9175833333333333,0.19253420168040578,3.7776566899464354,990
8781,0.9175,0.19251534153702685,3.7772866406451264,991
7718,0.9174166666666667,0.1925122560931327,3.7772261020620235,992
9794,0.9173333333333333,0.19250430730131507,3.7770701411660905,993
1949,0.91725,0.19250350539618524,3.7770544072224865,994
6760,0.9171666666666667,0.1925005017592471,3.776995473749495,995
8708,0.9170833333333334,0.19249772891119132,3.776941068516967,996
4950,0.917,0.19249286792452217,3.776845692533647,997
11779,0.9169166666666667,0.19248821711777922,3.776754440428519,998
9822,0.9168333333333333,0.19248683427008126,3.7767273079823864,999
9172,0.91675,0.1924841679963748,3.776674993813727,1000
7987,0.9166666666666666,0.19248393356732516,3.7766703941506288,1001
10153,0.9165833333333333,0.19248221295984527,3.7766366346195603,1002
11699,0.9165,0.19247141760172454,3.7764248220871854,1003
11396,0.9164166666666667,0.19246958133149225,3.77638879317145,1004
8261,0.9163333333333333,0.19246738083935505,3.776345617965341,1005
8275,0.91625,0.1924663716975804,3.7763258178927055,1006
9920,0.9161666666666667,0.19245751867044733,3.7761521152628212,1007
8465,0.9160833333333334,0.1924462870005037,3.7759317419850698,1008
11379,0.916,0.19242872348026632,3.775587133343344,1009
10690,0.9159166666666667,0.19242224921011686,3.775460103601472,1010
9263,0.9158333333333334,0.19241914659136092,3.77539922803549,1011
2214,0.91575,0.19241726609840729,3.775362331438841,1012
3869,0.9156666666666666,0.19241596306484232,3.7753367650022076,1013
10586,0.9155833333333333,0.1924088284791298,3.7751967794037418,1014
8490,0.9155,0.1924072281758631,3.7751653803261247,1015
1445,0.9154166666666667,0.1924031160036561,3.7750846966101532,1016
3629,0.9153333333333333,0.1924024763161096,3.775072145489787,1017
3025,0.91525,0.1924022394894408,3.7750674987836987,1018
11556,0.9151666666666667,0.19240219808542153,3.775066686407607,1019
6748,0.9150833333333334,0.19240218942824386,3.775066516547704,1020
3755,0.915,0.19240212967582485,3.775065344163167,1021
9541,0.9149166666666667,0.19240042580316977,3.7750319129811514,1022
5899,0.9148333333333334,0.1923985911861627,3.7749959165029043,1023
11958,0.91475,0.1923973493121168,3.7749715500591314,1024
8911,0.9146666666666666,0.19237470681418462,3.7745272882965644,1025
3781,0.9145833333333333,0.19236998189373813,3.774434582028398,1026
7250,0.9145,0.1923681392300248,3.7743984276680678,1027
11187,0.9144166666666667,0.19236550818768947,3.774346804763667,1028
11578,0.9143333333333333,0.1923613463603145,3.774265146778302,1029
10427,0.91425,0.1923599377763393,3.7742375093682607,1030
4383,0.9141666666666667,0.19235805938281272,3.7742006539638533,1031
2119,0.9140833333333334,0.19235643525818596,3.7741687874943777,1032
9889,0.914,0.19235294500803887,3.774100306327341,1033
10658,0.9139166666666667,0.19234859977027643,3.774015049700952,1034
212,0.9138333333333334,0.19234450222159194,3.773934652908803,1035
10688,0.91375,0.1923375767507002,3.7737987702904245,1036
7498,0.9136666666666666,0.1923370702293306,3.773788831984298,1037
3012,0.9135833333333333,0.19233520297464166,3.7737521951316957,1038
6891,0.9135,0.19233170122529508,3.7736834883422983,1039
2345,0.9134166666666667,0.19232958631024177,3.7736419922188738,1040
2522,0.9133333333333333,0.19232763831751892,3.7736037712291512,1041
170,0.91325,0.19232540774722284,3.7735600058683723,1042
4122,0.9131666666666667,0.19231699043416015,3.7733948522555156,1043
8144,0.9130833333333334,0.19231576369423067,3.77337078275378,1044
5534,0.913,0.19231545832135213,3.7733647911227415,1045
10289,0.9129166666666667,0.19230544412274703,3.7731683054904384,1046
9173,0.9128333333333334,0.19230188173610283,3.773098408954551,1047
6840,0.91275,0.19229633008384397,3.772989481625727,1048
7823,0.9126666666666666,0.1922914166196128,3.7728930759956514,1049
6616,0.9125833333333333,0.19228317121775929,3.7727312954018606,1050
1090,0.9125,0.19227448000172723,3.772560767619801,1051
5120,0.9124166666666667,0.19227152570706063,3.7725028022769305,1052
6029,0.9123333333333333,0.19226545295112252,3.7723836505267903,1053
3108,0.91225,0.19226385828012826,3.772352361958343,1054
11095,0.9121666666666667,0.192263139388976,3.7723382568073713,1055
33,0.9120833333333334,0.19226216024686468,3.772319045349332,1056
6665,0.912,0.19225907289776817,3.7722584693847905,1057
5077,0.9119166666666667,0.19224493330956555,3.771981040701993,1058
3955,0.9118333333333334,0.19223667776672415,3.771819061134871,1059
9752,0.91175,0.19222724781663658,3.7716340388701566,1060
2352,0.9116666666666666,0.19222656013814698,3.771620546133664,1061
11003,0.9115833333333333,0.1922193577996122,3.7714792311770715,1062
4284,0.9115,0.1922126778115626,3.771348165105061,1063
8903,0.9114166666666667,0.1922116835135616,3.771328656277718,1064
8290,0.9113333333333333,0.19220925698378352,3.7712810460538213,1065
6235,0.91125,0.19220368790082407,3.7711717767223867,1066
4382,0.9111666666666667,0.1922005144542401,3.771109511464531,1067
9792,0.9110833333333334,0.19219669038936107,3.7710344806172555,1068
7480,0.911,0.1921904856175259,3.7709127386222026,1069
8462,0.9109166666666667,0.19218948359393268,3.7708930782133168,1070
9963,0.9108333333333334,0.19218831340033213,3.7708701181903725,1071
5299,0.91075,0.1921869765675398,3.7708438885891233,1072
2412,0.9106666666666666,0.19218602210134514,3.770825161289916,1073
6049,0.9105833333333333,0.192182520758786,3.770756462481975,1074
1640,0.9105,0.19218109587785845,3.7707285053142527,1075
6654,0.9104166666666667,0.1921769564902865,3.7706472876136017,1076
7416,0.9103333333333333,0.19217558085055159,3.770620296592771,1077
6516,0.91025,0.192175502254609,3.7706187544850076,1078
10769,0.9101666666666667,0.19216998370227137,3.770510476599946,1079
8265,0.9100833333333334,0.19216980042007653,3.7705068804741613,1080
9813,0.91,0.19216932608137877,3.7704975736146986,1081
6843,0.9099166666666667,0.19216917708869663,3.770494650273312,1082
8134,0.9098333333333334,0.1921590504426706,3.7702959583434117,1083
11667,0.90975,0.1921576917464485,3.7702692997662206,1084
11663,0.9096666666666666,0.19215720839715217,3.770259816112455,1085
5454,0.9095833333333333,0.19215530552997068,3.770222480517692,1086
10481,0.9095,0.19215028391303962,3.770123952855423,1087
6545,0.9094166666666667,0.19214705744178373,3.770060647216148,1088
1425,0.9093333333333333,0.19214459852602678,3.7700124015565413,1089
3368,0.90925,0.19213980346129328,3.7699183190080348,1090
9025,0.9091666666666667,0.1921344416295322,3.769813116091086,1091
7257,0.9090833333333334,0.19213175079451,3.7697603200120913,1092
8817,0.909,0.19212843769288604,3.7696953146239203,1093
10073,0.9089166666666667,0.1921281105407472,3.7696888956684473,1094
1147,0.9088333333333334,0.192127130152188,3.7696696597542143,1095
3230,0.90875,0.19212709963312388,3.7696690609486927,1096
1390,0.9086666666666666,0.1921249475514052,3.769626835589065,1097
7671,0.9085833333333333,0.19211522718828578,3.769436115216018,1098
9023,0.9085,0.1921114172270009,3.7693613610912164,1099
5598,0.9084166666666667,0.19210804944101273,3.769295282757331,1100
3749,0.9083333333333333,0.19210292982280205,3.769194832240931,1101
11568,0.90825,0.19209853421902057,3.7691085873977466,1102
9104,0.9081666666666667,0.19209788817449955,3.769095911549054,1103
963,0.9080833333333334,0.19209560460816427,3.769051106368675,1104
11395,0.908,0.19209549406749726,3.769048937482843,1105
10133,0.9079166666666667,0.19207619257633884,3.7686702286271725,1106
9342,0.9078333333333334,0.1920593737848187,3.768340232087577,1107
4485,0.90775,0.1920564104501515,3.768282089373587,1108
7690,0.9076666666666666,0.19204111190361936,3.767981921111769,1109
8073,0.9075833333333333,0.1920407435335245,3.7679746934309586,1110
3350,0.9075,0.19203995666525195,3.7679592545210996,1111
10499,0.9074166666666666,0.1920376091143066,3.7679131939174937,1112
4460,0.9073333333333333,0.19203316977082285,3.767826090870553,1113
4261,0.90725,0.1920242609727275,3.7676512939750895,1114
1124,0.9071666666666667,0.19202016392432794,3.7675709069988725,1115
8380,0.9070833333333334,0.1920197954141081,3.76756367656868,1116
1109,0.907,0.19201957776972944,3.7675594062326665,1117
5576,0.9069166666666667,0.19201632326632595,3.7674955505828835,1118
8890,0.9068333333333334,0.19201501538359927,3.7674698890022524,1119
5463,0.90675,0.19200969225121173,3.767365445394347,1120
378,0.9066666666666666,0.19200336958126898,3.767241390155342,1121
8075,0.9065833333333333,0.19200159582565307,3.7672065878204375,1122
2639,0.9065,0.19199964527680485,3.7671683166777266,1123
11307,0.9064166666666666,0.19199215905502717,3.7670214317319157,1124
8564,0.9063333333333333,0.1919863655028259,3.766907758155776,1125
11643,0.90625,0.19197412987814116,3.766667686578649,1126
5647,0.9061666666666667,0.19197346951021832,3.766654729694767,1127
2070,0.9060833333333334,0.1919710250539721,3.766606767740927,1128
6480,0.906,0.19196751903460185,3.7665379771706444,1129
5301,0.9059166666666667,0.19196195338643607,3.766428775232278,1130
9069,0.9058333333333334,0.19195797067237466,3.766350631576306,1131
6596,0.90575,0.19194692708306288,3.766133948573067,1132
8805,0.9056666666666666,0.19194623126942587,3.7661202962192517,1133
11469,0.9055833333333333,0.1919352784566004,3.7659053943146814,1134
2596,0.9055,0.1919333544079172,3.7658676431238876,1135
376,0.9054166666666666,0.19192946770068203,3.765791383189522,1136
4808,0.9053333333333333,0.1919219956024867,3.765644775358318,1137
10461,0.90525,0.19191827625369767,3.7655717991145305,1138
9829,0.9051666666666667,0.191916031146174,3.7655277485230947,1139
9385,0.9050833333333334,0.19191005841765332,3.7654105593813387,1140
8809,0.905,0.1919091453263697,3.765392643887022,1141
5167,0.9049166666666667,0.1919078339522096,3.7653669138020502,1142
8056,0.9048333333333334,0.1919056798529338,3.765324648856562,1143
11384,0.90475,0.19189577457981707,3.7651303004190755,1144
11919,0.9046666666666666,0.1918933893192574,3.7650834999263134,1145
7804,0.9045833333333333,0.19188643000492595,3.764946953275863,1146
8451,0.9045,0.1918847136261613,3.7649132767151983,1147
11570,0.9044166666666666,0.19188463180166582,3.7649116712609345,1148
10213,0.9043333333333333,0.19188194864189814,3.7648590257758174,1149
2260,0.90425,0.19188031632075223,3.7648269984848968,1150
4180,0.9041666666666667,0.1918786297865609,3.7647939074958083,1151
6985,0.9040833333333333,0.19187711493273002,3.764764184996287,1152
1393,0.904,0.191874569825931,3.7647142482077243,1153
2755,0.9039166666666667,0.19186511199313694,3.7645286788646386,1154
850,0.9038333333333334,0.19186095407438356,3.7644470975691675,1155
7433,0.90375,0.19185751089564906,3.764379539976426,1156
623,0.9036666666666666,0.19185251741787834,3.7642815644243637,1157
1614,0.9035833333333333,0.19185118901045775,3.76425550013482,1158
9309,0.9035,0.19184863389539408,3.7642053669769906,1159
4196,0.9034166666666666,0.19184039618202173,3.764043737236639,1160
5886,0.9033333333333333,0.19183944506660905,3.764025075682132,1161
11944,0.90325,0.19183691772343686,3.7639754874284046,1162
10624,0.9031666666666667,0.19183390129453293,3.7639163029680214,1163
7159,0.9030833333333333,0.19183245033514076,3.763887834122455,1164
10492,0.903,0.19182931645860896,3.763826345256888,1165
5800,0.9029166666666667,0.19182514756147204,3.763744548557809,1166
9547,0.9028333333333334,0.19182414234484024,3.763724825499218,1167
7499,0.90275,0.19181997291444258,3.7636430183371914,1168
8372,0.9026666666666666,0.1918186836954546,3.7636177229523025,1169
6735,0.9025833333333333,0.19181066517240294,3.7634603938804725,1170
8169,0.9025,0.19180974133395198,3.763442267519154,1171
3833,0.9024166666666666,0.19180773442610943,3.7634028905732944,1172
5774,0.9023333333333333,0.1918063352642639,3.763375438032079,1173
7894,0.90225,0.19180514848460242,3.7633521525789426,1174
7775,0.9021666666666667,0.19180286994264084,3.7633074459802662,1175
10473,0.9020833333333333,0.1918013422381433,3.763277471341664,1176
7877,0.902,0.19179850166133167,3.7632217372232537,1177
3456,0.9019166666666667,0.19179841929691493,3.7632201211753697,1178
5635,0.9018333333333334,0.19179810202350148,3.7632138960474526,1179
10851,0.90175,0.1917956478829046,3.7631657440798536,1180
8560,0.9016666666666666,0.19179247957479104,3.763103579642367,1181
4061,0.9015833333333333,0.19178890705324342,3.763033484252536,1182
2501,0.9015,0.19178860350313603,3.763027528385595,1183
9687,0.9014166666666666,0.19178395094146244,3.762936241847483,1184
7241,0.9013333333333333,0.1917716238643589,3.7626943759094837,1185
3753,0.90125,0.19176888020725125,3.7626405434239496,1186
1078,0.9011666666666667,0.19176375916690833,3.7625400650043135,1187
2344,0.9010833333333333,0.19176124312929627,3.76249069857365,1188
10608,0.901,0.1917602254876105,3.762470731726779,1189
1783,0.9009166666666667,0.19175986384231136,3.7624636359912156,1190
10875,0.9008333333333334,0.19175450125164847,3.7623584181840695,1191
11729,0.90075,0.19175060822407589,3.7622820342402177,1192
9055,0.9006666666666666,0.1917396075964927,3.762066194176377,1193
8178,0.9005833333333333,0.19173583894051177,3.7619922504907555,1194
10522,0.9005,0.1917347591734887,3.7619710647009903,1195
8355,0.9004166666666666,0.19173212218497704,3.7619193251284715,1196
10507,0.9003333333333333,0.19173176879273487,3.761912391323703,1197
4722,0.90025,0.1917264047950848,3.7618071459105282,1198
7935,0.9001666666666667,0.19171991710945446,3.7616798529474824,1199
5599,0.9000833333333333,0.19171583979249085,3.7615998531158796,1200
8543,0.9,0.19170838773033974,3.761453638406003,1201
4721,0.8999166666666667,0.19170220927931572,3.7613324128438066,1202
5359,0.8998333333333334,0.19169696966161065,3.7612296078527745,1203
11557,0.89975,0.1916737314895941,3.760773658544969,1204
8013,0.8996666666666666,0.1916714784643138,3.7607294526015753,1205
8378,0.8995833333333333,0.19167046115749733,3.760709492325092,1206
4513,0.8995,0.19167030840488863,3.7607064952112923,1207
7565,0.8994166666666666,0.1916634865356357,3.76057264533007,1208
6869,0.8993333333333333,0.19165905460207225,3.76048568767098,1209
8541,0.89925,0.19165783052432345,3.7604616704031075,1210
9000,0.8991666666666667,0.19165743348312722,3.7604538801750858,1211
8506,0.8990833333333333,0.19164844985067886,3.7602776149768893,1212
6102,0.899,0.1916417210534571,3.760145591234539,1213
8512,0.8989166666666667,0.19163455665424553,3.7600050206741935,1214
1707,0.8988333333333334,0.1916309475731443,3.759934207960213,1215
5380,0.89875,0.19163039475133845,3.75992336120684,1216
7991,0.8986666666666666,0.19162937247923634,3.7599033035079206,1217
9505,0.8985833333333333,0.1916242958377715,3.759803696225563,1218
2039,0.8985,0.19162148538278204,3.7597485531185457,1219
3524,0.8984166666666666,0.19162098658067325,3.759738766269722,1220
9690,0.8983333333333333,0.1916204777892461,3.7597287834234283,1221
8023,0.89825,0.1916201785169053,3.75972291148926,1222
4853,0.8981666666666667,0.19161983213245884,3.759716115182372,1223
6162,0.8980833333333333,0.19161637453387945,3.759648274662138,1224
9391,0.898,0.19161024574100147,3.759528023427716,1225
4333,0.8979166666666667,0.19160992219229014,3.7595216751740654,1226
2437,0.8978333333333334,0.1916066429690964,3.75945733450458,1227
5951,0.89775,0.1916037994738383,3.7594015431241896,1228
9778,0.8976666666666666,0.1916029785663494,3.759385436340848,1229
5685,0.8975833333333333,0.19160255921048208,3.759377208283265,1230
11983,0.8975,0.19160206592872256,3.759367529747574,1231
6996,0.8974166666666666,0.1916020353527305,3.759366929825088,1232
3801,0.8973333333333333,0.19160124241342413,3.759351371797247,1233
8947,0.89725,0.19159961713941218,3.759319482775994,1234
7075,0.8971666666666667,0.19159625485156256,3.7592535123194413,1235
9654,0.8970833333333333,0.19159169779571378,3.7591640996729216,1236
4030,0.897,0.1915886635478793,3.75910456559261,1237
3904,0.8969166666666667,0.19158421630157826,3.7590173074868085,1238
10143,0.8968333333333334,0.19158149639708422,3.758963941044275,1239
10902,0.89675,0.1915814253238226,3.758962546536777,1240
4363,0.8966666666666666,0.19157805813569886,3.758896479933421,1241
3036,0.8965833333333333,0.19157665879840433,3.758869023949776,1242
10995,0.8965,0.191575594765737,3.758848146879128,1243
11152,0.8964166666666666,0.19157279293051455,3.75879317289798,1244
6208,0.8963333333333333,0.1915719467026443,3.7587765693109665,1245
7194,0.89625,0.19157102503454407,3.7587584855334715,1246
11656,0.8961666666666667,0.19157070509989613,3.758752208190254,1247
6877,0.8960833333333333,0.19156937883259317,3.758726185891347,1248
5796,0.896,0.19156835850548468,3.7587061663545827,1249
8706,0.8959166666666667,0.19156764557198847,3.758692178097083,1250
5351,0.8958333333333334,0.1915498242476861,3.7583425111579833,1251
10387,0.89575,0.19153795983207766,3.758109722964452,1252
6834,0.8956666666666667,0.19153367965702756,3.758025742914322,1253
7636,0.8955833333333333,0.1915331377760509,3.758015110827814,1254
2901,0.8955,0.19153185036544929,3.7579898509247167,1255
11555,0.8954166666666666,0.1915279391934891,3.757913110975184,1256
7019,0.8953333333333333,0.1915252669446299,3.7578606795697693,1257
3194,0.89525,0.19152393165208606,3.7578344801892802,1258
10568,0.8951666666666667,0.1915232897189401,3.7578218850086706,1259
1373,0.8950833333333333,0.19152315641563056,3.757819269503826,1260
8574,0.895,0.1915217248951722,3.757791182063822,1261
4994,0.8949166666666667,0.19151976619230549,3.757752750933535,1262
7812,0.8948333333333334,0.19150737328552483,3.757509593370866,1263
2786,0.89475,0.19150682081418535,3.757498753493967,1264
11389,0.8946666666666667,0.19150140883863492,3.75739256672054,1265
8718,0.8945833333333333,0.19149783596763698,3.7573224644742593,1266
7623,0.8945,0.1914920477468059,3.757208895503403,1267
10172,0.8944166666666666,0.19148953543378047,3.757159602151728,1268
11748,0.8943333333333333,0.19148740479238724,3.757117797466395,1269
3940,0.89425,0.19148468765047108,3.757064485227617,1270
6604,0.8941666666666667,0.1914785455157045,3.75694397221596,1271
9948,0.8940833333333333,0.19147636911116842,3.756901269625544,1272
6526,0.894,0.1914732380375461,3.7568398357550263,1273
9439,0.8939166666666667,0.19147292227574111,3.756833640285927,1274
4117,0.8938333333333334,0.1914723059000866,3.756821546561346,1275
6436,0.89375,0.19146862230783138,3.7567492718859414,1276
2727,0.8936666666666667,0.19146387839029727,3.756656192881522,1277
5863,0.8935833333333333,0.19145556412021758,3.7564930610446075,1278
7353,0.8935,0.1914551650483704,3.756485230973789,1279
193,0.8934166666666666,0.19145280088403688,3.7564388444038714,1280
9613,0.8933333333333333,0.19145181479881676,3.7564194967170597,1281
2686,0.89325,0.19145154007526666,3.75641410644747,1282
3654,0.8931666666666667,0.1914508487394121,3.7564005419509012,1283
11270,0.8930833333333333,0.19144642464175185,3.7563137380377425,1284
8132,0.893,0.19144611860845934,3.756307733448905,1285
4658,0.8929166666666667,0.19144279460656766,3.7562425141898244,1286
5065,0.8928333333333334,0.1914401273756293,3.756190181239578,1287
102,0.89275,0.1914389562556059,3.7561672030396442,1288
7021,0.8926666666666667,0.19142535531811072,3.7559003430631854,1289
5845,0.8925833333333333,0.1914238639983376,3.755871082318488,1290
10956,0.8925,0.19141828123928373,3.755761544652427,1291
1060,0.8924166666666666,0.19141802255637141,3.7557564691114678,1292
2657,0.8923333333333333,0.19141771502592833,3.755750435147492,1293
9748,0.89225,0.19141453304749495,3.755688002488685,1294
5616,0.8921666666666667,0.1914120919050682,3.755640105554331,1295
7815,0.8920833333333333,0.19140705046553902,3.755541188958759,1296
9739,0.892,0.19140003603955166,3.755403560978749,1297
10131,0.8919166666666667,0.19139153357916316,3.7552367367154087,1298
10654,0.8918333333333334,0.1913900747977709,3.7552081143966616,1299
4442,0.89175,0.19138616783049886,3.755131456946084,1300
10269,0.8916666666666667,0.19138464244158332,3.7551015277408144,1301
1275,0.8915833333333333,0.1913797562144195,3.7550056565212246,1302
5332,0.8915,0.19137939465146336,3.754998562401264,1303
8818,0.8914166666666666,0.19137542206927965,3.754920617539857,1304
9919,0.8913333333333333,0.19137468201505092,3.7549060971544623,1305
8068,0.89125,0.1913724318960088,3.7548619482335175,1306
732,0.8911666666666667,0.19137112951480134,3.754836394596648,1307
922,0.8910833333333333,0.1913642889459673,3.754702177816476,1308
11007,0.891,0.1913612150220209,3.7546418652628253,1309
8808,0.8909166666666667,0.19135937002593678,3.7546056651397457,1310
10056,0.8908333333333334,0.19135934153946615,3.7546051062151315,1311
9764,0.89075,0.1913512184203076,3.754445724893972,1312
7422,0.8906666666666667,0.19135074090208218,3.7544363556499816,1313
1936,0.8905833333333333,0.19133899729550993,3.7542059378148736,1314
5942,0.8905,0.1913382716512312,3.7541917001628393,1315
3695,0.8904166666666666,0.1913349182415587,3.754125903902385,1316
2764,0.8903333333333333,0.19133126622424257,3.7540542487495765,1317
998,0.89025,0.19132915323575794,3.754012790426758,1318
3160,0.8901666666666667,0.19132905302986744,3.754010824316575,1319
10063,0.8900833333333333,0.1913224035959299,3.753880357737761,1320
9301,0.89,0.19131942909484276,3.7538219959306627,1321
11178,0.8899166666666667,0.19131793291833643,3.7537926398934847,1322
6221,0.8898333333333334,0.19131525600273483,3.753740116923325,1323
5547,0.88975,0.19131333233524103,3.7537023732117314,1324
10206,0.8896666666666667,0.1913121931430616,3.7536800214585133,1325
2042,0.8895833333333333,0.1913087307137948,3.753612086156828,1326
4979,0.8895,0.19130856259249096,3.753608787498383,1327
8825,0.8894166666666666,0.19130268898683137,3.7534935432169982,1328
8849,0.8893333333333333,0.1912979853903939,3.753401255340906,1329
2492,0.88925,0.19128677641443817,3.75318132733521,1330
6494,0.8891666666666667,0.19128429211557582,3.753132583641153,1331
2231,0.8890833333333333,0.19128411230739512,3.753129055677989,1332
9327,0.889,0.19127528572526484,3.7529558719176546,1333
3478,0.8889166666666667,0.19127518430401574,3.7529538819613366,1334
1358,0.8888333333333334,0.19126874734902843,3.752827584369231,1335
3283,0.88875,0.19126623805308846,3.752778350214933,1336
9832,0.8886666666666667,0.19125965689239888,3.7526492232052764,1337
1295,0.8885833333333333,0.19125813049261248,3.7526192741660678,1338
6497,0.8885,0.1912550992540192,3.752559799129136,1339
4668,0.8884166666666666,0.1912536779885172,3.7525319128986174,1340
5330,0.8883333333333333,0.19125334808894226,3.7525254400365204,1341
558,0.88825,0.19124659221383053,3.7523928850068913,1342
510,0.8881666666666667,0.19124582882699012,3.7523779068192633,1343
6872,0.8880833333333333,0.19124009208099713,3.7522653478208996,1344
11909,0.888,0.19124009122009308,3.7522653309293323,1345
10138,0.8879166666666667,0.19123971601083917,3.7522579690594284,1346
11949,0.8878333333333334,0.19123856338561832,3.7522353537404944,1347
8648,0.88775,0.19123755992814895,3.752215665197957,1348
2900,0.8876666666666667,0.19123738184973876,3.7522121711741043,1349
6514,0.8875833333333333,0.1912281043267431,3.7520301396362727,1350
4421,0.8875,0.19121767219033725,3.7518254537698787,1351
7454,0.8874166666666666,0.19121605853232493,3.751793792662777,1352
3240,0.8873333333333333,0.19121239397828207,3.75172189153054,1353
6167,0.88725,0.19120627082443697,3.751601750937918,1354
4779,0.8871666666666667,0.191204746156245,3.7515718358737997,1355
8382,0.8870833333333333,0.19119620472642868,3.751404247002748,1356
3635,0.887,0.19119240210953553,3.751329636980116,1357
3748,0.8869166666666667,0.19118948105340966,3.75127232380086,1358
5633,0.8868333333333334,0.19118732484676407,3.751230017507285,1359
5975,0.88675,0.19118612229646947,3.751206422623217,1360
9409,0.8866666666666667,0.19116807021077464,3.7508522279830068,1361
10441,0.8865833333333333,0.1911646452584479,3.750785028005236,1362
6920,0.8865,0.191153894674226,3.750574093968317,1363
10117,0.8864166666666666,0.19115342597368767,3.750564897733528,1364
2445,0.8863333333333333,0.19114769147838076,3.750452382895312,1365
9831,0.88625,0.19114611880339277,3.75042152590399,1366
6929,0.8861666666666667,0.19114462253118397,3.7503921679889967,1367
4100,0.8860833333333333,0.1911437747955806,3.75037553481919,1368
11743,0.886,0.19114147025046416,3.7503303180202856,1369
1571,0.8859166666666667,0.1911411292482467,3.7503236273165435,1370
525,0.8858333333333334,0.19113947120866825,3.7502910954118525,1371
10382,0.88575,0.19112870309545854,3.7500798174437646,1372
1963,0.8856666666666667,0.19112828061221426,3.75007152802488,1373
8328,0.8855833333333333,0.19112237640838634,3.749955683385857,1374
5512,0.8855,0.19112174153413464,3.7499432267057395,1375
7651,0.8854166666666666,0.19111765813021042,3.749863107443706,1376
2952,0.8853333333333333,0.19111430102271898,3.7497972386294363,1377
4601,0.88525,0.19111330755481312,3.749777746089163,1378
5522,0.8851666666666667,0.1911098677489253,3.7497102546740635,1379
7441,0.8850833333333333,0.19110757376600299,3.7496652451128725,1380
3761,0.885,0.191107288711695,3.749659652146536,1381
9269,0.8849166666666667,0.19110236121518093,3.7495629711931446,1382
6267,0.8848333333333334,0.19110000224572612,3.7495166865504235,1383
6836,0.88475,0.19109452304943061,3.7494091808586454,1384
7190,0.8846666666666667,0.1910834489840133,3.749191899892745,1385
5974,0.8845833333333334,0.19108209828605496,3.74916539824714,1386
9285,0.8845,0.19107650410758345,3.7490556365240524,1387
11706,0.8844166666666666,0.19107433401834248,3.7490130578441763,1388
10638,0.8843333333333333,0.19107113358105027,3.748950263009572,1389
608,0.88425,0.19106668766951104,3.7488630310927915,1390
7599,0.8841666666666667,0.1910652696602159,3.748835208751313,1391
3613,0.8840833333333333,0.19106126893484743,3.748756711700815,1392
10983,0.884,0.19105980223580668,3.7487279340322646,1393
8719,0.8839166666666667,0.19105729706697525,3.7486787808547035,1394
3467,0.8838333333333334,0.19105557459400688,3.748644984721486,1395
11077,0.88375,0.19105234165122775,3.7485815521063506,1396
5524,0.8836666666666667,0.1910520232223237,3.7485753043068755,1397
10864,0.8835833333333334,0.19104911525675713,3.7485182479735846,1398
5166,0.8835,0.19103756123675295,3.7482915499605713,1399
9624,0.8834166666666666,0.19103736281670128,3.7482876568193486,1400
5052,0.8833333333333333,0.19103698610035114,3.748280265379144,1401
902,0.88325,0.1910305989676557,3.748154945335524,1402
4034,0.8831666666666667,0.1910281179099732,3.748106265235725,1403
9934,0.8830833333333333,0.1910208943921793,3.7479645347271218,1404
7391,0.883,0.19101644774573578,3.7478772883909706,1405
10478,0.8829166666666667,0.19101496515971628,3.7478481990086765,1406
6949,0.8828333333333334,0.19101385123897383,3.7478263430988896,1407
2963,0.88275,0.19101270921026686,3.747803935691037,1408
7364,0.8826666666666667,0.19101203313036572,3.747790670527028,1409
7911,0.8825833333333334,0.19100827597269898,3.7477169524464182,1410
10727,0.8825,0.1910015313691441,3.747584618572663,1411
8262,0.8824166666666666,0.1910005778295613,3.7475659094542184,1412
5756,0.8823333333333333,0.19099979844389914,3.7475506173584163,1413
7704,0.88225,0.1909978473327653,3.747512335183276,1414
463,0.8821666666666667,0.19099356864322325,3.7474283842798632,1415
10130,0.8820833333333333,0.1909930348636757,3.747417911149019,1416
3989,0.882,0.19099102492824854,3.7473784747998344,1417
8064,0.8819166666666667,0.1909789318148674,3.7471411993949326,1418
8153,0.8818333333333334,0.1909774397885186,3.747111924786708,1419
2891,0.88175,0.19097653455751604,3.7470941635166737,1420
2031,0.8816666666666667,0.1909734747712136,3.747034128353568,1421
1140,0.8815833333333334,0.19097148996048266,3.746995184968603,1422
2765,0.8815,0.19096851827066416,3.7469368783206285,1423
10347,0.8814166666666666,0.190961004712406,3.7467894570137936,1424
6498,0.8813333333333333,0.19096050848348434,3.7467797206527313,1425
2160,0.88125,0.1909600656809215,3.7467710325544825,1426
1814,0.8811666666666667,0.19095874031689725,3.746745027978503,1427
4579,0.8810833333333333,0.1909539104188036,3.7466502619749136,1428
5762,0.881,0.19095380748170832,3.7466482422765743,1429
7581,0.8809166666666667,0.19095123638574601,3.7465977955622938,1430
2472,0.8808333333333334,0.19094896922757237,3.746553312321576,1431
9569,0.88075,0.1909399169755871,3.746375700759687,1432
5828,0.8806666666666667,0.19093864075585587,3.746350660429414,1433
7646,0.8805833333333334,0.19093584511160716,3.746295807919559,1434
10729,0.8805,0.19093517437141408,3.746282647524356,1435
295,0.8804166666666666,0.19093455793006048,3.746270552510686,1436
5170,0.8803333333333333,0.1909308102125279,3.7461970196521674,1437
9433,0.88025,0.19092508431247404,3.74608467345882,1438
9299,0.8801666666666667,0.19092089429086573,3.7460024622827683,1439
7247,0.8800833333333333,0.19091511841902725,3.7458891356077864,1440
10496,0.88,0.19091363845141776,3.7458600976005645,1441
11981,0.8799166666666667,0.1909133336636215,3.7458541174492526,1442
9489,0.8798333333333334,0.19091287560054,3.74584512992885,1443
5387,0.87975,0.19091213087071185,3.745830517804924,1444
4753,0.8796666666666667,0.19091213061353168,3.7458305127588636,1445
7362,0.8795833333333334,0.1909120727088204,3.74582937662763,1446
10210,0.8795,0.19090268456972212,3.745645174723978,1447
10001,0.8794166666666666,0.1909011909173968,3.7456158682129566,1448
900,0.8793333333333333,0.19089972217673368,3.7455870504863373,1449
7302,0.87925,0.1908925181137308,3.7454457016944627,1450
9278,0.8791666666666667,0.19089158897071898,3.7454274712539712,1451
7535,0.8790833333333333,0.19089075046680817,3.7454110192164283,1452
20,0.879,0.1908889029446764,3.74537476953053,1453
2992,0.8789166666666667,0.19088202419331773,3.7452398035823284,1454
6978,0.8788333333333334,0.19088108305165488,3.745221337719787,1455
3802,0.87875,0.19087579315141054,3.7451175461499293,1456
7928,0.8786666666666667,0.19087469931243578,3.7450960842585426,1457
10115,0.8785833333333334,0.1908721284430839,3.745045641990491,1458
9682,0.8785,0.19087004826037715,3.7450048273401837,1459
4199,0.8784166666666666,0.19086972718721582,3.7449985276585505,1460
9911,0.8783333333333333,0.19086810124320872,3.7449666254915357,1461
833,0.87825,0.19086762805951862,3.7449573412941675,1462
1631,0.8781666666666667,0.19086656234371296,3.7449364311991893,1463
808,0.8780833333333333,0.1908636025780014,3.7448783585105954,1464
8259,0.878,0.19086351279761152,3.7448765969560496,1465
11509,0.8779166666666667,0.19085928096796093,3.744793565476722,1466
4660,0.8778333333333334,0.19085699359658018,3.7447486856386325,1467
4635,0.87775,0.1908543191553588,3.7446962112175486,1468
5778,0.8776666666666667,0.19085298403736606,3.744670015261846,1469
6438,0.8775833333333334,0.19085046231780067,3.7446205373472665,1470
153,0.8775,0.19084462100657298,3.744505926705406,1471
7025,0.8774166666666666,0.19084151454874215,3.744444975814055,1472
7203,0.8773333333333333,0.1908382917470893,3.744381742174964,1473
2038,0.87725,0.1908347152880526,3.7443115695288043,1474
10873,0.8771666666666667,0.19083020646580218,3.7442231032594853,1475
7463,0.8770833333333333,0.1908279056219811,3.7441779590826094,1476
8851,0.877,0.1908276562334853,3.7441730659046373,1477
8120,0.8769166666666667,0.19082717683273118,3.744163659724049,1478
4920,0.8768333333333334,0.19082539767688772,3.7441287514328785,1479
6001,0.87675,0.19082184443787656,3.744059034379994,1480
3991,0.8766666666666667,0.19082074378831673,3.74403743886014,1481
4725,0.8765833333333334,0.19081945732057687,3.7440121974566924,1482
413,0.8765,0.19081925831537197,3.744008292834364,1483
5494,0.8764166666666666,0.19081863632378443,3.7439960889211568,1484
8509,0.8763333333333333,0.19081803551120802,3.743984300555093,1485
7346,0.87625,0.19081591426647024,3.7439426802387716,1486
5913,0.8761666666666666,0.1908134599120355,3.743894524075534,1487
6702,0.8760833333333333,0.19081148047153398,3.743855686058228,1488
6512,0.876,0.19080977917554598,3.7438223054322712,1489
4532,0.8759166666666667,0.1908058644507456,3.743745495773517,1490
7940,0.8758333333333334,0.19079925747880366,3.7436158623289693,1491
2694,0.87575,0.19079659907361746,3.7435637025462025,1492
5230,0.8756666666666667,0.19078982015834603,3.743430695452398,1493
11861,0.8755833333333334,0.19078715788120482,3.7433784596991173,1494
5624,0.8755,0.19078541871160468,3.7433443359661975,1495
6906,0.8754166666666666,0.19078366078881268,3.743309844282499,1496
9228,0.8753333333333333,0.19078147573774995,3.7432669720410683,1497
8624,0.87525,0.1907801445186934,3.743240852585254,1498
7160,0.8751666666666666,0.1907760857362752,3.7431612164145394,1499
11004,0.8750833333333333,0.19077543171180758,3.7431483839936917,1500
8173,0.875,0.19077177056459516,3.7430765497058465,1501
4621,0.8749166666666667,0.19077070911532276,3.7430557233232893,1502
4761,0.8748333333333334,0.19077028871406107,3.743047474754343,1503
8191,0.87475,0.19076944399826806,3.74303090083529,1504
8879,0.8746666666666667,0.19076891147358674,3.7430204523258865,1505
11247,0.8745833333333334,0.19076865472159407,3.7430154146708556,1506
2682,0.8745,0.19076596752320435,3.742962689945162,1507
11234,0.8744166666666666,0.19076576866116693,3.742958788131852,1508
2156,0.8743333333333333,0.19075782675418385,3.7428029623212895,1509
7842,0.87425,0.19075686232651307,3.7427840395708616,1510
2036,0.8741666666666666,0.1907546605086881,3.7427408383538214,1511
9017,0.8740833333333333,0.1907481581326077,3.7426132571537583,1512
2461,0.874,0.1907413740246511,3.742480148175818,1513
1555,0.8739166666666667,0.19073451471919714,3.7423455637699803,1514
4644,0.8738333333333334,0.19073336125335613,3.7423229319574736,1515
8627,0.87375,0.1907277636596169,3.7422131032244215,1516
5200,0.8736666666666667,0.1907268012569309,3.7421942202056595,1517
11229,0.8735833333333334,0.19072477856628633,3.742154533590101,1518
10016,0.8735,0.1907161070872597,3.741984393061987,1519
7481,0.8734166666666666,0.19071590986668727,3.741980523455374,1520
7685,0.8733333333333333,0.19071554842891572,3.741973431791651,1521
7682,0.87325,0.19071274870084262,3.7419184991542602,1522
456,0.8731666666666666,0.1907077895217279,3.741821196565983,1523
4304,0.8730833333333333,0.19070479615829414,3.7417624646663796,1524
3116,0.873,0.1907043884677464,3.7417544654905948,1525
1161,0.8729166666666667,0.19070207774639858,3.7417091275097007,1526
4615,0.8728333333333333,0.190700662396271,3.7416813573429746,1527
766,0.87275,0.19069623647763514,3.741594517701036,1528
5474,0.8726666666666667,0.19069490839564035,3.7415684597965253,1529
6496,0.8725833333333334,0.1906893781135402,3.741459951765285,1530
8127,0.8725,0.1906862204798671,3.741397996767856,1531
11854,0.8724166666666666,0.19068573561572746,3.741388483391839,1532
5976,0.8723333333333333,0.19068444557384062,3.741363171861088,1533
11128,0.87225,0.19068108449645382,3.7412972251546366,1534
1840,0.8721666666666666,0.19067974459502807,3.74127093534464,1535
5438,0.8720833333333333,0.19067494612656447,3.7411767860125495,1536
1800,0.872,0.19067026468107245,3.7410849327536013,1537
7596,0.8719166666666667,0.19066992331865848,3.7410782349825187,1538
7033,0.8718333333333333,0.19066951350551503,3.741070194159902,1539
2916,0.87175,0.19066866421618578,3.741053530504889,1540
7114,0.8716666666666667,0.19066791614385858,3.7410388527987415,1541
8685,0.8715833333333334,0.19066680812670053,3.7410171127214467,1542
9554,0.8715,0.19066151455841332,3.7409132491819763,1543
8688,0.8714166666666666,0.19065845455448213,3.740853209748863,1544
11530,0.8713333333333333,0.19065788648849918,3.7408420638940445,1545
1112,0.87125,0.19065648588398765,3.740814583046748,1546
1672,0.8711666666666666,0.19065048094970416,3.740696762005249,1547
7164,0.8710833333333333,0.19064650293131633,3.740618710481666,1548
7976,0.871,0.19064082385943576,3.7405072830900794,1549
1098,0.8709166666666667,0.19063916301203665,3.7404746960939654,1550
8709,0.8708333333333333,0.1906370219810868,3.7404326875582026,1551
2670,0.87075,0.19063674289527155,3.740427211697898,1552
11621,0.8706666666666667,0.19062862135851313,3.7402678614245035,1553
7613,0.8705833333333334,0.19061710971045376,3.7400419947788928,1554
8725,0.8705,0.19061676336356154,3.7400351992088368,1555
9676,0.8704166666666666,0.19061641819873842,3.7400284268318114,1556
3172,0.8703333333333333,0.19061294845760127,3.7399603480660586,1557
7129,0.87025,0.19061212690583676,3.7399442286415843,1558
3907,0.8701666666666666,0.19060764567246088,3.7398563036854524,1559
5982,0.8700833333333333,0.19060517429935916,3.7398078136039405,1560
2004,0.87,0.1906039746521159,3.739784275679809,1561
10883,0.8699166666666667,0.19060327359860307,3.7397705205159424,1562
10335,0.8698333333333333,0.19060254504043403,3.7397562256913472,1563
4845,0.86975,0.19059688542807773,3.739645180109364,1564
8434,0.8696666666666667,0.1905965397095278,3.739638396867794,1565
6688,0.8695833333333334,0.1905937597493231,3.7395838520899503,1566
3437,0.8695,0.19058675502167996,3.7394464143982775,1567
257,0.8694166666666666,0.19058540677700928,3.739419960887929,1568
5028,0.8693333333333333,0.19058438507057968,3.7393999142878984,1569
5923,0.86925,0.19058164877413855,3.7393462262238293,1570
4449,0.8691666666666666,0.19057754275511624,3.739265663237669,1571
1759,0.8690833333333333,0.19057585994395979,3.739232645297121,1572
8649,0.869,0.19057023986625016,3.7391223754127587,1573
4568,0.8689166666666667,0.19056820913934025,3.7390825311200055,1574
10746,0.8688333333333333,0.19056738444312943,3.739066349999251,1575
9517,0.86875,0.19055590481103907,3.7388411115294877,1576
10292,0.8686666666666667,0.19055017924069986,3.738728771805407,1577
10996,0.8685833333333334,0.19054304877908812,3.7385888671246974,1578
11680,0.8685,0.19054232554710693,3.7385746768036983,1579
11230,0.8684166666666666,0.19053886072792728,3.738506694610165,1580
8572,0.8683333333333333,0.19053814926759005,3.738492735257103,1581
1590,0.86825,0.19053618561795094,3.738454207067668,1582
7554,0.8681666666666666,0.19053466825222834,3.73842443528312,1583
270,0.8680833333333333,0.19053045973419355,3.7383418611941126,1584
8663,0.868,0.19052994197426265,3.738331702379398,1585
8423,0.8679166666666667,0.19052266256504066,3.738188875241674,1586
10722,0.8678333333333333,0.19052121648397094,3.738160502112237,1587
7924,0.86775,0.19050903480945375,3.737921489075429,1588
370,0.8676666666666667,0.19050513630108057,3.7378449975943973,1589
8872,0.8675833333333334,0.19050375814558385,3.7378179572125294,1590
5193,0.8675,0.19048885910705612,3.7375256275792825,1591
11403,0.8674166666666666,0.19046482940561354,3.7370541479064467,1592
6791,0.8673333333333333,0.1904617658328132,3.736994038449631,1593
3596,0.86725,0.19045931152944384,3.7369458832883016,1594
120,0.8671666666666666,0.1904567220164432,3.7368950752187704,1595
9468,0.8670833333333333,0.19045661069240208,3.7368928909626185,1596
5183,0.867,0.19045295157185357,3.736821096439378,1597
10738,0.8669166666666667,0.19045259289632818,3.7368140589728585,1598
1563,0.8668333333333333,0.190452431014046,3.7368108827284434,1599
5399,0.86675,0.19044976670212227,3.736758607051307,1600
7073,0.8666666666666667,0.1904486057870518,3.73673582907968,1601
8770,0.8665833333333334,0.19043950516332364,3.736557268430121,1602
10376,0.8665,0.190438136886603,3.7365304218768585,1603
4685,0.8664166666666666,0.19043148441241897,3.736399895646266,1604
11671,0.8663333333333333,0.19043079437262347,3.736386356579283,1605
5104,0.86625,0.19043005435488475,3.7363718369098544,1606
8812,0.8661666666666666,0.19042966429585015,3.7363641836767734,1607
8315,0.8660833333333333,0.19042807949425633,3.736333088752909,1608
8953,0.866,0.19042740991154233,3.7363199510682925,1609
650,0.8659166666666667,0.1904266755365394,3.7363055421133504,1610
4854,0.8658333333333333,0.19042144484601875,3.7362029122799365,1611
9316,0.86575,0.19041830753017033,3.7361413559325296,1612
6421,0.8656666666666667,0.1904146668382709,3.7360699229923613,1613
6285,0.8655833333333334,0.19041237235226993,3.7360249035604163,1614
5820,0.8655,0.19040777173071977,3.735934636124181,1615
9498,0.8654166666666666,0.1904059283161195,3.7358984670308866,1616
10509,0.8653333333333333,0.1904039231014701,3.7358591233066933,1617
3208,0.86525,0.19040201552454755,3.7358216953034553,1618
3268,0.8651666666666666,0.1903891721706554,3.735569699651104,1619
7774,0.8650833333333333,0.1903878206822524,3.735543182496455,1620
5477,0.865,0.19038543366114039,3.7354963474603977,1621
7331,0.8649166666666667,0.19038501104531647,3.7354880554401815,1622
5034,0.8648333333333333,0.19038350038992094,3.7354584153169617,1623
4682,0.86475,0.19038054854562264,3.735400498052047,1624
11742,0.8646666666666667,0.1903771182000875,3.735333192255699,1625
834,0.8645833333333334,0.19037334681012,3.735259194927403,1626
8787,0.8645,0.19036630349837852,3.7351210001885224,1627
11000,0.8644166666666667,0.19036492530631283,3.735093959089175,1628
4394,0.8643333333333333,0.19035701929050403,3.734938837488703,1629
65,0.86425,0.19035416649675468,3.7348828636653835,1630
1603,0.8641666666666666,0.19034730164625638,3.7347481704618746,1631
5499,0.8640833333333333,0.19033883654973163,3.734582079303828,1632
10463,0.864,0.19033819827282641,3.734569555861227,1633
928,0.8639166666666667,0.1903368385944365,3.7345428780132597,1634
6779,0.8638333333333333,0.1903356212988312,3.734518993815792,1635
4890,0.86375,0.19033231081649166,3.734454039819843,1636
4736,0.8636666666666667,0.19032551001663683,3.7343206033350835,1637
8827,0.8635833333333334,0.19032508176259902,3.734312200689125,1638
3144,0.8635,0.19032262149194318,3.7342639284454524,1639
8847,0.8634166666666667,0.1903172382814579,3.7341583060629313,1640
2516,0.8633333333333333,0.19031650827149754,3.734143982753154,1641
11685,0.86325,0.19031620936896002,3.734138118074762,1642
9949,0.8631666666666666,0.19031206313453927,3.7340567660341124,1643
2944,0.8630833333333333,0.19031087832946367,3.7340335193237735,1644
11130,0.863,0.19030894849978494,3.73399565470576,1645
3625,0.8629166666666667,0.19030291747805747,3.7338773218102386,1646
182,0.8628333333333333,0.19029981187254577,3.7338163876420234,1647
6182,0.86275,0.1902986809838626,3.733794198809292,1648
8660,0.8626666666666667,0.19029665111087612,3.733754371271072,1649
6492,0.8625833333333334,0.19029651921147092,3.733751783311811,1650
11336,0.8625,0.19029448987497719,3.733711966300011,1651
910,0.8624166666666667,0.1902931022711291,3.7336847405348585,1652
10693,0.8623333333333333,0.19029266553686675,3.733676171500898,1653
9864,0.86225,0.19028624630173227,3.7335502215847676,1654
8634,0.8621666666666666,0.19028531278943261,3.7335319054157523,1655
9404,0.8620833333333333,0.19027924511371866,3.7334128533431548,1656
4629,0.862,0.19027383119819996,3.7333066285062326,1657
3098,0.8619166666666667,0.1902724109504777,3.7332787622452868,1658
5171,0.8618333333333333,0.1902690623602648,3.733213060545989,1659
3221,0.86175,0.19026875129674947,3.7332069572606548,1660
6579,0.8616666666666667,0.19026855451304192,3.733203096225658,1661
1705,0.8615833333333334,0.19026708354104563,3.7331742347187156,1662
6919,0.8615,0.1902651623478629,3.7331365395548515,1663
1525,0.8614166666666667,0.19026476569635586,3.73312875697283,1664
8123,0.8613333333333333,0.19026304890947934,3.733095072404704,1665
10089,0.86125,0.19025368660514907,3.7329113773973646,1666
787,0.8611666666666666,0.19025326206946538,3.7329030477081817,1667
7516,0.8610833333333333,0.19024916954583784,3.732822749511133,1668
8239,0.861,0.19024577378847157,3.7327561223590635,1669
8626,0.8609166666666667,0.19024024261592393,3.7326475968566104,1670
4097,0.8608333333333333,0.19023868091395396,3.7326169551636443,1671
11084,0.86075,0.1902330933561121,3.7325073233420216,1672
2719,0.8606666666666667,0.190233070929346,3.7325068833130404,1673
4473,0.8605833333333334,0.19023093878673727,3.7324650491728164,1674
1924,0.8605,0.19023028766217823,3.732452273650229,1675
8139,0.8604166666666667,0.1902296582685372,3.732439924503531,1676
11444,0.8603333333333333,0.19022761108417027,3.7323997573038765,1677
5798,0.86025,0.19022693599275403,3.732386511534637,1678
2454,0.8601666666666666,0.19022379790684366,3.7323249400781062,1679
5203,0.8600833333333333,0.1902201691738427,3.732253741779944,1680
2676,0.86,0.19021901243161993,3.7322310456825285,1681
8743,0.8599166666666667,0.19021602219245762,3.732172375083371,1682
404,0.8598333333333333,0.19020993273087827,3.732052895556735,1683
7717,0.85975,0.1902090187797333,3.732034963191321,1684
7546,0.8596666666666667,0.1902089849660492,3.7320342997430123,1685
7178,0.8595833333333334,0.1902080907664566,3.732016754916984,1686
2133,0.8595,0.19020551727058918,3.7319662611148834,1687
9513,0.8594166666666667,0.19020335296387564,3.7319237958922287,1688
121,0.8593333333333333,0.19020317356051844,3.731920275871997,1689
6477,0.85925,0.19020133316857346,3.7318841660853472,1690
8738,0.8591666666666666,0.19019792453550946,3.731817286303004,1691
8540,0.8590833333333333,0.19019692601331445,3.7317976945940448,1692
11891,0.859,0.1901952915564739,3.731765625399216,1693
6755,0.8589166666666667,0.19019320862217368,3.7317247567607055,1694
4328,0.8588333333333333,0.1901867337236719,3.7315977146901167,1695
10231,0.85875,0.19018657098888828,3.7315945217189777,1696
3273,0.8586666666666667,0.1901811082343296,3.731487338625696,1697
8436,0.8585833333333334,0.19017692509292947,3.7314052624441185,1698
7311,0.8585,0.19017436892015935,3.7313551085333794,1699
2418,0.8584166666666667,0.19017328429506475,3.7313338274248524,1700
5274,0.8583333333333333,0.19017232262106276,3.731314958703355,1701
6156,0.85825,0.1901713463692473,3.7312958039549047,1702
5164,0.8581666666666666,0.19016433048846157,3.7311581474307713,1703
9437,0.8580833333333333,0.19016323639954874,3.731136680635384,1704
10936,0.858,0.19015324454261864,3.730940633362491,1705
10383,0.8579166666666667,0.1901525534766334,3.7309270741609692,1706
2271,0.8578333333333333,0.19014890086879951,3.730855407421809,1707
2496,0.85775,0.190146918107733,3.730816504252683,1708
10687,0.8576666666666667,0.19014528844928533,3.730784529205722,1709
7493,0.8575833333333334,0.19014229394239548,3.73072577487076,1710
9303,0.8575,0.1901321296177383,3.7305263436595144,1711
8888,0.8574166666666667,0.19012804430869562,3.7304461870177237,1712
484,0.8573333333333333,0.19011832884688287,3.7302555628118013,1713
3858,0.85725,0.19011733423185276,3.73023604776413,1714
5391,0.8571666666666666,0.190113126349306,3.730153486143836,1715
10857,0.8570833333333333,0.19011216277861515,3.730134580207964,1716
9042,0.857,0.1901120945567733,3.7301332416473674,1717
3398,0.8569166666666667,0.19010434211736382,3.7299811333240624,1718
2575,0.8568333333333333,0.1901033452412242,3.729961573911833,1719
7258,0.85675,0.1901027269817592,3.729949443225512,1720
11553,0.8566666666666667,0.19009911024518894,3.729878480305776,1721
9696,0.8565833333333334,0.1900971657920051,3.7298403287643236,1722
46,0.8565,0.19009666052315374,3.7298304150334785,1723
10537,0.8564166666666667,0.190095233253445,3.7298024109961885,1724
1328,0.8563333333333333,0.19009517493745687,3.7298012667954135,1725
3997,0.85625,0.1900914981228056,3.7297291251013895,1726
10323,0.8561666666666666,0.19008306657477297,3.7295636921883784,1727
4674,0.8560833333333333,0.19008289273145906,3.729560281260105,1728
9910,0.856,0.19008142721704505,3.7295315268347675,1729
5696,0.8559166666666667,0.19008055407743946,3.7295143952205123,1730
7420,0.8558333333333333,0.1900802708925785,3.729508838933997,1731
7542,0.85575,0.19007942085545454,3.7294921606067133,1732
390,0.8556666666666667,0.1900725831299708,3.729357999615135,1733
10809,0.8555833333333334,0.1900708644771483,3.7293242784358043,1734
984,0.8555,0.1900629660665183,3.7291693060543656,1735
8629,0.8554166666666667,0.19006206115605564,3.7291515510734747,1736
9811,0.8553333333333333,0.19006074936787207,3.7291258128651004,1737
1473,0.85525,0.19005400486521598,3.7289934809710292,1738
1291,0.8551666666666666,0.19005351243774601,3.7289838191971194,1739
4023,0.8550833333333333,0.1900471036229537,3.7288580737354735,1740
5618,0.855,0.19004463443714176,3.728809626570129,1741
933,0.8549166666666667,0.19003547450128216,3.728629902174828,1742
4459,0.8548333333333333,0.1900308318068892,3.7285388092397014,1743
6897,0.85475,0.19003004956238778,3.7285234610514495,1744
881,0.8546666666666667,0.19002896911760186,3.728502261963521,1745
6947,0.8545833333333334,0.19002601870639532,3.728444372816873,1746
10448,0.8545,0.19002406743896674,3.728406087575115,1747
4557,0.8544166666666667,0.19002373844280757,3.7283996324386752,1748
6483,0.8543333333333333,0.19002358693399377,3.728396659729013,1749
6900,0.85425,0.19002017987175437,3.728329810767379,1750
3095,0.8541666666666666,0.19001518502202452,3.728231808296477,1751
5414,0.8540833333333333,0.19000644261838884,3.728060276177543,1752
2299,0.854,0.19000326947950114,3.727998016956894,1753
3297,0.8539166666666667,0.19000292444641143,3.7279912471645673,1754
4860,0.8538333333333333,0.1900018480181758,3.7279701268841823,1755
10931,0.85375,0.19000133926667598,3.7279601448212727,1756
8666,0.8536666666666667,0.18999946998778902,3.7279234682524827,1757
8484,0.8535833333333334,0.18999381647456054,3.72781254233967,1758
7058,0.8535,0.18998457168652358,3.7276311530848476,1759
11277,0.8534166666666667,0.18998222569172923,3.727585123014059,1760
7151,0.8533333333333334,0.189981456550277,3.7275700319169207,1761
8722,0.85325,0.18998134068999065,3.7275677586564093,1762
8980,0.8531666666666666,0.18998108702352393,3.727562781541611,1763
2091,0.8530833333333333,0.1899741876325358,3.7274274106293825,1764
8821,0.853,0.1899729227259485,3.7274025922708907,1765
242,0.8529166666666667,0.18996474371228628,3.727242114260216,1766
1252,0.8528333333333333,0.18996401005773347,3.727227719440976,1767
8098,0.85275,0.18996307965946677,3.727209464371434,1768
5505,0.8526666666666667,0.1899609573399252,3.7271678229667344,1769
8069,0.8525833333333334,0.18995858571905797,3.727121290094326,1770
6002,0.8525,0.18995719880872675,3.7270940779364734,1771
4361,0.8524166666666667,0.1899548442061466,3.7270478789748847,1772
5309,0.8523333333333334,0.18995143909322085,3.726981068260155,1773
10360,0.85225,0.18994572442698807,3.7268689424823247,1774
6184,0.8521666666666666,0.18994566568809235,3.7268677899838005,1775
5969,0.8520833333333333,0.18994154842621322,3.72678700640484,1776
11267,0.852,0.1899377629943985,3.7267127335655355,1777
9328,0.8519166666666667,0.18993566630855746,3.7266715951120766,1778
7074,0.8518333333333333,0.18993183241201247,3.7265963713606665,1779
986,0.85175,0.1899302225666077,3.7265647850595913,1780
9312,0.8516666666666667,0.18992795275247087,3.7265202497069874,1781
1915,0.8515833333333334,0.189913055781357,3.7262279606378375,1782
8669,0.8515,0.18991156611434923,3.726198732321559,1783
7777,0.8514166666666667,0.18990807203900564,3.726130176101522,1784
1708,0.8513333333333334,0.18990799776698106,3.7261287188320775,1785
501,0.85125,0.18990638510479005,3.7260970772636908,1786
10630,0.8511666666666666,0.1898982772386247,3.7259379952169533,1787
3042,0.8510833333333333,0.18989538762541883,3.72588129896996,1788
11790,0.851,0.1898947106723783,3.725868016674334,1789
11326,0.8509166666666667,0.18989399265028847,3.725853928575005,1790
7198,0.8508333333333333,0.18989364478454976,3.7258471032041482,1791
3184,0.85075,0.18989232889258895,3.725821284476752,1792
5515,0.8506666666666667,0.1898863321778654,3.7257036247087987,1793
1652,0.8505833333333334,0.18988244325890402,3.725627321378778,1794
9368,0.8505,0.18988115145934967,3.7256019753613456,1795
7268,0.8504166666666667,0.189880204686721,3.7255833990152984,1796
55,0.8503333333333334,0.18987840574323117,3.7255481024765853,1797
640,0.85025,0.18987658836733493,3.7255124442810654,1798
10582,0.8501666666666666,0.1898732867137526,3.7254476635114795,1799
4526,0.8500833333333333,0.18987314092420599,3.7254448030179015,1800
3784,0.85,0.1898583291109922,3.7251541848067458,1801
3935,0.8499166666666667,0.1898582878180313,3.725153374609757,1802
9795,0.8498333333333333,0.189857956355289,3.7251468710772038,1803
11520,0.84975,0.18985241973423703,3.7250382386712695,1804
6022,0.8496666666666667,0.18985215416161952,3.7250330279494,1805
1064,0.8495833333333334,0.189847010835238,3.7249321122620165,1806
8942,0.8495,0.1898429400785555,3.7248522411477607,1807
2838,0.8494166666666667,0.18984207306877543,3.7248352298050067,1808
5147,0.8493333333333334,0.18984191275535295,3.724832084342693,1809
2308,0.84925,0.18984080717823765,3.724810392140755,1810
11753,0.8491666666666666,0.1898379707406766,3.724754739237344,1811
6939,0.8490833333333333,0.18983780780667434,3.724751542357393,1812
5444,0.849,0.18983750377846184,3.724745577109677,1813
6352,0.8489166666666667,0.18983693273497482,3.724734372834135,1814
5831,0.8488333333333333,0.18983496116428075,3.724695689228004,1815
4398,0.84875,0.18983071006311816,3.724612279628035,1816
11050,0.8486666666666667,0.1898279628010062,3.7245583764097354,1817
5306,0.8485833333333334,0.18982594838048847,3.7245188520599024,1818
1554,0.8485,0.1898247893247486,3.7244961105696683,1819
4756,0.8484166666666667,0.18982204006703654,3.72444216819634,1820
11283,0.8483333333333334,0.18982095204815214,3.7244208204992404,1821
1607,0.84825,0.1898193662614753,3.7243897062473517,1822
9237,0.8481666666666666,0.18981517575516377,3.7243074855609946,1823
5355,0.8480833333333333,0.18981493834815102,3.7243028274681613,1824
9627,0.848,0.18981226199636647,3.7242503155604547,1825
6777,0.8479166666666667,0.1898121465466232,3.7242480503552056,1826
612,0.8478333333333333,0.1898117482656316,3.7242402358015205,1827
11818,0.84775,0.18980650626817833,3.7241373841181407,1828
10196,0.8476666666666667,0.18980044420622547,3.7240184421915092,1829
9038,0.8475833333333334,0.18979106079240504,3.723834333001111,1830
9478,0.8475,0.1897817470904621,3.7236515916068686,1831
2095,0.8474166666666667,0.18978004526887246,3.723618200668259,1832
7180,0.8473333333333334,0.18977962955197658,3.7236100440098516,1833
93,0.84725,0.18977942933531278,3.7236061156178577,1834
9124,0.8471666666666666,0.18977430175769025,3.723505508932151,1835
7680,0.8470833333333333,0.1897733300411212,3.723486443168431,1836
2497,0.847,0.18977318025010043,3.723483504163111,1837
7543,0.8469166666666667,0.1897675626985581,3.723373283843892,1838
6065,0.8468333333333333,0.18976660366831838,3.723354466994877,1839
5128,0.84675,0.1897654459764253,3.7233317522642686,1840
3304,0.8466666666666667,0.18976446835245053,3.723312570593092,1841
7566,0.8465833333333334,0.18975984861992837,3.723221928186099,1842
8955,0.8465,0.1897558511155491,3.7231434943336508,1843
6030,0.8464166666666667,0.18974991208186637,3.723026966308387,1844
9779,0.8463333333333334,0.18974615263367356,3.7229532032860444,1845
2158,0.84625,0.18974430343887966,3.7229169207813335,1846
3600,0.8461666666666666,0.18974321827720475,3.7228956291446984,1847
1383,0.8460833333333333,0.18974138470202284,3.722859653107756,1848
5944,0.846,0.18973599123774412,3.722753829538564,1849
10798,0.8459166666666667,0.1897357782710572,3.7227496509820925,1850
3334,0.8458333333333333,0.1897355903735321,3.7227459643003,1851
5352,0.84575,0.18973516347046296,3.7227375881612783,1852
10081,0.8456666666666667,0.1897331098604452,3.722697294885819,1853
8398,0.8455833333333334,0.1897279704051112,3.722596455151093,1854
7150,0.8455,0.18972659115676,3.722569393326709,1855
7874,0.8454166666666667,0.18972375961019902,3.7225138363881305,1856
2549,0.8453333333333334,0.1897219769881144,3.7224788600868894,1857
8053,0.84525,0.18971591764703502,3.7223599715456563,1858
9024,0.8451666666666666,0.18971437118183354,3.722329628808833,1859
6338,0.8450833333333333,0.18971092594059757,3.722262030748417,1860
832,0.845,0.18970792611255094,3.7222031720085713,1861
9608,0.8449166666666666,0.1897063946892502,3.72217312440438,1862
4439,0.8448333333333333,0.18970384429561082,3.7221230838842665,1863
10442,0.84475,0.1897018759809009,3.722084464162849,1864
1875,0.8446666666666667,0.18969965237515116,3.722040835451371,1865
6139,0.8445833333333334,0.18969741462632866,3.721996929242837,1866
796,0.8445,0.18969297196870463,3.721909761170137,1867
6286,0.8444166666666667,0.18969059098451038,3.7218630445826406,1868
7354,0.8443333333333334,0.18968778378343557,3.721807965319708,1869
11882,0.84425,0.18968584478709413,3.721769920845312,1870
5312,0.8441666666666666,0.1896857586366583,3.721768230513086,1871
11593,0.8440833333333333,0.18968274321727854,3.7217090658602956,1872
10373,0.844,0.18968242003825111,3.72170272486008,1873
9248,0.8439166666666666,0.1896798462372912,3.7216522250718516,1874
11534,0.8438333333333333,0.18967670101466558,3.721590513587884,1875
3623,0.84375,0.1896755527165128,3.721567983169109,1876
6298,0.8436666666666667,0.1896710716173342,3.7214800608459724,1877
8244,0.8435833333333334,0.18966150443683377,3.721292346023853,1878
8311,0.8435,0.18966133234414187,3.721288969443986,1879
4024,0.8434166666666667,0.18965202874380616,3.721106426250407,1880
10446,0.8433333333333334,0.18965063600217447,3.7210790996783008,1881
5226,0.84325,0.1896435765084634,3.720940587437818,1882
101,0.8431666666666666,0.18964353853556215,3.7209398423827693,1883
6301,0.8430833333333333,0.18964352602873288,3.720939596989984,1884
11193,0.843,0.18963762463539538,3.72082380749473,1885
3658,0.8429166666666666,0.18962654808752427,3.720606477821354,1886
10878,0.8428333333333333,0.1896262479205809,3.7206005883344275,1887
7857,0.84275,0.18962215444702563,3.720520271499149,1888
3500,0.8426666666666667,0.18962126606706084,3.7205028408583694,1889
3358,0.8425833333333334,0.1896063137458528,3.7202094657813642,1890
7081,0.8425,0.1896044339483334,3.7201725828295746,1891
11940,0.8424166666666667,0.18959796396137937,3.720045637127008,1892
11649,0.8423333333333334,0.18959476188673668,3.7199828101664467,1893
4694,0.84225,0.1895927738010025,3.71994380252361,1894
11560,0.8421666666666666,0.1895918761009166,3.7199261890153963,1895
1741,0.8420833333333333,0.18958760153587068,3.719842319037525,1896
4807,0.842,0.18958084228396196,3.7197096977527275,1897
152,0.8419166666666666,0.18957869002944425,3.7196674690027063,1898
3662,0.8418333333333333,0.1895779685637576,3.7196533133376155,1899
2372,0.84175,0.18957550643364296,3.71960500461004,1900
7696,0.8416666666666667,0.18957544114081076,3.7196037235186408,1901
513,0.8415833333333333,0.18957450348024482,3.719585325957718,1902
664,0.8415,0.18957342670634433,3.7195641988951316,1903
9039,0.8414166666666667,0.18956933750418134,3.719483965867564,1904
4466,0.8413333333333334,0.18956912005379364,3.7194796993377626,1905
6356,0.84125,0.18956906397631962,3.719478599058201,1906
11454,0.8411666666666666,0.1895648446301101,3.7193958125127633,1907
6795,0.8410833333333333,0.18956433854434657,3.7193858827535373,1908
10255,0.841,0.18956422336917922,3.7193836229355695,1909
9901,0.8409166666666666,0.18956408555896248,3.719380919002024,1910
11408,0.8408333333333333,0.1895583744918146,3.719268863840762,1911
8550,0.84075,0.18955780862648605,3.719257761164309,1912
3087,0.8406666666666667,0.18955666238161856,3.719235271032451,1913
10535,0.8405833333333333,0.1895543777582941,3.7191904451131403,1914
10020,0.8405,0.18955369484930895,3.719177045957684,1915
8859,0.8404166666666667,0.18955322604214506,3.7191678476308114,1916
5829,0.8403333333333334,0.1895507025923637,3.719118335768181,1917
10064,0.84025,0.18954735740098627,3.7190527007564693,1918
7930,0.8401666666666666,0.18954369775069801,3.7189808958393105,1919
4732,0.8400833333333333,0.18954175252913738,3.718942729221772,1920
3391,0.84,0.1895381293513124,3.7188716399200974,1921
11165,0.8399166666666666,0.1895358107445712,3.718826147222197,1922
5458,0.8398333333333333,0.18953264128464636,3.7187639601853792,1923
9367,0.83975,0.18952652863318076,3.718644025656875,1924
7327,0.8396666666666667,0.18952321787652207,3.718579066278565,1925
6066,0.8395833333333333,0.18952234958459924,3.718562029779288,1926
5788,0.8395,0.18952117755659892,3.718539033764153,1927
2473,0.8394166666666667,0.18952108817358027,3.7185372800063607,1928
10476,0.8393333333333334,0.18951553464652604,3.718428315892724,1929
1012,0.83925,0.1895097162611129,3.718314155071506,1930
4531,0.8391666666666666,0.18949929680293834,3.7181097179608997,1931
3308,0.8390833333333333,0.1894938443617614,3.718002737223416,1932
4224,0.839,0.18949266575797508,3.717979612186734,1933
6161,0.8389166666666666,0.1894919164038781,3.7179649093313625,1934
4253,0.8388333333333333,0.18948805803314062,3.717889205379042,1935
7140,0.83875,0.18948728256050418,3.717873990059525,1936
8452,0.8386666666666667,0.18948515018484383,3.7178321513466646,1937
3566,0.8385833333333333,0.18947117058634172,3.717557861774531,1938
5716,0.8385,0.18946982477211496,3.7175314559511605,1939
363,0.8384166666666667,0.18946865594525122,3.717508522744608,1940
1168,0.8383333333333334,0.1894675115162518,3.71748606824132,1941
9403,0.83825,0.18946548449854084,3.7174462967256376,1942
1767,0.8381666666666666,0.18946420294856628,3.717421151812215,1943
10858,0.8380833333333333,0.18946207800759313,3.7173794589731672,1944
3440,0.838,0.18945957780568626,3.717330403250184,1945
9399,0.8379166666666666,0.18945732114558492,3.717286125989018,1946
5931,0.8378333333333333,0.18945232329380765,3.7171880646158337,1947
9826,0.83775,0.18945173215938427,3.717176466141945,1948
6474,0.8376666666666667,0.189449355000354,3.7171298246069338,1949
6655,0.8375833333333333,0.1894459803493246,3.7170636115760676,1950
4447,0.8375,0.1894424578235035,3.716994497137607,1951
2816,0.8374166666666667,0.18943971292500816,3.716940640295184,1952
2752,0.8373333333333334,0.1894348708690578,3.7168456357458943,1953
9672,0.83725,0.18943371346621876,3.716822926686696,1954
5424,0.8371666666666666,0.18943243975362356,3.71679793554817,1955
38,0.8370833333333333,0.18942705526771206,3.716692288140898,1956
6988,0.837,0.18942086561350557,3.7165708427643356,1957
10874,0.8369166666666666,0.18941767615136937,3.7165082632700486,1958
1255,0.8368333333333333,0.18941704355607294,3.716495851304609,1959
9343,0.83675,0.189415261296857,3.7164608821230445,1960
10530,0.8366666666666667,0.18940938639825972,3.7163456124733187,1961
3294,0.8365833333333333,0.1893978832491368,3.7161199125828377,1962
6753,0.8365,0.18939672375555433,3.716097162501807,1963
9885,0.8364166666666667,0.1893904303581118,3.7159736816098485,1964
1942,0.8363333333333334,0.18938245399287384,3.7158171797040174,1965
5676,0.83625,0.18938004091228475,3.7157698333626943,1966
11721,0.8361666666666666,0.18937250604232317,3.7156219939052484,1967
9747,0.8360833333333333,0.18936695649831076,3.7155131079416757,1968
11358,0.836,0.18936500731447112,3.7154748635814236,1969
10011,0.8359166666666666,0.18936420291713665,3.7154590807389667,1970
7529,0.8358333333333333,0.18936364269038344,3.7154480886953545,1971
5395,0.83575,0.18936159859905644,3.7154079821833337,1972
2945,0.8356666666666667,0.18936013924513345,3.715379348631151,1973
2929,0.8355833333333333,0.18935746811662985,3.715326939207924,1974
4963,0.8355,0.1893570064297866,3.715317880586772,1975
8850,0.8354166666666667,0.1893511473213723,3.7152029207515405,1976
11039,0.8353333333333334,0.18934783985466005,3.715138025924311,1977
9932,0.83525,0.18933555262071255,3.714896941737102,1978
341,0.8351666666666666,0.1893355258357352,3.7148964161970186,1979
11826,0.8350833333333333,0.18933267771212658,3.7148405340051207,1980
9420,0.835,0.18932977553729982,3.7147835912902005,1981
844,0.8349166666666666,0.18932394267154154,3.714669146354443,1982
9712,0.8348333333333333,0.18932143747066849,3.714619992548192,1983
2784,0.83475,0.18932021248518077,3.7145959574698573,1984
8568,0.8346666666666667,0.18931664353653302,3.71452593218285,1985
11450,0.8345833333333333,0.18931563972836374,3.714506236759295,1986
3247,0.8345,0.189311287163267,3.7144208363654494,1987
11799,0.8344166666666667,0.18930877293727025,3.714371505479935,1988
5843,0.8343333333333334,0.18930745014905614,3.7143455514431816,1989
6556,0.83425,0.18930707987856907,3.7143382864753383,1990
7585,0.8341666666666666,0.18929922524156034,3.7141841729631233,1991
4201,0.8340833333333333,0.189296104088201,3.7141229337351573,1992
575,0.834,0.1892946885592132,3.7140951600591015,1993
1210,0.8339166666666666,0.18929285493669842,3.714059183093453,1994
5139,0.8338333333333333,0.18928697861146643,3.713943885452143,1995
1342,0.83375,0.1892844528034943,3.713894327320153,1996
9802,0.8336666666666667,0.18927934205968366,3.7137940509256824,1997
8155,0.8335833333333333,0.18927172795253727,3.7136446567788433,1998
5775,0.8335,0.18926782835483497,3.713568143924399,1999
7927,0.8334166666666667,0.1892671915221585,3.7135556488185806,2000
8375,0.8333333333333334,0.18926168232756208,3.7134475545390586,2001
6804,0.83325,0.18926104644351993,3.7134350780461425,2002
8768,0.8331666666666667,0.1892595916349093,3.7134065336761797,2003
10114,0.8330833333333333,0.18924944265698232,3.71320740357859,2004
5061,0.833,0.18923817989154623,3.7129864201854046,2005
3203,0.8329166666666666,0.18923364653440258,3.712897472524238,2006
3093,0.8328333333333333,0.18923318418065874,3.712888400817989,2007
10388,0.83275,0.18923278668147692,3.7128806016039855,2008
10779,0.8326666666666667,0.18923131889476844,3.7128518025945763,2009
2244,0.8325833333333333,0.18923026744143842,3.7128311723394694,2010
6707,0.8325,0.1892273707741731,3.7127743376868034,2011
6893,0.8324166666666667,0.18922685830442457,3.7127642826692506,2012
11343,0.8323333333333334,0.18922338765263175,3.712696186035804,2013
9045,0.83225,0.18922215993413194,3.7126720973338347,2014
4115,0.8321666666666667,0.18922125225096478,3.712654287950567,2015
2510,0.8320833333333333,0.1892186052982696,3.7126023528737457,2016
9389,0.832,0.1892161500891107,3.7125541799401622,2017
6618,0.8319166666666666,0.1892143194841789,3.712518262181626,2018
2089,0.8318333333333333,0.189214145478186,3.7125148480614705,2019
9002,0.83175,0.18920570507107842,3.712349241327181,2020
4873,0.8316666666666667,0.18920423808554065,3.7123204580373335,2021
2143,0.8315833333333333,0.189200912791118,3.712255213417885,2022
11796,0.8315,0.18919996393549654,3.712236596202027,2023
7811,0.8314166666666667,0.18919964042460066,3.712230248690342,2024
11148,0.8313333333333334,0.18919058117305151,3.712052499792099,2025
4640,0.83125,0.18919051603455014,3.7120512217288324,2026
4944,0.8311666666666667,0.1891822541007594,3.71188911676677,2027
5673,0.8310833333333333,0.18917932258406575,3.7118315983438253,2028
8566,0.831,0.18917888025820376,3.7118229195987196,2029
4841,0.8309166666666666,0.1891781728637753,3.711809040021678,2030
7195,0.8308333333333333,0.18917526819375388,3.7117520483492807,2031
4909,0.83075,0.18917435894882428,3.7117342083231435,2032
8249,0.8306666666666667,0.1891737186224664,3.7117216446688692,2033
6738,0.8305833333333333,0.18917356719268127,3.711718673509769,2034
5110,0.8305,0.18917280313252877,3.711703682111281,2035
8822,0.8304166666666667,0.18917066233858826,3.7116616782258065,2036
5541,0.8303333333333334,0.18916940192898715,3.7116369481013978,2037
10669,0.83025,0.18916925067459722,3.7116339803837093,2038
729,0.8301666666666667,0.1891654415063398,3.711559241818697,2039
5162,0.8300833333333333,0.18916401058714757,3.7115311661759636,2040
1529,0.83,0.18916392884141686,3.7115295622671596,2041
10086,0.8299166666666666,0.18916371377044974,3.7115253424232044,2042
11357,0.8298333333333333,0.18916166882142857,3.7114852190826175,2043
3775,0.82975,0.1891517546896778,3.711290696832516,2044
3742,0.8296666666666667,0.18914761707097424,3.7112095138383294,2045
4641,0.8295833333333333,0.1891472197630898,3.71120171837772,2046
10407,0.8295,0.18914269403418058,3.7111129203877997,2047
5222,0.8294166666666667,0.18913625976713155,3.710986675534957,2048
10595,0.8293333333333334,0.18913330055912952,3.7109286137890045,2049
2545,0.82925,0.1891309184879706,3.7108818758745503,2050
7472,0.8291666666666667,0.1891293284108196,3.7108506774405194,2051
8652,0.8290833333333333,0.18912861349109605,3.7108366502118413,2052
7314,0.829,0.1891239801670406,3.7107457411294025,2053
11531,0.8289166666666666,0.18912369590232103,3.7107401636553137,2054
9917,0.8288333333333333,0.18912053420461233,3.7106781289186195,2055
9646,0.82875,0.18912012174443912,3.7106700361594376,2056
3685,0.8286666666666667,0.18911845900129842,3.7106374119675563,2057
2000,0.8285833333333333,0.18911814282094155,3.7106312082861432,2058
5,0.8285,0.18911339392713403,3.710538031643754,2059
10774,0.8284166666666667,0.18911269591410276,3.7105243361362445,2060
11928,0.8283333333333334,0.18911061322642103,3.7104834723365574,2061
9260,0.82825,0.18910993574441495,3.7104701796622397,2062
9824,0.8281666666666667,0.18910989279837215,3.710469337030659,2063
6771,0.8280833333333333,0.18910711307603853,3.710414796920001,2064
8584,0.828,0.1891063812465088,3.7104004379089552,2065
6590,0.8279166666666666,0.18910459431638288,3.7103653770809197,2066
4072,0.8278333333333333,0.18910447030806846,3.710362943950418,2067
10344,0.82775,0.18910175574543645,3.7103096823189476,2068
2552,0.8276666666666667,0.18910154617122568,3.7103055703252936,2069
4713,0.8275833333333333,0.18910129012920912,3.710300546600541,2070
6664,0.8275,0.18909372737509209,3.710152160036321,2071
11423,0.8274166666666667,0.18909208480102574,3.710119931575816,2072
3913,0.8273333333333334,0.18909158278552524,3.71011008167802,2073
7448,0.82725,0.18909097914179834,3.710098237762743,2074
9214,0.8271666666666667,0.1890906900572816,3.71009256572085,2075
8274,0.8270833333333333,0.18908840077664774,3.7100476484218676,2076
8209,0.827,0.189081026275562,3.7099029555147496,2077
11320,0.8269166666666666,0.18907250570124695,3.70973577584337,2078
6120,0.8268333333333333,0.1890718961005431,3.7097238150480827,2079
7798,0.82675,0.18906970335018244,3.7096807917410866,2080
3406,0.8266666666666667,0.1890689573344164,3.7096661543861513,2081
3567,0.8265833333333333,0.18906696889450833,3.7096271397941525,2082
8306,0.8265,0.18906676664659078,3.709623171547502,2083
4578,0.8264166666666667,0.18906391246135026,3.709567170422104,2084
1359,0.8263333333333334,0.1890621419225709,3.709532431203809,2085
2504,0.82625,0.1890614641194878,3.7095191322297643,2086
10306,0.8261666666666667,0.18905920124255046,3.70947473298991,2087
5026,0.8260833333333333,0.18905721602605338,3.7094357816435046,2088
5057,0.826,0.18905531163893421,3.7093984162264766,2089
9705,0.8259166666666666,0.18905509631231676,3.709394191366532,2090
10233,0.8258333333333333,0.1890550539890675,3.7093933609545404,2091
9926,0.82575,0.18905488630632591,3.7093900709009997,2092
1770,0.8256666666666667,0.18905248594801985,3.70934297417985,2093
1715,0.8255833333333333,0.1890488706796548,3.7092720400673374,2094
7810,0.8255,0.1890435517070156,3.7091676780766,2095
8165,0.8254166666666667,0.18904253072552182,3.7091476457003125,2096
6930,0.8253333333333334,0.18904205668849464,3.7091383447598876,2097
6075,0.82525,0.1890409093392019,3.7091158329583624,2098
8347,0.8251666666666667,0.18904041566356414,3.709106146694519,2099
10379,0.8250833333333333,0.18903984212532482,3.709094893470171,2100
1399,0.825,0.18903555046878406,3.7090106881450815,2101
841,0.8249166666666666,0.1890346653256481,3.70899332101314,2102
3548,0.8248333333333333,0.18903337381418364,3.708967980648227,2103
1620,0.82475,0.18902623339266802,3.7088278805472257,2104
28,0.8246666666666667,0.189022394512862,3.7087525590206702,2105
9247,0.8245833333333333,0.1890194248075029,3.708694291309148,2106
2539,0.8245,0.18901558930274545,3.7086190360034683,2107
7020,0.8244166666666667,0.18900767258690146,3.708463704460729,2108
9954,0.8243333333333334,0.18900407389441962,3.7083930955787654,2109
4522,0.82425,0.18899801459195673,3.708274207795254,2110
2996,0.8241666666666667,0.1889979473081718,3.7082728876399917,2111
9679,0.8240833333333333,0.18899412328380716,3.7081978575876784,2112
4278,0.824,0.18898714253021937,3.708060890283897,2113
8979,0.8239166666666666,0.18898359114966085,3.707991209695141,2114
5084,0.8238333333333333,0.18898281618296783,3.7079760043026093,2115
5988,0.82375,0.18898159119168592,3.707951969110555,2116
7052,0.8236666666666667,0.18897753841098267,3.707872450697704,2117
6973,0.8235833333333333,0.18897716284148863,3.707865081759622,2118
2419,0.8235,0.1889753373685193,3.707829264693812,2119
9867,0.8234166666666667,0.18897391512219958,3.7078013592189523,2120
11630,0.8233333333333334,0.1889731790868953,3.707786917687658,2121
3261,0.82325,0.18897012675380476,3.707727028761906,2122
1784,0.8231666666666667,0.1889648063475424,3.7076226386424507,2123
7444,0.8230833333333333,0.18896244599165757,3.707576326796974,2124
11339,0.823,0.18896198587127758,3.7075672989108996,2125
3655,0.8229166666666666,0.1889593504501644,3.707515590091851,2126
6994,0.8228333333333333,0.18895808500825786,3.707490761230045,2127
1247,0.82275,0.1889491901492798,3.7073162378299216,2128
7223,0.8226666666666667,0.18894703337318966,3.707273920363436,2129
8795,0.8225833333333333,0.1889461884169401,3.7072573417264767,2130
2190,0.8225,0.1889457067826642,3.7072478917226492,2131
3606,0.8224166666666667,0.1889455823661407,3.707245450582821,2132
9877,0.8223333333333334,0.18894360439933006,3.70720664148034,2133
11160,0.82225,0.18894082959467487,3.7071521978579955,2134
2096,0.8221666666666667,0.18893770718341077,3.707090933949064,2135
3105,0.8220833333333334,0.18893131112016348,3.706965438681687,2136
5563,0.822,0.18892755089193716,3.7068916603545494,2137
5993,0.8219166666666666,0.188925588129978,3.706853149582056,2138
7761,0.8218333333333333,0.1889253342020615,3.7068481673374096,2139
6845,0.82175,0.18892383901487242,3.7068188307112804,2140
5442,0.8216666666666667,0.1889222712458159,3.706788069977793,2141
991,0.8215833333333333,0.18891995139119339,3.706742552795623,2142
8335,0.8215,0.18891952415251317,3.7067341700716687,2143
1685,0.8214166666666667,0.18891824312868521,3.7067090354816594,2144
8200,0.8213333333333334,0.18891707519131246,3.706686119727504,2145
11416,0.82125,0.18891309103036624,3.7066079476826106,2146
11946,0.8211666666666667,0.18891305640712247,3.7066072683501794,2147
6933,0.8210833333333334,0.18890720248212667,3.7064924102172787,2148
1413,0.821,0.18890505363707213,3.7064502483633213,2149
10279,0.8209166666666666,0.18888780383451978,3.7061117950836033,2150
2161,0.8208333333333333,0.1888832199912585,3.70602185684922,2151
11666,0.82075,0.18888164714966432,3.705990996588942,2152
1557,0.8206666666666667,0.1888807889407839,3.705974157926077,2153
1022,0.8205833333333333,0.1888782064072082,3.7059234867977766,2154
6610,0.8205,0.18887818274915408,3.7059230226100537,2155
11678,0.8204166666666667,0.18887507822213598,3.7058621096026014,2156
10802,0.8203333333333334,0.1888685058170097,3.705733154383374,2157
2655,0.82025,0.18885693946306098,3.705506214369625,2158
5794,0.8201666666666667,0.18884274833441358,3.705227774426972,2159
2029,0.8200833333333334,0.1888375742729664,3.7051262556959177,2160
6552,0.82,0.18883574777531903,3.7050904185251943,2161
439,0.8199166666666666,0.18883426592091315,3.7050613434976993,2162
6540,0.8198333333333333,0.18883108417382036,3.7049989153779785,2163
10541,0.81975,0.1888303253274595,3.704984026277698,2164
4339,0.8196666666666667,0.18882781315120276,3.704934735609579,2165
8713,0.8195833333333333,0.1888260457268102,3.7049000574977278,2166
11311,0.8195,0.18882546361216254,3.704888635998177,2167
2997,0.8194166666666667,0.18882469702789675,3.7048735950748037,2168
11554,0.8193333333333334,0.1888225731414094,3.7048319229254973,2169
8967,0.81925,0.188814076982984,3.704665222311063,2170
4022,0.8191666666666667,0.1888128931891193,3.7046419954414054,2171
3528,0.8190833333333334,0.18881218048931564,3.704628011769116,2172
9699,0.819,0.18881188471853544,3.7046222085379936,2173
5242,0.8189166666666666,0.18880907655937917,3.7045671104768347,2174
8499,0.8188333333333333,0.18879599377937528,3.7043104171154653,2175
35,0.81875,0.18878969243095162,3.704186780219702,2176
2758,0.8186666666666667,0.1887860456762487,3.7041152283230447,2177
3727,0.8185833333333333,0.18878114855572534,3.7040191433680656,2178
6294,0.8185,0.188775680533359,3.70391185691662,2179
1374,0.8184166666666667,0.18877526537330233,3.7039037111838313,2180
1739,0.8183333333333334,0.18877356944562423,3.7038704358878913,2181
1534,0.81825,0.18877256150398322,3.703850659362719,2182
8736,0.8181666666666667,0.1887705875046675,3.7038119281053654,2183
8542,0.8180833333333334,0.18876966801247755,3.7037938870206846,2184
7965,0.818,0.18876421351393796,3.7036868659163096,2185
6366,0.8179166666666666,0.18876239163666314,3.703651119400549,2186
5655,0.8178333333333333,0.18876213385678403,3.7036460615777225,2187
2022,0.81775,0.1887604199700281,3.703612433912024,2188
8674,0.8176666666666667,0.18875838824285307,3.7035725699933515,2189
8437,0.8175833333333333,0.18875728353850285,3.7035508949156304,2190
2745,0.8175,0.18875440569213606,3.703494429542311,2191
10588,0.8174166666666667,0.18875270487889895,3.7034610583882763,2192
7458,0.8173333333333334,0.18875241803729811,3.703455430353984,2193
10428,0.81725,0.18874923755440706,3.7033930270387767,2194
6183,0.8171666666666667,0.1887482940319892,3.7033745144641657,2195
447,0.8170833333333334,0.1887445422381874,3.703300901626423,2196
6424,0.817,0.1887437380082426,3.7032851220682517,2197
11548,0.8169166666666666,0.1887401949663192,3.7032156050894027,2198
777,0.8168333333333333,0.1887396745742537,3.703205394630414,2199
4047,0.81675,0.18873933376629778,3.7031987077381974,2200
4856,0.8166666666666667,0.1887378786876435,3.7031701580698364,2201
3739,0.8165833333333333,0.18873448733081877,3.703103617259469,2202
4870,0.8165,0.18873371095500904,3.703088384219085,2203
2001,0.8164166666666667,0.18873298623853588,3.703074164771266,2204
5851,0.8163333333333334,0.18873290940750465,3.7030726572922834,2205
10876,0.81625,0.1887311018586026,3.7030371919092975,2206
5288,0.8161666666666667,0.18872972147435454,3.703010107797785,2207
7814,0.8160833333333334,0.18872907401066802,3.7029974041041083,2208
7952,0.816,0.18872890616003507,3.7029941107563893,2209
10989,0.8159166666666666,0.18872322953390286,3.702882731352121,2210
8633,0.8158333333333333,0.1887232266934259,3.7028826756199535,2211
6611,0.81575,0.18872237585250742,3.702865981521655,2212
3863,0.8156666666666667,0.18871745926601743,3.70276951463069,2213
9418,0.8155833333333333,0.188715730536302,3.7027355957356827,2214
7724,0.8155,0.1887135497997006,3.702692808147063,2215
10320,0.8154166666666667,0.18871251814445608,3.7026725663442823,2216
3462,0.8153333333333334,0.18871123064221615,3.7026473046432233,2217
8559,0.81525,0.18871052098176827,3.7026333806052474,2218
10050,0.8151666666666667,0.18869834707611746,3.7023945199990553,2219
10242,0.8150833333333334,0.18869784548512009,3.7023846784302847,2220
9500,0.815,0.18869694113881244,3.7023669345185244,2221
3186,0.8149166666666666,0.18869568255354766,3.7023422401889077,2222
5503,0.8148333333333333,0.18868341859808538,3.702101612741992,2223
7567,0.81475,0.18868231149228967,3.7020798905462033,2224
1832,0.8146666666666667,0.18868114276277728,3.702056959249753,2225
5349,0.8145833333333333,0.18867977746080827,3.7020301710632024,2226
3424,0.8145,0.18867517963515004,3.7019399584842914,2227
3436,0.8144166666666667,0.18866823910717495,3.701803780435367,2228
1282,0.8143333333333334,0.18866653689445181,3.7017703818224152,2229
5834,0.81425,0.18866647855485155,3.701769237158345,2230
3325,0.8141666666666667,0.1886657039210189,3.701754038296773,2231
6224,0.8140833333333334,0.1886640975889063,3.701722520928951,2232
7615,0.814,0.188663605366647,3.7017128631814753,2233
2071,0.8139166666666666,0.18866039048221078,3.7016497848836964,2234
2162,0.8138333333333333,0.18865646928881688,3.7015728483065677,2235
8091,0.81375,0.1886547812863276,3.701539728508407,2236
5721,0.8136666666666666,0.1886528510026757,3.701501854983145,2237
6972,0.8135833333333333,0.18865178155134357,3.7014808715945193,2238
7816,0.8135,0.18864825533320154,3.70141168471011,2239
11968,0.8134166666666667,0.18864741451014808,3.7013951871693918,2240
3964,0.8133333333333334,0.18864731140552932,3.701393164184135,2241
1235,0.81325,0.1886468970021376,3.7013850332976332,2242
11681,0.8131666666666667,0.1886373507240486,3.701197728595499,2243
9176,0.8130833333333334,0.18863123770295218,3.701077786814598,2244
6624,0.813,0.18863115290230204,3.7010761229660867,2245
6705,0.8129166666666666,0.18863110711444928,3.7010752245761465,2246
8790,0.8128333333333333,0.1886300443238536,3.701054371875874,2247
5695,0.81275,0.18862654570715184,3.7009857265511608,2248
11727,0.8126666666666666,0.18861805712447843,3.7008191745783314,2249
9564,0.8125833333333333,0.1886140199646104,3.700739962657285,2250
11936,0.8125,0.18861330684044747,3.7007259706587705,2251
3277,0.8124166666666667,0.18861318953855158,3.700723669112948,2252
4913,0.8123333333333334,0.18861252837681017,3.700710696653746,2253
9962,0.81225,0.18860232536243915,3.7005105063231003,2254
4317,0.8121666666666667,0.18859588908491248,3.7003842220232315,2255
1716,0.8120833333333334,0.18859553063534928,3.7003771889902604,2256
3222,0.812,0.18859032782383575,3.700275106162649,2257
9680,0.8119166666666666,0.18858643902825997,3.7001988052535317,2258
3967,0.8118333333333333,0.18858422709126058,3.700155405491154,2259
5759,0.81175,0.1885812500382978,3.700096993614471,2260
11200,0.8116666666666666,0.18858024238208945,3.7000772226897283,2261
11521,0.8115833333333333,0.18857888191844593,3.700050529434492,2262
7218,0.8115,0.18857121955456696,3.699900188456531,2263
391,0.8114166666666667,0.1885697299519204,3.6998709614031116,2264
3365,0.8113333333333334,0.18856852784519537,3.6998473752222054,2265
2219,0.81125,0.18856763518559985,3.69982986061199,2266
7351,0.8111666666666667,0.1885672484622029,3.699822272826463,2267
7937,0.8110833333333334,0.188562964355271,3.6997382156300427,2268
3692,0.811,0.1885623047767202,3.6997252742341553,2269
11184,0.8109166666666666,0.18856206311464357,3.6997205326539504,2270
2288,0.8108333333333333,0.18856107833812003,3.6997012106447293,2271
7856,0.81075,0.18855729381459718,3.6996269556267363,2272
1714,0.8106666666666666,0.1885569239639256,3.6996196988959875,2273
7122,0.8105833333333333,0.18855457502604311,3.699573611079771,2274
6250,0.8105,0.18855008549315616,3.6994855232813455,2275
435,0.8104166666666667,0.18854810619405282,3.6994466880384005,2276
4132,0.8103333333333333,0.18854678448973244,3.699420755268383,2277
8214,0.81025,0.18854606605820726,3.6994066591356747,2278
6170,0.8101666666666667,0.18854373484280287,3.699360919046958,2279
770,0.8100833333333334,0.18854323625615563,3.6993511364256673,2280
10632,0.81,0.18854311366867355,3.69934873117288,2281
9243,0.8099166666666666,0.1885430422279822,3.6993473294562103,2282
10736,0.8098333333333333,0.18854201613422458,3.699327196773719,2283
2293,0.80975,0.18854019373505423,3.6992914400180013,2284
10166,0.8096666666666666,0.1885378087838566,3.6992446455951464,2285
6842,0.8095833333333333,0.18853373815138197,3.699164776917951,2286
4723,0.8095,0.18853370240515943,3.6991640755518853,2287
1586,0.8094166666666667,0.18853036358697903,3.6990985655867714,2288
8516,0.8093333333333333,0.18852973022485697,3.6990861385756775,2289
5648,0.80925,0.18852809721406005,3.699054097753275,2290
8740,0.8091666666666667,0.18852298014936325,3.6989536973386175,2291
8048,0.8090833333333334,0.18852202279810007,3.698934913432338,2292
5826,0.809,0.18852200728301116,3.698934609015356,2293
2026,0.8089166666666666,0.18852058366612584,3.698906676649025,2294
4116,0.8088333333333333,0.18851879629343485,3.6988716071375505,2295
1989,0.80875,0.18851655510796114,3.698827633499455,2296
11805,0.8086666666666666,0.18851569451493064,3.6988107480578476,2297
3169,0.8085833333333333,0.1885135248931046,3.6987681785490123,2298
10863,0.8085,0.18851205800539025,3.698739397178487,2299
9789,0.8084166666666667,0.1885114782447004,3.6987280218653087,2300
1447,0.8083333333333333,0.1885111326792377,3.698721241627495,2301
11993,0.80825,0.18851111776450455,3.698720948989865,2302
3157,0.8081666666666667,0.18850852508043392,3.698670078701692,2303
1517,0.8080833333333334,0.18850511186498958,3.6986031090098423,2304
8395,0.808,0.18850477113747757,3.6985964236959807,2305
11725,0.8079166666666666,0.18850034861632103,3.6985096507149295,2306
7837,0.8078333333333333,0.18849722804138194,3.698448422835975,2307
1537,0.80775,0.18849593892999655,3.6984231295623555,2308
1423,0.8076666666666666,0.18849359392370799,3.698377118886773,2309
8396,0.8075833333333333,0.18848647992182171,3.6982375371574436,2310
1600,0.8075,0.18848363479374056,3.698181713739978,2311
284,0.8074166666666667,0.18847824738091878,3.698076008904591,2312
3808,0.8073333333333333,0.18847340499827694,3.6979809979454084,2313
995,0.80725,0.18847036820393728,3.697921413900815,2314
8334,0.8071666666666667,0.18846877209973587,3.697890097211803,2315
7944,0.8070833333333334,0.18846585460944731,3.697832853996805,2316
8910,0.807,0.18846394246405115,3.6977953363568696,2317
2223,0.8069166666666666,0.18845964340740964,3.697710985836606,2318
8447,0.8068333333333333,0.18845581315949575,3.697635833673892,2319
5750,0.80675,0.18845248470110135,3.69757052697506,2320
6473,0.8066666666666666,0.1884505762834944,3.697533082476994,2321
2779,0.8065833333333333,0.18844738791660595,3.697470524472241,2322
6112,0.8065,0.18844684050220215,3.697459783815934,2323
7609,0.8064166666666667,0.18844642484545623,3.6974516283377223,2324
10770,0.8063333333333333,0.1884402845385452,3.6973311511898967,2325
11377,0.80625,0.18843395610659927,3.6972069828963234,2326
4094,0.8061666666666667,0.18843272768825672,3.697182880462927,2327
5543,0.8060833333333334,0.18843137440472948,3.697156328086649,2328
5744,0.806,0.1884261782785664,3.697054376430321,2329
9138,0.8059166666666666,0.1884260468053909,3.6970517968339998,2330
8755,0.8058333333333333,0.18842550122155924,3.6970410920947883,2331
3457,0.80575,0.18842300214540195,3.696992058459843,2332
10204,0.8056666666666666,0.1884225130316857,3.6969824617041267,2333
11183,0.8055833333333333,0.18842250192079424,3.696982243700596,2334
9865,0.8055,0.18841971765894397,3.6969276145214103,2335
10724,0.8054166666666667,0.1884188635877981,3.69691085704378,2336
6442,0.8053333333333333,0.18841877574021576,3.6969091334123094,2337
10357,0.80525,0.18841838270198916,3.6969014217253875,2338
3545,0.8051666666666667,0.18841727965346042,3.696879779136114,2339
9529,0.8050833333333334,0.18841722159882124,3.6968786400631606,2340
3890,0.805,0.1884153750841605,3.6968424101445345,2341
10921,0.8049166666666666,0.1884143969721677,3.696823218898075,2342
4140,0.8048333333333333,0.1884057624668265,3.696653803819725,2343
7663,0.80475,0.18839865378785006,3.69651432652965,2344
9840,0.8046666666666666,0.18839784568875695,3.6964984710560866,2345
9571,0.8045833333333333,0.18839644665954125,3.69647102111714,2346
1212,0.8045,0.18839635888292847,3.6964692988782053,2347
8067,0.8044166666666667,0.188393159611654,3.696406526921713,2348
4886,0.8043333333333333,0.18839230770453502,3.696389811903777,2349
11524,0.80425,0.1883849904572679,3.6962462423569464,2350
1421,0.8041666666666667,0.1883838070009441,3.696223022110037,2351
5869,0.8040833333333334,0.18838134572880358,3.6961747302165264,2352
6564,0.804,0.18838134333285755,3.6961746832063342,2353
5172,0.8039166666666666,0.18837761896438393,3.6961016084728326,2354
11242,0.8038333333333333,0.18837639585040314,3.69607761011474,2355
665,0.80375,0.1883760168977108,3.6960701747959757,2356
3945,0.8036666666666666,0.18837194923831796,3.695990364452758,2357
477,0.8035833333333333,0.18837097149436507,3.695971180427507,2358
1157,0.8035,0.18836633327634028,3.6958801753219275,2359
344,0.8034166666666667,0.18836449494230437,3.695844105912916,2360
10508,0.8033333333333333,0.18836409840481239,3.69583632556792,2361
2703,0.80325,0.18836163145154183,3.695787922206641,2362
9401,0.8031666666666667,0.18836071444028707,3.695769929799721,2363
7434,0.8030833333333334,0.18835987570058388,3.6957534731358006,2364
4514,0.803,0.18835694069917772,3.695695886340311,2365
7576,0.8029166666666666,0.18835539931057546,3.6956656432099004,2366
4462,0.8028333333333333,0.188352902965029,3.6956166631515113,2367
5106,0.80275,0.1883449932943667,3.69546146984018,2368
6979,0.8026666666666666,0.18834348294190115,3.6954318356606386,2369
5036,0.8025833333333333,0.1883392825928349,3.6953494218525718,2370
1485,0.8025,0.18833852198240586,3.695334498140042,2371
5895,0.8024166666666667,0.18833598335955967,3.6952846885711708,2372
5632,0.8023333333333333,0.18833450859137207,3.695255752580283,2373
879,0.80225,0.18833264235937106,3.695219135793532,2374
6586,0.8021666666666667,0.18833204231261602,3.69520736245343,2375
9101,0.8020833333333334,0.18833048661196441,3.695176838510548,2376
10281,0.802,0.1883272912147487,3.695114142565794,2377
1793,0.8019166666666667,0.18832439975431267,3.6950574100748312,2378
3709,0.8018333333333333,0.18831273190378797,3.694828478626741,2379
7490,0.80175,0.18831087235833827,3.694791993034845,2380
8843,0.8016666666666666,0.18831054956042467,3.6947856595123802,2381
2387,0.8015833333333333,0.188308961803981,3.6947545066122727,2382
10122,0.8015,0.18830789856663477,3.69473364514639,2383
6533,0.8014166666666667,0.18830621843302475,3.694700679741225,2384
5430,0.8013333333333333,0.18830499936268758,3.694676760722313,2385
3029,0.80125,0.1882996067564015,3.6945709539875224,2386
10124,0.8011666666666667,0.1882971575417105,3.6945228986695993,2387
6712,0.8010833333333334,0.18829574068711039,3.694495098984092,2388
7395,0.801,0.18829563000917743,3.694492927405073,2389
8003,0.8009166666666667,0.1882951765849754,3.6944840309027596,2390
5244,0.8008333333333333,0.1882940194011403,3.69446132614065,2391
11874,0.80075,0.18829305297766888,3.6944423642311808,2392
140,0.8006666666666666,0.18829054105618007,3.694393078561803,2393
9703,0.8005833333333333,0.18828917580741558,3.6943662914191018,2394
8545,0.8005,0.1882886648583197,3.6943562662378477,2395
7029,0.8004166666666667,0.18828726930527634,3.6943288845038706,2396
10108,0.8003333333333333,0.18828572492069412,3.694298582590269,2397
2242,0.80025,0.18828423409394027,3.6942693315189885,2398
8495,0.8001666666666667,0.18827918132337854,3.69417019260057,2399
3132,0.8000833333333334,0.1882776635530121,3.6941404128765924,2400
8046,0.8,0.18827633937172703,3.6941144315067875,2401
8728,0.7999166666666667,0.18827298411657617,3.6940485990367256,2402
11982,0.7998333333333333,0.18827000307782868,3.69399010895616,2403
7601,0.79975,0.18826120010026506,3.6938173883340824,2404
11792,0.7996666666666666,0.18825861214292203,3.6937666107876446,2405
7310,0.7995833333333333,0.1882571205134873,3.6937373439671672,2406
10490,0.7995,0.18824671966606712,3.6935332720127,2407
9620,0.7994166666666667,0.18823932500276094,3.693388183508601,2408
8303,0.7993333333333333,0.18823577393072943,3.6933185089734124,2409
4867,0.79925,0.18823501352028696,3.6933035891847776,2410
10218,0.7991666666666667,0.18823328454300217,3.6932696654322603,2411
7933,0.7990833333333334,0.18823240352551018,3.693252379248327,2412
4110,0.799,0.18822119243263663,3.693032409707242,2413
11102,0.7989166666666667,0.1882197156660222,3.6930034345057265,2414
8131,0.7988333333333333,0.1882162825198622,3.6929360737592036,2415
1825,0.79875,0.18821366687191057,3.692884752903529,2416
9876,0.7986666666666666,0.18820983332312075,3.6928095359752766,2417
282,0.7985833333333333,0.18820908104681625,3.6927947757841695,2418
1758,0.7985,0.18820379761443334,3.6926911111182896,2419
799,0.7984166666666667,0.18820314983062694,3.6926784011435885,2420
4295,0.7983333333333333,0.18820221544812113,3.6926600679004853,2421
6600,0.79825,0.18820008867625918,3.6926183391380993,2422
11070,0.7981666666666667,0.1881999691398669,3.6926159937498673,2423
11020,0.7980833333333334,0.1881998652270911,3.692613954907963,2424
7786,0.798,0.18818942113409917,3.6924090344449327,2425
10984,0.7979166666666667,0.18818618374274218,3.692345514545548,2426
797,0.7978333333333333,0.1881826459028078,3.692276099633416,2427
1339,0.79775,0.18818137135899554,3.692251092185824,2428
3446,0.7976666666666666,0.1881793189316187,3.692210822114612,2429
6862,0.7975833333333333,0.18817110102385518,3.6920495809742526,2430
2671,0.7975,0.18817017937375619,3.692031497549941,2431
9005,0.7974166666666667,0.18816593944692445,3.6919483071981904,2432
9446,0.7973333333333333,0.18816020284419027,3.6918357510107365,2433
1461,0.79725,0.18816006617190761,3.6918330694042503,2434
9413,0.7971666666666667,0.1881594712068632,3.691821395770855,2435
4650,0.7970833333333334,0.1881580282996946,3.6917930849156235,2436
5656,0.797,0.18815666226985062,3.6917662824475928,2437
4634,0.7969166666666667,0.18815662840847866,3.691765618063644,2438
9937,0.7968333333333333,0.1881502990288742,3.691641431176315,2439
8079,0.79675,0.18814554321329308,3.6915481187238504,2440
2644,0.7966666666666666,0.1881451667358281,3.691540731970738,2441
8612,0.7965833333333333,0.18814486738283787,3.6915348584541334,2442
11308,0.7965,0.1881441437497324,3.6915206602627606,2443
8041,0.7964166666666667,0.18814402752879397,3.691518379926108,2444
9334,0.7963333333333333,0.18813463655558146,3.6913341224150855,2445
1382,0.79625,0.1881344052556694,3.6913295841478586,2446
9451,0.7961666666666667,0.18813281467585646,3.691298375851235,2447
10123,0.7960833333333334,0.1881315533665525,3.6912736280740113,2448
11620,0.796,0.18812978961995297,3.6912390221230726,2449
5235,0.7959166666666667,0.1881246318428146,3.691137822901628,2450
10341,0.7958333333333333,0.1881216329561132,3.6910789826316437,2451
3602,0.79575,0.18812136780599906,3.6910737801995994,2452
3147,0.7956666666666666,0.1881213058660569,3.6910725648942764,2453
8202,0.7955833333333333,0.18811593645448174,3.6909672132560756,2454
7450,0.7955,0.18811372228905957,3.690923769770471,2455
5615,0.7954166666666667,0.18811327876193867,3.6909150674558298,2456
6653,0.7953333333333333,0.18810574133499297,3.6907671778285467,2457
2210,0.79525,0.1880980598767931,3.690616462206595,2458
5225,0.7951666666666667,0.18809689641513685,3.69059363426919,2459
4412,0.7950833333333334,0.18809588245465794,3.690573739650149,2460
6452,0.795,0.18808465157732723,3.6903533819240346,2461
10014,0.7949166666666667,0.188080868845149,3.6902791620535327,2462
3944,0.7948333333333333,0.18807998290300662,3.6902617792444925,2463
3762,0.79475,0.1880785735372699,3.690234126495728,2464
1418,0.7946666666666666,0.1880771560655258,3.690206314701423,2465
11191,0.7945833333333333,0.18807363497535878,3.6901372284314764,2466
3475,0.7945,0.18807002332538864,3.69006636531448,2467
7855,0.7944166666666667,0.18806934620889862,3.6900530798118263,2468
4389,0.7943333333333333,0.1880669078166802,3.69000523683851,2469
9182,0.79425,0.18806507376679488,3.6899692514875753,2470
5067,0.7941666666666667,0.18806384641476365,3.6899451699759345,2471
11220,0.7940833333333334,0.1880631533278345,3.6899315711220666,2472
877,0.794,0.18805640152348063,3.6897990959635623,2473
2286,0.7939166666666667,0.18805177355986266,3.6897082920566744,2474
7594,0.7938333333333333,0.1880440925050339,3.6895575843491164,2475
1038,0.79375,0.18804377188998445,3.689551293655967,2476
3712,0.7936666666666666,0.18803746306471517,3.689427510059182,2477
2177,0.7935833333333333,0.18802714690696004,3.689225099775645,2478
629,0.7935,0.18802712744292352,3.6892247178775177,2479
1453,0.7934166666666667,0.18802697069588434,3.6892216423901703,2480
2165,0.7933333333333333,0.18802431994452234,3.6891696327808186,2481
11328,0.79325,0.18802405167576516,3.6891643691587666,2482
8172,0.7931666666666667,0.18802306156367196,3.6891449424619047,2483
9277,0.7930833333333334,0.1880147254408938,3.6889813818596746,2484
490,0.793,0.18801373334615493,3.6889619162619,2485
9717,0.7929166666666667,0.1880104827119376,3.688898136528252,2486
7800,0.7928333333333333,0.1880102008780284,3.6888926067483716,2487
6975,0.79275,0.18799753106780584,3.6886440161451084,2488
5680,0.7926666666666666,0.1879957781626795,3.6886096229115077,2489
2976,0.7925833333333333,0.18799432581835016,3.6885811268925037,2490
8893,0.7925,0.18799361545569554,3.688567189076709,2491
10247,0.7924166666666667,0.18799307110405156,3.6885565085139085,2492
4816,0.7923333333333333,0.18799223479324048,3.688540099506584,2493
11881,0.79225,0.18799206265359766,3.688536722005506,2494
5253,0.7921666666666667,0.18799035402609235,3.688503197529993,2495
3976,0.7920833333333334,0.18798942697175625,3.6884850080707947,2496
3015,0.792,0.18798795661643639,3.688456158663432,2497
9266,0.7919166666666667,0.18798528652808771,3.6884037696487804,2498
10890,0.7918333333333333,0.18798136675960964,3.688326861029471,2499
9184,0.79175,0.18798067006511518,3.6883131913926253,2500
10027,0.7916666666666666,0.18798047995176353,3.688309461234721,2501
5379,0.7915833333333333,0.187975345424729,3.688208718196716,2502
4019,0.7915,0.18797199427030362,3.6881429661858007,2503
10031,0.7914166666666667,0.18797043372162234,3.688112347121117,2504
7913,0.7913333333333333,0.18797038886828643,3.6881114670671025,2505
8580,0.79125,0.18796959542139846,3.6880958990800945,2506
5703,0.7911666666666667,0.1879658481083617,3.6880223741580886,2507
8483,0.7910833333333334,0.1879648701834005,3.6880031865813354,2508
5413,0.791,0.18796044137910697,3.687916290320725,2509
5113,0.7909166666666667,0.18795871948377532,3.6878825055211255,2510
8235,0.7908333333333334,0.18795844929005343,3.687877204129925,2511
1743,0.79075,0.18795483772496258,3.6878063426782735,2512
9531,0.7906666666666666,0.1879537526968528,3.687785053662279,2513
3397,0.7905833333333333,0.18794660990037076,3.6876449069627517,2514
6323,0.7905,0.18794648059833396,3.6876423699656717,2515
11143,0.7904166666666667,0.18794068026664273,3.687528563371207,2516
7387,0.7903333333333333,0.1879404799060759,3.687524632155709,2517
4520,0.79025,0.18794015440403752,3.687518245576368,2518
5793,0.7901666666666667,0.18793671645769566,3.687450790646862,2519
4689,0.7900833333333334,0.18793470610908897,3.68741134619078,2520
10757,0.79,0.18793178554557335,3.687354042676877,2521
7321,0.7899166666666667,0.1879298371365767,3.6873158135196045,2522
1021,0.7898333333333334,0.18792850801088432,3.6872897351370577,2523
7193,0.78975,0.18792832926182354,3.687286227954523,2524
2196,0.7896666666666666,0.18792657637529223,3.6872518350857764,2525
6941,0.7895833333333333,0.18792121380040389,3.687146617588163,2526
1056,0.7895,0.18791425406119908,3.6870100626013897,2527
2032,0.7894166666666667,0.1879038994772035,3.686806898367897,2528
7716,0.7893333333333333,0.18790089077939034,3.6867478655969848,2529
3384,0.78925,0.18789935407120714,3.686717714299756,2530
4715,0.7891666666666667,0.18789598738741223,3.6866516575916304,2531
10523,0.7890833333333334,0.18789218864173363,3.686577123524942,2532
6377,0.789,0.18788951456130065,3.6865246561827725,2533
9681,0.7889166666666667,0.1878862303134733,3.6864602169264344,2534
2603,0.7888333333333334,0.18787887111417872,3.686315824251248,2535
6868,0.78875,0.1878768541383996,3.6862762497653736,2536
5373,0.7886666666666666,0.18787481445355245,3.6862362297115636,2537
8630,0.7885833333333333,0.1878730010599148,3.686200649650737,2538
8978,0.7885,0.18787164722253166,3.6861740864074184,2539
6882,0.7884166666666667,0.18786809046331981,3.686104300285682,2540
6851,0.7883333333333333,0.18786287360199663,3.6860019417909156,2541
5482,0.78825,0.18786246834826204,3.685993990427102,2542
1820,0.7881666666666667,0.18786158731283376,3.685976703891294,2543
11701,0.7880833333333334,0.1878572757156713,3.685892107317108,2544
6539,0.788,0.18785709693353453,3.6858885994856543,2545
2102,0.7879166666666667,0.18785514397562963,3.6858502810755924,2546
11498,0.7878333333333334,0.18785282124511746,3.6858047074663878,2547
2785,0.78775,0.18784704647722536,3.6856914024516714,2548
7611,0.7876666666666666,0.18784129733040408,3.685578600140359,2549
6613,0.7875833333333333,0.18783984302539497,3.6855500656514373,2550
6513,0.7875,0.1878394694086871,3.6855427350284087,2551
4980,0.7874166666666667,0.18783462398707418,3.6854476644424308,2552
9851,0.7873333333333333,0.187832851815805,3.6854128931935035,2553
8519,0.78725,0.18783164727643642,3.68538925928243,2554
4584,0.7871666666666667,0.1878273151035982,3.685304258999074,2555
2663,0.7870833333333334,0.1878239789296692,3.6852388009160206,2556
360,0.787,0.18782057323193221,3.685171978726893,2557
6122,0.7869166666666667,0.1878176169700949,3.6851139747867396,2558
9089,0.7868333333333334,0.18781661306117678,3.6850942773864386,2559
168,0.78675,0.18781389768559545,3.6850409998044,2560
7713,0.7866666666666666,0.18781360505698746,3.6850352582249117,2561
1506,0.7865833333333333,0.18781243453278867,3.685012291715437,2562
4833,0.7865,0.18781137584652952,3.6849915195451137,2563
9140,0.7864166666666667,0.1878090185791343,3.684945268297951,2564
11849,0.7863333333333333,0.18780710738840967,3.684907769389363,2565
3624,0.78625,0.18780320222376123,3.6848311473075466,2566
289,0.7861666666666667,0.18780026120841323,3.6847734425143024,2567
6921,0.7860833333333334,0.1877953957659323,3.6846779791047783,2568
2294,0.786,0.18779402833184908,3.6846511490846323,2569
6125,0.7859166666666667,0.18779377458096433,3.6846461703134636,2570
549,0.7858333333333334,0.18779313863187894,3.6846336925443826,2571
6142,0.78575,0.18779196362694686,3.6846106381197075,2572
10155,0.7856666666666666,0.18779091757053493,3.684590113755924,2573
3288,0.7855833333333333,0.187789844078503,3.6845690510858917,2574
8080,0.7855,0.18777799447848975,3.6843365535848225,2575
4611,0.7854166666666667,0.18777434278619137,3.6842649048090523,2576
4737,0.7853333333333333,0.1877693863153924,3.684167655359807,2577
9998,0.78525,0.1877583441485614,3.683951000266682,2578
7036,0.7851666666666667,0.18775786236870673,3.683941547406493,2579
1278,0.7850833333333334,0.18775539419680204,3.6838931201347176,2580
1670,0.785,0.1877520654792881,3.683827808351804,2581
5063,0.7849166666666667,0.18774796184861264,3.68374729222667,2582
4505,0.7848333333333334,0.18774692392553938,3.6837269274446713,2583
6935,0.78475,0.18774628299619509,3.6837143519593587,2584
1403,0.7846666666666666,0.18774380295290788,3.683665691762722,2585
4417,0.7845833333333333,0.18773739965846029,3.683540054614154,2586
5777,0.7845,0.18773405683185937,3.68347446600096,2587
3485,0.7844166666666667,0.18773178499756019,3.683429891011378,2588
3363,0.7843333333333333,0.1877261637043697,3.6833195972783894,2589
11016,0.78425,0.18772523157428098,3.683301308229308,2590
6071,0.7841666666666667,0.18772285448567821,3.6832546680761222,2591
11121,0.7840833333333334,0.1877194455627412,3.6831877826062565,2592
8240,0.784,0.18771791704316976,3.68315779197531,2593
3125,0.7839166666666667,0.1877169411644868,3.6831386445479932,2594
10475,0.7838333333333334,0.1877161783585898,3.683123677758865,2595
1211,0.78375,0.1877133837319495,3.683068845215204,2596
7097,0.7836666666666666,0.18771043661977393,3.683011020797835,2597
2120,0.7835833333333333,0.18771011826057252,3.6830047743660215,2598
8117,0.7835,0.18770840725994248,3.6829712033281368,2599
3271,0.7834166666666667,0.18770475741313108,3.68289959076216,2600
4254,0.7833333333333333,0.18770449227022315,3.6828943884715093,2601
10976,0.78325,0.18770091011512405,3.68282410406458,2602
5247,0.7831666666666667,0.18769971287661819,3.682800613401576,2603
530,0.7830833333333334,0.18769734060434287,3.6827540677481085,2604
8216,0.783,0.18769408627402584,3.6826902154943753,2605
3244,0.7829166666666667,0.1876921950331974,3.682653108016848,2606
4803,0.7828333333333334,0.1876898532598761,3.6826071607743245,2607
11066,0.78275,0.18768822316599026,3.682575177183767,2608
7032,0.7826666666666666,0.18768696847668026,3.6825505592955334,2609
9863,0.7825833333333333,0.18768595945638283,3.6825307616063405,2610
9332,0.7825,0.187685521867657,3.68252217580725,2611
11053,0.7824166666666666,0.1876831949869511,3.6824765207683336,2612
5855,0.7823333333333333,0.18767860018169905,3.682386367452004,2613
11014,0.78225,0.18764959304426673,3.681817226978116,2614
9408,0.7821666666666667,0.18764696955296592,3.6817657522303886,2615
6255,0.7820833333333334,0.18764689477427068,3.681764285019673,2616
10488,0.782,0.18764623465887223,3.681751333090501,2617
3214,0.7819166666666667,0.18764618375605774,3.6817503343413867,2618
4633,0.7818333333333334,0.18764608885310957,3.681748472278678,2619
9556,0.78175,0.18764476979323644,3.681722591394599,2620
3785,0.7816666666666666,0.18764334030831242,3.681694543893226,2621
8804,0.7815833333333333,0.1876410981546869,3.681650551259338,2622
7886,0.7815,0.1876398996687901,3.681627036121669,2623
9536,0.7814166666666666,0.18763944996751117,3.6816182126656853,2624
4751,0.7813333333333333,0.18763923318925058,3.681613959323487,2625
209,0.78125,0.18763912617105188,3.681611859551067,2626
6361,0.7811666666666667,0.18763559966557342,3.6815426670288938,2627
3923,0.7810833333333334,0.18763423498890575,3.681515891111183,2628
1132,0.781,0.18763209236870312,3.6814738513931857,2629
3423,0.7809166666666667,0.18762557278579284,3.6813459325830022,2630
3370,0.7808333333333334,0.18761854940326808,3.6812081288694802,2631
9028,0.78075,0.18761806376467044,3.6811986002979795,2632
2179,0.7806666666666666,0.18761719014812384,3.6811814593258347,2633
3419,0.7805833333333333,0.18761589612339044,3.681156069648842,2634
8810,0.7805,0.1876154923736205,3.6811481477938823,2635
1564,0.7804166666666666,0.1876134893192396,3.6811088464556665,2636
6398,0.7803333333333333,0.187612768560128,3.6810947046540674,2637
747,0.78025,0.18761272080738198,3.6810937677115296,2638
3421,0.7801666666666667,0.18760932817368464,3.6810272018480967,2639
1225,0.7800833333333334,0.1876034506668729,3.6809118810233192,2640
9016,0.78,0.1876026907550017,3.6808969710169785,2641
10581,0.7799166666666667,0.18760210866912164,3.6808855500819213,2642
9649,0.7798333333333334,0.18760181602110199,3.6808798081215555,2643
5393,0.77975,0.18760093889186819,3.6808625982279946,2644
8234,0.7796666666666666,0.18759951346156592,3.680834630281163,2645
2584,0.7795833333333333,0.1875990273735165,3.680825092891207,2646
3338,0.7795,0.18759820959380236,3.680809047477032,2647
422,0.7794166666666666,0.18759162696117157,3.6806798915868892,2648
5955,0.7793333333333333,0.1875799154454185,3.6804501033962733,2649
4205,0.77925,0.18757905692256352,3.6804332585729593,2650
11045,0.7791666666666667,0.187569593443222,3.6802475784406514,2651
11324,0.7790833333333333,0.18756716829692455,3.6801999953616162,2652
2677,0.779,0.1875662203659392,3.680181396287799,2653
10314,0.7789166666666667,0.18756564113135166,3.6801700312970906,2654
5555,0.7788333333333334,0.18756493443753097,3.680156165466432,2655
4678,0.77875,0.1875640048869491,3.6801379270291017,2656
1265,0.7786666666666666,0.1875627555392435,3.6801134139468594,2657
7730,0.7785833333333333,0.1875594802113536,3.6800491497059706,2658
7344,0.7785,0.18755845722542153,3.6800290780012057,2659
5070,0.7784166666666666,0.18755705448255044,3.6800015551977427,2660
7184,0.7783333333333333,0.18755439367168802,3.679949348213915,2661
6145,0.77825,0.18755100615862422,3.6798828828209,2662
4977,0.7781666666666667,0.1875507500937164,3.679877858646967,2663
7141,0.7780833333333333,0.18755037240951386,3.6798704482168114,2664
137,0.778,0.18754787745186038,3.679821495389807,2665
10135,0.7779166666666667,0.18754779060749957,3.67981979144224,2666
286,0.7778333333333334,0.1875474858706086,3.6798138122897637,2667
9775,0.77775,0.18754559331841353,3.6797766790822513,2668
1035,0.7776666666666666,0.1875443964986791,3.679753196635831,2669
6555,0.7775833333333333,0.18753991444783194,3.6796652556402956,2670
3299,0.7775,0.1875379144995817,3.6796260152465434,2671
2954,0.7774166666666666,0.18753438183640925,3.6795567019061224,2672
8353,0.7773333333333333,0.18753224159194062,3.6795147088016478,2673
6991,0.77725,0.18753123066845828,3.679494873770672,2674
2441,0.7771666666666667,0.1875290448083146,3.6794519856546124,2675
8388,0.7770833333333333,0.18752643516932496,3.6794007826989708,2676
4665,0.777,0.18752161447159785,3.6793061972130596,2677
9603,0.7769166666666667,0.18752065075504612,3.6792872884153054,2678
8374,0.7768333333333334,0.1875171676932547,3.679218948288936,2679
6448,0.77675,0.18751531230818963,3.679182544326684,2680
7848,0.7766666666666666,0.18751499902014335,3.679176397394536,2681
6365,0.7765833333333333,0.18751100085205907,3.679097950519732,2682
11803,0.7765,0.18751033019178756,3.6790847916926515,2683
3496,0.7764166666666666,0.18750917950859636,3.679062214477706,2684
4081,0.7763333333333333,0.18750473969555928,3.6789751022177946,2685
2040,0.77625,0.18750241758078467,3.6789295406898432,2686
4083,0.7761666666666667,0.18749968707333137,3.6788759662097794,2687
626,0.7760833333333333,0.18749718697144782,3.678826912449365,2688
885,0.776,0.1874971333836628,3.6788258610192406,2689
10403,0.7759166666666667,0.18749614881059412,3.678806543001924,2690
11212,0.7758333333333334,0.18749319195331782,3.6787485273788434,2691
10663,0.77575,0.18749261707107878,3.6787372477842704,2692
2881,0.7756666666666666,0.187490963193513,3.6787047975412044,2693
11984,0.7755833333333333,0.18748769966196918,3.678640764752913,2694
1039,0.7755,0.187485949488448,3.6786064251153316,2695
11992,0.7754166666666666,0.18748364216987767,3.67856115389929,2696
9006,0.7753333333333333,0.18747969948112966,3.67848379556819,2697
3956,0.77525,0.1874789742924167,3.678469566854747,2698
10007,0.7751666666666667,0.18747864599538916,3.6784631254357274,2699
4451,0.7750833333333333,0.1874782022987385,3.6784544197948454,2700
8197,0.775,0.18747400887084087,3.678372141784942,2701
487,0.7749166666666667,0.1874732577951339,3.6783574051503862,2702
8349,0.7748333333333334,0.1874730460705075,3.6783532509640375,2703
2100,0.77475,0.18747284890607957,3.678349382459059,2704
6217,0.7746666666666666,0.18747166704335555,3.678326193479724,2705
3855,0.7745833333333333,0.18746877106556195,3.678269372354986,2706
4748,0.7745,0.18746533168300125,3.6782018892458703,2707
1946,0.7744166666666666,0.1874633781940816,3.6781635604169116,2708
8381,0.7743333333333333,0.1874552605586644,3.678004286690596,2709
1834,0.77425,0.18745403383313677,3.6779802174714735,2710
4934,0.7741666666666667,0.18744951494971315,3.6778915537948276,2711
4805,0.7740833333333333,0.18744710433918257,3.6778442559177726,2712
7912,0.774,0.1874417885541985,3.677739956471092,2713
8936,0.7739166666666667,0.18743981680566266,3.6777012693755626,2714
10096,0.7738333333333334,0.18743815403594433,3.6776686446621705,2715
7579,0.77375,0.18743312411572352,3.6775699540835625,2716
54,0.7736666666666666,0.18743037477005667,3.6775160099844806,2717
9641,0.7735833333333333,0.18742401448964627,3.677391216801558,2718
8220,0.7735,0.18742347066544796,3.6773805465876475,2719
11401,0.7734166666666666,0.1874232055228749,3.677375344303555,2720
8293,0.7733333333333333,0.18742258959797206,3.6773632594229824,2721
9927,0.77325,0.1874189069139374,3.6772910025675243,2722
9149,0.7731666666666667,0.18741677966996662,3.677249264542035,2723
5481,0.7730833333333333,0.18740496377219878,3.677017428302772,2724
10993,0.773,0.18740203689961188,3.676960001000441,2725
11072,0.7729166666666667,0.18739501988466375,3.676822322223207,2726
9487,0.7728333333333334,0.18739501747772036,3.6768222749972743,2727
11164,0.77275,0.1873934509664591,3.676791538942637,2728
2791,0.7726666666666666,0.18738572565508033,3.6766399628904205,2729
9308,0.7725833333333333,0.18738057816198408,3.6765389654490974,2730
8186,0.7725,0.1873802162314552,3.6765318641171065,2731
5634,0.7724166666666666,0.1873780782111551,3.676489914652449,2732
6694,0.7723333333333333,0.1873771632230379,3.6764719619409165,2733
2975,0.77225,0.1873739684521581,3.6764092782853286,2734
312,0.7721666666666667,0.18737300822645256,3.676390437980462,2735
11330,0.7720833333333333,0.18736833050001833,3.6762986576920573,2736
2725,0.772,0.1873648150784384,3.676229682643796,2737
4491,0.7719166666666667,0.1873596208154512,3.676127767544304,2738
6303,0.7718333333333334,0.18735763322309756,3.6760887695819373,2739
3075,0.77175,0.1873567315264184,3.676071077657798,2740
9264,0.7716666666666666,0.18735610961439056,3.676058875305622,2741
5447,0.7715833333333333,0.18735458594307508,3.676028979800871,2742
9142,0.7715,0.1873503091405069,3.6759450659212076,2743
3746,0.7714166666666666,0.18735001402342083,3.6759392755160665,2744
10248,0.7713333333333333,0.18734976682567575,3.675934425322102,2745
7977,0.77125,0.1873494167787289,3.6759275571544032,2746
7993,0.7711666666666667,0.18734928138679413,3.675924900669264,2747
4508,0.7710833333333333,0.18734721438520416,3.6758843446417053,2748
5394,0.771,0.18733999834675943,3.6757427608832316,2749
11747,0.7709166666666667,0.187337976125735,3.675703083481938,2750
7143,0.7708333333333334,0.1873297486991988,3.675541655576552,2751
9514,0.77075,0.18732604702806666,3.6754690261808554,2752
5674,0.7706666666666667,0.1873240116589598,3.6754290908049585,2753
11932,0.7705833333333333,0.18732311941024057,3.675411584256401,2754
7000,0.7705,0.1873216473837311,3.6753827020591645,2755
10721,0.7704166666666666,0.1873186350314842,3.6753235975856597,2756
7326,0.7703333333333333,0.18731846772517616,3.6753203149180633,2757
11616,0.77025,0.1873170564108449,3.675292623936474,2758
1973,0.7701666666666667,0.18731406776700765,3.675233984638715,2759
8536,0.7700833333333333,0.187312668623203,3.6752065324514946,2760
8344,0.77,0.1873089205694294,3.675132992995678,2761
10418,0.7699166666666667,0.18730649994716023,3.675085498681291,2762
6495,0.7698333333333334,0.18730636515576687,3.675082853979169,2763
10596,0.76975,0.18730326861681174,3.6750220977031605,2764
11088,0.7696666666666667,0.18729868171770492,3.6749320995109303,2765
2635,0.7695833333333333,0.18729811101317168,3.674920901885895,2766
10910,0.7695,0.18729529493342817,3.674865648417203,2767
11823,0.7694166666666666,0.1872928855672275,3.674818374954774,2768
3799,0.7693333333333333,0.18728756994087425,3.674714078620517,2769
4347,0.76925,0.18727986430925797,3.6745628886990787,2770
11750,0.7691666666666667,0.18727972029464696,3.674560063030947,2771
6637,0.7690833333333333,0.18727192854635685,3.6744071834397127,2772
10887,0.769,0.18727007194966777,3.6743707557045617,2773
1575,0.7689166666666667,0.1872654869747062,3.6742807952654246,2774
4757,0.7688333333333334,0.18726483104397296,3.6742679254422663,2775
5642,0.76875,0.1872637673878684,3.674247055760076,2776
2927,0.7686666666666667,0.18725645953946823,3.674103670625631,2777
10649,0.7685833333333333,0.18725411512813858,3.6740576716235465,2778
9412,0.7685,0.18725245252090966,3.674025050098291,2779
1910,0.7684166666666666,0.1872489310773282,3.673955956894144,2780
7817,0.7683333333333333,0.18724868437770636,3.673951116473761,2781
8731,0.76825,0.1872480356319624,3.673938387625185,2782
5816,0.7681666666666667,0.18724744829586384,3.673926863677109,2783
5150,0.7680833333333333,0.187244841110981,3.6738757088727567,2784
2964,0.768,0.1872425212127236,3.6738301908344564,2785
9108,0.7679166666666667,0.18723452871759722,3.6736733724488095,2786
11194,0.7678333333333334,0.1872337840459695,3.6736587614668146,2787
7838,0.76775,0.18723271495784363,3.6736377852045177,2788
6275,0.7676666666666667,0.1872326277366305,3.673636073862906,2789
4763,0.7675833333333333,0.18722813111106654,3.673547846901175,2790
10103,0.7675,0.18722629599632357,3.6735118406569454,2791
1636,0.7674166666666666,0.18721965678213762,3.6733815745968634,2792
3983,0.7673333333333333,0.18721898799419537,3.673368452506219,2793
6773,0.76725,0.18721102102230663,3.673212134904513,2794
7096,0.7671666666666667,0.18721098103587183,3.673211350342454,2795
9858,0.7670833333333333,0.18720941693540344,3.6731806615892655,2796
5415,0.767,0.18720671713100784,3.6731276895248355,2797
11657,0.7669166666666667,0.18720310429684006,3.673056803172976,2798
2229,0.7668333333333334,0.18720075922948923,3.6730107912993084,2799
654,0.76675,0.18720034890121062,3.67300274036939,2800
10656,0.7666666666666667,0.18718707099500453,3.6727422184944674,2801
7125,0.7665833333333333,0.18718705390557855,3.672741883187892,2802
4335,0.7665,0.1871808097089115,3.672619367649829,2803
7845,0.7664166666666666,0.18717770572347517,3.672558465268601,2804
11872,0.7663333333333333,0.18717457539573626,3.6724970460328574,2805
7860,0.76625,0.18717443029519215,3.672494199057933,2806
1850,0.7661666666666667,0.18717361975581112,3.672478295704244,2807
5238,0.7660833333333333,0.18716951825176603,3.672397821305041,2808
3059,0.766,0.18716793218498934,3.6723667015574115,2809
11689,0.7659166666666667,0.18716601937068914,3.6723291707931365,2810
1023,0.7658333333333334,0.1871627754915584,3.672265523599081,2811
3270,0.76575,0.18716105290818164,3.6722317252995564,2812
8727,0.7656666666666667,0.18716076590989342,3.6722260941909104,2813
11478,0.7655833333333333,0.18715786673898244,3.672169210415002,2814
8589,0.7655,0.187157519433575,3.6721623960381846,2815
5898,0.7654166666666666,0.18715534809790096,3.6721197929024276,2816
325,0.7653333333333333,0.1871544487925284,3.672102147897429,2817
10674,0.76525,0.18715321641000107,3.6720779676838937,2818
1234,0.7651666666666667,0.18714982758009055,3.6720114764534406,2819
11688,0.7650833333333333,0.18714979119779046,3.672010762607033,2820
7607,0.765,0.18714799315128505,3.6719754836678016,2821
6529,0.7649166666666667,0.18714495054586994,3.6719157856058082,2822
410,0.7648333333333334,0.18714117731991095,3.671841752254025,2823
8577,0.76475,0.18713988476280236,3.671816391372861,2824
10859,0.7646666666666667,0.18713731678473253,3.671766005833806,2825
3209,0.7645833333333333,0.18713658789248774,3.6717517044544605,2826
5852,0.7645,0.18712878822769943,3.6715986695358964,2827
5561,0.7644166666666666,0.18712397865271288,3.671504302286001,2828
4342,0.7643333333333333,0.18712208833584243,3.6714672129371637,2829
2383,0.76425,0.18711897333946523,3.671406094513527,2830
4954,0.7641666666666667,0.18711772235290508,3.671381549275793,2831
8418,0.7640833333333333,0.1871127814838534,3.6712846059438444,2832
234,0.764,0.18711017530097332,3.6712334707995273,2833
9242,0.7639166666666667,0.1871007791466424,3.6710491116313113,2834
3088,0.7638333333333334,0.18709932763843684,3.671020632017658,2835
5530,0.76375,0.187098818522196,3.6710106427982874,2836
3681,0.7636666666666667,0.18709745513883697,3.670983892256211,2837
5799,0.7635833333333333,0.18709273086338143,3.6708911986432042,2838
4504,0.7635,0.1870918698033988,3.6708743040396765,2839
7676,0.7634166666666666,0.18708920095573495,3.6708219393681354,2840
11087,0.7633333333333333,0.187087927802871,3.670796959211894,2841
5231,0.76325,0.18708781790460133,3.67079480293045,2842
4746,0.7631666666666667,0.1870854646345055,3.67074863011311,2843
9097,0.7630833333333333,0.1870814780737995,3.670670410983279,2844
1511,0.763,0.18708062562443092,3.6706536853260605,2845
6674,0.7629166666666667,0.18707434618561605,3.6705304783122426,2846
11907,0.7628333333333334,0.18707206994581815,3.670485816883631,2847
79,0.76275,0.1870713035392238,3.6704707794462825,2848
11654,0.7626666666666667,0.187071041362715,3.670465635358454,2849
5580,0.7625833333333333,0.18706807150987376,3.670407364753273,2850
3176,0.7625,0.18706569256230243,3.670360688125772,2851
5508,0.7624166666666666,0.18705742921293186,3.6701985553890486,2852
9366,0.7623333333333333,0.187057291015111,3.670195843850422,2853
8997,0.76225,0.18704755777836918,3.670004870887868,2854
3235,0.7621666666666667,0.18704438352217329,3.6699425897448146,2855
9406,0.7620833333333333,0.1870434805028741,3.6699248718699184,2856
5322,0.762,0.18704047371593738,3.669865876591749,2857
9310,0.7619166666666667,0.1870380100797121,3.669817538313219,2858
3213,0.7618333333333334,0.18703669264995101,3.6697916894130937,2859
7392,0.76175,0.18703448580949456,3.6697483896484746,2860
10334,0.7616666666666667,0.18702626499101593,3.6695870913978306,2861
8864,0.7615833333333333,0.18702516273698222,3.6695654643970608,2862
6751,0.7615,0.1870218922041299,3.66950129423821,2863
7066,0.7614166666666666,0.18701639588018187,3.6693934524898193,2864
6453,0.7613333333333333,0.18701417610663987,3.6693498989689504,2865
10955,0.76125,0.1870127883493672,3.669322670193493,2866
4534,0.7611666666666667,0.1870113652500317,3.669294747981864,2867
1428,0.7610833333333333,0.18700749221794266,3.6692187563634837,2868
6691,0.761,0.18700552545910729,3.6691801671694053,2869
8538,0.7609166666666667,0.18700253534489086,3.669121499021748,2870
5659,0.7608333333333334,0.18700216226964422,3.6691141790225474,2871
4923,0.76075,0.18699574431173846,3.668988254166565,2872
9249,0.7606666666666667,0.1869942743797277,3.6689594130648704,2873
674,0.7605833333333333,0.18699294520567025,3.6689333337334027,2874
6459,0.7605,0.18699176473648793,3.668910172096294,2875
5903,0.7604166666666666,0.18698906785592095,3.6688572573994236,2876
4287,0.7603333333333333,0.18698708108946893,3.6688182756418453,2877
1480,0.76025,0.18698617046290134,3.6688004085069927,2878
9029,0.7601666666666667,0.18698306747705007,3.668739525738327,2879
3883,0.7600833333333333,0.1869821877263388,3.668722264409526,2880
311,0.76,0.1869735613833679,3.6685530094826273,2881
2061,0.7599166666666667,0.1869651892261709,3.6683887418596806,2882
2015,0.7598333333333334,0.18696481844618923,3.668381466895209,2883
2291,0.75975,0.18696402756821562,3.668365949312154,2884
5336,0.7596666666666667,0.18696252375631578,3.6683364434631347,2885
10794,0.7595833333333334,0.18695829224603192,3.668253418249969,2886
9050,0.7595,0.18695799209254854,3.6682475290271306,2887
1913,0.7594166666666666,0.186956423263726,3.6682167475003338,2888
3061,0.7593333333333333,0.18695521448853533,3.6681930304794266,2889
9591,0.75925,0.18695241338520016,3.6681380708584044,2890
1014,0.7591666666666667,0.1869521685613163,3.6681332672413207,2891
232,0.7590833333333333,0.18695189205226553,3.6681278419389374,2892
2564,0.759,0.18694840069376678,3.66805933902529,2893
2860,0.7589166666666667,0.1869477494966645,3.6680465620793736,2894
10824,0.7588333333333334,0.1869463376696923,3.6680188610394087,2895
9279,0.75875,0.1869439181620838,3.6679713885954754,2896
8185,0.7586666666666667,0.18694370504482413,3.667967207084632,2897
1735,0.7585833333333334,0.18694363949602252,3.6679659209709827,2898
3776,0.7585,0.1869418866496701,3.6679315288905388,2899
555,0.7584166666666666,0.1869407241664155,3.6679087201500415,2900
10730,0.7583333333333333,0.1869401555871931,3.667897564225072,2901
11250,0.75825,0.1869399416581444,3.6678933667864477,2902
7312,0.7581666666666667,0.18693971403849513,3.6678889007285322,2903
11037,0.7580833333333333,0.18693368903533544,3.667770685921516,2904
1004,0.758,0.1869291333287671,3.667681299748886,2905
6445,0.7579166666666667,0.18692868767060788,3.667672555621789,2906
5523,0.7578333333333334,0.18692826335037901,3.667664230159927,2907
11707,0.75775,0.18692741923102196,3.667647667943438,2908
4701,0.7576666666666667,0.18692505515514043,3.6676012831089757,2909
11304,0.7575833333333334,0.1869231666062565,3.6675642284492582,2910
10065,0.7575,0.18691900479100823,3.6674825707018277,2911
8613,0.7574166666666666,0.18691701628635105,3.6674435548393998,2912
9598,0.7573333333333333,0.18691295494073001,3.667363868376847,2913
2390,0.75725,0.18691243504957694,3.667353667746121,2914
1657,0.7571666666666667,0.18691193331524583,3.667343823365063,2915
3850,0.7570833333333333,0.1869094262120643,3.6672946322341984,2916
8015,0.757,0.1869036775037302,3.667181838526366,2917
7931,0.7569166666666667,0.18690218623331856,3.667152578750155,2918
9311,0.7568333333333334,0.18690049324874128,3.667119361199953,2919
5950,0.75675,0.18689970628114164,3.6671039203411606,2920
9471,0.7566666666666667,0.18689760702880862,3.667062731531323,2921
2253,0.7565833333333334,0.1868975557500965,3.667061725406895,2922
200,0.7565,0.18689435980178878,3.666999018649336,2923
10125,0.7564166666666666,0.18689434052283613,3.6669986403826726,2924
4155,0.7563333333333333,0.18689208876975796,3.666954459400798,2925
7922,0.75625,0.18688966144452135,3.6669068335694632,2926
2073,0.7561666666666667,0.18688810389017524,3.666876273255774,2927
907,0.7560833333333333,0.18688770220856413,3.666868391979568,2928
5186,0.756,0.18688483567148328,3.6668121485023795,2929
361,0.7559166666666667,0.18688349608861043,3.6667858649425904,2930
2792,0.7558333333333334,0.1868801566996548,3.6667203437784686,2931
11780,0.75575,0.1868712852917589,3.6665462805050213,2932
5612,0.7556666666666667,0.18687097276000605,3.6665401484118263,2933
4554,0.7555833333333334,0.18686630628132953,3.6664485888124076,2934
6811,0.7555,0.18686416273434195,3.666406530910203,2935
107,0.7554166666666666,0.186863559696166,3.666394698876328,2936
5316,0.7553333333333333,0.18686048735422436,3.6663344173627843,2937
11271,0.75525,0.1868596243718265,3.6663174850400644,2938
3626,0.7551666666666667,0.18685476576954985,3.6662221558402015,2939
134,0.7550833333333333,0.1868544964123863,3.6662168708628853,2940
9693,0.755,0.1868542989447907,3.6662129964095165,2941
8985,0.7549166666666667,0.18685234608039197,3.6661746798341124,2942
10409,0.7548333333333334,0.18684657572816094,3.6660614614577307,2943
9407,0.75475,0.1868376312109911,3.6658859637288446,2944
7378,0.7546666666666667,0.18683297748884747,3.6657946544215445,2945
8857,0.7545833333333334,0.18683239393308515,3.6657832046463437,2946
11022,0.7545,0.18683212535952126,3.665777935043792,2947
11494,0.7544166666666666,0.18682750077599014,3.665687197456588,2948
10922,0.7543333333333333,0.18682718870504175,3.6656810744047155,2949
564,0.75425,0.18682083285695192,3.6655563681871044,2950
7582,0.7541666666666667,0.18681964314928373,3.66553302528441,2951
87,0.7540833333333333,0.18681958451942768,3.665531874925329,2952
10411,0.754,0.1868183729986216,3.665508104033509,2953
5022,0.7539166666666667,0.18681589811591742,3.6654595450911343,2954
3619,0.7538333333333334,0.18681318040463765,3.665406221681023,2955
10332,0.75375,0.18681089547723526,3.6653613897955077,2956
9668,0.7536666666666667,0.18680855092038282,3.6653153879381897,2957
5920,0.7535833333333334,0.18680646652965383,3.6652744907234585,2958
4895,0.7535,0.18680552302026185,3.6652559784044243,2959
10726,0.7534166666666666,0.18680348602147706,3.665216011053065,2960
1180,0.7533333333333333,0.18680179311443618,3.6651827950242044,2961
6038,0.75325,0.18680054777574084,3.6651583606015334,2962
11876,0.7531666666666667,0.18679946653413243,3.6651371458793776,2963
1033,0.7530833333333333,0.18679733906264023,3.6650954033897616,2964
8938,0.753,0.18679267491806667,3.6650038895870267,2965
5353,0.7529166666666667,0.18678794040775723,3.664910995158989,2966
6179,0.7528333333333334,0.1867842387421061,3.664838365870864,2967
7898,0.75275,0.18678415889072583,3.6648367991304855,2968
6463,0.7526666666666667,0.18678062613939256,3.664767484060281,2969
8632,0.7525833333333334,0.18677764775994268,3.6647090461570277,2970
1535,0.7525,0.18677226967632943,3.664603524367358,2971
2921,0.7524166666666666,0.18677177017690338,3.6645937238366493,2972
9390,0.7523333333333333,0.1867707486377332,3.6645736805183766,2973
3679,0.75225,0.18676712034669937,3.6645024908919366,2974
3498,0.7521666666666667,0.18676630245714182,3.66448644332256,2975
3649,0.7520833333333333,0.1867650435243363,3.6644617421738985,2976
6783,0.752,0.18676201089238254,3.6644022397982647,2977
8668,0.7519166666666667,0.18675843003366419,3.6643319808272787,2978
3818,0.7518333333333334,0.18675786239386497,3.664320843334478,2979
10440,0.75175,0.18675679777490806,3.6642999547604616,2980
4427,0.7516666666666667,0.18675296712918232,3.6642247947923803,2981
9799,0.7515833333333334,0.1867521048981383,3.6642078772117985,2982
574,0.7515,0.18674897012185526,3.6641463706924666,2983
8806,0.7514166666666666,0.18674304247202198,3.664030066026319,2984
5795,0.7513333333333333,0.18673938063747797,3.663958218252553,2985
3033,0.75125,0.18673929159572647,3.6639564711907013,2986
10277,0.7511666666666666,0.18673617463175604,3.6638953141614516,2987
3489,0.7510833333333333,0.18673593371306593,3.663890587167045,2988
8113,0.751,0.18672669795054958,3.6637093749992315,2989
4575,0.7509166666666667,0.18672380791514467,3.6636526704683794,2990
7417,0.7508333333333334,0.1867219644054997,3.663616499510275,2991
6636,0.75075,0.18671806255892742,3.6635399425314397,2992
9621,0.7506666666666667,0.18671564103462454,3.66349243051845,2993
5085,0.7505833333333334,0.1867129124887612,3.6634388945262124,2994
11341,0.7505,0.18671178592739876,3.663416790598517,2995
7240,0.7504166666666666,0.18671113404177167,3.6634040001432346,2996
6557,0.7503333333333333,0.18670871852559548,3.663356606013945,2997
10540,0.75025,0.18670771434377553,3.6633369032591494,2998
938,0.7501666666666666,0.18670402900678112,3.663264594350756,2999
10898,0.7500833333333333,0.186703943827225,3.663262923067835,3000
4327,0.75,0.1867026706985258,3.663237943385772,3001
3598,0.7499166666666667,0.18670263687920924,3.6632372798269346,3002
5771,0.7498333333333334,0.18670138556622418,3.663212728184538,3003
2991,0.74975,0.1867010962833316,3.6632070522503835,3004
8831,0.7496666666666667,0.1866995976581884,3.663177648169163,3005
4248,0.7495833333333334,0.1866992429290875,3.663170688134316,3006
8789,0.7495,0.1866984923745162,3.663155961724777,3007
10032,0.7494166666666666,0.18669795420183766,3.663145402397638,3008
10394,0.7493333333333333,0.18669206501130078,3.663029852330009,3009
2800,0.74925,0.18669158014780632,3.663020338966632,3010
163,0.7491666666666666,0.1866890861696013,3.6629714053570845,3011
7668,0.7490833333333333,0.18668735848281684,3.662937506925074,3012
11159,0.749,0.18668431526358786,3.662877796819666,3013
4226,0.7489166666666667,0.1866840154776636,3.6628719148086217,3014
11974,0.7488333333333334,0.18668141815930245,3.662820953592381,3015
7519,0.74875,0.18667389058793055,3.6626732573384446,3016
11535,0.7486666666666667,0.18667207952613984,3.662637723030057,3017
10322,0.7485833333333334,0.18667055014798115,3.6626077155530155,3018
11,0.7485,0.18666770229196453,3.6625518386115177,3019
466,0.7484166666666666,0.18666240359694933,3.6624478744820355,3020
2925,0.7483333333333333,0.18666210940088424,3.6624421021479527,3021
424,0.74825,0.18666025923038668,3.6624058004992346,3022
3375,0.7481666666666666,0.18665745018297444,3.662350685009854,3023
2325,0.7480833333333333,0.18665591267849066,3.662320518088574,3024
7677,0.748,0.18665504204766925,3.662303435698435,3025
4369,0.7479166666666667,0.1866525296384713,3.662254140459858,3026
8779,0.7478333333333333,0.1866523069041673,3.6622497702558396,3027
1107,0.74775,0.1866502428694707,3.662209272440877,3028
5112,0.7476666666666667,0.18664728820025184,3.6621512997490173,3029
9991,0.7475833333333334,0.18663791589204193,3.661967408458529,3030
9951,0.7475,0.1866361997220294,3.6619337359937463,3031
11711,0.7474166666666666,0.18663320308477196,3.6618749398593993,3032
11862,0.7473333333333333,0.18663140373112314,3.66183963527305,3033
11385,0.74725,0.18662993291809554,3.6618107768851846,3034
8422,0.7471666666666666,0.18662923155339076,3.6617970156155186,3035
8057,0.7470833333333333,0.1866280841909277,3.6617745035556055,3036
2471,0.747,0.18662611289851758,3.6617358254096164,3037
11737,0.7469166666666667,0.18662247425095663,3.6616644325807632,3038
3052,0.7468333333333333,0.18662235535231306,3.66166209970563,3039
10856,0.74675,0.18661102754260567,3.6614398400979864,3040
7157,0.7466666666666667,0.18660960418545283,3.661411912827792,3041
5556,0.7465833333333334,0.18660875514029518,3.6613952539636,3042
11574,0.7465,0.18660757734288747,3.661372144748613,3043
10209,0.7464166666666666,0.186606903378674,3.6613589210959288,3044
11504,0.7463333333333333,0.1866067006882459,3.6613549441668907,3045
4469,0.74625,0.18660096964067094,3.661242496975583,3046
964,0.7461666666666666,0.18660007642654386,3.6612249714851037,3047
5487,0.7460833333333333,0.18659476284309484,3.661120715234035,3048
1828,0.746,0.18658943413588894,3.661016162244234,3049
6223,0.7459166666666667,0.1865865923881897,3.660960405152176,3050
8852,0.7458333333333333,0.18658595114448942,3.6609478234989634,3051
11724,0.74575,0.1865802936353519,3.6608368191836114,3052
7279,0.7456666666666667,0.1865791249700365,3.6608138891467457,3053
3640,0.7455833333333334,0.18657439103977225,3.6607210060996183,3054
10810,0.7455,0.18657310041699984,3.660695683171432,3055
10646,0.7454166666666666,0.18657283553542015,3.660690486008222,3056
5582,0.7453333333333333,0.1865695313182095,3.6606256549385474,3057
8607,0.74525,0.18656908903258607,3.6606169769829835,3058
9374,0.7451666666666666,0.18656872030478308,3.6606097422836656,3059
4119,0.7450833333333333,0.18656862067151866,3.6606077874088445,3060
8986,0.745,0.1865635576562712,3.6605084474824565,3061
7578,0.7449166666666667,0.18656290309572368,3.6604956045433408,3062
10737,0.7448333333333333,0.1865628259440662,3.6604940907734687,3063
3413,0.74475,0.18656127787382853,3.6604637165446734,3064
7053,0.7446666666666667,0.18655995109110035,3.6604376841327353,3065
3395,0.7445833333333334,0.18655993085914774,3.6604372871675688,3066
9667,0.7445,0.18655869812132433,3.6604130999829643,3067
5068,0.7444166666666666,0.18655035699837275,3.6602494412737627,3068
11044,0.7443333333333333,0.18654982955366803,3.66023909243705,3069
8272,0.74425,0.1865451337158771,3.6601469567910376,3070
5443,0.7441666666666666,0.18654504980368686,3.6601453103747534,3071
4558,0.7440833333333333,0.18654251085234358,3.6600954943605752,3072
11335,0.744,0.18653834668932628,3.6600137905482066,3073
3492,0.7439166666666667,0.1865375674129435,3.659998500596549,3074
11615,0.7438333333333333,0.18653645979481248,3.6599767683484137,3075
8133,0.74375,0.18653114408034427,3.6598724702852916,3076
5075,0.7436666666666667,0.1865301652026691,3.6598532640155925,3077
6412,0.7435833333333334,0.18652932975832276,3.6598368720089027,3078
4066,0.7435,0.18651930238520434,3.6596401278833737,3079
2781,0.7434166666666666,0.18651168662226086,3.659490701248634,3080
1689,0.7433333333333333,0.18650863751915905,3.659430875697473,3081
6832,0.74325,0.18650805811780116,3.659419507434639,3082
8950,0.7431666666666666,0.18650669696148645,3.6593928005886847,3083
11322,0.7430833333333333,0.18650563034859652,3.65937187289229,3084
2922,0.743,0.18650232538161482,3.659307027111545,3085
10160,0.7429166666666667,0.1865019906014844,3.6593004584895086,3086
7994,0.7428333333333333,0.1864938183933411,3.659140114007866,3087
2746,0.74275,0.18649335862659006,3.6591310930603225,3088
11879,0.7426666666666667,0.18649280263278079,3.659120184069992,3089
8579,0.7425833333333334,0.18649248347217506,3.6591139219140763,3090
11605,0.7425,0.1864908990218887,3.659082833883097,3091
2933,0.7424166666666666,0.1864886722063392,3.6590391421930786,3092
5871,0.7423333333333333,0.1864785826432128,3.6588411778557948,3093
7179,0.74225,0.1864754666663612,3.6587800401945536,3094
1900,0.7421666666666666,0.1864732123415817,3.6587358087540736,3095
6341,0.7420833333333333,0.1864676237580275,3.6586261568071983,3096
6728,0.742,0.18646654149939604,3.65860492213032,3097
10841,0.7419166666666667,0.18646191647400814,3.6585141758735578,3098
11150,0.7418333333333333,0.18645612986769064,3.658400638580571,3099
7936,0.74175,0.18645529357012522,3.658384229833108,3100
3891,0.7416666666666667,0.18645463326993778,3.6583712742782124,3101
3248,0.7415833333333334,0.18645379826315206,3.658354890856775,3102
10660,0.7415,0.18645211261871175,3.6583218173252092,3103
567,0.7414166666666666,0.18644528571011376,3.658187868568513,3104
9745,0.7413333333333333,0.18644222324763915,3.658127780897051,3105
1335,0.74125,0.1864405255156263,3.658094470198832,3106
4411,0.7411666666666666,0.18643727663727103,3.658030724916408,3107
473,0.7410833333333333,0.18643325169635752,3.657951752739871,3108
8746,0.741,0.18642351142182265,3.6577606416908237,3109
10276,0.7409166666666667,0.1864204669486835,3.6577009069827833,3110
5496,0.7408333333333333,0.18641681861173562,3.6576293240413813,3111
2626,0.74075,0.18641442636809577,3.657582386535675,3112
4765,0.7406666666666667,0.18641219717436136,3.6575386481839987,3113
10018,0.7405833333333334,0.1864119324605913,3.6575334543133176,3114
11522,0.7405,0.18641160013436092,3.6575269338385255,3115
482,0.7404166666666666,0.18640779332070853,3.6574522414725497,3116
6443,0.7403333333333333,0.18640620529590482,3.657421083306997,3117
1175,0.74025,0.18640511889100814,3.6573997672775134,3118
2895,0.7401666666666666,0.18639810997708825,3.657262247448169,3119
5090,0.7400833333333333,0.18639752837503903,3.6572508360061624,3120
10043,0.74,0.1863973130139792,3.6572466104704278,3121
11955,0.7399166666666667,0.18639663753838448,3.6572333571633173,3122
556,0.7398333333333333,0.18639618335732763,3.6572244458110346,3123
8001,0.73975,0.18639333396701535,3.65716853876551,3124
10452,0.7396666666666667,0.18639274750763019,3.6571570320191658,3125
805,0.7395833333333334,0.18639164762562666,3.657135451559336,3126
3142,0.7395,0.1863910039360215,3.6571228219157366,3127
1426,0.7394166666666667,0.18639085927419818,3.6571199835488652,3128
761,0.7393333333333333,0.18638901206411676,3.657083739985586,3129
8769,0.73925,0.1863816949655853,3.6569401733570075,3130
2768,0.7391666666666666,0.18638047990048043,3.656916332923551,3131
9767,0.7390833333333333,0.18637653421610417,3.6568389158160874,3132
1833,0.739,0.1863758480289525,3.6568254523407333,3133
1768,0.7389166666666667,0.18637198729807686,3.6567497020807984,3134
3849,0.7388333333333333,0.18636871602894137,3.6566855174755712,3135
10483,0.73875,0.1863622045826244,3.6565577583110587,3136
9475,0.7386666666666667,0.18635411577938363,3.6563990502923875,3137
3933,0.7385833333333334,0.18635333689027203,3.65638376793924,3138
8873,0.7385,0.18635070515845278,3.656332131506688,3139
6297,0.7384166666666667,0.18634587857950294,3.6562374306270886,3140
11730,0.7383333333333333,0.18634464918590576,3.656213309058482,3141
1843,0.73825,0.18634370885727927,3.656194859148334,3142
4291,0.7381666666666666,0.18634326386223257,3.6561861280319805,3143
1337,0.7380833333333333,0.186343129380066,3.6561834893971437,3144
4497,0.738,0.18634141606706398,3.656149872988891,3145
7230,0.7379166666666667,0.18633981044289025,3.6561183695113675,3146
10034,0.7378333333333333,0.18633743918047055,3.6560718436719455,3147
11452,0.73775,0.18633497498778792,3.6560234944753542,3148
7153,0.7376666666666667,0.18633437529354646,3.6560117280517916,3149
10967,0.7375833333333334,0.18633070593950843,3.655939732740257,3150
4760,0.7375,0.18633015430860836,3.655928909353359,3151
3260,0.7374166666666667,0.1863299742584576,3.6559253766425206,3152
157,0.7373333333333333,0.18632612619220054,3.6558498748713664,3153
9660,0.73725,0.18632090323585374,3.6557473967879046,3154
5182,0.7371666666666666,0.18631532044913263,3.6556378585790137,3155
9022,0.7370833333333333,0.18631136118724945,3.655560175071316,3156
9250,0.737,0.1863112318421712,3.655557637229724,3157
3084,0.7369166666666667,0.18631044139282557,3.655542128056654,3158
5678,0.7368333333333333,0.18630933405012287,3.655520401212633,3159
2894,0.73675,0.18630883572121723,3.655510623648391,3160
7688,0.7366666666666667,0.18630606293397609,3.6554562196090847,3161
11224,0.7365833333333334,0.18630538400793803,3.65544289860188,3162
2110,0.7365,0.1863030048620889,3.6553962180840616,3163
4539,0.7364166666666667,0.186301435697644,3.655365429972094,3164
219,0.7363333333333333,0.18628889825548886,3.655119436523549,3165
11439,0.73625,0.18628705096312803,3.6550831913458737,3166
7054,0.7361666666666666,0.18628690123654434,3.6550802536048206,3167
9459,0.7360833333333333,0.1862862363362708,3.655067207792981,3168
2530,0.736,0.18628575479902662,3.6550577596930074,3169
952,0.7359166666666667,0.18628396931577637,3.655022727253634,3170
9336,0.7358333333333333,0.18628074239707298,3.6549594128350638,3171
10101,0.73575,0.18627701133572325,3.6548862067826127,3172
7768,0.7356666666666667,0.18627363774597,3.654820014574745,3173
10601,0.7355833333333334,0.18627275099903526,3.6548026159751412,3174
6887,0.7355,0.18626875349101804,3.654724182051326,3175
6031,0.7354166666666667,0.1862669745863886,3.654689278689146,3176
11167,0.7353333333333333,0.18626675835073683,3.6546850359932606,3177
7544,0.73525,0.1862665355218581,3.6546806639337,3178
3290,0.7351666666666666,0.1862658967963124,3.6546681316885126,3179
2533,0.7350833333333333,0.18626552337749527,3.6546608049482128,3180
9869,0.735,0.1862632524089675,3.6546162469456256,3181
6331,0.7349166666666667,0.18626035419771525,3.654559381998853,3182
4042,0.7348333333333333,0.18625829279873138,3.6545189358983983,3183
2041,0.73475,0.18625667301652973,3.6544871546303623,3184
2673,0.7346666666666667,0.18625449932848778,3.6544445053394874,3185
5371,0.7345833333333334,0.18625358230989175,3.6544265127885502,3186
8637,0.7345,0.1862528755917409,3.6544126464804734,3187
80,0.7344166666666667,0.18624676221066533,3.654292697636505,3188
8744,0.7343333333333333,0.18624422442284386,3.6542429044514027,3189
180,0.73425,0.1862436302810659,3.6542312469711185,3190
8154,0.7341666666666666,0.1862427722631637,3.6542144120553406,3191
823,0.7340833333333333,0.18624009703819272,3.6541619222565696,3192
5609,0.734,0.18623956161181401,3.654151416813759,3193
8869,0.7339166666666667,0.1862389113753335,3.654138658715855,3194
7436,0.7338333333333333,0.18623588103208893,3.654079201246306,3195
2825,0.73375,0.18623368571512505,3.6540361275807562,3196
1567,0.7336666666666667,0.18622976654120235,3.653959230627101,3197
6024,0.7335833333333334,0.1862289035776005,3.6539422986731935,3198
9718,0.7335,0.18622871975893132,3.653938692021387,3199
8421,0.7334166666666667,0.1862268064193828,3.6539011509513566,3200
10365,0.7333333333333333,0.18622520281345778,3.653869687073273,3201
6608,0.73325,0.18622217112154826,3.653810203141978,3202
4044,0.7331666666666666,0.18621673498040844,3.6537035422227087,3203
3508,0.7330833333333333,0.1862140892575447,3.65365163127606,3204
2048,0.733,0.186214048721745,3.6536508359350925,3205
7385,0.7329166666666667,0.1862136212074827,3.6536424478040677,3206
437,0.7328333333333333,0.1862133269371918,3.6536366740136224,3207
10872,0.73275,0.18621157733282218,3.653602345543155,3208
2216,0.7326666666666667,0.18620773434584317,3.6535269434309914,3209
3696,0.7325833333333334,0.18620762820706027,3.65352486091328,3210
9208,0.7325,0.18620563685343153,3.653485789152046,3211
4946,0.7324166666666667,0.18620554863142338,3.653484058174098,3212
5677,0.7323333333333333,0.18620176838397046,3.6534098870556635,3213
9033,0.73225,0.18620159215282547,3.65340642927643,3214
1605,0.7321666666666666,0.18620154402411077,3.6534054849571405,3215
2487,0.7320833333333333,0.18619746706893073,3.6533254922240053,3216
7105,0.732,0.18619576600951857,3.6532921162398315,3217
6651,0.7319166666666667,0.1861859370885139,3.6530992658845927,3218
1884,0.7318333333333333,0.1861857977226,3.6530965314271855,3219
1513,0.73175,0.18618150322206123,3.653012270300847,3220
6293,0.7316666666666667,0.18618067941445432,3.6529961066151753,3221
8229,0.7315833333333334,0.1861768139557646,3.652920263592213,3222
8988,0.7315,0.186174124869995,3.6528675018347654,3223
1505,0.7314166666666667,0.1861738650772525,3.6528624045181193,3224
4908,0.7313333333333333,0.18617189891917313,3.652823827111348,3225
2698,0.73125,0.18616981198967378,3.6527828800841693,3226
10352,0.7311666666666666,0.1861692584876634,3.6527720199847344,3227
3241,0.7310833333333333,0.18616545875280963,3.652697466509766,3228
4687,0.731,0.18616150061700323,3.652619805096479,3229
9820,0.7309166666666667,0.1861561911068256,3.6525156287658547,3230
1139,0.7308333333333333,0.18615221485332442,3.652437611870665,3231
9892,0.73075,0.18615047748002844,3.6524035233824836,3232
2309,0.7306666666666667,0.1861498813255313,3.6523918264112156,3233
11873,0.7305833333333334,0.18614957227687762,3.6523857626588887,3234
3031,0.7305,0.1861471754026008,3.6523387342968228,3235
4885,0.7304166666666667,0.18614564013535997,3.6523086112718905,3236
11344,0.7303333333333333,0.18614522734296335,3.652300511994204,3237
10606,0.73025,0.18614438943563671,3.6522840716620824,3238
8751,0.7301666666666666,0.1861425831358971,3.6522486307885647,3239
9213,0.7300833333333333,0.18614097441795222,3.652217066609011,3240
630,0.73,0.18614040116087388,3.652205818901246,3241
10067,0.7299166666666667,0.1861381284743348,3.6521612271901045,3242
4681,0.7298333333333333,0.18612691916677365,3.6519412926780443,3243
685,0.72975,0.18612198674040153,3.6518445149974363,3244
1459,0.7296666666666667,0.18612047227850326,3.6518148001879496,3245
3525,0.7295833333333334,0.1861200893568459,3.6518072869952283,3246
1250,0.7295,0.18611737116336183,3.651753954123974,3247
3504,0.7294166666666667,0.18611537601859404,3.651714807977852,3248
5987,0.7293333333333333,0.1861152816299465,3.651712956006122,3249
11755,0.72925,0.18610650301238815,3.6515407133444704,3250
3735,0.7291666666666666,0.18610633901471263,3.651537495594537,3251
9931,0.7290833333333333,0.1861037413023601,3.6514865266479353,3252
7889,0.729,0.18610350059796796,3.6514818038581662,3253
3701,0.7289166666666667,0.18610222349342367,3.651456746167203,3254
4696,0.7288333333333333,0.18610164406761745,3.6514453774246434,3255
5887,0.72875,0.18610058548076996,3.65142460720487,3256
8369,0.7286666666666667,0.18609924239794393,3.651398254973513,3257
3300,0.7285833333333334,0.18609897550240428,3.6513930182949688,3258
9291,0.7285,0.18609328326239044,3.6512813325353504,3259
1879,0.7284166666666667,0.18609276566168628,3.6512711768448636,3260
5025,0.7283333333333334,0.18609257789672354,3.6512674927639983,3261
969,0.72825,0.18609106310213902,3.6512377714270032,3262
9036,0.7281666666666666,0.18609030421941675,3.651222881613256,3263
10436,0.7280833333333333,0.18608899062990295,3.6511971080615,3264
3952,0.728,0.1860888503348522,3.651194355373784,3265
8513,0.7279166666666667,0.18608857075179058,3.651188869757119,3266
6569,0.7278333333333333,0.18608725377242735,3.6511630296941124,3267
10033,0.72775,0.18608656012001634,3.651149419745071,3268
8537,0.7276666666666667,0.18608459069690203,3.6511107782759833,3269
10645,0.7275833333333334,0.1860784167888876,3.6509896418508143,3270
8021,0.7275,0.18607790151831963,3.650979531879223,3271
2436,0.7274166666666667,0.18607351260984734,3.650893418402741,3272
2122,0.7273333333333334,0.18607192085350469,3.650862187021814,3273
6745,0.72725,0.18607121658205555,3.650848368719762,3274
2702,0.7271666666666666,0.18607091547642082,3.6508424608150927,3275
6089,0.7270833333333333,0.18606712347268495,3.6507680590300495,3276
6802,0.727,0.18606150038224598,3.650657730033786,3277
667,0.7269166666666667,0.18606140251130668,3.6506558097370334,3278
773,0.7268333333333333,0.18605971022023568,3.650622605793905,3279
11608,0.72675,0.18605851344461335,3.650599124212941,3280
11995,0.7266666666666667,0.18605819852272248,3.6505929452235506,3281
3990,0.7265833333333334,0.186055307898336,3.6505362291364607,3282
11157,0.7265,0.18605122395990628,3.650456099387066,3283
9740,0.7264166666666667,0.1860506491832582,3.6504448218642525,3284
11837,0.7263333333333334,0.18604804908178726,3.650393806041456,3285
9065,0.72625,0.18604390854960545,3.650312565882767,3286
10913,0.7261666666666666,0.18604208107244463,3.6502767094933137,3287
10028,0.7260833333333333,0.18604179543666363,3.65027110511802,3288
5953,0.726,0.18604134546025036,3.6502622762637698,3289
11265,0.7259166666666667,0.18603842194193393,3.650204914774607,3290
5881,0.7258333333333333,0.186035387206503,3.65014537112725,3291
4627,0.72575,0.18603229754925707,3.6500847498752607,3292
8408,0.7256666666666667,0.18603027212003087,3.650045009526785,3293
10836,0.7255833333333334,0.1860297182747618,3.6500341426923697,3294
11239,0.7255,0.18602770189743056,3.64999457994844,3295
4632,0.7254166666666667,0.18602555669803056,3.6499524896248334,3296
11864,0.7253333333333334,0.1860250643260796,3.6499428289402163,3297
11443,0.72525,0.18602271132652426,3.6498966614310975,3298
7238,0.7251666666666666,0.18602254988830583,3.6498934938995413,3299
10848,0.7250833333333333,0.18602248060304016,3.649892134473789,3300
3559,0.725,0.18601628189529232,3.6497705114603987,3301
4076,0.7249166666666667,0.18601430408355876,3.6497317054006686,3302
8930,0.7248333333333333,0.1860136555498939,3.6497189807132244,3303
380,0.72475,0.18601215956515368,3.649689628438616,3304
116,0.7246666666666667,0.18601210001546897,3.649688460031837,3305
8105,0.7245833333333334,0.18600759539207087,3.649600076146972,3306
11492,0.7245,0.18600615677141555,3.649571849396093,3307
11205,0.7244166666666667,0.18600519278689814,3.6495529353406644,3308
5237,0.7243333333333334,0.18600378347257351,3.6495252836006564,3309
1684,0.72425,0.1860027547756449,3.6495050998421474,3310
1577,0.7241666666666666,0.18599764847500957,3.649404910625969,3311
10531,0.7240833333333333,0.18599747097543748,3.6494014279593054,3312
11925,0.724,0.18599663471484412,3.649385019937239,3313
8866,0.7239166666666667,0.1859958472554691,3.649369569429499,3314
4416,0.7238333333333333,0.18599494373503772,3.649351841722047,3315
1276,0.72375,0.1859927108350679,3.6493080306514276,3316
11770,0.7236666666666667,0.18599172148927154,3.6492886189897877,3317
11049,0.7235833333333334,0.18599121253667486,3.6492786329813116,3318
5787,0.7235,0.18599075221452915,3.6492696011364814,3319
7732,0.7234166666666667,0.18599055997107874,3.649265829184534,3320
10061,0.7233333333333334,0.18598884496102044,3.649232179478843,3321
5331,0.72325,0.1859881601705621,3.649218743407583,3322
1542,0.7231666666666666,0.18598718455410337,3.6491996011252574,3323
1041,0.7230833333333333,0.18598498318439946,3.6491564087006694,3324
4433,0.723,0.18598122558375296,3.649082681928519,3325
9364,0.7229166666666667,0.18598041884641814,3.6490668531735766,3326
3113,0.7228333333333333,0.18598018290005006,3.649062223739598,3327
5917,0.72275,0.18597958641501275,3.649050520282949,3328
10501,0.7226666666666667,0.1859791555775473,3.649042066948274,3329
11135,0.7225833333333334,0.1859729008628216,3.648919345038495,3330
10346,0.7225,0.18597165368075905,3.648894874447727,3331
3322,0.7224166666666667,0.18597130547466403,3.648888042398853,3332
1361,0.7223333333333334,0.1859704163803322,3.6488705977415954,3333
2856,0.72225,0.18596621685433418,3.6487882000827323,3334
4353,0.7221666666666666,0.1859628269695543,3.648721688154887,3335
4600,0.7220833333333333,0.1859534949299733,3.648538586963311,3336
2148,0.722,0.18594827961445104,3.6484362587982035,3337
3590,0.7219166666666667,0.1859470265273348,3.6484116723460884,3338
2528,0.7218333333333333,0.1859452972643391,3.6483777429877504,3339
7779,0.72175,0.18594084926761945,3.648290470158198,3340
11870,0.7216666666666667,0.18594028695775294,3.648279437242449,3341
5485,0.7215833333333334,0.18593802687018737,3.6482350927320333,3342
3533,0.7215,0.1859366123878019,3.6482073395910364,3343
1681,0.7214166666666667,0.18592974364944573,3.6480725701049863,3344
227,0.7213333333333334,0.18592596804296896,3.6479984900457776,3345
1912,0.72125,0.18592004499521134,3.647882275675589,3346
3953,0.7211666666666666,0.18591992212952374,3.647879864964202,3347
8855,0.7210833333333333,0.18591763565895464,3.647835002800666,3348
6530,0.721,0.1859086527481841,3.647658751762301,3349
10340,0.7209166666666667,0.1859075177805535,3.6476364828977204,3350
10879,0.7208333333333333,0.18590596433065085,3.647606003116138,3351
5219,0.72075,0.185901196682597,3.647512458502204,3352
4009,0.7206666666666667,0.18589575533355152,3.647405695400173,3353
10273,0.7205833333333334,0.18588931031454856,3.6472792395863762,3354
7963,0.7205,0.18588855114570618,3.647264344158801,3355
3178,0.7204166666666667,0.18588297513503346,3.6471549389007425,3356
2382,0.7203333333333334,0.18587279375034624,3.646955172959723,3357
8077,0.72025,0.18587077909426059,3.646915643987845,3358
10274,0.7201666666666666,0.1858705720181208,3.646911581008098,3359
1465,0.7200833333333333,0.1858700361291189,3.6469010664883035,3360
2799,0.72,0.18586899433640766,3.646880625781309,3361
151,0.7199166666666666,0.18586846654524014,3.6468702701467395,3362
1722,0.7198333333333333,0.18586546471913373,3.6468113722035413,3363
7359,0.71975,0.1858639132217618,3.646780930731974,3364
9220,0.7196666666666667,0.18586389884799595,3.646780648708571,3365
11718,0.7195833333333334,0.18586242760326366,3.646751781850325,3366
1727,0.7195,0.18585920953581195,3.6466886410996002,3367
1653,0.7194166666666667,0.185858520056753,3.646675113034659,3368
10381,0.7193333333333334,0.18585151509966188,3.6465376708410826,3369
9540,0.71925,0.1858455762913387,3.646421147237513,3370
139,0.7191666666666666,0.18584185497606798,3.646348132409993,3371
9950,0.7190833333333333,0.18584136318750238,3.64633848317182,3372
11904,0.719,0.18583310365225572,3.646176425270885,3373
2827,0.7189166666666666,0.1858289573894026,3.6460950726724137,3374
10696,0.7188333333333333,0.18582488621896526,3.6460151934399994,3375
3822,0.71875,0.1858243425135463,3.646004525556628,3376
7642,0.7186666666666667,0.18582017157939337,3.645922688889865,3377
515,0.7185833333333334,0.1858195529010251,3.645910549984401,3378
132,0.7185,0.18581741985148564,3.6458686980495454,3379
10078,0.7184166666666667,0.1858170216068677,3.6458608842095073,3380
5882,0.7183333333333334,0.18581484159974967,3.6458181109339174,3381
4266,0.71825,0.18581296537904832,3.6457812981618565,3382
11466,0.7181666666666666,0.18581072164803858,3.6457372745785657,3383
5875,0.7180833333333333,0.18580986364344462,3.645720439923929,3384
6814,0.718,0.18580976452140788,3.645718495079742,3385
10482,0.7179166666666666,0.18580065802322038,3.6455398191691044,3386
331,0.7178333333333333,0.18579970836165252,3.645521186140101,3387
6148,0.71775,0.18579479791151796,3.645424839648686,3388
10102,0.7176666666666667,0.1857939925104304,3.6454090371119197,3389
6855,0.7175833333333334,0.18579375950905216,3.6454044654607367,3390
1471,0.7175,0.1857914950142001,3.6453600344762833,3391
4842,0.7174166666666667,0.18579113456997176,3.645352962306563,3392
829,0.7173333333333334,0.18578952367500773,3.6453213554123662,3393
8313,0.71725,0.18578726804267098,3.6452770983166403,3394
3930,0.7171666666666666,0.1857848953787935,3.6452305449796896,3395
11653,0.7170833333333333,0.18578340489384132,3.645201300614765,3396
4456,0.717,0.18578041358395575,3.6451426090072676,3397
5806,0.7169166666666666,0.18577924086935382,3.6451195995205055,3398
4718,0.7168333333333333,0.18577646385073052,3.645065112458523,3399
1198,0.71675,0.18577177990335234,3.644973210110832,3400
5420,0.7166666666666667,0.18576675122493524,3.6448745438972665,3401
4380,0.7165833333333333,0.18576617880984472,3.644863312709858,3402
10868,0.7165,0.18576617880619112,3.644863312638164,3403
7644,0.7164166666666667,0.1857626216596546,3.644793518916897,3404
10220,0.7163333333333334,0.1857620788485151,3.644782868579872,3405
9893,0.71625,0.18576200665851914,3.6447814521612782,3406
1982,0.7161666666666666,0.1857567804644928,3.644678910552291,3407
8639,0.7160833333333333,0.18575045351515315,3.6445547713485045,3408
11703,0.716,0.18574765305564017,3.644499824359751,3409
7123,0.7159166666666666,0.1857473882820234,3.6444946293148632,3410
8066,0.7158333333333333,0.18574723249463895,3.6444915726566087,3411
4801,0.71575,0.18574684416006507,3.6444839532586464,3412
5133,0.7156666666666667,0.18574564136369556,3.6444603535464353,3413
7634,0.7155833333333333,0.1857437725944795,3.644423686977759,3414
9340,0.7155,0.18574359922897288,3.6444202854243644,3415
689,0.7154166666666667,0.18573089791834346,3.6441710767609266,3416
9183,0.7153333333333334,0.1857296724872425,3.644147032939302,3417
8896,0.71525,0.18572927222177335,3.6441391794487954,3418
3580,0.7151666666666666,0.1857276829787802,3.644107997381539,3419
7725,0.7150833333333333,0.18572549142729974,3.6440649975973827,3420
3787,0.715,0.18572432523241655,3.644042116032117,3421
971,0.7149166666666666,0.18571839020576347,3.64392566662759,3422
8266,0.7148333333333333,0.18571770166291593,3.6439121569317825,3423
11776,0.71475,0.18571530445740472,3.643865122070638,3424
5141,0.7146666666666667,0.18571297959199398,3.6438195065733074,3425
5601,0.7145833333333333,0.1857115336623751,3.643791136415407,3426
366,0.7145,0.18571031991939496,3.6437673219230007,3427
1427,0.7144166666666667,0.18570872800710514,3.643736087482262,3428
6310,0.7143333333333334,0.18570711676592605,3.64370447379513,3429
4215,0.71425,0.18570604452753572,3.6436834357224273,3430
9622,0.7141666666666666,0.18570493107707325,3.643661589039848,3431
5872,0.7140833333333333,0.18569965490556964,3.643558066837519,3432
10003,0.714,0.1856954180883599,3.6434749374988145,3433
9131,0.7139166666666666,0.18569498444260013,3.6434664290634364,3434
9729,0.7138333333333333,0.18568865814956909,3.643342302736839,3435
5850,0.71375,0.18568851778631568,3.643339548710963,3436
9684,0.7136666666666667,0.18568744359108869,3.6433184722437337,3437
11279,0.7135833333333333,0.18567691014377238,3.6431117985858616,3438
5700,0.7135,0.1856767626578171,3.6431089048075247,3439
4500,0.7134166666666667,0.18567621515300034,3.643098162377319,3440
4839,0.7133333333333334,0.1856726307230267,3.6430278333357444,3441
1287,0.71325,0.18566935557203848,3.642963572565784,3442
4091,0.7131666666666666,0.18566689801248323,3.642915353515784,3443
10629,0.7130833333333333,0.1856615011631932,3.6428094635302903,3444
8520,0.713,0.18565727269404403,3.6427264979863505,3445
11289,0.7129166666666666,0.18564474610615447,3.6424807175061593,3446
2264,0.7128333333333333,0.18564465016237588,3.642478835021623,3447
7693,0.71275,0.18564345670767854,3.642455418599586,3448
247,0.7126666666666667,0.18564145417674513,3.6424161275317744,3449
9379,0.7125833333333333,0.1856411800166859,3.6424107483182073,3450
2604,0.7125,0.18564112603514982,3.642409689162493,3451
10197,0.7124166666666667,0.1856380834341461,3.642349991187049,3452
3472,0.7123333333333334,0.18563578407547765,3.642304876149943,3453
8544,0.71225,0.18563486399615964,3.642286823545467,3454
8673,0.7121666666666666,0.18562838947622134,3.642159788902548,3455
4418,0.7120833333333333,0.18562367883453618,3.642067362793753,3456
9127,0.712,0.1856219168411711,3.642032791242462,3457
2166,0.7119166666666666,0.1856108345943794,3.6418153497522523,3458
2197,0.7118333333333333,0.18560884339865508,3.6417762810892107,3459
10393,0.71175,0.18560683503069253,3.6417368754947264,3460
1018,0.7116666666666667,0.18560447736033997,3.6416906163412994,3461
8010,0.7115833333333333,0.1856028430785471,3.641658550581056,3462
4192,0.7115,0.18560039010248475,3.641610421462439,3463
8356,0.7114166666666667,0.18559781697949967,3.6415599349765166,3464
319,0.7113333333333334,0.1855969652978212,3.6415432243819517,3465
6350,0.71125,0.18559119902609103,3.641430086067861,3466
2101,0.7111666666666666,0.1855903440260105,3.6414133103638786,3467
6910,0.7110833333333333,0.18558803969793708,3.6413680978235368,3468
6570,0.711,0.18558617066169852,3.6413314260157037,3469
4336,0.7109166666666666,0.18558534111705763,3.6413151497653837,3470
7577,0.7108333333333333,0.1855783724784136,3.6411784201652955,3471
6347,0.71075,0.1855749055345085,3.641110396283209,3472
3187,0.7106666666666667,0.1855726055529033,3.6410652690236303,3473
11147,0.7105833333333333,0.1855683570503318,3.640981910409792,3474
5981,0.7105,0.1855669833804449,3.6409549580387877,3475
6518,0.7104166666666667,0.18556591064088643,3.640933910132821,3476
2932,0.7103333333333334,0.18555887496803666,3.640795865274459,3477
4859,0.71025,0.1855578196150909,3.640775158506073,3478
4754,0.7101666666666666,0.18555589138321207,3.6407373252380255,3479
2847,0.7100833333333333,0.18555510751989263,3.6407219452874147,3480
8640,0.71,0.18555395613737036,3.64069935435111,3481
10106,0.7099166666666666,0.18555359310965897,3.640692231491651,3482
1645,0.7098333333333333,0.18555348170169395,3.640690045588893,3483
10188,0.70975,0.1855495070743442,3.6406120605998895,3484
7106,0.7096666666666667,0.18554658156224932,3.6405546599913956,3485
4858,0.7095833333333333,0.18554600797556775,3.6405434058165653,3486
9809,0.7095,0.18554481472080814,3.6405199933174557,3487
817,0.7094166666666667,0.18554149392651983,3.640454836993822,3488
5675,0.7093333333333334,0.18554121197032172,3.6404493048145627,3489
10023,0.70925,0.185539549122881,3.640416678576143,3490
7721,0.7091666666666666,0.18553687682301154,3.640364246169904,3491
6671,0.7090833333333333,0.18553192346741984,3.6402670578431993,3492
3251,0.709,0.18552755350005637,3.640181316004613,3493
7170,0.7089166666666666,0.1855244579747669,3.6401205796174594,3494
6292,0.7088333333333333,0.18552433102311203,3.6401180887365743,3495
10259,0.70875,0.18552180706112997,3.6400685668241373,3496
896,0.7086666666666667,0.18551949999242912,3.6400233005107676,3497
10026,0.7085833333333333,0.18551942097035679,3.6400217500420196,3498
8546,0.7085,0.18551844963274694,3.640002691713736,3499
7154,0.7084166666666667,0.1855156382165362,3.639947529746861,3500
5891,0.7083333333333334,0.18551412514859963,3.63991784228788,3501
4787,0.70825,0.18551362394746443,3.6399080083684865,3502
453,0.7081666666666667,0.18550930481124775,3.6398232638728434,3503
582,0.7080833333333333,0.18550902571819639,3.639817787870509,3504
2941,0.708,0.18550895853008298,3.639816469592393,3505
7923,0.7079166666666666,0.1855078985816283,3.6397956726568754,3506
11827,0.7078333333333333,0.18550775393318905,3.6397928345525763,3507
6859,0.70775,0.18550711405065445,3.6397802796064385,3508
1831,0.7076666666666667,0.18550564138295836,3.639751384828643,3509
5904,0.7075833333333333,0.1854984434888831,3.6396101570754693,3510
3678,0.7075,0.18549690229155996,3.639579917698139,3511
7641,0.7074166666666667,0.1854955417847598,3.6395532235961805,3512
10627,0.7073333333333334,0.18549209541651251,3.639485603422944,3513
11240,0.70725,0.18549163726094722,3.6394766140879407,3514
625,0.7071666666666667,0.18549020627463658,3.639448537128364,3515
2227,0.7070833333333333,0.18548939984348867,3.6394327143810434,3516
11223,0.707,0.18548907155023,3.6394262730359577,3517
2507,0.7069166666666666,0.18548614387589155,3.639368830002706,3518
11278,0.7068333333333333,0.18548340588511758,3.639315108694613,3519
3295,0.70675,0.18548154270365208,3.639278551761552,3520
1148,0.7066666666666667,0.18548097257486998,3.639267365433162,3521
1920,0.7065833333333333,0.1854770447449065,3.6391902986418954,3522
2984,0.7065,0.1854725326598262,3.639101768353525,3523
10907,0.7064166666666667,0.18546661307532702,3.6389856219348893,3524
3060,0.7063333333333334,0.18546497619858227,3.6389535052598996,3525
9031,0.70625,0.1854638165777497,3.6389307526821293,3526
8160,0.7061666666666667,0.18545697297456654,3.638796476365913,3527
3123,0.7060833333333333,0.18545335857164516,3.638725559234005,3528
11587,0.706,0.18544422313052705,3.63854631544272,3529
7691,0.7059166666666666,0.1854437784199303,3.6385375899074983,3530
5480,0.7058333333333333,0.18544168135701045,3.6384964440555017,3531
7790,0.70575,0.18544021293140114,3.6384676325104426,3532
9464,0.7056666666666667,0.18543940652367386,3.6384518102226755,3533
10745,0.7055833333333333,0.18542616464743014,3.638191995280991,3534
1953,0.7055,0.18542443575354578,3.638158073164883,3535
10137,0.7054166666666667,0.18541625250936455,3.637997512148398,3536
10285,0.7053333333333334,0.1854120377880631,3.6379148163468935,3537
11686,0.70525,0.18541193305616369,3.637912761433249,3538
5469,0.7051666666666667,0.18541111015446446,3.637896615522142,3539
2290,0.7050833333333333,0.18540929364314473,3.637860974290228,3540
4020,0.705,0.18540464993461045,3.637769861456941,3541
11002,0.7049166666666666,0.1854004768120687,3.6376879818524266,3542
5915,0.7048333333333333,0.18540013899125748,3.6376813535701054,3543
6482,0.70475,0.18538845348334235,3.637452075671618,3544
6787,0.7046666666666667,0.18538400083741993,3.6373647116214034,3545
3846,0.7045833333333333,0.18538250837225115,3.637335428403306,3546
2873,0.7045,0.18537852799453355,3.637257330588051,3547
8000,0.7044166666666667,0.18537775700881104,3.6372422033049343,3548
6351,0.7043333333333334,0.18537758679893787,3.637238863667286,3549
10766,0.70425,0.18537534871760133,3.637194950934605,3550
9671,0.7041666666666667,0.18537229993267573,3.637135131626297,3551
693,0.7040833333333333,0.18536987199046828,3.637087493689571,3552
5254,0.704,0.18536922906329292,3.6370748790053646,3553
6190,0.7039166666666666,0.18536826924083488,3.6370560466125097,3554
2283,0.7038333333333333,0.18536394732279496,3.6369712475354685,3555
11884,0.70375,0.18536083710777315,3.6369102229254073,3556
11380,0.7036666666666667,0.18535855913444263,3.636865527483663,3557
782,0.7035833333333333,0.18535516396691304,3.6367989119046307,3558
11368,0.7035,0.18535452399461216,3.636786355197146,3559
5340,0.7034166666666667,0.18535278900337943,3.636752313446748,3560
4105,0.7033333333333334,0.18534996496438155,3.636696903811922,3561
4362,0.70325,0.18534900590760583,3.636678086442261,3562
6414,0.7031666666666667,0.18534293317701675,3.6365589351894867,3563
10234,0.7030833333333333,0.18533973004958657,3.636496087572474,3564
5137,0.703,0.18533664420433565,3.636435541114472,3565
2237,0.7029166666666666,0.18533159815002842,3.6363365339736875,3566
4432,0.7028333333333333,0.18533038136655774,3.6363126598246724,3567
5345,0.70275,0.18532225241677994,3.636153164102658,3568
7708,0.7026666666666667,0.18532102574148482,3.6361290958690997,3569
5636,0.7025833333333333,0.18532062691240425,3.6361212705615307,3570
807,0.7025,0.18532008448889184,3.636110627830046,3571
1135,0.7024166666666667,0.1853169123565379,3.6360483883582875,3572
2977,0.7023333333333334,0.1853166316543258,3.6360428807831076,3573
432,0.70225,0.1853120003317417,3.6359520109709367,3574
11804,0.7021666666666667,0.18530946678439733,3.6359023009869835,3575
10093,0.7020833333333333,0.18530653520059065,3.6358447812472274,3576
4384,0.702,0.18530264670757512,3.635768486274583,3577
6484,0.7019166666666666,0.1853010504950993,3.6357371674611434,3578
323,0.7018333333333333,0.18530030298236017,3.6357225007345324,3579
405,0.70175,0.18529581453978516,3.635634434328823,3580
6905,0.7016666666666667,0.18529099834446008,3.6355399371831902,3581
6666,0.7015833333333333,0.18529046785134737,3.635529528534568,3582
9723,0.7015,0.18528194579190463,3.6353623197239404,3583
617,0.7014166666666667,0.18528138884836326,3.635351392099266,3584
283,0.7013333333333334,0.18527986270188332,3.635321448030094,3585
6346,0.70125,0.18527886423853154,3.6353018574756075,3586
10811,0.7011666666666667,0.18527818659325168,3.635288561597764,3587
10710,0.7010833333333333,0.185273300766586,3.6351926982362093,3588
8968,0.701,0.18526879988983153,3.635104387863123,3589
9171,0.7009166666666666,0.18526614536373326,3.6350523041907703,3590
1968,0.7008333333333333,0.18526581331831038,3.635045789225676,3591
4263,0.70075,0.18526403419990806,3.6350108816690696,3592
11791,0.7006666666666667,0.18526301385701396,3.634990861822592,3593
11399,0.7005833333333333,0.18525603114699743,3.6348538561322847,3594
10701,0.7005,0.18525369098480307,3.634807940501217,3595
1463,0.7004166666666667,0.18524929473627794,3.6347216830077684,3596
702,0.7003333333333334,0.1852486996302964,3.6347100066091187,3597
6537,0.70025,0.18524601659408158,3.634657363548194,3598
10526,0.7001666666666667,0.18524535633847142,3.6346444088679055,3599
3542,0.7000833333333333,0.18524110335566416,3.63456096234873,3600
5419,0.7,0.1852385638086877,3.6345111346477674,3601
9467,0.6999166666666666,0.18523705690628306,3.634481568160889,3602
4775,0.6998333333333333,0.18522689033832426,3.634282092934531,3603
1993,0.69975,0.18522513732816892,3.63424769764017,3604
9947,0.6996666666666667,0.18522343806506456,3.634214356900798,3605
10547,0.6995833333333333,0.18521925648106521,3.634132311276524,3606
6954,0.6995,0.1852191962921108,3.6341311303268506,3607
8621,0.6994166666666667,0.18521204058693827,3.633990730349703,3608
2638,0.6993333333333334,0.1852116797471874,3.633983650419582,3609
2234,0.69925,0.18521042834776275,3.6339590970811697,3610
3853,0.6991666666666667,0.18520789537346657,3.6339093983408377,3611
1433,0.6990833333333333,0.1852069939327053,3.633891711437963,3612
5622,0.699,0.18520696026835956,3.6338910509198006,3613
9842,0.6989166666666666,0.18520438265392172,3.6338404763083734,3614
4962,0.6988333333333333,0.18520427012258406,3.633838268364287,3615
9239,0.69875,0.18520411047883287,3.633835136041382,3616
8271,0.6986666666666667,0.18519823852862016,3.6337199242411105,3617
6169,0.6985833333333333,0.18519695342613174,3.633694709624809,3618
8125,0.6985,0.18519388274727386,3.633634460742079,3619
10705,0.6984166666666667,0.1851895490247491,3.6335494300527387,3620
1394,0.6983333333333334,0.1851865987101227,3.6334915428011216,3621
1096,0.69825,0.18518587974186784,3.6334774361373965,3622
10074,0.6981666666666667,0.18518358311626232,3.633432374724901,3623
8909,0.6980833333333333,0.18517756697850024,3.6333143338632183,3624
11690,0.698,0.18517732812277546,3.633309647345607,3625
7030,0.6979166666666666,0.18517566914191616,3.633277096972325,3626
8203,0.6978333333333333,0.185170582113789,3.633177285896295,3627
8803,0.69775,0.1851649377326697,3.633066539161902,3628
4551,0.6976666666666667,0.18516242964890894,3.633017328791416,3629
10201,0.6975833333333333,0.18515589103861257,3.632889036650508,3630
3868,0.6975,0.18515431502590726,3.632858114170859,3631
4430,0.6974166666666667,0.1851504517254167,3.632782313493264,3632
4999,0.6973333333333334,0.18514832315982582,3.6327405495366447,3633
1944,0.69725,0.18514774556869182,3.632729216791682,3634
1391,0.6971666666666667,0.18514453210436843,3.632666166357521,3635
4170,0.6970833333333334,0.18513584957794216,3.632495809071634,3636
7374,0.697,0.18513235023666186,3.6324271495301943,3637
3291,0.6969166666666666,0.18513125985798337,3.6324057555322797,3638
11539,0.6968333333333333,0.18512755617469046,3.6323330866565775,3639
10943,0.69675,0.1851271554130833,3.6323252234314936,3640
5874,0.6966666666666667,0.18512528313710175,3.63228848805759,3641
3474,0.6965833333333333,0.18512474816156754,3.6322779914606844,3642
10760,0.6965,0.1851176005081762,3.632137749465181,3643
7508,0.6964166666666667,0.18511594252346655,3.6321052186370046,3644
7983,0.6963333333333334,0.18511531834281328,3.6320929717728054,3645
5216,0.69625,0.18511308615873476,3.6320491747484667,3646
8232,0.6961666666666667,0.18511084386069782,3.632005179281127,3647
8018,0.6960833333333334,0.18510834178389687,3.631956086771398,3648
3549,0.696,0.1851063753987669,3.631917504909752,3649
9544,0.6959166666666666,0.18510278722516108,3.6318471024154446,3650
11842,0.6958333333333333,0.1850970391642573,3.631734321410643,3651
699,0.69575,0.18509661994276835,3.6317260959897046,3652
1817,0.6956666666666667,0.185096203941187,3.631717933745553,3653
11273,0.6955833333333333,0.1850960083363349,3.631714095840511,3654
7612,0.6955,0.18509490361976533,3.631692420523099,3655
6641,0.6954166666666667,0.18509182230174587,3.631631962892567,3656
8622,0.6953333333333334,0.18508960486920947,3.6315884553038593,3657
3180,0.69525,0.18508866356705686,3.6315699862924236,3658
8469,0.6951666666666667,0.1850879134802597,3.6315552690609714,3659
1192,0.6950833333333334,0.1850859765668838,3.6315172654558996,3660
9348,0.695,0.1850859011489985,3.631515785703786,3661
7234,0.6949166666666666,0.1850844111521064,3.63148655091499,3662
7116,0.6948333333333333,0.18508345692815495,3.63146782836876,3663
7079,0.69475,0.1850820136833911,3.6314395108896154,3664
3532,0.6946666666666667,0.18508155035140128,3.631430419989531,3665
9233,0.6945833333333333,0.1850771543000924,3.631344166365558,3666
10747,0.6945,0.18507212569830161,3.631245501655412,3667
10833,0.6944166666666667,0.18507188792381316,3.6312408363524167,3668
1325,0.6943333333333334,0.18507006432222387,3.6312050560044167,3669
10659,0.69425,0.18506313127855376,3.631069024802825,3670
4607,0.6941666666666667,0.1850612359026486,3.6310318361921414,3671
5117,0.6940833333333334,0.18505908516339964,3.630989637172732,3672
552,0.694,0.18505699769297754,3.6309486795323123,3673
8026,0.6939166666666666,0.18505403362432654,3.6308905224169834,3674
2678,0.6938333333333333,0.185053885736705,3.6308876207576573,3675
8917,0.69375,0.18505294532059557,3.630869169131019,3676
7822,0.6936666666666667,0.1850519196851961,3.630849045441839,3677
2104,0.6935833333333333,0.18505018416147803,3.630814993243705,3678
6263,0.6935,0.18504047044866687,3.6306244033544015,3679
8796,0.6934166666666667,0.18503447041352888,3.630506678437569,3680
7399,0.6933333333333334,0.18503354681782694,3.630488556839179,3681
2817,0.69325,0.1850320023428417,3.630458253151806,3682
9461,0.6931666666666667,0.18503092308104077,3.630437077274827,3683
6952,0.6930833333333334,0.18503047363046796,3.6304282587379353,3684
5544,0.693,0.18502902681191255,3.6303998711385086,3685
2350,0.6929166666666666,0.18502810426730512,3.630381770163302,3686
9512,0.6928333333333333,0.1850219988234133,3.630261977052454,3687
7643,0.69275,0.18502096849675417,3.6302417613175075,3688
3943,0.6926666666666667,0.18501730297263383,3.6301698411516092,3689
3318,0.6925833333333333,0.18501722566589227,3.630168324338884,3690
8351,0.6925,0.18501424110061496,3.6301097650653036,3691
9945,0.6924166666666667,0.18501375723140048,3.630100271210426,3692
10926,0.6923333333333334,0.1850136806130365,3.6300987679041095,3693
2636,0.69225,0.1850127401309329,3.6300803149826484,3694
2653,0.6921666666666667,0.1850072894372591,3.6299733685323767,3695
3035,0.6920833333333334,0.18500569987085058,3.6299421801195217,3696
5119,0.692,0.1850054564928096,3.6299374048708346,3697
2879,0.6919166666666666,0.18500326220758917,3.6298943514488213,3698
63,0.6918333333333333,0.18499867030433248,3.6298042550716296,3699
4141,0.69175,0.18499773488665142,3.6297859015176446,3700
5747,0.6916666666666667,0.18499644604120669,3.629760613461962,3701
2579,0.6915833333333333,0.18499559668360893,3.6297439484674374,3702
11824,0.6915,0.1849882343083512,3.629599493477601,3703
7657,0.6914166666666667,0.18498422033115433,3.6295207364168993,3704
3612,0.6913333333333334,0.18498044405344458,3.6294466431876,3705
10045,0.69125,0.18497760724374376,3.6293909829825504,3706
3607,0.6911666666666667,0.1849766287243324,3.6293717837422905,3707
9555,0.6910833333333334,0.18497591721372578,3.629357823402832,3708
2928,0.691,0.1849752537778516,3.6293448063235747,3709
6138,0.6909166666666666,0.1849733596396369,3.629307641997242,3710
8453,0.6908333333333333,0.18496833686841874,3.6292090916871342,3711
11365,0.69075,0.1849682095859516,3.629206594315377,3712
3250,0.6906666666666667,0.18496661367873285,3.6291752814913556,3713
9331,0.6905833333333333,0.18496570214513525,3.629157396559923,3714
8415,0.6905,0.18496485860004916,3.6291408456110386,3715
11431,0.6904166666666667,0.18495876432432257,3.629021271627428,3716
2874,0.6903333333333334,0.18495865351826304,3.629019097534502,3717
2521,0.69025,0.1849541644118937,3.628931018104643,3718
1166,0.6901666666666667,0.18495403616210454,3.6289285017534265,3719
1656,0.6900833333333334,0.1849500564048376,3.628850416111847,3720
7864,0.69,0.1849490684509978,3.6288310317614227,3721
4077,0.6899166666666666,0.18494602210315433,3.628771260270393,3722
7368,0.6898333333333333,0.18494142102385105,3.6286809838526777,3723
5227,0.68975,0.18494136810303605,3.6286799455090097,3724
9086,0.6896666666666667,0.18494020957785498,3.628657214428678,3725
7012,0.6895833333333333,0.18493895934234358,3.6286326839270977,3726
7520,0.6895,0.18493495701122287,3.628554155370602,3727
1395,0.6894166666666667,0.18493308177774295,3.628517361968549,3728
4167,0.6893333333333334,0.1849314397537118,3.628485144300119,3729
99,0.68925,0.18492860703312064,3.6284295643262814,3730
4919,0.6891666666666667,0.1849275044000526,3.628407929888607,3731
2919,0.6890833333333334,0.18492495522245067,3.6283579132279744,3732
11137,0.689,0.18492342160045988,3.628327822484004,3733
7219,0.6889166666666666,0.1849226887647113,3.628313443730276,3734
633,0.6888333333333333,0.18492148577503414,3.6282898402252517,3735
11921,0.68875,0.18491909596541176,3.62824295047663,3736
7569,0.6886666666666666,0.1849110192959121,3.6280844805304886,3737
9900,0.6885833333333333,0.1849092415231784,3.628049599376939,3738
11411,0.6885,0.18490405273022512,3.627947791603339,3739
9532,0.6884166666666667,0.18490151339570093,3.6278979680708394,3740
11318,0.6883333333333334,0.18490144331323302,3.627896593003427,3741
11914,0.68825,0.1849006262071354,3.627880560806096,3742
2804,0.6881666666666667,0.18489759837355407,3.6278211525779342,3743
1669,0.6880833333333334,0.18489565944826145,3.6277831094975896,3744
9523,0.688,0.1848912596767647,3.627696782880898,3745
1499,0.6879166666666666,0.1848874297957777,3.6276216379175406,3746
1691,0.6878333333333333,0.18488499281916307,3.6275738227193326,3747
1058,0.68775,0.1848798182971997,3.6274722949526828,3748
7124,0.6876666666666666,0.18487937056571346,3.6274635101454225,3749
8834,0.6875833333333333,0.18487648643107785,3.6274069213918008,3750
9014,0.6875,0.1848754527516654,3.62738663987344,3751
11333,0.6874166666666667,0.18487463496284998,3.627370594280671,3752
11856,0.6873333333333334,0.18486846498723583,3.6272495350119858,3753
11595,0.68725,0.18486825450568872,3.627245405215721,3754
622,0.6871666666666667,0.18486188443486634,3.6271204199381044,3755
4231,0.6870833333333334,0.18486043320069362,3.6270919457011237,3756
5767,0.687,0.18485851283375587,3.62705426674877,3757
11491,0.6869166666666666,0.18485751730930858,3.6270347338576947,3758
2209,0.6868333333333333,0.1848568833372713,3.627022294879681,3759
9996,0.68675,0.18485548704363877,3.626994898614793,3760
8965,0.6866666666666666,0.18485457966957228,3.6269770952963025,3761
6355,0.6865833333333333,0.1848474146841303,3.626836513233723,3762
10245,0.6865,0.18484474206002505,3.626784074465748,3763
9150,0.6864166666666667,0.18483867214971544,3.6266649785488374,3764
2526,0.6863333333333334,0.1848345526257097,3.6265841505853658,3765
7633,0.68625,0.1848314030326635,3.62652235335071,3766
6901,0.6861666666666667,0.1848247263510212,3.6263913521527136,3767
11840,0.6860833333333334,0.18482323396488842,3.6263620704852855,3768
2536,0.686,0.18482278121345985,3.6263531871832786,3769
5588,0.6859166666666666,0.18482095162659673,3.626317289399961,3770
1389,0.6858333333333333,0.1848192880733285,3.6262846493127743,3771
4817,0.68575,0.184819271589774,3.6262843258938524,3772
11700,0.6856666666666666,0.18481872105836242,3.626273524079622,3773
8245,0.6855833333333333,0.18481697029644414,3.6262391728972467,3774
6299,0.6855,0.18481684400869716,3.6262366950426816,3775
3885,0.6854166666666667,0.18481338496372404,3.6261688261432186,3776
5229,0.6853333333333333,0.18481158034153883,3.6261334181844678,3777
7743,0.68525,0.18481011673995948,3.6261047012902736,3778
6050,0.6851666666666667,0.18480995766190503,3.6261015800667615,3779
1540,0.6850833333333334,0.1848059807250558,3.6260235497637625,3780
10621,0.685,0.18480272686313887,3.6259597067004083,3781
3514,0.6849166666666666,0.18479972740581088,3.6259008552342964,3782
10711,0.6848333333333333,0.18479717307118348,3.6258507373891797,3783
9776,0.68475,0.1847906291288811,3.6257223406306016,3784
10232,0.6846666666666666,0.18478434194587665,3.6255989816703167,3785
2194,0.6845833333333333,0.1847821286927689,3.625555556084964,3786
3554,0.6845,0.18477681259820813,3.625451250564142,3787
495,0.6844166666666667,0.1847762830897968,3.6254408612360534,3788
4917,0.6843333333333333,0.18477007467544765,3.6253190477722823,3789
9125,0.68425,0.18476989440393773,3.625315510718238,3790
5197,0.6841666666666667,0.1847696623441097,3.625310957540928,3791
1092,0.6840833333333334,0.18476792147711457,3.625276800503908,3792
2726,0.684,0.1847667982314535,3.6252547616326414,3793
3314,0.6839166666666666,0.18476341931208823,3.625188464854025,3794
3760,0.6838333333333333,0.18476192444277528,3.625159134464851,3795
10561,0.68375,0.18476163241804236,3.6251534047338403,3796
5082,0.6836666666666666,0.1847566982984016,3.625056593830096,3797
8503,0.6835833333333333,0.18475520670981777,3.6250273278111536,3798
5174,0.6835,0.18475115851673635,3.62494789941067,3799
11618,0.6834166666666667,0.18475080043337927,3.6249408735629185,3800
1895,0.6833333333333333,0.18474949721429584,3.6249153034862998,3801
4762,0.68325,0.18474902630546508,3.6249060639232544,3802
4450,0.6831666666666667,0.1847489111882985,3.6249038052433606,3803
8357,0.6830833333333334,0.18474838177262726,3.624893417734871,3804
10773,0.683,0.1847402758144293,3.6247343731238226,3805
2289,0.6829166666666666,0.18474012949717997,3.624731502276379,3806
993,0.6828333333333333,0.18473962596085636,3.624721622538866,3807
1468,0.68275,0.18473956768658495,3.6247204791566228,3808
7236,0.6826666666666666,0.18473334449560422,3.624598375764937,3809
1785,0.6825833333333333,0.18472986262998334,3.62453005910825,3810
8737,0.6825,0.18472963183907237,3.624525530827971,3811
11590,0.6824166666666667,0.18472832708782122,3.6244999306891055,3812
9388,0.6823333333333333,0.18472473450592677,3.6244294417011274,3813
6407,0.68225,0.18472468453181037,3.6244284611737605,3814
9957,0.6821666666666667,0.1847238463523221,3.624412015501643,3815
1253,0.6820833333333334,0.18472254657611734,3.6243865129767805,3816
9902,0.682,0.18472029194921577,3.6243422756083947,3817
7910,0.6819166666666666,0.18471800482948458,3.624297400707838,3818
7959,0.6818333333333333,0.18471009445772962,3.62414219364065,3819
6739,0.68175,0.18470670595925193,3.624075708913092,3820
11435,0.6816666666666666,0.18470448636243278,3.624032158859626,3821
11760,0.6815833333333333,0.1847021495238889,3.6239863084409416,3822
1466,0.6815,0.18470204087588954,3.623984176690686,3823
5924,0.6814166666666667,0.18469876921561246,3.6239199844109216,3824
10465,0.6813333333333333,0.184698164533025,3.6239081201125263,3825
11937,0.68125,0.18469740274253338,3.623893173246322,3826
11145,0.6811666666666667,0.18469595215242454,3.623864711646354,3827
8742,0.6810833333333334,0.18469162094592098,3.6237797303231547,3828
5245,0.681,0.1846906279909569,3.6237602478471587,3829
4582,0.6809166666666666,0.18468812884615934,3.6237112128654574,3830
2346,0.6808333333333333,0.1846868430030781,3.623685983718203,3831
9008,0.68075,0.1846863420386991,3.623676154444132,3832
8726,0.6806666666666666,0.18468307774334516,3.6236121066693823,3833
2878,0.6805833333333333,0.18468117045167357,3.6235746842629712,3834
2572,0.6805,0.18467818452154558,3.6235160982100796,3835
10250,0.6804166666666667,0.18467658178467555,3.6234846513834853,3836
3546,0.6803333333333333,0.184672331391988,3.6234012556842625,3837
10515,0.68025,0.18466766142809438,3.623309627702345,3838
1856,0.6801666666666667,0.18466550510961405,3.6232673192145244,3839
11456,0.6800833333333334,0.1846624629906356,3.6232076306967747,3840
4010,0.68,0.18466062335890895,3.623171535826182,3841
172,0.6799166666666666,0.1846591000867173,3.623141648152517,3842
2754,0.6798333333333333,0.18465899326716725,3.6231395522777,3843
10974,0.67975,0.18465558238025878,3.6230726282733263,3844
7875,0.6796666666666666,0.18465499159406332,3.6230610366319436,3845
11821,0.6795833333333333,0.1846464239959668,3.6228929343208156,3846
8664,0.6795,0.18464503443883273,3.62286567023086,3847
11274,0.6794166666666667,0.18464298394806167,3.622825438157183,3848
11886,0.6793333333333333,0.18464195526942534,3.6228052547575738,3849
11931,0.67925,0.18464156067463347,3.622797512529731,3850
3279,0.6791666666666667,0.18464111818565904,3.622788830584331,3851
5539,0.6790833333333334,0.1846411080888564,3.6227886324779446,3852
5579,0.679,0.18463636609362755,3.622695591190503,3853
8231,0.6789166666666666,0.18463557773617711,3.62268012306186,3854
596,0.6788333333333333,0.1846350545840732,3.6226698584489867,3855
8679,0.67875,0.18462877597815314,3.6225466677771623,3856
6348,0.6786666666666666,0.18462766080686016,3.622524787330689,3857
10182,0.6785833333333333,0.18462454546389148,3.622463662106658,3858
3734,0.6785,0.1846165623328509,3.6223070274510034,3859
10850,0.6784166666666667,0.18461642565267322,3.622304345689619,3860
7593,0.6783333333333333,0.18461507223232876,3.6222777906288908,3861
5422,0.67825,0.18461174509122802,3.6222125097762934,3862
788,0.6781666666666667,0.18461043115655973,3.6221867294523964,3863
9688,0.6780833333333334,0.1846103448861072,3.6221850367652904,3864
11858,0.678,0.1846079241219882,3.6221375396676736,3865
2806,0.6779166666666666,0.184607826577456,3.622135625775261,3866
6593,0.6778333333333333,0.18460557491358892,3.62209144654374,3867
563,0.67775,0.1846029435703047,3.622039817734544,3868
8923,0.6776666666666666,0.18460243965374473,3.6220299305365797,3869
6040,0.6775833333333333,0.18460017297776118,3.6219854567567573,3870
3703,0.6775,0.18460013721976742,3.62198475515976,3871
7265,0.6774166666666667,0.18459640017553075,3.621911431718825,3872
9559,0.6773333333333333,0.18459267225261186,3.62183828724457,3873
10372,0.67725,0.18459140092618223,3.6218133429242894,3874
6981,0.6771666666666667,0.1845894357452965,3.6217747846907242,3875
1528,0.6770833333333334,0.18458492823597272,3.621686344181991,3876
7356,0.677,0.1845847121771175,3.6216821049549965,3877
4265,0.6769166666666667,0.1845831670362786,3.6216517882030868,3878
7970,0.6768333333333333,0.18458046486406954,3.6215987696804586,3879
3830,0.67675,0.18457897725516811,3.6215695817457156,3880
9760,0.6766666666666666,0.1845764471866374,3.6215199400185236,3881
3499,0.6765833333333333,0.18457453522497258,3.6214824259836176,3882
8711,0.6765,0.18457441595450616,3.6214800858130465,3883
6861,0.6764166666666667,0.18457148184206643,3.621422516459658,3884
7571,0.6763333333333333,0.18456679511928842,3.6213305596566423,3885
6311,0.67625,0.18456268852705005,3.621249985423563,3886
3564,0.6761666666666667,0.18456129852984854,3.6212227126991348,3887
10563,0.6760833333333334,0.1845599322444623,3.6211959052171903,3888
118,0.676,0.1845576684077828,3.6211514871465376,3889
6522,0.6759166666666667,0.18455504982341733,3.621100108676325,3890
1988,0.6758333333333333,0.18455377182958596,3.62107503353692,3891
9909,0.67575,0.18454765106866505,3.6209549398951686,3892
8956,0.6756666666666666,0.18454719309575585,3.6209459541440214,3893
3392,0.6755833333333333,0.18454307857629765,3.6208652243733184,3894
9590,0.6755,0.18454038970084266,3.620812466742403,3895
4610,0.6754166666666667,0.1845401111970716,3.62080700230218,3896
8756,0.6753333333333333,0.1845319858693503,3.6206475776474543,3897
11176,0.67525,0.18453076984705946,3.6206237184333245,3898
11726,0.6751666666666667,0.1845285385641011,3.6205799390896143,3899
5079,0.6750833333333334,0.18452835378867974,3.6205763136656497,3900
4720,0.675,0.1845265905721259,3.6205417181145867,3901
915,0.6749166666666667,0.18452358646985728,3.6204827755115128,3902
10451,0.6748333333333333,0.1845210212502071,3.6204324440945737,3903
8426,0.67475,0.18451614244974868,3.620336718592144,3904
2319,0.6746666666666666,0.18451212949393198,3.620257981571654,3905
9428,0.6745833333333333,0.18450984907821383,3.620213238208514,3906
9942,0.6745,0.18450979030098272,3.620212084957842,3907
7751,0.6744166666666667,0.18450808925170975,3.6201787091726363,3908
1340,0.6743333333333333,0.18450315956016197,3.620081985151179,3909
11420,0.67425,0.1845008335013211,3.6200363462378267,3910
5578,0.6741666666666667,0.18449861007704865,3.619992721087084,3911
7294,0.6740833333333334,0.18449834095020498,3.619987440628776,3912
11096,0.674,0.1844969645432276,3.6199604345540815,3913
5801,0.6739166666666667,0.18449218691806582,3.6198666941822983,3914
8033,0.6738333333333333,0.1844916096554961,3.6198553678839502,3915
7051,0.67375,0.1844901290827771,3.619826318004036,3916
6046,0.6736666666666666,0.18448960700345338,3.619816074439891,3917
950,0.6735833333333333,0.18448935861782792,3.619811200938903,3918
6729,0.6735,0.18448749618393215,3.6197746586736557,3919
3256,0.6734166666666667,0.18448359697855243,3.61969815351686,3920
7086,0.6733333333333333,0.18448352500839763,3.6196967414117065,3921
2815,0.67325,0.18448038900022173,3.6196352107217784,3922
10895,0.6731666666666667,0.18447548718405415,3.6195390336349096,3923
4111,0.6730833333333334,0.18447499183036564,3.619529314446533,3924
5553,0.673,0.1844734184180149,3.619498442987652,3925
3009,0.6729166666666667,0.18447052875971803,3.619441745855907,3926
6976,0.6728333333333333,0.18446906097802918,3.61941294694501,3927
11994,0.67275,0.184467635422974,3.6193849765504362,3928
7957,0.6726666666666666,0.18445975120219854,3.6192302825838585,3929
10,0.6725833333333333,0.1844596161416651,3.6192276326010857,3930
9742,0.6725,0.18445652980408767,3.619167076483227,3931
5860,0.6724166666666667,0.18445443400560277,3.6191259554403663,3932
2700,0.6723333333333333,0.18445399197646792,3.6191172825172995,3933
9933,0.67225,0.18445272569612825,3.6190924372048334,3934
4537,0.6721666666666667,0.18445133729125843,3.6190651957230937,3935
8785,0.6720833333333334,0.18445084836076514,3.6190556025622955,3936
3645,0.672,0.18444956349285582,3.619030392548689,3937
6899,0.6719166666666667,0.18444395249292023,3.618920300776614,3938
7050,0.6718333333333333,0.18444043131560092,3.618851212796712,3939
1043,0.67175,0.18443755123638464,3.618794703613288,3940
9114,0.6716666666666666,0.18443584949372144,3.618761314223243,3941
1939,0.6715833333333333,0.18443505843126623,3.61874579302052,3942
7288,0.6715,0.1844324346903667,3.618694313375469,3943
3420,0.6714166666666667,0.184432206343136,3.6186898330419437,3944
11550,0.6713333333333333,0.1844231620049909,3.6185123767551515,3945
4933,0.67125,0.184422169273682,3.6184928986674754,3946
2003,0.6711666666666667,0.1844205923688404,3.6184619586834197,3947
8252,0.6710833333333334,0.18441399728624047,3.6183325585161406,3948
11831,0.671,0.18441121447292555,3.618277957758206,3949
251,0.6709166666666667,0.1844105313674961,3.618264554748457,3950
1263,0.6708333333333333,0.18441046903170305,3.618263331676263,3951
7851,0.67075,0.18441019254633886,3.6182579068385934,3952
5266,0.6706666666666666,0.1844097122208833,3.618248482514712,3953
6749,0.6705833333333333,0.1844037661350931,3.618131816122106,3954
1686,0.6705,0.18440353337341397,3.6181272491740124,3955
6251,0.6704166666666667,0.1844027385447607,3.6181116540757774,3956
7003,0.6703333333333333,0.18440189509719612,3.6180951050403163,3957
8926,0.67025,0.18439537063563863,3.617967090507638,3958
6640,0.6701666666666667,0.18439534059572713,3.6179665011034086,3959
11519,0.6700833333333334,0.18438643832839244,3.6177918323460707,3960
2565,0.67,0.18438632689766868,3.6177896459967833,3961
6542,0.6699166666666667,0.18438570966837262,3.6177775355231008,3962
7315,0.6698333333333333,0.18438339550317284,3.6177321299714,3963
4106,0.66975,0.18438259543346555,3.617716432040072,3964
2097,0.6696666666666666,0.1843790057813588,3.61764600053656,3965
3947,0.6695833333333333,0.18437767311310171,3.617619852646434,3966
7072,0.6695,0.1843764489598921,3.617595833897946,3967
1602,0.6694166666666667,0.18436765699671187,3.617423329385855,3968
6042,0.6693333333333333,0.18436040872324047,3.6172811131534424,3969
3570,0.66925,0.1843579429038299,3.617232732039292,3970
8776,0.6691666666666667,0.18435622803650165,3.6171990851340396,3971
7781,0.6690833333333334,0.18435533556591485,3.617181574232305,3972
9960,0.669,0.18435405563571095,3.6171564610999223,3973
1491,0.6689166666666667,0.1843504246903321,3.6170852193933856,3974
11400,0.6688333333333333,0.1843480272127671,3.617038179194385,3975
2425,0.66875,0.18434725890328446,3.6170231044209977,3976
6676,0.6686666666666666,0.18434599998772896,3.6169984036108005,3977
9063,0.6685833333333333,0.18434186936277236,3.6169173578388443,3978
5476,0.6685,0.18433873419919536,3.6168558437205434,3979
7155,0.6684166666666667,0.18433784628964592,3.6168384223095744,3980
10266,0.6683333333333333,0.1843335924074631,3.616754958144007,3981
1941,0.66825,0.184331604749434,3.6167159588930855,3982
716,0.6681666666666667,0.18432838229243884,3.616652732016389,3983
6912,0.6680833333333334,0.18432720371669148,3.616629607529828,3984
5396,0.668,0.1843256988645056,3.6166000812696915,3985
8741,0.6679166666666667,0.184324266962899,3.616571986351274,3986
759,0.6678333333333333,0.1843225692149594,3.6165386753405313,3987
10075,0.66775,0.18432056586928014,3.616499368286811,3988
4502,0.6676666666666666,0.18431934134336525,3.6164753422256117,3989
9134,0.6675833333333333,0.1843156068463574,3.6164020687631204,3990
8280,0.6675,0.1843155847391093,3.616401635003311,3991
6257,0.6674166666666667,0.18431544362745692,3.616398866293319,3992
279,0.6673333333333333,0.18431429228052815,3.6163762760553686,3993
6716,0.66725,0.18431397758894758,3.616370101584814,3994
8845,0.6671666666666667,0.1843030732106825,3.616156150000413,3995
8376,0.6670833333333334,0.18430259902284918,3.6161468461010156,3996
3631,0.667,0.18430231693553165,3.6161413113491063,3997
6437,0.6669166666666667,0.18429944039590043,3.6160848716148317,3998
10924,0.6668333333333333,0.18429913554321545,3.6160788901903422,3999
736,0.66675,0.1842984757999016,3.616065945561722,4000
7617,0.6666666666666666,0.18429727011215516,3.6160422891186466,4001
7788,0.6665833333333333,0.1842969248564302,3.61603551495808,4002
6627,0.6665,0.18429577638819103,3.6160129812020374,4003
2207,0.6664166666666667,0.18429163153637532,3.6159316562891117,4004
9643,0.6663333333333333,0.18428417456173646,3.6157853451927533,4005
7830,0.66625,0.18428126329819622,3.6157282241509225,4006
772,0.6661666666666667,0.1842800780733637,3.6157049692046614,4007
9440,0.6660833333333334,0.1842765874839536,3.615636481381043,4008
7287,0.666,0.18427210493316165,3.6155485305762713,4009
2956,0.6659166666666667,0.1842721013207846,3.6155484596989025,4010
3756,0.6658333333333334,0.18427087499400224,3.6155243983033944,4011
5011,0.66575,0.18426830789798404,3.6154740300708283,4012
9049,0.6656666666666666,0.1842605458265948,3.6153217327612612,4013
9721,0.6655833333333333,0.18425893870546672,3.6152901999124145,4014
553,0.6655,0.18425829174146427,3.6152775060228883,4015
2796,0.6654166666666667,0.18425710388285876,3.615254199400132,4016
932,0.6653333333333333,0.184255967048594,3.6152318939108454,4017
2262,0.66525,0.1842546628702536,3.61520630501294,4018
10788,0.6651666666666667,0.1842527752275456,3.615169268133012,4019
3778,0.6650833333333334,0.18424289734813318,3.6149754571793613,4020
1995,0.665,0.184237556114295,3.614870658408188,4021
6026,0.6649166666666667,0.18423507554071397,3.6148219878068195,4022
642,0.6648333333333334,0.18423265532733743,3.614774501515198,4023
11374,0.66475,0.18423089126154785,3.6147398893014584,4024
10759,0.6646666666666666,0.18423061168646226,3.6147344038413047,4025
3461,0.6645833333333333,0.1842273978986873,3.614671347060863,4026
9604,0.6645,0.1842265989733433,3.614655671582706,4027
9615,0.6644166666666667,0.18422529428530193,3.6146300726840774,4028
2674,0.6643333333333333,0.18422423963505108,3.6146093797031176,4029
6614,0.66425,0.18421537832525273,3.614435514561489,4030
11484,0.6641666666666667,0.18420849905202114,3.6143005383737705,4031
3065,0.6640833333333334,0.18420339094895652,3.6142003137926793,4032
9455,0.664,0.18420154797690497,3.6141641533824753,4033
10260,0.6639166666666667,0.18420133222240465,3.614159920127177,4034
3686,0.6638333333333334,0.18419984048706356,3.6141306512287965,4035
11025,0.66375,0.18419278032842476,3.613992125941934,4036
7795,0.6636666666666666,0.1841922857935699,3.6139824228196398,4037
10312,0.6635833333333333,0.18418961789022814,3.613930076676369,4038
7384,0.6635,0.18418931217130244,3.6139240782556667,4039
2658,0.6634166666666667,0.1841843509354884,3.613826735313487,4040
3367,0.6633333333333333,0.18418355237339018,3.6138110669624686,4041
6279,0.66325,0.18418222395681438,3.613785002493276,4042
10566,0.6631666666666667,0.1841774242043423,3.613690827968038,4043
4604,0.6630833333333334,0.1841742694486468,3.613628929438579,4044
7352,0.663,0.18417027661715724,3.613550587271547,4045
8507,0.6629166666666667,0.18416855653678715,3.6135168380827603,4046
5637,0.6628333333333334,0.1841659111817066,3.613464934352284,4047
4015,0.66275,0.18416294508779887,3.6134067374999965,4048
10923,0.6626666666666666,0.18415872101179306,3.6133238581525773,4049
4021,0.6625833333333333,0.18415340950603468,3.613219642667337,4050
4198,0.6625,0.1841507253945647,3.613166978509173,4051
9860,0.6624166666666667,0.18415066852708467,3.6131658627291197,4052
9117,0.6623333333333333,0.18414861898945747,3.6131256493568555,4053
10229,0.66225,0.18414601943919257,3.613074644349088,4054
7701,0.6621666666666667,0.1841404713371334,3.612965786677707,4055
1222,0.6620833333333334,0.18413946156347163,3.6129459742070225,4056
9606,0.662,0.1841382496296707,3.612922195211934,4057
6621,0.6619166666666667,0.1841380741264243,3.612918751714587,4058
3229,0.6618333333333334,0.1841375923969748,3.6129092998434,4059
1366,0.66175,0.18413593118951788,3.61287670578265,4060
7419,0.6616666666666666,0.18413476671182802,3.612853857909899,4061
9639,0.6615833333333333,0.18413368835563435,3.6128326998016105,4062
5069,0.6615,0.18413070197007123,3.6127741048127975,4063
9706,0.6614166666666667,0.18412808524677693,3.6127227628580965,4064
8255,0.6613333333333333,0.18412450775522435,3.6126525699532293,4065
11370,0.66125,0.18412214440180483,3.6126061992940013,4066
6507,0.6611666666666667,0.18411597264538432,3.6124851050846454,4067
2749,0.6610833333333334,0.1841138113377866,3.6124426987067952,4068
11031,0.661,0.18411334177534133,3.612433485560775,4069
3255,0.6609166666666667,0.18411317834053015,3.6124302788546405,4070
518,0.6608333333333334,0.18411190220778528,3.612405240231105,4071
9280,0.66075,0.18410312572958393,3.6122330395451376,4072
1077,0.6606666666666666,0.18410214377567288,3.612213772917535,4073
10700,0.6605833333333333,0.18410205267951535,3.6122119855467405,4074
1385,0.6605,0.18410081371971104,3.6121876762824607,4075
4624,0.6604166666666667,0.18409723732765867,3.612117504950612,4076
7196,0.6603333333333333,0.18409649788912433,3.612102996645564,4077
9282,0.66025,0.1840946253036448,3.6120662551990885,4078
545,0.6601666666666667,0.1840940447357302,3.612054864047585,4079
24,0.6600833333333334,0.1840932032841386,3.612038354174505,4080
7119,0.66,0.184092599895678,3.6120265152677753,4081
3618,0.6599166666666667,0.1840908557723617,3.611992294339455,4082
10109,0.6598333333333334,0.18408952490365316,3.6119661817576922,4083
11180,0.65975,0.1840858114486181,3.6118933211535635,4084
8199,0.6596666666666666,0.1840843069542877,3.611863801914752,4085
3738,0.6595833333333333,0.1840808112277946,3.611795213298029,4086
3282,0.6595,0.18407570287569464,3.6116949838306285,4087
4057,0.6594166666666667,0.18407383296768315,3.6116582949179836,4088
1380,0.6593333333333333,0.18406856642650604,3.61155496166945,4089
6234,0.65925,0.18406782387042261,3.611540392195912,4090
745,0.6591666666666667,0.1840664916570425,3.611514253230802,4091
362,0.6590833333333334,0.18406545750342704,3.611493962408229,4092
10038,0.659,0.18406234658640044,3.6114329240242817,4093
11219,0.6589166666666667,0.18406148535106198,3.611416025980134,4094
7687,0.6588333333333334,0.18406077178802904,3.611402025370707,4095
6776,0.65875,0.1840603430807989,3.611393613832788,4096
9061,0.6586666666666666,0.18405657475500845,3.6113196766257385,4097
1215,0.6585833333333333,0.18405587246447672,3.6113058971907437,4098
11232,0.6585,0.18405281728993064,3.611245952513536,4099
8302,0.6584166666666667,0.18404383651512563,3.611069743384318,4100
5210,0.6583333333333333,0.18404341081973036,3.6110613909407636,4101
2753,0.65825,0.18404212979968324,3.611036256424883,4102
8431,0.6581666666666667,0.18404042050352085,3.6110027188298344,4103
5734,0.6580833333333334,0.18403885423869584,3.610971987610423,4104
9168,0.658,0.18403844306076647,3.6109639200097483,4105
226,0.6579166666666667,0.18403807955769777,3.6109567878234863,4106
538,0.6578333333333334,0.18403447178083973,3.6108860006995718,4107
11363,0.65775,0.1840330507224668,3.6108581185330326,4108
11182,0.6576666666666666,0.18403151345022253,3.6108279561685013,4109
4210,0.6575833333333333,0.18402829463933257,3.6107648008310074,4110
5730,0.6575,0.1840281876843596,3.610762702299065,4111
11422,0.6574166666666666,0.18402815412851986,3.6107620439098334,4112
923,0.6573333333333333,0.1840271297237838,3.6107419443672057,4113
11642,0.65725,0.1840208350773098,3.6106184389683404,4114
11948,0.6571666666666667,0.18402064799002227,3.6106147681839413,4115
11561,0.6570833333333334,0.18401931968323984,3.610588705869022,4116
11901,0.657,0.18401900934968576,3.6105826169059974,4117
9878,0.6569166666666667,0.18401802888397617,3.610563379478006,4118
7869,0.6568333333333334,0.1840160969733226,3.6105254740298216,4119
10706,0.65675,0.18400747921906163,3.610356387619441,4120
7092,0.6566666666666666,0.1840061078784767,3.6103294809509734,4121
5560,0.6565833333333333,0.18400584412039403,3.610324305831556,4122
6369,0.6565,0.1840027577446251,3.6102637489644263,4123
7402,0.6564166666666666,0.18400186421900058,3.6102462173621075,4124
8902,0.6563333333333333,0.18400108656652114,3.610230959272543,4125
5155,0.65625,0.18400091787824946,3.610227649489829,4126
8152,0.6561666666666667,0.18400058389983992,3.6102210965981305,4127
7360,0.6560833333333334,0.18400014386453825,3.6102124627954835,4128
4425,0.656,0.18399962010322335,3.6102021862294285,4129
11662,0.6559166666666667,0.18399940286518607,3.610197923866112,4130
4408,0.6558333333333334,0.18399866225015277,3.610183392477328,4131
6914,0.65575,0.18399662672913694,3.61014345412082,4132
11405,0.6556666666666666,0.18399135665039903,3.6100400514628745,4133
7539,0.6555833333333333,0.18398104730449982,3.609837774832712,4134
10059,0.6555,0.18397509145513996,3.6097209168719804,4135
5151,0.6554166666666666,0.18397260230214202,3.6096720779364286,4136
7408,0.6553333333333333,0.1839714037959226,3.609648562399955,4137
1866,0.65525,0.18396989573268627,3.6096189731367563,4138
9943,0.6551666666666667,0.18396578383584133,3.609538294823534,4139
4153,0.6550833333333334,0.1839644687598499,3.609512492106022,4140
5397,0.655,0.18396383983994638,3.609500152254421,4141
6028,0.6549166666666667,0.18396325680914116,3.6094887127792443,4142
8816,0.6548333333333334,0.1839577217070853,3.609380110177038,4143
11061,0.65475,0.18394996976246947,3.6092280115619184,4144
6715,0.6546666666666666,0.18394804863568612,3.6091903177008753,4145
4121,0.6545833333333333,0.18394667207816062,3.609163308672371,4146
2742,0.6545,0.18394568533009004,3.609143947979997,4147
11677,0.6544166666666666,0.1839451585445389,3.6091336120762953,4148
5533,0.6543333333333333,0.18394398531288186,3.6091105924445976,4149
1796,0.65425,0.18394260380371352,3.6090834862613344,4150
1013,0.6541666666666667,0.18394229605054643,3.609077447927369,4151
1551,0.6540833333333333,0.1839365077909578,3.6089638781960796,4152
1404,0.654,0.18393575651550054,3.60894913764224,4153
5631,0.6539166666666667,0.18393540706655664,3.6089422812077485,4154
8135,0.6538333333333334,0.18393515703591426,3.608937375430356,4155
11291,0.65375,0.1839350564651808,3.6089354021617055,4156
10353,0.6536666666666666,0.1839282327610718,3.6088015162793394,4157
8614,0.6535833333333333,0.183927341398507,3.6087840271178138,4158
1274,0.6535,0.1839243844304289,3.6087260093207405,4159
10238,0.6534166666666666,0.18392115685278118,3.608662681973244,4160
10321,0.6533333333333333,0.1839138603507645,3.608519519462834,4161
5763,0.65325,0.18390899283782083,3.608424015429372,4162
2452,0.6531666666666667,0.18390755497747663,3.608395803596392,4163
1931,0.6530833333333333,0.18390596821775748,3.608364670252695,4164
11303,0.653,0.18390266486401347,3.6082998561247956,4165
11226,0.6529166666666667,0.18390178787892933,3.6082826490595608,4166
4548,0.6528333333333334,0.1838988026525068,3.608224076813884,4167
4595,0.65275,0.18389699457375444,3.6081886010348496,4168
5060,0.6526666666666666,0.18389634112707748,3.6081757799506304,4169
9666,0.6525833333333333,0.1838953303312486,3.6081559474242884,4170
3934,0.6525,0.1838937082496691,3.608124121040875,4171
3593,0.6524166666666666,0.18389256734636822,3.6081017357142784,4172
6097,0.6523333333333333,0.18388745130064496,3.6080013552925774,4173
10900,0.65225,0.18388196964522494,3.6078938013510413,4174
3396,0.6521666666666667,0.18388077692113225,3.6078703992640246,4175
6450,0.6520833333333333,0.18387822078970972,3.607820246164521,4176
2857,0.652,0.18387820899118876,3.6078200146692465,4177
39,0.6519166666666667,0.18387284537758405,3.6077147767912994,4178
11419,0.6518333333333334,0.18387171441177225,3.607692586445194,4179
1117,0.65175,0.18386942165135658,3.6076476008704894,4180
9376,0.6516666666666666,0.18386929696658585,3.607645154467415,4181
5408,0.6515833333333333,0.18386727987433377,3.6076055776962734,4182
7909,0.6515,0.1838670483812873,3.607601035639558,4183
8839,0.6514166666666666,0.18386499751777122,3.6075607962524048,4184
6798,0.6513333333333333,0.18386288053218391,3.607519259503646,4185
7148,0.65125,0.18385625085392004,3.607389180545044,4186
601,0.6511666666666667,0.18385195830066262,3.6073049576257814,4187
3469,0.6510833333333333,0.18385063933385,3.6072790785676005,4188
3477,0.651,0.18384642185140757,3.607196328590601,4189
6607,0.6509166666666667,0.18384628143431736,3.607193573508356,4190
11817,0.6508333333333334,0.183845078942503,3.607169979771707,4191
9112,0.65075,0.18383544284616815,3.6069809127723547,4192
2199,0.6506666666666666,0.18383129919630323,3.6068996114425653,4193
8419,0.6505833333333333,0.18382968479988518,3.6068679358473688,4194
9875,0.6505,0.18382946333842673,3.6068635906175044,4195
10661,0.6504166666666666,0.18382743751551775,3.6068238425446997,4196
9655,0.6503333333333333,0.18382602493313197,3.6067961266830477,4197
9423,0.65025,0.18382504047046386,3.6067768108319003,4198
11325,0.6501666666666667,0.18382406194370465,3.606757611447425,4199
3817,0.6500833333333333,0.1838221519329192,3.606720135690127,4200
8678,0.65,0.18381433358132407,3.6065667341232404,4201
2134,0.6499166666666667,0.18381190647711035,3.6065191126285354,4202
4598,0.6498333333333334,0.18381160182955428,3.6065131352288526,4203
9159,0.64975,0.18381098074333493,3.606500949079626,4204
4614,0.6496666666666666,0.1838036559103305,3.6063572306952656,4205
1052,0.6495833333333333,0.1838013070523437,3.606311144446633,4206
1185,0.6495,0.18380066529243158,3.6062985526649944,4207
8606,0.6494166666666666,0.18379335886279385,3.60615519536763,4208
3140,0.6493333333333333,0.18379215619959355,3.606131598268318,4209
7062,0.64925,0.18379052761160933,3.606099644224588,4210
9259,0.6491666666666667,0.18379051804193694,3.6060994564608757,4211
573,0.6490833333333333,0.18378831769217605,3.606056284048276,4212
9483,0.649,0.18377958503077227,3.6058849430788094,4213
6137,0.6489166666666667,0.18377701392729695,3.605834496217116,4214
853,0.6488333333333334,0.18377659856219833,3.6058263464612095,4215
9757,0.64875,0.18377375902466087,3.605770632734095,4216
2481,0.6486666666666666,0.18377345885898186,3.605764743272009,4217
47,0.6485833333333333,0.1837697111795686,3.6056912111614263,4218
5123,0.6485,0.18376955698184094,3.605688185693375,4219
1258,0.6484166666666666,0.1837671974928229,3.605641890856411,4220
4075,0.6483333333333333,0.1837657451708075,3.605613395275212,4221
5606,0.64825,0.1837639033935245,3.6055772583072585,4222
10147,0.6481666666666667,0.18375964817869755,3.6054937679942536,4223
7470,0.6480833333333333,0.18375953178415802,3.6054914842513957,4224
11202,0.648,0.18375952428340728,3.6054913370814137,4225
7267,0.6479166666666667,0.18375946987519814,3.605490269554002,4226
2942,0.6478333333333334,0.18375820347440885,3.6054654218782565,4227
8036,0.64775,0.18375562010685917,3.6054147343867653,4228
2094,0.6476666666666666,0.18375434919931533,3.605389798285314,4229
8060,0.6475833333333333,0.18375375666201915,3.605378172286068,4230
10420,0.6475,0.18375063790208224,3.6053169800187543,4231
3826,0.6474166666666666,0.1837480844007659,3.6052668785238255,4232
4567,0.6473333333333333,0.18374390382071296,3.6051848525976773,4233
4686,0.64725,0.1837427500159949,3.6051622141361763,4234
3628,0.6471666666666667,0.1837332107926736,3.604975047853628,4235
9175,0.6470833333333333,0.18372592478358118,3.604832091221735,4236
11828,0.647,0.18372427938564737,3.604799807354961,4237
9626,0.6469166666666667,0.18372333281143885,3.6047812349020996,4238
50,0.6468333333333334,0.1837229726097163,3.604774167490511,4239
4925,0.64675,0.18371314339933076,3.6045813114574408,4240
5510,0.6466666666666666,0.18371098533583502,3.604538968731152,4241
144,0.6465833333333333,0.18370844790735774,3.6044891825966534,4242
3675,0.6465,0.18370663503674478,3.604453612797947,4243
1244,0.6464166666666666,0.18370512467177338,3.6044239783730347,4244
8841,0.6463333333333333,0.1837045045640892,3.6044118114233523,4245
9258,0.64625,0.1837037244593244,3.604396505218222,4246
8935,0.6461666666666667,0.18370327079913612,3.604387604085712,4247
5610,0.6460833333333333,0.18370147748833207,3.604352418064221,4248
7394,0.646,0.18369979710784115,3.6043194478150697,4249
940,0.6459166666666667,0.18369893781924299,3.604302587967384,4250
7185,0.6458333333333334,0.18369722381581657,3.6042689580125016,4251
11024,0.64575,0.18369655655526113,3.604255865890262,4252
5206,0.6456666666666667,0.18369168827384674,3.6041603467788583,4253
8802,0.6455833333333333,0.18368887526458516,3.6041051535552278,4254
7165,0.6455,0.1836888641026135,3.6041049345494613,4255
931,0.6454166666666666,0.18368385555478461,3.6040066633122265,4256
5051,0.6453333333333333,0.1836831996030985,3.603993793077996,4257
5232,0.64525,0.18367763878025087,3.60388468581578,4258
836,0.6451666666666667,0.18367666992449344,3.6038656761831662,4259
7962,0.6450833333333333,0.18367527387209873,3.6038382846515775,4260
11337,0.645,0.18367444723218374,3.6038220653939934,4261
11040,0.6449166666666667,0.18367020898930483,3.6037389080825957,4262
1229,0.6448333333333334,0.1836673062514674,3.60368195432107,4263
48,0.64475,0.18366644922276237,3.603665138814093,4264
11628,0.6446666666666667,0.18366640615818594,3.6036642938566836,4265
6406,0.6445833333333333,0.18366241446153653,3.603585973956031,4266
10303,0.6445,0.18366211065613583,3.6035800130800375,4267
4118,0.6444166666666666,0.18366105638769067,3.6035593275903453,4268
8562,0.6443333333333333,0.18365780757649774,3.603495583625735,4269
11298,0.64425,0.18365288423570972,3.6033989842106395,4270
11575,0.6441666666666667,0.18365243006338178,3.603390073029553,4271
8032,0.6440833333333333,0.18364714986681907,3.6032864718527624,4272
7871,0.644,0.1836463143229174,3.603270077892716,4273
1100,0.6439166666666667,0.18364566803424642,3.6032573972536612,4274
258,0.6438333333333334,0.18364518368029528,3.603247893887909,4275
1422,0.64375,0.18364340426299666,3.6032129804667896,4276
7729,0.6436666666666667,0.1836393902252319,3.6031342222176646,4277
1470,0.6435833333333333,0.1836393698015521,3.6031338214906965,4278
3543,0.6435,0.18363841443253276,3.603115076477416,4279
4809,0.6434166666666666,0.18363801202771463,3.6031071810113353,4280
8329,0.6433333333333333,0.18363595278984124,3.6030667773134097,4281
7136,0.64325,0.1836309998118553,3.6029695963956314,4282
4282,0.6431666666666667,0.18362957383474496,3.6029416177200453,4283
4374,0.6430833333333333,0.1836295520053394,3.602941189411716,4284
6465,0.643,0.18361546422439867,3.6026647772238922,4285
9587,0.6429166666666667,0.18361297558355505,3.6026159483370828,4286
11576,0.6428333333333334,0.18361209879202223,3.602598745069465,4287
6410,0.64275,0.18361049780666977,3.6025673326088636,4288
9841,0.6426666666666667,0.1836095099655649,3.602547950470383,4289
804,0.6425833333333333,0.18360735497422512,3.6025056680219834,4290
6635,0.6425,0.1836043597164939,3.6024468989549367,4291
7275,0.6424166666666666,0.18360261555499788,3.602412677277492,4292
10211,0.6423333333333333,0.18360081614589133,3.602377371603004,4293
9158,0.64225,0.18359921312835503,3.6023459192695304,4294
1174,0.6421666666666667,0.18359820751108727,3.602326188350231,4295
2217,0.6420833333333333,0.18359685635697365,3.602299677754531,4296
2304,0.642,0.18359429526219057,3.6022494272704524,4297
8017,0.6419166666666667,0.18358617261856766,3.602090055279609,4298
112,0.6418333333333334,0.18358541650563723,3.6020752198111996,4299
7558,0.64175,0.1835852731494689,3.6020724070621553,4300
11414,0.6416666666666667,0.18358458201245695,3.602058846467059,4301
1779,0.6415833333333333,0.18358225762223507,3.60201324029324,4302
3971,0.6415,0.1835813431240783,3.601995297195047,4303
11227,0.6414166666666666,0.18358134263417203,3.6019952875827324,4304
11398,0.6413333333333333,0.18357957294911312,3.6019605651150037,4305
5672,0.64125,0.1835748732885379,3.6018683544633125,4306
9746,0.6411666666666667,0.18357162121221413,3.6018045464345434,4307
3988,0.6410833333333333,0.18355905269052852,3.6015579431837432,4308
6188,0.641,0.18355863785311152,3.6015498037813156,4309
8206,0.6409166666666667,0.18355659212452968,3.6015096651452145,4310
11912,0.6408333333333334,0.1835561938250883,3.6015018502295275,4311
8656,0.64075,0.1835549611903301,3.6014776650670903,4312
3900,0.6406666666666667,0.18355272355582408,3.6014337611015197,4313
1633,0.6405833333333333,0.18355176672272328,3.601414987361953,4314
3044,0.6405,0.18355000822510115,3.6013804843996144,4315
5161,0.6404166666666666,0.18354974325678924,3.6013752855346706,4316
6642,0.6403333333333333,0.18354798332279199,3.6013407543896365,4317
8444,0.64025,0.18354758219652445,3.601332884009626,4318
2761,0.6401666666666667,0.18354711444095909,3.6013237063159096,4319
4422,0.6400833333333333,0.18354689910290792,3.6013194812316067,4320
5326,0.64,0.18354371280419354,3.601256963805854,4321
8012,0.6399166666666667,0.18354171363903438,3.6012177387769038,4322
2168,0.6398333333333334,0.1835400998534418,3.601186075166564,4323
10600,0.63975,0.1835399532570374,3.601183198841815,4324
3055,0.6396666666666667,0.18353409329808493,3.6010682223184443,4325
6904,0.6395833333333333,0.18353231691663607,3.601033368462834,4326
10071,0.6395,0.18353042856441354,3.6009963176617483,4327
5729,0.6394166666666666,0.18352822175399622,3.6009530184865355,4328
5861,0.6393333333333333,0.1835261659954855,3.600912683056147,4329
10057,0.63925,0.18352433399937274,3.600876738001636,4330
4257,0.6391666666666667,0.18352393602727968,3.6008689295087954,4331
4098,0.6390833333333333,0.18352017119309622,3.600795060809526,4332
10620,0.639,0.1835183554973093,3.600759435578891,4333
9731,0.6389166666666667,0.18351562957137885,3.600705950991565,4334
4855,0.6388333333333334,0.18351525189790274,3.600698540771864,4335
11366,0.63875,0.18351105949197838,3.6006162828137778,4336
9068,0.6386666666666667,0.1835103640415843,3.6006026375870777,4337
3768,0.6385833333333333,0.18351024489750334,3.6006002998962927,4338
2771,0.6385,0.18350772523167078,3.6005508622773847,4339
3634,0.6384166666666666,0.18350596671136937,3.6005163588700535,4340
8449,0.6383333333333333,0.18350560667943422,3.6005092947898314,4341
1951,0.63825,0.1835017058962288,3.6004327586750184,4342
2774,0.6381666666666667,0.18350103750722035,3.6004196444117067,4343
11758,0.6380833333333333,0.18349969752383927,3.6003933529936805,4344
6330,0.638,0.1834977821695695,3.6003557723933852,4345
10126,0.6379166666666667,0.18349438401580262,3.6002890982222535,4346
2822,0.6378333333333334,0.18349412060444592,3.600283929905886,4347
5035,0.63775,0.18349256075944803,3.6002533246480066,4348
8527,0.6376666666666667,0.18348902305925546,3.600183912477674,4349
11032,0.6375833333333333,0.18348715166579319,3.600147194419418,4350
5574,0.6375,0.18348567926762646,3.6001183049299863,4351
4637,0.6374166666666666,0.18348320687713263,3.600069794886533,4352
10497,0.6373333333333333,0.18348184622399138,3.6000430979132236,4353
1299,0.63725,0.18346906636399227,3.59979234805581,4354
10844,0.6371666666666667,0.1834673668354868,3.599759002109075,4355
9190,0.6370833333333333,0.18346346740666056,3.599682492568106,4356
9632,0.637,0.183458059011346,3.599576376041492,4357
7881,0.6369166666666667,0.18345421375676127,3.599500929437289,4358
3030,0.6368333333333334,0.1834522395900323,3.599462194895171,4359
5338,0.63675,0.18344815612787588,3.599382074490573,4360
2171,0.6366666666666667,0.18344666127022366,3.59935274433023,4361
11905,0.6365833333333333,0.1834452170233082,3.5993244071881687,4362
5134,0.6365,0.1834418592157896,3.599258524638824,4363
8043,0.6364166666666666,0.18344166085840916,3.5992546327272903,4364
6258,0.6363333333333333,0.18344118556456132,3.5992453071271058,4365
9977,0.63625,0.18343557387884202,3.5991352018994913,4366
2794,0.6361666666666667,0.18342987360101934,3.5990233584324187,4367
2656,0.6360833333333333,0.18342926888689812,3.599011493515305,4368
10268,0.636,0.18342862852782224,3.5989989292190554,4369
8167,0.6359166666666667,0.18342762882121058,3.598979314270949,4370
9882,0.6358333333333334,0.18342570224054425,3.5989415134008826,4371
4738,0.63575,0.18342296383977283,3.5988877840483573,4372
11739,0.6356666666666667,0.183421962883834,3.598868144587581,4373
7705,0.6355833333333333,0.18342099745570578,3.598849202207531,4374
11762,0.6355,0.18341784021290747,3.59878725487932,4375
2886,0.6354166666666666,0.18341314906059958,3.5986952111658317,4376
8409,0.6353333333333333,0.18341200369888944,3.5986727383621133,4377
9094,0.63525,0.18340943430235143,3.5986223249916955,4378
8136,0.6351666666666667,0.18340916644148633,3.598617069372814,4379
7244,0.6350833333333333,0.18340775113096022,3.598589299983109,4380
7846,0.635,0.18340769644423774,3.598588226991078,4381
1593,0.6349166666666667,0.18340617472768414,3.598558369840177,4382
4793,0.6348333333333334,0.18340574939642748,3.598550024541268,4383
6858,0.63475,0.18339907964383187,3.5984191592960197,4384
5158,0.6346666666666667,0.18339523819864165,3.5983437874348514,4385
6698,0.6345833333333334,0.1833911762865545,3.5982640898578024,4386
3326,0.6345,0.1833887751387818,3.598216977646733,4387
5435,0.6344166666666666,0.1833880193120451,3.598202147793634,4388
526,0.6343333333333333,0.18338764632274024,3.5981948294807102,4389
5325,0.63425,0.18338729331832174,3.59818790328527,4390
4940,0.6341666666666667,0.18338713811254287,3.598184858038551,4391
2876,0.6340833333333333,0.18338637120709317,3.5981698108132973,4392
27,0.634,0.1833853389031702,3.598149556282997,4393
11501,0.6339166666666667,0.18338416191593415,3.598126462964138,4394
241,0.6338333333333334,0.18338250499071923,3.5980939529240583,4395
4998,0.63375,0.18337776441603854,3.5980009395087436,4396
8305,0.6336666666666667,0.1833731948423593,3.5979112812535847,4397
8285,0.6335833333333334,0.18337117865669456,3.5978717222703063,4398
6013,0.6335,0.18337046418937897,3.5978577039182094,4399
4358,0.6334166666666666,0.18337021584046184,3.597852831137476,4400
3056,0.6333333333333333,0.1833685762309886,3.597820660844377,4401
8297,0.63325,0.1833685000241133,3.5978191656117975,4402
9530,0.6331666666666667,0.18336765236219726,3.597802533887751,4403
856,0.6330833333333333,0.18336653671057546,3.597780644016911,4404
1230,0.633,0.1833643338623382,3.5977374225824654,4405
2275,0.6329166666666667,0.18336231414185683,3.5976977942435804,4406
8253,0.6328333333333334,0.18336127167607905,3.5976773403305096,4407
6454,0.63275,0.1833603121061721,3.5976585128928678,4408
4844,0.6326666666666667,0.18335940209139495,3.5976406577617857,4409
1355,0.6325833333333334,0.18335878385525536,3.597628527533171,4410
10790,0.6325,0.18335411971965213,3.5975370139063845,4411
11897,0.6324166666666666,0.1833538789983401,3.597532290784626,4412
8050,0.6323333333333333,0.18335152155616521,3.5974860361082177,4413
5864,0.63225,0.1833478929718079,3.597414840726539,4414
239,0.6321666666666667,0.1833467837602146,3.5973930772135674,4415
8659,0.6320833333333333,0.1833452765584904,3.5973635048538197,4416
4357,0.632,0.18334386993065657,3.5973359058246555,4417
8128,0.6319166666666667,0.18334181493833382,3.5972955854274007,4418
5441,0.6318333333333334,0.18334072842620155,3.597274267293871,4419
9442,0.63175,0.18334058195404881,3.5972713934070155,4420
9675,0.6316666666666667,0.18333134676906196,3.59709019257078,4421
7104,0.6315833333333334,0.1833303448027613,3.597070533285991,4422
3962,0.6315,0.18332450575681492,3.5969559670905493,4423
6086,0.6314166666666666,0.1833170229025357,3.596809148217422,4424
1101,0.6313333333333333,0.18331689292230705,3.5968065979137585,4425
10331,0.63125,0.18331133010559963,3.5966974515306074,4426
4955,0.6311666666666667,0.18330985101729935,3.596668430776027,4427
5664,0.6310833333333333,0.18330735691720315,3.5966194947749006,4428
3292,0.631,0.18330124633215777,3.596499600791021,4429
11236,0.6309166666666667,0.18329674159443687,3.5964112146630063,4430
7469,0.6308333333333334,0.18329641416532422,3.5964047902731417,4431
10665,0.63075,0.18329499014808126,3.59637685005153,4432
4101,0.6306666666666667,0.1832937091867596,3.5963517166878916,4433
2457,0.6305833333333334,0.1832915061638313,3.596308491825872,4434
1514,0.6305,0.18328786572854563,3.5962370639206247,4435
10545,0.6304166666666666,0.1832866764695582,3.596213729821356,4436
1945,0.6303333333333333,0.18328235351817332,3.5961289104693943,4437
5188,0.63025,0.1832787495546046,3.5960581981649327,4438
2155,0.6301666666666667,0.18327682607332424,3.596020458106996,4439
6806,0.6300833333333333,0.18327551876824508,3.595994807860275,4440
8602,0.63,0.18327325650697146,3.5959504207001496,4441
7985,0.6299166666666667,0.18327257347327697,3.59593701909783,4442
11999,0.6298333333333334,0.18327005053688494,3.5958875173082285,4443
6455,0.62975,0.18326332574941434,3.5957555722400425,4444
2690,0.6296666666666667,0.18326255871006208,3.5957405223875067,4445
6711,0.6295833333333334,0.18325791012687775,3.595649313910188,4446
6456,0.6295,0.183256973041415,3.5956309276331826,4447
1635,0.6294166666666666,0.1832538916103485,3.5955704677845706,4448
6706,0.6293333333333333,0.18325181897269496,3.5955298011734946,4449
8928,0.62925,0.1832505891599753,3.595505671381469,4450
7986,0.6291666666666667,0.18324743767994833,3.5954438371229163,4451
10792,0.6290833333333333,0.1832442838162772,3.5953819560955527,4452
3296,0.629,0.1832432593643577,3.5953618556271225,4453
10178,0.6289166666666667,0.18324030484407108,3.595303885857441,4454
5283,0.6288333333333334,0.18323700787886477,3.595239197077185,4455
9980,0.62875,0.18323375294871735,3.5951753330543568,4456
9369,0.6286666666666667,0.18323294777613167,3.5951595350009162,4457
11448,0.6285833333333334,0.1832318163135113,3.5951373349071507,4458
7332,0.6285,0.18323128545840142,3.595126919155878,4459
4780,0.6284166666666666,0.18322997026062912,3.595101114048955,4460
9618,0.6283333333333333,0.18322949698646449,3.5950918280763586,4461
9758,0.62825,0.18322876777785652,3.595077520489681,4462
1671,0.6281666666666667,0.1832251327008176,3.5950061977170793,4463
3910,0.6280833333333333,0.18322357538889067,3.594975642159806,4464
5497,0.628,0.18322292055752087,3.5949627939069764,4465
4888,0.6279166666666667,0.18322260308964677,3.594956564963602,4466
11171,0.6278333333333334,0.18322195863154814,3.594943920241632,4467
1747,0.62775,0.1832177755097831,3.594861844445318,4468
9206,0.6276666666666667,0.1832088763919566,3.5946872374835355,4469
5720,0.6275833333333334,0.18320843122258654,3.594678502946877,4470
10253,0.6275,0.1832080926462847,3.5946718598412737,4471
420,0.6274166666666666,0.18320622591644725,3.594635233286663,4472
1257,0.6273333333333333,0.1832048642676674,3.594608516778214,4473
10205,0.62725,0.18320466483480746,3.5946046037649664,4474
11741,0.6271666666666667,0.1832032481018727,3.594576806466585,4475
7900,0.6270833333333333,0.18320199814365654,3.594552281405732,4476
10521,0.627,0.18320144743509179,3.5945414761156615,4477
1146,0.6269166666666667,0.18320115519727648,3.59453574220385,4478
11120,0.6268333333333334,0.1832003455017734,3.594519855407598,4479
3639,0.62675,0.18319622880112743,3.5944390828404513,4480
6150,0.6266666666666667,0.18319546729708702,3.5944241415946223,4481
903,0.6265833333333334,0.18319475139087524,3.5944100950103834,4482
9888,0.6265,0.18319110971230612,3.59433864271102,4483
7187,0.6264166666666666,0.18318794456676546,3.594276540325465,4484
2588,0.6263333333333333,0.1831877742065833,3.5942731977386657,4485
8777,0.62625,0.18318642147210387,3.5942466561350734,4486
4318,0.6261666666666666,0.1831840671634737,3.5942004629410285,4487
1890,0.6260833333333333,0.18318402791905358,3.594199692937859,4488
6609,0.626,0.1831833635190405,3.594186656941451,4489
9265,0.6259166666666667,0.18318310790456213,3.594181641605277,4490
10775,0.6258333333333334,0.18318266511286815,3.5941729537202525,4491
7482,0.62575,0.1831806837882278,3.5941340787348484,4492
6073,0.6256666666666667,0.18317746255862677,3.594070875940546,4493
4552,0.6255833333333334,0.1831748199729837,3.594019026548331,4494
1197,0.6255,0.18317408194159232,3.5940045458524796,4495
4444,0.6254166666666666,0.18317080123597582,3.593940176096787,4496
7317,0.6253333333333333,0.1831672815448263,3.59387111727657,4497
4212,0.62525,0.1831665612731622,3.5938569850390487,4498
3862,0.6251666666666666,0.183165997563987,3.5938459246678947,4499
6687,0.6250833333333333,0.18316404276533993,3.593807570141104,4500
1878,0.625,0.1831638653293867,3.5938040887227176,4501
9355,0.6249166666666667,0.18315935415488052,3.5937155763004762,4502
10479,0.6248333333333334,0.18315805247053,3.593690036336362,4503
9410,0.62475,0.18315701035551485,3.593669589305526,4504
9595,0.6246666666666667,0.18315542161658016,3.593638417128288,4505
11404,0.6245833333333334,0.1831532290074451,3.5935953965921916,4506
10430,0.6245,0.18315183747464997,3.593568093738358,4507
9551,0.6244166666666666,0.1831499171401467,3.5935304154223795,4508
1960,0.6243333333333333,0.18314860707952094,3.5935047111099028,4509
7306,0.62425,0.1831476485475392,3.593485904037035,4510
9393,0.6241666666666666,0.1831429210715655,3.593393147627639,4511
2225,0.6240833333333333,0.1831411121547997,3.5933576554062148,4512
11207,0.624,0.18313849037927454,3.593306214323148,4513
8288,0.6239166666666667,0.18313808017650487,3.5932981658557903,4514
8257,0.6238333333333334,0.18313800658062085,3.593296721852721,4515
4179,0.62375,0.18313523499985057,3.5932423414852446,4516
11517,0.6236666666666667,0.18313486172898025,3.5932350176477703,4517
5857,0.6235833333333334,0.18313155295795053,3.5931700972289304,4518
5921,0.6235,0.1831278312099915,3.593097073911764,4519
8310,0.6234166666666666,0.18312649342333906,3.593070825595068,4520
4065,0.6233333333333333,0.1831238661171693,3.5930192759969257,4521
9075,0.62325,0.18312327891350053,3.5930077546471866,4522
9273,0.6231666666666666,0.18312047722209393,3.5929527834878376,4523
1858,0.6230833333333333,0.183119900584568,3.5929414694533,4524
10041,0.623,0.18311969436538805,3.5929374232877125,4525
2974,0.6229166666666667,0.18311933640661232,3.592930399884323,4526
11756,0.6228333333333333,0.18311619686803557,3.592868799925406,4527
4982,0.62275,0.18311420064762146,3.5928296326744507,4528
9378,0.6226666666666667,0.18310406169076707,3.5926306991973957,4529
9449,0.6225833333333334,0.18310285088318795,3.592606942299566,4530
10536,0.6225,0.18310084759076492,3.592567636290795,4531
6799,0.6224166666666666,0.1831006481887939,3.592563723883657,4532
2298,0.6223333333333333,0.1830998298232237,3.5925476669745864,4533
9380,0.62225,0.18309394660528464,3.5924322340934793,4534
8029,0.6221666666666666,0.18309325863935452,3.592418735717219,4535
10395,0.6220833333333333,0.18309124029006296,3.5923791342820612,4536
6052,0.622,0.1830887858977373,3.5923309773753527,4537
2833,0.6219166666666667,0.1830873270391834,3.5923023535426695,4538
4987,0.6218333333333333,0.18308550624233935,3.592266628225703,4539
9012,0.62175,0.18307480029326756,3.5920565699618745,4540
2118,0.6216666666666667,0.18307325331595506,3.5920262171770725,4541
5433,0.6215833333333334,0.1830698464246773,3.591959371569815,4542
9057,0.6215,0.18306972338613683,3.5919569574669503,4543
10884,0.6214166666666666,0.1830660529209777,3.5918849403544226,4544
3502,0.6213333333333333,0.18306063991295068,3.5917787333231566,4545
6767,0.62125,0.18306062090114,3.591778360298024,4546
10587,0.6211666666666666,0.18305839032170812,3.591734594757961,4547
7951,0.6210833333333333,0.18305676106677968,3.5917026276283615,4548
924,0.621,0.1830555752219981,3.591679360518248,4549
8773,0.6209166666666667,0.18305371741242277,3.591642908985418,4550
11019,0.6208333333333333,0.18304950909111994,3.5915603387564348,4551
3537,0.62075,0.18304649932288364,3.5915012849830603,4552
7883,0.6206666666666667,0.18304441787719164,3.591460445552044,4553
10378,0.6205833333333334,0.18303836515444719,3.5913416868672714,4554
1693,0.6205,0.18303515731848674,3.591278746865598,4555
7524,0.6204166666666666,0.18303490228063854,3.5912737428433257,4556
2590,0.6203333333333333,0.18302622653028142,3.5911035185086764,4557
557,0.62025,0.1830240612037845,3.5910610332772244,4558
2373,0.6201666666666666,0.18302296959526979,3.5910396151490325,4559
2396,0.6200833333333333,0.18302145815985874,3.5910099597213994,4560
8677,0.62,0.18301399499534318,3.590863527175248,4561
11923,0.6199166666666667,0.18301165474020345,3.5908176097205464,4562
7802,0.6198333333333333,0.18300186976937047,3.5906256216986723,4563
1128,0.61975,0.1830014481624398,3.590617349473648,4564
10689,0.6196666666666667,0.18299040451218626,3.5904006652747005,4565
7943,0.6195833333333334,0.1829863432791158,3.5903209810204335,4566
533,0.6195,0.18298436415080163,3.5902821491285044,4567
9558,0.6194166666666666,0.18298342994600902,3.590263819372244,4568
10544,0.6193333333333333,0.18297894297740125,3.590175781886794,4569
8583,0.61925,0.18297739621073505,3.590145433235006,4570
1347,0.6191666666666666,0.18297372491893976,3.590073399903347,4571
5552,0.6190833333333333,0.1829726737225203,3.590052774688931,4572
9419,0.619,0.18296863566821106,3.5899735452183137,4573
10709,0.6189166666666667,0.18296203627944163,3.589844060560935,4574
11740,0.6188333333333333,0.182960661045492,3.5898170775018894,4575
11485,0.61875,0.1829561081587071,3.5897277466553996,4576
5076,0.6186666666666667,0.18295525655668848,3.5897110376238075,4577
9416,0.6185833333333334,0.18295503236798516,3.589706638883446,4578
9360,0.6185,0.182949425088712,3.589596620113441,4579
5773,0.6184166666666666,0.18294689016093738,3.5895468830444734,4580
8761,0.6183333333333333,0.18294507321194917,3.5895112332251524,4581
1617,0.61825,0.18294377931974834,3.5894858461485715,4582
10254,0.6181666666666666,0.18294244486666328,3.5894596632387996,4583
7967,0.6180833333333333,0.18294151930099042,3.5894415029881905,4584
3245,0.618,0.18293835251228252,3.5893793683625423,4585
10765,0.6179166666666667,0.18293470562110603,3.589307813788163,4586
6761,0.6178333333333333,0.18293431384542166,3.589300126873228,4587
6447,0.61775,0.18293250888053075,3.589264712190346,4588
6894,0.6176666666666667,0.182930308954023,3.589221548082267,4589
9470,0.6175833333333334,0.18292875744124829,3.589191106308493,4590
9525,0.6175,0.18292395866862235,3.5890969510085036,4591
1876,0.6174166666666666,0.18292059991077023,3.5890310498129985,4592
6095,0.6173333333333333,0.1829173668878975,3.588967615626358,4593
10644,0.61725,0.18291497219871963,3.5889206301374514,4594
8763,0.6171666666666666,0.18291458419017215,3.58891301713638,4595
4832,0.6170833333333333,0.18291359882722436,3.588893683621108,4596
3058,0.617,0.18291233612578334,3.588868908529185,4597
11930,0.6169166666666667,0.18291185932481774,3.5888595533582617,4598
9584,0.6168333333333333,0.18291125050294746,3.5888476078442144,4599
6721,0.61675,0.18290384208377106,3.588702249440283,4600
6658,0.6166666666666667,0.1829028791112021,3.5886833552400175,4601
8924,0.6165833333333334,0.18290189456378483,3.58866403772599,4602
5879,0.6165,0.18289746063715573,3.5885770409615585,4603
181,0.6164166666666666,0.18289540174781996,3.5885366441021738,4604
909,0.6163333333333333,0.18289355738958216,3.5885004564940557,4605
889,0.61625,0.1828931142329877,3.588491761449446,4606
10979,0.6161666666666666,0.18289203728224282,3.588470630917028,4607
9797,0.6160833333333333,0.18289112756255957,3.5884527815758736,4608
8194,0.616,0.1828868327606863,3.588368514537154,4609
6140,0.6159166666666667,0.1828865168963834,3.588362317056996,4610
4078,0.6158333333333333,0.1828826212626318,3.5882858819780594,4611
11453,0.61575,0.18288237313445727,3.5882810135284453,4612
9819,0.6156666666666667,0.18288232372277965,3.5882800440365195,4613
4385,0.6155833333333334,0.18288028966452502,3.5882401343804435,4614
4781,0.6155,0.1828797414326206,3.588229377684219,4615
10338,0.6154166666666666,0.18287895465382875,3.588213940529963,4616
8030,0.6153333333333333,0.1828783787979834,3.588202641832551,4617
5363,0.61525,0.1828777002246214,3.588189327745111,4618
7028,0.6151666666666666,0.18287700484036795,3.588175683816112,4619
4496,0.6150833333333333,0.182874295474047,3.588122524139978,4620
1646,0.615,0.18287222272660575,3.588081855374784,4621
4574,0.6149166666666667,0.18287200389730698,3.5880775617897713,4622
4921,0.6148333333333333,0.18286937551890192,3.588025991153577,4623
5451,0.61475,0.1828659491027612,3.5879587624548055,4624
3509,0.6146666666666667,0.18286226226280203,3.5878864240571673,4625
5044,0.6145833333333334,0.18285874727097215,3.587817457440912,4626
9071,0.6145,0.18285612264858989,3.5877659605005494,4627
8480,0.6144166666666667,0.1828560493490905,3.5877645223127166,4628
6734,0.6143333333333333,0.18285468407359762,3.587737734645642,4629
10447,0.61425,0.18285423877331214,3.5877289975402826,4630
6077,0.6141666666666666,0.18285040297097066,3.587653736395776,4631
10186,0.6140833333333333,0.18284919786400233,3.587630091347952,4632
409,0.614,0.18284891590227273,3.587624559060192,4633
123,0.6139166666666667,0.18284885129603698,3.58762329144034,4634
5094,0.6138333333333333,0.18284870859517274,3.587620491548811,4635
10734,0.61375,0.18284491960155075,3.5875461488243308,4636
6468,0.6136666666666667,0.18284456329115642,3.587539157763387,4637
1277,0.6135833333333334,0.1828416007080588,3.587481029795693,4638
978,0.6135,0.1828399522960361,3.587448686790407,4639
9188,0.6134166666666667,0.18283816315524506,3.5874135825874562,4640
7841,0.6133333333333333,0.18283773256318886,3.5874051340679687,4641
6064,0.61325,0.1828362662367383,3.5873763637098968,4642
192,0.6131666666666666,0.18283559641363262,3.58736322130863,4643
10191,0.6130833333333333,0.18283239161687895,3.587300340938288,4644
8002,0.613,0.1828258995880042,3.5871729627577356,4645
11896,0.6129166666666667,0.18282253387856187,3.5871069251670735,4646
8482,0.6128333333333333,0.18282109278922945,3.587078649979046,4647
5276,0.61275,0.18282047691281797,3.5870665660499563,4648
11851,0.6126666666666667,0.18281740562403465,3.5870063052000574,4649
10226,0.6125833333333334,0.18281540184517478,3.5869669896470633,4650
2731,0.6125,0.1828153945575776,3.5869668466592746,4651
9452,0.6124166666666667,0.1828068575198543,3.5867993439642287,4652
11013,0.6123333333333333,0.18280114670301267,3.5866872937141356,4653
2459,0.61225,0.1827958996892721,3.5865843436077043,4654
11566,0.6121666666666666,0.18279117268709824,3.586491596494545,4655
5495,0.6120833333333333,0.1827910704696866,3.586489590916937,4656
8044,0.612,0.18279088535950724,3.5864859589247917,4657
4377,0.6119166666666667,0.18279052795684897,3.5864789464328464,4658
3745,0.6118333333333333,0.18279034122280174,3.5864752825792867,4659
8581,0.61175,0.18278776322072804,3.5864247003621923,4660
1698,0.6116666666666667,0.18278649153271453,3.586399748947393,4661
735,0.6115833333333334,0.18278529336414517,3.586376240035909,4662
2620,0.6115,0.18278356789081734,3.586342385033464,4663
9304,0.6114166666666667,0.18278345316310352,3.586340133994867,4664
9473,0.6113333333333333,0.18278287576696814,3.586328805075909,4665
5367,0.61125,0.1827822460443291,3.5863164494740403,4666
5460,0.6111666666666666,0.1827782307833986,3.5862376672255944,4667
5723,0.6110833333333333,0.18277422238674312,3.5861590196590054,4668
8227,0.611,0.18277315032434302,3.58613798503937,4669
4566,0.6109166666666667,0.18276991839810122,3.586074572369437,4670
8111,0.6108333333333333,0.18276946532956803,3.5860656828455806,4671
10866,0.61075,0.18276840964405142,3.586044969551965,4672
6992,0.6106666666666667,0.18276721871976498,3.5860216027783576,4673
989,0.6105833333333334,0.1827665408610207,3.5860083027121963,4674
8904,0.6105,0.18276586852698065,3.585995111044622,4675
3063,0.6104166666666667,0.18276498713991848,3.585977817609492,4676
8,0.6103333333333333,0.18276281232834232,3.5859351462740605,4677
5865,0.61025,0.1827618244525235,3.5859157634544747,4678
2803,0.6101666666666666,0.18275591274123718,3.585799771513849,4679
9115,0.6100833333333333,0.18275512101284405,3.5857842372449324,4680
2323,0.61,0.1827508968907881,3.5857013569940275,4681
8929,0.6099166666666667,0.18274388133101818,3.5855637067684185,4682
5429,0.6098333333333333,0.182742009394462,3.585526978054302,4683
2993,0.60975,0.18274130589189655,3.5855131748383045,4684
2076,0.6096666666666667,0.18273905502049376,3.5854690111554754,4685
6044,0.6095833333333334,0.18272898540904328,3.5852714382841286,4686
1606,0.6095,0.18272882259394385,3.5852682437371755,4687
10414,0.6094166666666667,0.18272301753223327,3.585154344336325,4688
11512,0.6093333333333333,0.18271615203305883,3.585019638405318,4689
3408,0.60925,0.1827151977560276,3.5850009148176607,4690
11734,0.6091666666666666,0.18271205821379352,3.5849393147869635,4691
10404,0.6090833333333333,0.182711842297825,3.5849350783635625,4692
5249,0.609,0.18270487129367582,3.5847983023506176,4693
11714,0.6089166666666667,0.1827029111020766,3.5847598420103552,4694
9599,0.6088333333333333,0.18270182215404926,3.584738476082828,4695
4958,0.60875,0.18270075433198626,3.584717524661598,4696
10828,0.6086666666666667,0.18269589361065522,3.5846221538843723,4697
493,0.6085833333333334,0.1826945103735727,3.5845950137982703,4698
6,0.6085,0.18269291822539083,3.5845637747291716,4699
8784,0.6084166666666667,0.182682924891372,3.5843676984747326,4700
10704,0.6083333333333333,0.18267887696008686,3.5842882752109038,4701
620,0.60825,0.1826785062404739,3.5842810014309103,4702
6232,0.6081666666666666,0.18267611305554712,3.5842340454564834,4703
2409,0.6080833333333333,0.1826733384410489,3.5841796055651645,4704
9047,0.608,0.18267314489819977,3.5841758081180415,4705
6546,0.6079166666666667,0.18266493770187958,3.584014777143743,4706
6531,0.6078333333333333,0.18266152145011136,3.5839477478771236,4707
9037,0.60775,0.18266133611909807,3.583944111552019,4708
6072,0.6076666666666667,0.18266016021583442,3.5839210395015115,4709
9179,0.6075833333333334,0.18265790761377695,3.583876841862023,4710
7452,0.6075,0.18265764835205692,3.583871754964414,4711
4344,0.6074166666666667,0.1826567212250061,3.5838535640784412,4712
646,0.6073333333333333,0.18265430342467,3.5838061251323907,4713
7885,0.60725,0.18265233514239096,3.583767506047248,4714
10019,0.6071666666666666,0.18265083390042608,3.5837380506221743,4715
2728,0.6070833333333333,0.18263878897079194,3.583501720616338,4716
470,0.607,0.18263722588837727,3.583471051838071,4717
4056,0.6069166666666667,0.18263542770173935,3.5834357701492845,4718
9143,0.6068333333333333,0.18263402487847183,3.583408245768366,4719
1053,0.60675,0.18263227804787519,3.583373971721329,4720
9431,0.6066666666666667,0.18262494032218266,3.5832300003733124,4721
8411,0.6065833333333334,0.18262372734770516,3.583206200959429,4722
5509,0.6065,0.1826222539476692,3.5831772918126386,4723
4031,0.6064166666666667,0.18261711100638126,3.58307638368107,4724
10270,0.6063333333333333,0.1826135534156907,3.583006581245132,4725
2005,0.60625,0.18261119645744092,3.5829603360636364,4726
11814,0.6061666666666666,0.18260876743982724,3.582912677026669,4727
6390,0.6060833333333333,0.1826085225308816,3.582907871740592,4728
3992,0.606,0.18260706791956946,3.582879331241762,4729
4852,0.6059166666666667,0.18260418568830744,3.582822779833709,4730
10291,0.6058333333333333,0.18259140524970704,3.5825720186236776,4731
6249,0.60575,0.18258783392092706,3.5825019466368104,4732
3199,0.6056666666666667,0.1825804960684896,3.582357972802002,4733
10977,0.6055833333333334,0.18256328151524923,3.5820202111385813,4734
3382,0.6055,0.18256213028168572,3.581997623125008,4735
4978,0.6054166666666667,0.1825601437695103,3.581958646356491,4736
9509,0.6053333333333333,0.18255769508002778,3.581910601343564,4737
6342,0.60525,0.18255251515627985,3.581808967590036,4738
7915,0.6051666666666666,0.18255089285047,3.581777136807025,4739
11702,0.6050833333333333,0.18254775502190176,3.5817155703996812,4740
7169,0.605,0.1825441950013029,3.581645720287275,4741
10837,0.6049166666666667,0.18254036178573538,3.581570509897073,4742
160,0.6048333333333333,0.18253713401069918,3.5815071786767136,4743
1872,0.60475,0.18253686135479844,3.5815018289758456,4744
7500,0.6046666666666667,0.1825319182882235,3.5814048425269167,4745
10761,0.6045833333333334,0.18253043605713604,3.581375760108629,4746
2534,0.6045,0.18252895785196438,3.581346756681703,4747
9715,0.6044166666666667,0.18252447778690453,3.58125885464872,4748
2858,0.6043333333333333,0.1825216870029877,3.581204097501988,4749
8748,0.60425,0.18252010432150034,3.5811730441760847,4750
6732,0.6041666666666666,0.18251699214795822,3.581111981138493,4751
11062,0.6040833333333333,0.1825142971888724,3.5810591041424207,4752
9612,0.604,0.18251070783114867,3.5809886784149487,4753
8148,0.6039166666666667,0.18251036940742124,3.580982038302959,4754
1804,0.6038333333333333,0.18250412081485817,3.580859436514374,4755
6852,0.60375,0.1825012920405872,3.580803933970084,4756
8058,0.6036666666666667,0.1824992630263567,3.5807641232813037,4757
9027,0.6035833333333334,0.18249032998577155,3.5805888507311074,4758
202,0.6035,0.18248874371312787,3.580557726944229,4759
5175,0.6034166666666667,0.18248303872706004,3.5804457910980423,4760
5653,0.6033333333333334,0.1824822767067979,3.5804308397236193,4761
10622,0.60325,0.18247968537984255,3.580379996062962,4762
10650,0.6031666666666666,0.18247919791824418,3.580370431722959,4763
7902,0.6030833333333333,0.1824707516000555,3.5802047090090925,4764
1766,0.603,0.18246795185240067,3.5801497759875227,4765
1464,0.6029166666666667,0.18246734613716958,3.580137891427933,4766
7189,0.6028333333333333,0.1824672263172399,3.5801355404764967,4767
7966,0.60275,0.18246622726489223,3.580115938365511,4768
7782,0.6026666666666667,0.18246438184808175,3.580079729987487,4769
6343,0.6025833333333334,0.18246086616164756,3.5800107497426232,4770
6669,0.6025,0.18245782164713648,3.5799510142228383,4771
585,0.6024166666666667,0.18245565934089605,3.579908588250953,4772
6550,0.6023333333333334,0.18245467017722392,3.5798891801627404,4773
5733,0.60225,0.18245385512196155,3.579873188204232,4774
5259,0.6021666666666666,0.1824514632004303,3.579826257018524,4775
11989,0.6020833333333333,0.18245097181685843,3.5798166157266027,4776
8051,0.602,0.18244985739689398,3.57979475002175,4777
972,0.6019166666666667,0.18244068733876717,3.579614827020433,4778
504,0.6018333333333333,0.18243988870130073,3.5795991571906134,4779
2151,0.60175,0.18243756236532174,3.579553512839659,4780
6503,0.6016666666666667,0.1824329087739712,3.57946220609859,4781
577,0.6015833333333334,0.18243037003177226,3.5794123941879645,4782
10423,0.6015,0.1824299701255466,3.5794045477459937,4783
3941,0.6014166666666667,0.18242809965022538,3.579367847702377,4784
1829,0.6013333333333334,0.18242491724825405,3.5793054067334884,4785
627,0.60125,0.18241674207036193,3.5791450039832924,4786
11079,0.6011666666666666,0.18241566400735784,3.579123851627557,4787
9766,0.6010833333333333,0.1824133349345251,3.579078153577586,4788
5138,0.601,0.1824092459559622,3.5789979249372426,4789
3693,0.6009166666666667,0.18240824918219228,3.578978367533601,4790
9096,0.6008333333333333,0.18240721234502977,3.5789580240579273,4791
3233,0.60075,0.18240302194591626,3.5788758054749374,4792
5092,0.6006666666666667,0.18240102961905524,3.5788367146181814,4793
10795,0.6005833333333334,0.18239852909675963,3.578787652608944,4794
10489,0.6005,0.18239524404757784,3.57872319762947,4795
8158,0.6004166666666667,0.18239326640441902,3.5786843948773326,4796
11793,0.6003333333333334,0.18238866843823565,3.5785941795412324,4797
10550,0.60025,0.18238858059090715,3.578592455914765,4798
7506,0.6001666666666666,0.18238439938933526,3.5785104177939857,4799
11127,0.6000833333333333,0.18238415247391232,3.5785055731394024,4800
10113,0.6,0.18238379414556213,3.5784985424846965,4801
7789,0.5999166666666667,0.1823831771073466,3.5784864357601913,4802
7040,0.5998333333333333,0.1823824470146724,3.578472110827521,4803
5786,0.59975,0.18238085742570428,3.578440921972012,4804
10805,0.5996666666666667,0.1823797086976076,3.5784183831173593,4805
3906,0.5995833333333334,0.18237851477619144,3.5783949575380287,4806
1864,0.5995,0.1823770252354892,3.5783657316999564,4807
2059,0.5994166666666667,0.18237660169331962,3.578357421504199,4808
11197,0.5993333333333334,0.1823734153126844,3.578294902471102,4809
7826,0.59925,0.18236801038100925,3.578188853903498,4810
1216,0.5991666666666666,0.18236702056905454,3.5781694330955798,4811
5725,0.5990833333333333,0.182366947216469,3.57816799386615,4812
8359,0.599,0.182366799961838,3.578165104626513,4813
11260,0.5989166666666667,0.18236625751217933,3.578154461382033,4814
880,0.5988333333333333,0.18236521902067687,3.5781340854470747,4815
10772,0.59875,0.1823635909225299,3.578102141014351,4816
2149,0.5986666666666667,0.18236288169275205,3.578088225426411,4817
10992,0.5985833333333334,0.18236083343193074,3.5780480371059085,4818
10712,0.5985,0.18235773178166045,3.5779871805423094,4819
10359,0.5984166666666667,0.1823520125049125,3.5778749643029206,4820
8248,0.5983333333333334,0.18235150060604954,3.5778649204865522,4821
4680,0.59825,0.18235018023048588,3.577839013787722,4822
9121,0.5981666666666666,0.18234512188125365,3.5777397654118284,4823
7245,0.5980833333333333,0.18234387053381457,3.577715213093443,4824
11243,0.598,0.18233849740575903,3.5776097885352893,4825
10392,0.5979166666666667,0.18233849391122853,3.577609719970104,4826
8094,0.5978333333333333,0.1823372698990198,3.5775857039881744,4827
2836,0.59775,0.18233647129837482,3.5775700348808686,4828
2052,0.5976666666666667,0.18233259521337083,3.5774939833621184,4829
3145,0.5975833333333334,0.18233128717266447,3.57746831868186,4830
5279,0.5975,0.1823284654645265,3.577412954780124,4831
10431,0.5974166666666667,0.1823284095190057,3.577411857089592,4832
9801,0.5973333333333334,0.18232366746444892,3.5773188146381134,4833
3323,0.59725,0.18232336937144114,3.577312965843285,4834
990,0.5971666666666666,0.1823193653343253,3.577234403813957,4835
4897,0.5970833333333333,0.18231777118078665,3.577203125398336,4836
9302,0.597,0.18230813112867175,3.577013980783756,4837
1042,0.5969166666666667,0.18230012264942833,3.57685684877854,4838
10542,0.5968333333333333,0.18229936020385706,3.576841889059187,4839
11412,0.59675,0.18229802135063417,3.5768156198156467,4840
11536,0.5966666666666667,0.18229773840413815,3.5768100682060426,4841
10731,0.5965833333333334,0.18229703413012766,3.5767962498537758,4842
5666,0.5965,0.18229564755300948,3.5767690442337905,4843
7863,0.5964166666666667,0.1822947526217425,3.576751485051779,4844
8720,0.5963333333333334,0.18229231324091028,3.5767036226811433,4845
5310,0.59625,0.1822909173578923,3.5766762344728518,4846
9010,0.5961666666666666,0.18229063852017846,3.5766707634804336,4847
2737,0.5960833333333333,0.18228035248104596,3.576468944145483,4848
7801,0.596,0.18227863893197052,3.576435323105261,4849
7426,0.5959166666666667,0.18227795968078084,3.5764219957184182,4850
2525,0.5958333333333333,0.18226864574508533,3.5762392497377853,4851
5554,0.59575,0.18226797201325323,3.5762260306445457,4852
5385,0.5956666666666667,0.1822640570596186,3.5761492164958915,4853
8882,0.5955833333333334,0.18226166288909054,3.576102241183265,4854
10626,0.5955,0.182260387971854,3.576077226408813,4855
9546,0.5954166666666667,0.18225953970420367,3.576060582799858,4856
3723,0.5953333333333334,0.182257773976795,3.5760259379840296,4857
374,0.59525,0.18225231334694503,3.5759187965790398,4858
2734,0.5951666666666666,0.18225024970831746,3.575878306535179,4859
31,0.5950833333333333,0.18225021579694384,3.575877641170144,4860
1998,0.595,0.18224907921951153,3.5758553407201195,4861
10062,0.5949166666666666,0.18224811639516647,3.5758364494280714,4862
5459,0.5948333333333333,0.18224740005549128,3.5758223943389584,4863
426,0.59475,0.18224715387185458,3.575817564042562,4864
7057,0.5946666666666667,0.18223973512189243,3.575672002941279,4865
10280,0.5945833333333334,0.18223942100922338,3.575665839829404,4866
3647,0.5945,0.18223402420239604,3.575559950677075,4867
5686,0.5944166666666667,0.1822331234174935,3.5755422766426213,4868
6360,0.5943333333333334,0.18223162264898618,3.5755128305071056,4869
8707,0.59425,0.18223076104640432,3.57549592525739,4870
7797,0.5941666666666666,0.18222808478497368,3.5754434151225323,4871
9623,0.5940833333333333,0.1822245122060854,3.5753733186076286,4872
6372,0.594,0.18222334153075845,3.5753503491328775,4873
824,0.5939166666666666,0.18222288754865446,3.575341441684177,4874
5780,0.5938333333333333,0.1822209697174252,3.5753038124841803,4875
4255,0.59375,0.18222092036928175,3.57530284423889,4876
4435,0.5936666666666667,0.18221868744221711,3.5752590326365987,4877
9833,0.5935833333333334,0.1822179168891998,3.575243913843462,4878
1971,0.5935,0.18221620879787045,3.575210399888155,4879
9246,0.5934166666666667,0.18221235080409529,3.575134703332086,4880
7619,0.5933333333333334,0.18220555139733627,3.5750012941808196,4881
4080,0.59325,0.18220340424101159,3.574959165460937,4882
109,0.5931666666666666,0.18220221563896014,3.5749358442512564,4883
9609,0.5930833333333333,0.18220020450289642,3.5748963843446524,4884
7477,0.593,0.18219533287221198,3.5748007995182602,4885
10719,0.5929166666666666,0.1821888540852097,3.574673681152544,4886
11204,0.5928333333333333,0.18218848951134817,3.574666527956504,4887
10702,0.59275,0.18218406818286015,3.5745797783764433,4888
7620,0.5926666666666667,0.18218351343984895,3.5745688939277347,4889
5344,0.5925833333333334,0.1821830659435518,3.5745601137350977,4890
584,0.5925,0.1821793435042596,3.574487076853524,4891
1725,0.5924166666666667,0.18217835727732845,3.5744677263862474,4892
1629,0.5923333333333334,0.1821772418983028,3.574445841863886,4893
10237,0.59225,0.18217720718104818,3.574445160686884,4894
4782,0.5921666666666666,0.1821751263154471,3.574404332637692,4895
9958,0.5920833333333333,0.18217468699778927,3.574395712915699,4896
8156,0.592,0.18216986218009854,3.5743010465932086,4897
7873,0.5919166666666666,0.1821681599305455,3.574267647257661,4898
11305,0.5918333333333333,0.18216618947206276,3.5742289854739013,4899
11632,0.59175,0.18216584297795074,3.5742221870152786,4900
5218,0.5916666666666667,0.18216101027435921,3.5741273659658708,4901
3660,0.5915833333333333,0.18215733516178415,3.57405525766778,4902
6762,0.5915,0.18215594231093607,3.574027928952815,4903
5802,0.5914166666666667,0.1821537686668277,3.5739852805239343,4904
2311,0.5913333333333334,0.18215125426273607,3.5739359461440667,4905
4420,0.59125,0.18214596688818727,3.5738322041301247,4906
9306,0.5911666666666666,0.18214530558183895,3.5738192288336066,4907
11391,0.5910833333333333,0.18214192298875906,3.573752859974112,4908
4956,0.591,0.18214124846155713,3.573739625275217,4909
9790,0.5909166666666666,0.18213917702514412,3.573698982233285,4910
6630,0.5908333333333333,0.18213400901296542,3.573597582193174,4911
9339,0.59075,0.18213284128306378,3.573574670509755,4912
3957,0.5906666666666667,0.18213030665563398,3.5735249393337787,4913
7706,0.5905833333333333,0.18212995627893241,3.573518064696006,4914
2751,0.5905,0.18212989715178635,3.5735169045797672,4915
11349,0.5904166666666667,0.18212403755822315,3.573401935225574,4916
7128,0.5903333333333334,0.18212386704276196,3.573398589592091,4917
1182,0.59025,0.18211910879066037,3.5733052293333767,4918
2840,0.5901666666666666,0.18211903143495803,3.573303711559986,4919
6958,0.5900833333333333,0.1821144846291978,3.5732145000274453,4920
10754,0.59,0.18211441872627615,3.5732132069656526,4921
6326,0.5899166666666666,0.1821144060521725,3.573212958290852,4922
11266,0.5898333333333333,0.18211035739749684,3.5731335208335318,4923
9630,0.58975,0.18211022328918502,3.573130889533986,4924
9323,0.5896666666666667,0.18210689068634073,3.5730655015181423,4925
1830,0.5895833333333333,0.18210170326040345,3.5729637205663964,4926
147,0.5895,0.18209787853849158,3.572888676827742,4927
9524,0.5894166666666667,0.18209545582840486,3.5728411415488406,4928
1046,0.5893333333333334,0.18209528055958177,3.5728377026510776,4929
576,0.58925,0.1820952105590104,3.572836329190534,4930
1074,0.5891666666666666,0.18209307089433116,3.572794347461995,4931
8307,0.5890833333333333,0.18208517246570904,3.572639374727431,4932
8762,0.589,0.18208428548140096,3.5726219714703813,4933
1329,0.5889166666666666,0.18208362741740677,3.572609059791195,4934
7400,0.5888333333333333,0.18208283344584944,3.5725934815098084,4935
9067,0.58875,0.18208233109492433,3.5725836250307053,4936
2282,0.5886666666666667,0.18208185829703966,3.5725743484031236,4937
8391,0.5885833333333333,0.18208039034922918,3.572545546232778,4938
2903,0.5885,0.1820795715525378,3.572529480864839,4939
2777,0.5884166666666667,0.18207089829433265,3.57235930542796,4940
10457,0.5883333333333334,0.1820708392089136,3.5723581461304095,4941
9161,0.58825,0.18206833213927456,3.5723089556576637,4942
7914,0.5881666666666666,0.1820672935724852,3.5722885782455265,4943
3096,0.5880833333333333,0.18206659167340525,3.5722748064910643,4944
3074,0.588,0.18206523587490872,3.572248204769303,4945
11006,0.5879166666666666,0.18206522695473987,3.572248029749276,4946
1546,0.5878333333333333,0.1820636454642481,3.572216999791624,4947
5540,0.58775,0.18206329124779433,3.5722100498151965,4948
3909,0.5876666666666667,0.18206233916347564,3.5721913692500564,4949
5738,0.5875833333333333,0.18206158119699975,3.572176497413788,4950
183,0.5875,0.18206115140940368,3.572168064678343,4951
7485,0.5874166666666667,0.18205935180777796,3.572132755226495,4952
4209,0.5873333333333334,0.18205575013901623,3.5720620879477725,4953
3552,0.58725,0.18205384335437325,3.572024675489601,4954
2875,0.5871666666666666,0.18205356035243642,3.5720191227922378,4955
1719,0.5870833333333333,0.18205353087339007,3.5720185443925736,4956
6087,0.587,0.18205342218268372,3.5720164118043396,4957
7188,0.5869166666666666,0.18205211520621084,3.571990768005092,4958
3611,0.5868333333333333,0.18205055947432838,3.571960243449449,4959
11638,0.58675,0.18204517171652052,3.5718545318451898,4960
4164,0.5866666666666667,0.1820440813062781,3.5718331372279923,4961
1799,0.5865833333333333,0.18204297228566185,3.5718113774621383,4962
4200,0.5865,0.18204225448971445,3.571797293799902,4963
6359,0.5864166666666667,0.18204150247850065,3.571782538810039,4964
7595,0.5863333333333334,0.18203886457620883,3.5717307813084966,4965
1592,0.58625,0.18203825921616335,3.5717189037179278,4966
7366,0.5861666666666666,0.18203454759932933,3.571646079180547,4967
5928,0.5860833333333333,0.18203184533601569,3.5715930588703744,4968
794,0.586,0.1820249998073801,3.5714587447754464,4969
10283,0.5859166666666666,0.182023257404007,3.5714245575936134,4970
1450,0.5858333333333333,0.18202270453478744,3.5714137099100256,4971
11670,0.58575,0.18202174835836613,3.571394949054891,4972
4545,0.5856666666666667,0.1820169173320179,3.5713001609141877,4973
8377,0.5855833333333333,0.18201314187333256,3.5712260837547642,4974
5528,0.5855,0.18201307215863405,3.571224715903245,4975
7709,0.5854166666666667,0.18201241171742374,3.571211757581356,4976
10029,0.5853333333333334,0.1820107820693078,3.5711797827371248,4977
9857,0.58525,0.1820092483462379,3.571149690009876,4978
4547,0.5851666666666666,0.18200806850893397,3.5711265407707184,4979
3359,0.5850833333333333,0.18200328824532025,3.5710327486306346,4980
9548,0.585,0.18199908944920792,3.570950365292558,4981
4095,0.5849166666666666,0.1819977036756719,3.57092317543943,4982
11580,0.5848333333333333,0.18199748795847306,3.5709189429159647,4983
6261,0.58475,0.1819965095714994,3.570899746274236,4984
9196,0.5846666666666667,0.18199418200982193,3.570854077874186,4985
7861,0.5845833333333333,0.18199106709134255,3.5707929609789533,4986
11309,0.5845,0.18199096488555633,3.570790955629411,4987
5178,0.5844166666666667,0.18198867034446703,3.570745935116614,4988
7383,0.5843333333333334,0.18198723683570056,3.5707178086645968,4989
433,0.58425,0.1819862887352096,3.57069920626497,4990
6903,0.5841666666666666,0.18198576317565965,3.570688894416315,4991
1662,0.5840833333333333,0.18198057009333163,3.570587002482183,4992
10449,0.584,0.18197897796013598,3.5705557637070955,4993
9438,0.5839166666666666,0.18197577403243498,3.570492900388241,4994
7920,0.5838333333333333,0.1819704120184925,3.570387693896775,4995
343,0.58375,0.1819661397079492,3.570303868153828,4996
1072,0.5836666666666667,0.1819657458470289,3.570296140325053,4997
3766,0.5835833333333333,0.18196506194703185,3.5702827217252713,4998
1871,0.5835,0.1819637866273406,3.570257699054398,4999
4959,0.5834166666666667,0.18196201960684855,3.570223028867338,5000
89,0.5833333333333334,0.18196042951469146,3.570191830138925,5001
2967,0.58325,0.18195733968276467,3.5701312054595027,5002
2261,0.5831666666666667,0.1819568332485659,3.5701212688637236,5003
7004,0.5830833333333333,0.18195326223661543,3.570051203093202,5004
1387,0.583,0.18195288278699273,3.5700437580243083,5005
1549,0.5829166666666666,0.18195230714754945,3.5700324635728276,5006
7099,0.5828333333333333,0.18194598199515583,3.5699083596263765,5007
8877,0.58275,0.18194248060570936,3.569839659898479,5008
3372,0.5826666666666667,0.18194042489542964,3.569799325414417,5009
7431,0.5825833333333333,0.1819340956834036,3.569675141815094,5010
10860,0.5825,0.18192908490255857,3.5695768267644903,5011
2594,0.5824166666666667,0.1819251748542998,3.5695001088627727,5012
6296,0.5823333333333334,0.1819242795005572,3.5694825413915163,5013
2813,0.58225,0.1819240414773993,3.56947787120947,5014
7726,0.5821666666666667,0.18192347016197738,3.5694666615983293,5015
5221,0.5820833333333333,0.18192071790286501,3.569412660335412,5016
2500,0.582,0.1819187336456687,3.56937372781121,5017
9656,0.5819166666666666,0.1819178386358289,3.5693561670875043,5018
8892,0.5818333333333333,0.18191031845445715,3.569208615830558,5019
9164,0.58175,0.18190675606233572,3.5691387191872073,5020
8210,0.5816666666666667,0.18189863325301817,3.5689793439453146,5021
10345,0.5815833333333333,0.18189422037412514,3.568892760152253,5022
6158,0.5815,0.18188898661889738,3.568790070187198,5023
4092,0.5814166666666667,0.18188883868020453,3.5687871675258203,5024
2062,0.5813333333333334,0.18188652390473845,3.568741750000285,5025
9894,0.58125,0.18188483637311623,3.5687086394408225,5026
5122,0.5811666666666667,0.18188276790006958,3.568668054542308,5027
161,0.5810833333333333,0.1818826397553775,3.5686655402531953,5028
10042,0.581,0.1818817700992962,3.5686484769880877,5029
3452,0.5809166666666666,0.181879643332169,3.5686067483186488,5030
781,0.5808333333333333,0.18187647842491597,3.568544650608465,5031
11101,0.58075,0.1818707859481597,3.5684329602037437,5032
4521,0.5806666666666667,0.1818661089278716,3.5683411937704266,5033
5038,0.5805833333333333,0.1818647713462473,3.568314949476566,5034
4399,0.5805,0.18186112262025764,3.5682433589018556,5035
1330,0.5804166666666667,0.18185914207199944,3.56820449914963,5036
11602,0.5803333333333334,0.1818560048640094,3.5681429449184634,5037
2361,0.58025,0.18185418027082828,3.568107145114748,5038
6849,0.5801666666666667,0.1818524773107095,3.5680737318373392,5039
11751,0.5800833333333333,0.18185125738570931,3.568049796049297,5040
3777,0.58,0.1818505105666051,3.5680351429323096,5041
6007,0.5799166666666666,0.1818502563012191,3.56803015406629,5042
5911,0.5798333333333333,0.18184930023842916,3.5680113954407395,5043
10631,0.57975,0.18184509170490287,3.5679288210477784,5044
6560,0.5796666666666667,0.18184183360257108,3.5678648947844875,5045
11715,0.5795833333333333,0.1818404423488845,3.5678375974069,5046
449,0.5795,0.18183964237476935,3.5678219013511505,5047
753,0.5794166666666667,0.18183740986778973,3.5677780979912876,5048
8219,0.5793333333333334,0.18183264551479156,3.567684618028617,5049
8734,0.57925,0.18182979403867003,3.5676286700580704,5050
663,0.5791666666666667,0.18182779702337346,3.5675894872109426,5051
11133,0.5790833333333333,0.1818255966046148,3.5675463134445433,5052
7904,0.579,0.18182212255482427,3.5674781501399613,5053
1637,0.5789166666666666,0.18182154448866464,3.567466808074647,5054
6638,0.5788333333333333,0.1818185383985927,3.5674078264694353,5055
11947,0.57875,0.18181646077593794,3.567367062049098,5056
5361,0.5786666666666667,0.18181361567048263,3.5673112390755257,5057
1121,0.5785833333333333,0.1818100143107839,3.5672405778608676,5058
1894,0.5785,0.18180734282849806,3.5671881614961816,5059
8705,0.5784166666666667,0.18180725147489674,3.5671863690741255,5060
7981,0.5783333333333334,0.1818067362719901,3.56717626043009,5061
2920,0.57825,0.18180020983308373,3.567048207100484,5062
8028,0.5781666666666667,0.1817990616171426,3.5670256782946836,5063
11314,0.5780833333333333,0.18179821857071038,3.567009137129688,5064
5947,0.578,0.1817976995749497,3.56699895406725,5065
10990,0.5779166666666666,0.18179565349616592,3.566958808559903,5066
9136,0.5778333333333333,0.18179544439439957,3.5669547058358946,5067
5620,0.57775,0.18179101358080646,3.56686777015141,5068
7299,0.5776666666666667,0.18179003869711985,3.56684864224661,5069
656,0.5775833333333333,0.181789665281544,3.566841315569927,5070
1503,0.5775,0.1817861581572938,3.5667725033211592,5071
5535,0.5774166666666667,0.18178168448464177,3.566684726711765,5072
8617,0.5773333333333334,0.18177603492823347,3.5665738784345065,5073
11029,0.57725,0.18177595254903703,3.566572262096618,5074
5600,0.5771666666666667,0.18177241602756103,3.566502873053534,5075
4029,0.5770833333333333,0.18177079766591825,3.5664711196578787,5076
2646,0.577,0.1817633634096245,3.5663252543115034,5077
3836,0.5769166666666666,0.181762929352225,3.566316737799487,5078
6909,0.5768333333333333,0.18176151505787888,3.566288988347938,5079
9967,0.57675,0.18176137147253416,3.566286171102359,5080
3121,0.5766666666666667,0.18175941985370478,3.5662478789658394,5081
4274,0.5765833333333333,0.18175336626832508,3.5661291033555296,5082
2023,0.5765,0.1817510276858474,3.5660832187196334,5083
8289,0.5764166666666667,0.1817485403883194,3.5660344161896687,5084
11926,0.5763333333333334,0.18174749509713695,3.5660139068401726,5085
8972,0.57625,0.18174502804431394,3.5659655015256115,5086
851,0.5761666666666667,0.18174366831614275,3.5659388227009092,5087
3234,0.5760833333333333,0.18174360850704138,3.5659376492042014,5088
1126,0.576,0.18174345992312027,3.5659347338829663,5089
5488,0.5759166666666666,0.18173864821413804,3.5658403247625987,5090
2667,0.5758333333333333,0.18173538324774377,3.565776263821517,5091
11733,0.57575,0.18173377887823094,3.565744784961251,5092
3126,0.5756666666666667,0.181730685303511,3.5656840868456667,5093
4090,0.5755833333333333,0.18173032641541034,3.5656770452082576,5094
8339,0.5755,0.1817222895818285,3.565519356870902,5095
11415,0.5754166666666667,0.18171559925516342,3.5653880879479556,5096
5281,0.5753333333333334,0.1817099726167211,3.565277689337382,5097
8183,0.57525,0.181709029384333,3.5652591824533584,5098
5709,0.5751666666666667,0.1817070789708043,3.5652209139657396,5099
5142,0.5750833333333333,0.18170661723942994,3.5652118544708618,5100
4603,0.575,0.18170108331972046,3.56510327506714,5101
5595,0.5749166666666666,0.18169971625623044,3.5650764523182934,5102
10054,0.5748333333333333,0.18169073744094336,3.5649002816361555,5103
7474,0.57475,0.18168734654821272,3.5648337499316844,5104
4172,0.5746666666666667,0.18168329248294082,3.5647542063146958,5105
3267,0.5745833333333333,0.18168290994927422,3.5647467007346485,5106
11558,0.5745,0.18168264604796053,3.564741522804931,5107
9221,0.5744166666666667,0.18168251335523689,3.564738919280245,5108
7377,0.5743333333333334,0.1816796940347363,3.564683602225582,5109
959,0.57425,0.1816796217294428,3.564682183544803,5110
9986,0.5741666666666667,0.18167874751634266,3.5646650308678174,5111
842,0.5740833333333333,0.18167678833778492,3.564626590404189,5112
2033,0.574,0.18167678523328598,3.5646265294916946,5113
8800,0.5739166666666666,0.1816740070361464,3.5645720193064037,5114
7365,0.5738333333333333,0.18167054699751967,3.5645041309107075,5115
6312,0.57375,0.18165591579662385,3.5642170564405067,5116
2426,0.5736666666666667,0.1816512457164379,3.564125426176874,5117
4898,0.5735833333333333,0.18165074396321546,3.5641155814251233,5118
9330,0.5735,0.18164992556594672,3.5640995238941002,5119
9995,0.5734166666666667,0.18164471620655342,3.563997312592469,5120
11973,0.5733333333333334,0.18164105401440048,3.5639254578021977,5121
317,0.57325,0.18164021956757243,3.5639090853675146,5122
3927,0.5731666666666667,0.18163833967616497,3.5638722005735763,5123
4175,0.5730833333333333,0.18163484181833578,3.563803570138501,5124
301,0.573,0.1816307558165288,3.5637233999042124,5125
4188,0.5729166666666666,0.18162715563984566,3.5636527619011065,5126
10184,0.5728333333333333,0.18162564171825055,3.5636230576927144,5127
9638,0.57275,0.18162550471136285,3.5636203695210638,5128
6876,0.5726666666666667,0.18162407307052061,3.5635922797190798,5129
637,0.5725833333333333,0.18162085231866457,3.563529086298459,5130
2787,0.5725,0.18162047474176224,3.5635216779735934,5131
2254,0.5724166666666667,0.18161082028986208,3.5633322508251184,5132
150,0.5723333333333334,0.1816101407246037,3.5633189172759314,5133
5776,0.57225,0.18160992448360955,3.563314674475257,5134
4332,0.5721666666666667,0.1816053790890565,3.5632254906316225,5135
7298,0.5720833333333334,0.18160528780193672,3.563223699513994,5136
9116,0.572,0.18160496456291153,3.5632173573365984,5137
11163,0.5719166666666666,0.18160446911139522,3.5632076362287357,5138
10825,0.5718333333333333,0.18160186467061554,3.5631565352656427,5139
10040,0.57175,0.18160147189837023,3.5631488287974613,5140
4616,0.5716666666666667,0.18160110908208693,3.5631417100863665,5141
10908,0.5715833333333333,0.18160048350193128,3.5631294357629244,5142
5690,0.5715,0.1815995393867102,3.5631109115571267,5143
6153,0.5714166666666667,0.18159274416643978,3.5629775845477187,5144
705,0.5713333333333334,0.18159072279682312,3.5629379238516963,5145
9987,0.57125,0.18158658774416078,3.5628567912049993,5146
2313,0.5711666666666667,0.18158505128269253,3.5628266447484673,5147
10370,0.5710833333333334,0.18158460815181288,3.562817950208376,5148
5884,0.571,0.18158179143184025,3.562762684177952,5149
9959,0.5709166666666666,0.1815814811782845,3.562756596784584,5150
7300,0.5708333333333333,0.18157932524248743,3.5627142958052715,5151
11867,0.57075,0.18157750869542422,3.5626786538719895,5152
7824,0.5706666666666667,0.1815770817632828,3.5626702771625762,5153
11107,0.5705833333333333,0.18156563363913714,3.5624456569008984,5154
11929,0.5705,0.18156510951382043,3.562435373192896,5155
874,0.5704166666666667,0.18156190016935828,3.562372403593378,5156
136,0.5703333333333334,0.18156027914452932,3.562340597944118,5157
507,0.57025,0.18155430765749142,3.5622234331611673,5158
8691,0.5701666666666667,0.18155335066085948,3.562204656212936,5159
6680,0.5700833333333334,0.18155108526460872,3.5621602075423806,5160
9185,0.57,0.18154882874745037,3.5621159330858694,5161
3838,0.5699166666666666,0.18154012673182954,3.5619451934082553,5162
7297,0.5698333333333333,0.1815385118747976,3.5619135087754903,5163
7884,0.56975,0.18153522843571754,3.561849085387351,5164
7750,0.5696666666666667,0.18153470228581242,3.561838761955533,5165
4035,0.5695833333333333,0.18153419014892722,3.561828713469003,5166
1897,0.5695,0.18153405973141037,3.5618261545854493,5167
5740,0.5694166666666667,0.18153062265543868,3.561758716733198,5168
9534,0.5693333333333334,0.18153032652110607,3.5617529063689473,5169
10613,0.56925,0.18152353439842983,3.561619640136567,5170
5157,0.5691666666666667,0.1815227050513355,3.5616033677622383,5171
7839,0.5690833333333334,0.18151850854977544,3.561521029444906,5172
2576,0.569,0.181514022393818,3.561433007904265,5173
668,0.5689166666666666,0.18151371305974986,3.561426938551894,5174
3139,0.5688333333333333,0.18151226687788177,3.5613985634447225,5175
5243,0.56875,0.18151116408301768,3.5613769258324877,5176
9662,0.5686666666666667,0.18151114004517727,3.561376454193093,5177
9365,0.5685833333333333,0.18150820640465296,3.5613188940990526,5178
10539,0.5685,0.1815080898858823,3.561316607918674,5179
4543,0.5684166666666667,0.18150338783007236,3.561224350270793,5180
9750,0.5683333333333334,0.1815031863429873,3.561220396952222,5181
5024,0.56825,0.18150046379554433,3.5611669786531888,5182
7293,0.5681666666666667,0.1814955312667113,3.56107019896219,5183
780,0.5680833333333334,0.18149482736255612,3.561056387866719,5184
324,0.568,0.181494701052558,3.561053909575569,5185
5570,0.5679166666666666,0.1814900516751191,3.560962685514429,5186
9457,0.5678333333333333,0.18148817032943498,3.5609257721865726,5187
8109,0.56775,0.18148680255695587,3.5608989355268275,5188
9493,0.5676666666666667,0.181486287226911,3.5608888243882646,5189
1827,0.5675833333333333,0.18148163319672855,3.5607975090370365,5190
9522,0.5675,0.1814811147970882,3.560787337670868,5191
3023,0.5674166666666667,0.18148000400741043,3.5607655431947585,5192
3578,0.5673333333333334,0.1814778820099085,3.560723908108659,5193
864,0.56725,0.18147776288281023,3.5607215707510917,5194
77,0.5671666666666667,0.18147714416586097,3.5607094310885943,5195
1712,0.5670833333333334,0.18147650505657248,3.56069689131409,5196
11549,0.567,0.18147566465027706,3.5606804019504006,5197
1050,0.5669166666666666,0.18147561086581193,3.560679346661341,5198
6561,0.5668333333333333,0.18147207831475,3.560610035520587,5199
8174,0.56675,0.18146888640104158,3.5605474079247026,5200
4321,0.5666666666666667,0.18146809522230017,3.5605318844403673,5201
6551,0.5665833333333333,0.18146688789334978,3.5605081957957063,5202
11144,0.5665,0.18146575528991615,3.560485973318314,5203
8006,0.5664166666666667,0.18146544997198613,3.560479982765437,5204
7792,0.5663333333333334,0.18146514596778507,3.5604740179888195,5205
3732,0.56625,0.18146108832660307,3.5603944042099833,5206
2248,0.5661666666666667,0.18145988537000374,3.5603708013539297,5207
6247,0.5660833333333334,0.1814578729638025,3.560331316526387,5208
3932,0.566,0.18145678522436476,3.5603099743122337,5209
1145,0.5659166666666666,0.18145439447038153,3.5602630660346586,5210
7115,0.5658333333333333,0.18144856159154008,3.560148620842111,5211
4871,0.56575,0.1814483573877516,3.5601446142198974,5212
3978,0.5656666666666667,0.18144552874714093,3.560089114298191,5213
9381,0.5655833333333333,0.18144377501559308,3.560054704849562,5214
3163,0.5655,0.1814365747058496,3.5599134296993498,5215
4524,0.5654166666666667,0.18143612614168186,3.559904628554313,5216
6657,0.5653333333333334,0.1814343832600012,3.559870431987745,5217
4788,0.56525,0.18143334646552445,3.5598500893496388,5218
9344,0.5651666666666667,0.18143076046686987,3.5597993502340524,5219
11507,0.5650833333333334,0.18142951346347508,3.5597748831488074,5220
2310,0.565,0.18142832389585067,3.5597515429939035,5221
4481,0.5649166666666666,0.18142792933734614,3.559743801478061,5222
5500,0.5648333333333333,0.1814251306458105,3.559688889178256,5223
1952,0.56475,0.18142502412072511,3.5596867990810477,5224
6622,0.5646666666666667,0.18142442750390747,3.5596750930387078,5225
6461,0.5645833333333333,0.18141896283457956,3.5595678723763022,5226
11112,0.5645,0.18141600767988336,3.559509890159057,5227
6508,0.5644166666666667,0.18141421355184678,3.559474688102898,5228
11185,0.5643333333333334,0.1814130712902182,3.55945227612493,5229
8126,0.56425,0.18141267747602952,3.5594445492130777,5230
9770,0.5641666666666667,0.18141082043637832,3.5594081127867003,5231
7887,0.5640833333333334,0.18140899390980164,3.5593722750483634,5232
7624,0.564,0.18140865274043239,3.5593655810649736,5233
2374,0.5639166666666666,0.1814054213645095,3.559302179192679,5234
8247,0.5638333333333333,0.18140428043000298,3.5592797932537583,5235
655,0.56375,0.18140364794403135,3.559267383433415,5236
5220,0.5636666666666666,0.18140066563672982,3.559208868462891,5237
9226,0.5635833333333333,0.18139895196837513,3.5591752450823675,5238
10791,0.5635,0.1813965132666695,3.5591273960366894,5239
3313,0.5634166666666667,0.18138972508028592,3.558994207037154,5240
3540,0.5633333333333334,0.18138964270832403,3.558992590841214,5241
1608,0.56325,0.1813860029302762,3.5589211758314576,5242
1619,0.5631666666666667,0.18138576090315306,3.558916427088767,5243
11353,0.5630833333333334,0.18138320730486843,3.558866323691263,5244
2126,0.563,0.18138239615239538,3.5588504083082295,5245
3369,0.5629166666666666,0.18138225397746477,3.558847618735907,5246
8438,0.5628333333333333,0.18137662848238753,3.558737242558937,5247
6549,0.56275,0.18137630338100125,3.558730863840693,5248
8420,0.5626666666666666,0.18137566547741485,3.558718347722908,5249
4086,0.5625833333333333,0.18136880081713394,3.5585836582515835,5250
3276,0.5625,0.18136837233837633,3.5585752511964843,5251
2805,0.5624166666666667,0.1813613731746083,3.558437922671982,5252
1885,0.5623333333333334,0.18135978501824637,3.5584067619252053,5253
5285,0.56225,0.1813575133350569,3.558362189900455,5254
10534,0.5621666666666667,0.18135609227023244,3.5583343076073315,5255
6023,0.5620833333333334,0.18135247517431705,3.5582633376370496,5256
1531,0.562,0.1813499608357011,3.5582140045418837,5257
2959,0.5619166666666666,0.1813495006577581,3.558204975526385,5258
2131,0.5618333333333333,0.18134543210759382,3.558125147705634,5259
3754,0.56175,0.18134439047587045,3.5581047101573073,5260
1986,0.5616666666666666,0.18134161119629408,3.558050178733838,5261
9325,0.5615833333333333,0.18133986101037236,3.5580158388529313,5262
4168,0.5615,0.18133610935418487,3.557942228715236,5263
7316,0.5614166666666667,0.18133255269910104,3.557872444636609,5264
2130,0.5613333333333334,0.1813320023838569,3.557861647063789,5265
7252,0.56125,0.18133169833592128,3.5578556814290563,5266
6846,0.5611666666666667,0.18133145744877635,3.5578509550535404,5267
6956,0.5610833333333334,0.1813283927715592,3.5577908239272835,5268
6615,0.561,0.18132802644038504,3.557783636251516,5269
2335,0.5609166666666666,0.18132780033381227,3.557779199881277,5270
4193,0.5608333333333333,0.18132618151273347,3.557747437471141,5271
6302,0.56075,0.18131917963252006,3.5576100556480545,5272
7043,0.5606666666666666,0.1813183086238308,3.557592965843896,5273
2241,0.5605833333333333,0.1813176478744505,3.557580001475526,5274
6662,0.5605,0.18131658226983685,3.5575590935622277,5275
6782,0.5604166666666667,0.18131399438680385,3.5575083174737694,5276
8600,0.5603333333333333,0.18131358442343765,3.5575002737036643,5277
7093,0.56025,0.18131149077159733,3.557459194779456,5278
9375,0.5601666666666667,0.18130945807406817,3.557419311821791,5279
5202,0.5600833333333334,0.1813083543883501,3.557397656730359,5280
1281,0.56,0.18130802579257452,3.557391209449757,5281
6364,0.5599166666666666,0.1813038652984462,3.5573095776235677,5282
434,0.5598333333333333,0.18130107842403,3.557254897184043,5283
6677,0.55975,0.18129527652235136,3.55714105978525,5284
10087,0.5596666666666666,0.18129417116913593,3.557119371976353,5285
3482,0.5595833333333333,0.18129156974836377,3.5570683302679686,5286
1613,0.5595,0.18128847849556157,3.5570076777099926,5287
3399,0.5594166666666667,0.18128798442186836,3.5569979836360353,5288
3522,0.5593333333333333,0.1812875326805677,3.556989120153406,5289
5020,0.55925,0.18128665613566833,3.5569719217249034,5290
2105,0.5591666666666667,0.18128590272156786,3.5569571392094286,5291
4234,0.5590833333333334,0.1812854811298708,3.5569488672832756,5292
1874,0.559,0.18127471010893817,3.5567375322637185,5293
10557,0.5589166666666666,0.1812744009653347,3.5567314666483565,5294
11021,0.5588333333333333,0.1812735545686214,3.5567148597485057,5295
4352,0.55875,0.18127328637713505,3.5567095976426133,5296
6198,0.5586666666666666,0.1812671035151477,3.5565882855341666,5297
4273,0.5585833333333333,0.18126607911241271,3.5565681860307543,5298
2735,0.5585,0.18126321722311886,3.5565120337464515,5299
6128,0.5584166666666667,0.18126111245385054,3.5564707366904393,5300
2615,0.5583333333333333,0.1812606376822446,3.556461421337036,5301
347,0.55825,0.1812576218574012,3.556402248728763,5302
672,0.5581666666666667,0.18125761047383168,3.5564020253751156,5303
4556,0.5580833333333334,0.1812564196782152,3.5563786611261055,5304
5986,0.558,0.18125559089094778,3.5563623997359755,5305
8472,0.5579166666666666,0.18125210115685825,3.5562939286944095,5306
9120,0.5578333333333333,0.1812416292506634,3.5560884625166933,5307
5706,0.55775,0.1812353768314241,3.5559657856459994,5308
7357,0.5576666666666666,0.18123504923005535,3.5559593578763344,5309
7156,0.5575833333333333,0.18123307578885223,3.555920637569479,5310
11647,0.5575,0.18123287367919153,3.555916672035546,5311
8362,0.5574166666666667,0.18123213164081664,3.5559021127198074,5312
8180,0.5573333333333333,0.18123043772468836,3.5558688768919,5313
5870,0.55725,0.18123024413162858,3.5558650784596684,5314
1819,0.5571666666666667,0.18122724483357833,3.555806230118761,5315
11559,0.5570833333333334,0.1812267420029184,3.555796364226889,5316
8189,0.557,0.18122302377398705,3.5557234099555606,5317
1411,0.5569166666666666,0.18122118853526126,3.5556874012787403,5318
2911,0.5568333333333333,0.18121917178369235,3.555647831191984,5319
11376,0.55675,0.1812191303085376,3.5556470174202026,5320
11126,0.5566666666666666,0.18121589448240133,3.555583528231594,5321
8990,0.5565833333333333,0.18120601397797065,3.555389665773154,5322
2605,0.5565,0.18120468093596545,3.5553635105498165,5323
983,0.5564166666666667,0.1812010463798152,3.555292197997387,5324
5376,0.5563333333333333,0.18119326162839478,3.55513945568961,5325
3136,0.55625,0.18119150327404118,3.555104955538361,5326
8282,0.5561666666666667,0.18118818457461278,3.5550398403173125,5327
4067,0.5560833333333334,0.1811878899149045,3.555034058886224,5328
7130,0.556,0.18118692872418599,3.55501519964709,5329
2415,0.5559166666666666,0.18118525363631888,3.554982333242962,5330
9756,0.5558333333333333,0.18118387909582878,3.55495536379009,5331
6923,0.55575,0.18118297258045515,3.5549375773197553,5332
4914,0.5556666666666666,0.18118124556471157,3.554903692054066,5333
6573,0.5555833333333333,0.1811763581818354,3.55480779815856,5334
9923,0.5555,0.1811736575000061,3.5547548088782337,5335
5623,0.5554166666666667,0.18117277877154409,3.5547375676066904,5336
831,0.5553333333333333,0.18116837622564466,3.554651186554306,5337
11459,0.55525,0.18116127075897648,3.554511772291994,5338
9077,0.5551666666666667,0.1811548066036319,3.5543849410097086,5339
8654,0.5550833333333334,0.18115407955579402,3.554370675818861,5340
11293,0.555,0.1811522598647793,3.5543349721990602,5341
1402,0.5549166666666666,0.1811451744492937,3.554195951355127,5342
9716,0.5548333333333333,0.18114140189046948,3.5541219310929195,5343
1273,0.55475,0.18114118035406235,3.5541175843925474,5344
8552,0.5546666666666666,0.1811367420514639,3.5540305017684863,5345
3574,0.5545833333333333,0.18113300994087525,3.553957275129247,5346
9132,0.5545,0.18113220962475082,3.5539415723629864,5347
3315,0.5544166666666667,0.18112686485036741,3.5538367041238557,5348
1882,0.5543333333333333,0.1811247940164621,3.553796072903599,5349
7251,0.55425,0.18112159899198305,3.5537333842722187,5350
21,0.5541666666666667,0.18111707596811022,3.5536446393570778,5351
3633,0.5540833333333334,0.18111411259254082,3.5535864958404852,5352
10781,0.554,0.1811138747953317,3.5535818300916926,5353
7666,0.5539166666666666,0.18111354218208572,3.5535753039854567,5354
1099,0.5538333333333333,0.18111246322973554,3.5535541341801826,5355
6252,0.55375,0.18111106141499883,3.553526629587349,5356
10668,0.5536666666666666,0.18111027877606,3.5535112736599377,5357
7438,0.5535833333333333,0.18110818675169382,3.553470226667912,5358
11005,0.5535,0.18110735980870535,3.553454001463849,5359
4311,0.5534166666666667,0.18110529428162922,3.5534134743673347,5360
7483,0.5533333333333333,0.18110329115567173,3.5533741716247293,5361
10406,0.55325,0.1811032269600205,3.553372912060772,5362
5199,0.5531666666666667,0.1810955845198431,3.5532229619999436,5363
4883,0.5530833333333334,0.18109461529679055,3.5532039451607575,5364
11155,0.553,0.1810943346779019,3.5531984392204308,5365
1818,0.5529166666666666,0.18109394586600838,3.5531908104571626,5366
7844,0.5528333333333333,0.1810898921169934,3.5531112730453227,5367
6147,0.55275,0.18108477383498478,3.5530108487461636,5368
649,0.5526666666666666,0.1810831394617428,3.552978781191653,5369
2621,0.5525833333333333,0.18108178238006223,3.5529521542929263,5370
9904,0.5525,0.1810800151911666,3.5529174808016863,5371
7255,0.5524166666666667,0.1810746895672541,3.5528129883082356,5372
11812,0.5523333333333333,0.1810704732624641,3.5527302614375804,5373
4619,0.55225,0.18106997231137217,3.5527204324242336,5374
1822,0.5521666666666667,0.1810683135344246,3.55268788605183,5375
11513,0.5520833333333334,0.18106595309313953,3.5526415725306792,5376
9694,0.552,0.18106194832645717,3.5525629961867837,5377
2915,0.5519166666666667,0.18105881312825672,3.5525014813891476,5378
8466,0.5518333333333333,0.18105560917667565,3.5524386176017053,5379
84,0.55175,0.18104646767849655,3.552259254966697,5380
1901,0.5516666666666666,0.18104578472561977,3.552245854950053,5381
3109,0.5515833333333333,0.18104552415394237,3.552240742350148,5382
6898,0.5515,0.18104504639538213,3.5522313683905464,5383
11284,0.5514166666666667,0.18104447493538278,3.552220155942753,5384
3377,0.5513333333333333,0.18103891515243928,3.5521110690841695,5385
3839,0.55125,0.1810378975499225,3.5520911030058313,5386
8264,0.5511666666666667,0.18103351870785395,3.5520051870392377,5387
5144,0.5510833333333334,0.18103263530167052,3.551987853987521,5388
11774,0.551,0.18103205198172803,3.5519764088392423,5389
204,0.5509166666666667,0.18103091442088942,3.5519540890941395,5390
6141,0.5508333333333333,0.18102876918645097,3.5519119980829617,5391
4588,0.55075,0.18102778496823613,3.5518926870281518,5392
5668,0.5506666666666666,0.18102027741085183,3.5517453834627206,5393
9353,0.5505833333333333,0.18101992719676593,3.551738512015569,5394
8716,0.5505,0.1810189664951435,3.55171966237289,5395
11216,0.5504166666666667,0.18101157381570898,3.5515746127937273,5396
2809,0.5503333333333333,0.18100888487682126,3.5515218539182616,5397
11731,0.55025,0.18100720358708,3.551488865828901,5398
1865,0.5501666666666667,0.18100616036426687,3.5514683970623526,5399
5525,0.5500833333333334,0.181005737559688,3.5514601013386073,5400
9581,0.55,0.18100460456101275,3.551437871106324,5401
235,0.5499166666666667,0.18100286259169673,3.5514036924410215,5402
6990,0.5498333333333333,0.18100132896342597,3.551373601573779,5403
3946,0.54975,0.18099969788197268,3.551341598606485,5404
4679,0.5496666666666666,0.18099890428503138,3.5513260276753504,5405
467,0.5495833333333333,0.18099847114827416,3.551317529227017,5406
2820,0.5495,0.18099533769781237,3.5512560487212195,5407
4166,0.5494166666666667,0.18099384323532888,3.5512267263143444,5408
11705,0.5493333333333333,0.1809865744429722,3.5510841074869726,5409
11301,0.54925,0.1809845687487472,3.5510447543531116,5410
7953,0.5491666666666667,0.18098392022231893,3.5510320298076725,5411
2046,0.5490833333333334,0.1809817726771867,3.550989893459098,5412
6774,0.549,0.18097834915198566,3.550922721482542,5413
11626,0.5489166666666667,0.18097766321488215,3.5509092629132954,5414
606,0.5488333333333333,0.1809771894580723,3.550899967470902,5415
11030,0.54875,0.18097464822908155,3.5508501067675944,5416
9969,0.5486666666666666,0.1809710390207893,3.5507792915579977,5417
115,0.5485833333333333,0.1809692373686172,3.550743941873013,5418
1270,0.5485,0.1809646426589921,3.5506537904329223,5419
9818,0.5484166666666667,0.1809615881174675,3.550593858176038,5420
9908,0.5483333333333333,0.180957242315651,3.550508590482483,5421
6081,0.54825,0.180956630062152,3.5504965776374844,5422
11829,0.5481666666666667,0.18095602854854226,3.550484775516623,5423
6082,0.5480833333333334,0.18095577006083116,3.5504797038056433,5424
3892,0.548,0.18095295049340776,3.550424381906235,5425
1632,0.5479166666666667,0.1809513406309665,3.5503927952708922,5426
8221,0.5478333333333333,0.18094989346897494,3.5503644009329856,5427
1643,0.54775,0.1809425954799139,3.5502212092456924,5428
1887,0.5476666666666666,0.18094254073061009,3.55022013502579,5429
5228,0.5475833333333333,0.18094174203727154,3.5502044640997115,5430
3460,0.5475,0.18094000656529974,3.550170412916899,5431
9321,0.5474166666666667,0.18093767189513038,3.550124605043224,5432
2926,0.5473333333333333,0.18093078568060875,3.5499894926625615,5433
1088,0.54725,0.18092828732043675,3.5499404730757167,5434
8994,0.5471666666666667,0.18092475233405125,3.549871114152186,5435
7083,0.5470833333333334,0.18092411870074582,3.5498586818203206,5436
2848,0.547,0.18092366020434492,3.5498496857979096,5437
1093,0.5469166666666667,0.18092198467665918,3.549816810764171,5438
2520,0.5468333333333333,0.18091955084500103,3.5497690572722584,5439
10141,0.54675,0.18091851997506306,3.5497488308777583,5440
6291,0.5466666666666666,0.1809184944157801,3.549748329386616,5441
1251,0.5465833333333333,0.18091553328274473,3.5496902298701585,5442
7175,0.5465,0.18091460070886906,3.549671932113637,5443
10044,0.5464166666666667,0.18091420498744237,3.5496641677804126,5444
1543,0.5463333333333333,0.1809127248621081,3.5496351266785364,5445
5311,0.54625,0.1809066255579395,3.5495154540333944,5446
5770,0.5461666666666667,0.1809062037538924,3.5495071779407903,5447
9511,0.5460833333333334,0.18090452449825362,3.5494742297620085,5448
11691,0.546,0.1808995135828563,3.54937591207137,5449
4483,0.5459166666666667,0.18089851909712554,3.549356399560681,5450
4577,0.5458333333333333,0.18089579194383357,3.549302890891644,5451
8319,0.54575,0.18089410873579187,3.549269865163917,5452
5885,0.5456666666666666,0.18089060631899825,3.549201145278764,5453
758,0.5455833333333333,0.18088822041234714,3.5491543321092593,5454
305,0.5455,0.1808847647660536,3.5490865298942396,5455
2257,0.5454166666666667,0.18088426587744794,3.5490767413482978,5456
10080,0.5453333333333333,0.18088049599735215,3.549002773644646,5457
4868,0.54525,0.18087918178257942,3.5489769878248847,5458
7042,0.5451666666666667,0.18087688911335842,3.5489320040394166,5459
10903,0.5450833333333334,0.18087476753057866,3.548890377090464,5460
7580,0.545,0.18087435185663533,3.5488822212748863,5461
3717,0.5449166666666667,0.18087112222488103,3.5488188536243648,5462
1381,0.5448333333333333,0.18086986807732,3.5487942463655946,5463
6917,0.54475,0.180869317836929,3.548783450261407,5464
11736,0.5446666666666666,0.1808685371558934,3.548768132749439,5465
8794,0.5445833333333333,0.18086824002957477,3.548762302921732,5466
9486,0.5445,0.18086590116146087,3.5487164126814754,5467
498,0.5444166666666667,0.18086367792051566,3.548672791127701,5468
9207,0.5443333333333333,0.18085823188116867,3.548565935998645,5469
2484,0.54425,0.1808543679410812,3.5484901227717165,5470
10257,0.5441666666666667,0.1808444529772553,3.5482955841956585,5471
8764,0.5440833333333334,0.1808430509103926,3.548268074656015,5472
4709,0.544,0.1808361052906917,3.5481317967038453,5473
5466,0.5439166666666667,0.1808358573902371,3.5481269327222678,5474
7479,0.5438333333333333,0.18083245015986743,3.548060080461771,5475
10471,0.54375,0.18082777427925348,3.547968336389645,5476
9359,0.5436666666666666,0.18082667594688925,3.5479467863348035,5477
7038,0.5435833333333333,0.180825811230515,3.5479298199903013,5478
11684,0.5435,0.1808235476118961,3.5478854061981453,5479
7503,0.5434166666666667,0.18082342485389116,3.547882997599589,5480
3094,0.5433333333333333,0.1808234026566831,3.5478825620747525,5481
3848,0.54325,0.18082304165200394,3.5478754789086038,5482
3388,0.5431666666666667,0.1808171825124767,3.547760518462913,5483
22,0.5430833333333334,0.1808093241932799,3.5476063327035927,5484
7068,0.543,0.18080405264742078,3.5475029012596755,5485
9929,0.5429166666666667,0.18080313218050625,3.5474848410502386,5486
4185,0.5428333333333333,0.18080301553272238,3.547482552338564,5487
3487,0.54275,0.18080274396410823,3.547477223970999,5488
7343,0.5426666666666666,0.1807985461924988,3.547394860734419,5489
11598,0.5425833333333333,0.18079760104648876,3.547376316303762,5490
2684,0.5425,0.18079629395391622,3.547350670226602,5491
3741,0.5424166666666667,0.180795933547136,3.547343598791654,5492
10816,0.5423333333333333,0.1807941688726497,3.54730897463485,5493
3481,0.54225,0.1807904686068295,3.5472363728124314,5494
10831,0.5421666666666667,0.18078919373729577,3.5472113589739154,5495
9445,0.5420833333333334,0.18078855799924648,3.5471988853454612,5496
5977,0.542,0.18078810963657438,3.5471900881539566,5497
9899,0.5419166666666667,0.18078181384787373,3.5470665603438722,5498
8749,0.5418333333333333,0.18078126291122198,3.5470557505785774,5499
8814,0.54175,0.18077994291055863,3.5470298512355183,5500
8969,0.5416666666666666,0.18077937263288982,3.5470186619858657,5501
10107,0.5415833333333333,0.18077733263925103,3.546978635873356,5502
5428,0.5415,0.18077605129048535,3.5469534949078207,5503
11954,0.5414166666666667,0.18077587986925925,3.5469501315025345,5504
7767,0.5413333333333333,0.18077530218574225,3.546938796944916,5505
4764,0.54125,0.18077358010680736,3.546905008542919,5506
5713,0.5411666666666667,0.18076927474499765,3.5468205343108172,5507
8505,0.5410833333333334,0.1807678595018344,3.546792766242799,5508
11355,0.541,0.1807663318325001,3.546762792294111,5509
6068,0.5409166666666667,0.18076236720344838,3.546685003478783,5510
5844,0.5408333333333334,0.180761000899947,3.546658195641445,5511
4191,0.54075,0.1807600535976485,3.5466396089029306,5512
2332,0.5406666666666666,0.1807553803366165,3.5465479162288593,5513
8226,0.5405833333333333,0.1807527082460588,3.5464954879294215,5514
7835,0.5405,0.18075130369571804,3.5464679296621435,5515
5383,0.5404166666666667,0.18074876070085297,3.5464180343111993,5516
8672,0.5403333333333333,0.18074181669486847,3.5462817880212754,5517
5649,0.54025,0.1807412878949177,3.5462714125936596,5518
6565,0.5401666666666667,0.18074064787453442,3.5462588549427956,5519
2851,0.5400833333333334,0.1807391669708206,3.5462297985685485,5520
3656,0.54,0.18073627930146444,3.546173140461228,5521
6775,0.5399166666666667,0.18072855863019127,3.5460216554511335,5522
10881,0.5398333333333334,0.1807278781199735,3.5460083033611864,5523
5372,0.53975,0.18072787773279725,3.5460082957645365,5524
7734,0.5396666666666666,0.18072635864398506,3.5459784901717315,5525
2330,0.5395833333333333,0.18072603056881514,3.5459720531058068,5526
6813,0.5395,0.1807249444617296,3.545950742919498,5527
7496,0.5394166666666667,0.1807237378383254,3.5459270681181527,5528
8201,0.5393333333333333,0.18072199268294034,3.5458928269399084,5529
9978,0.53925,0.18072179002177752,3.5458888505851043,5530
6164,0.5391666666666667,0.1807212922268902,3.5458790834987015,5531
5654,0.5390833333333334,0.18071705553080905,3.545795956536568,5532
7414,0.539,0.18071588746234363,3.5457730382102737,5533
11188,0.5389166666666667,0.18071460699969774,3.545747914630982,5534
6595,0.5388333333333334,0.1807113730677265,3.5456844626072073,5535
1696,0.53875,0.18071034412308795,3.5456642739884554,5536
9346,0.5386666666666666,0.1807090507697014,3.5456388974837396,5537
6968,0.5385833333333333,0.1807080637955639,3.545619532355783,5538
5043,0.5385,0.18070757470774457,3.5456099361081703,5539
1348,0.5384166666666667,0.18070691992563803,3.5455970888219195,5540
6423,0.5383333333333333,0.18070357097010142,3.545531379954718,5541
4088,0.53825,0.18070119387901815,3.545484739752873,5542
4710,0.5381666666666667,0.18069958706810216,3.5454532129905774,5543
4849,0.5380833333333334,0.18069678743981898,3.5453982823111643,5544
6661,0.538,0.18069154858117245,3.5452954922133655,5545
10170,0.5379166666666667,0.18068754970916087,3.545217031526999,5546
3293,0.5378333333333334,0.18068644576783585,3.5451953714204416,5547
1336,0.53775,0.1806861903970145,3.5451903608650412,5548
1641,0.5376666666666666,0.1806763360851861,3.544997012323936,5549
2612,0.5375833333333333,0.18067558763797895,3.5449823272623906,5550
7266,0.5375,0.18067510004840384,3.5449727604113885,5551
4324,0.5374166666666667,0.18067280909773867,3.544927810345217,5552
10617,0.5373333333333333,0.1806710645016428,3.5448935801405916,5553
5940,0.53725,0.1806675084253339,3.5448238074179637,5554
10158,0.5371666666666667,0.18066248869580842,3.5447253167879067,5555
9848,0.5370833333333334,0.18066010815732797,3.544678608945674,5556
6149,0.537,0.18065684717285538,3.544614626132777,5557
11832,0.5369166666666667,0.18065580221726252,3.5445941233677867,5558
11839,0.5368333333333334,0.18065526575150953,3.544583597531713,5559
7512,0.53675,0.18065432922115204,3.5445652221462867,5560
9021,0.5366666666666666,0.18065071383477468,3.544494285718268,5561
5961,0.5365833333333333,0.1806464004971887,3.5444096549958495,5562
6225,0.5365,0.18064606920568418,3.5444031548230903,5563
5062,0.5364166666666667,0.18064475191944646,3.5443773087389934,5564
2570,0.5363333333333333,0.18063546760148888,3.544195143879242,5565
8611,0.53625,0.18063439400060285,3.5441740790734486,5566
7793,0.5361666666666667,0.1806313397698241,3.544114152913644,5567
5087,0.5360833333333334,0.18063095057569822,3.5441065166506966,5568
8582,0.536,0.18062993514362272,3.54408659315792,5569
2464,0.5359166666666667,0.1806239577567036,3.54396931261512,5570
11235,0.5358333333333334,0.18062316560936012,3.5439537701261052,5571
6229,0.53575,0.18062292951896394,3.5439491378662087,5572
2559,0.5356666666666666,0.18062274476026333,3.54394551277034,5573
4390,0.5355833333333333,0.1806210286833025,3.5439118421312825,5574
3019,0.5355,0.18061688735356388,3.5438305863239536,5575
4323,0.5354166666666667,0.18061667388280855,3.5438263978773357,5576
11787,0.5353333333333333,0.1806165659381893,3.5438242799278146,5577
607,0.53525,0.18061514384132576,3.543796377385444,5578
1679,0.5351666666666667,0.18061501432036242,3.54379383609289,5579
7572,0.5350833333333334,0.18061453991271134,3.5437845278804962,5580
875,0.535,0.1806130994498984,3.54375626498524,5581
595,0.5349166666666667,0.1806116569310869,3.543727961749788,5582
11860,0.5348333333333334,0.18061144784885305,3.5437238594090528,5583
619,0.53475,0.18060865695190606,3.543669100044605,5584
10156,0.5346666666666666,0.18060639984928503,3.5436248141008537,5585
9782,0.5345833333333333,0.18060323209688942,3.5435626605669484,5586
6123,0.5345,0.18059855602425456,3.543470912727274,5587
7658,0.5344166666666667,0.18059697521322382,3.5434398961010807,5588
840,0.5343333333333333,0.18059104975018236,3.54332363434135,5589
3143,0.53425,0.18059036289581354,3.543310157774701,5590
5006,0.5341666666666667,0.1805874413774814,3.5432528355265953,5591
5014,0.5340833333333334,0.1805795922877461,3.5430988308558042,5592
10838,0.534,0.18057929443128615,3.5430929867021552,5593
1957,0.5339166666666667,0.18057863471511637,3.5430800426061317,5594
10815,0.5338333333333334,0.1805746441239762,3.543001744396311,5595
2224,0.53375,0.18057063233573079,3.5429230302843893,5596
8168,0.5336666666666666,0.180565925767679,3.542830684103121,5597
7313,0.5335833333333333,0.18055914839236634,3.5426977072243666,5598
11458,0.5335,0.18055840852384472,3.5426831904826663,5599
5818,0.5334166666666667,0.18055661956733943,3.542648089895633,5600
3115,0.5333333333333333,0.1805554474035907,3.542625091217035,5601
62,0.53325,0.1805545609509959,3.5426076983925867,5602
8162,0.5331666666666667,0.1805534439682311,3.542585782403686,5603
8031,0.5330833333333334,0.18055180405018678,3.5425536060562233,5604
6606,0.533,0.18055091699825662,3.5425362014723714,5605
222,0.5329166666666667,0.18055091636526166,3.542536189052602,5606
2722,0.5328333333333334,0.1805504396818389,3.542526836187976,5607
11237,0.53275,0.18054964859254694,3.542511314458655,5608
2557,0.5326666666666666,0.1805472043267593,3.5424633562417958,5609
7459,0.5325833333333333,0.1805469562552332,3.5424584889036277,5610
3706,0.5325,0.18054632355224337,3.542446074825242,5611
11781,0.5324166666666666,0.18054417156446662,3.5424038513088227,5612
4148,0.5323333333333333,0.1805432186148251,3.542385153765447,5613
8263,0.53225,0.18054201344068158,3.542361507399651,5614
6416,0.5321666666666667,0.18053864453157434,3.542295407029326,5615
8899,0.5320833333333334,0.18053747191737468,3.5422723995125525,5616
10867,0.532,0.18053667305674168,3.542256725304064,5617
7504,0.5319166666666667,0.18053611259503638,3.5422457286505233,5618
4672,0.5318333333333334,0.18053508293762924,3.542225526046759,5619
1177,0.53175,0.18053408148262265,3.5422058767939415,5620
1306,0.5316666666666666,0.18053367736516837,3.542197947724741,5621
1429,0.5315833333333333,0.18053121922863494,3.54214971735409,5622
9268,0.5315,0.18052846043054394,3.5420955877917377,5623
10099,0.5314166666666666,0.18052748275855643,3.542076405178481,5624
4869,0.5313333333333333,0.1805231544865653,3.5419914814325146,5625
8487,0.53125,0.1805220034842132,3.541968897955341,5626
2971,0.5311666666666667,0.18052118764557976,3.5419528906265905,5627
6559,0.5310833333333334,0.18051654085576122,3.5418617173363605,5628
6408,0.531,0.18051623964437985,3.5418558073568454,5629
6878,0.5309166666666667,0.1805158476438734,3.541848116030713,5630
7527,0.5308333333333334,0.18051437938312964,3.5418193077204574,5631
9734,0.53075,0.18050719964499579,3.541678436199624,5632
5109,0.5306666666666666,0.18050611985850704,3.5416572500279737,5633
1137,0.5305833333333333,0.18050606658765952,3.5416562048164195,5634
11942,0.5305,0.18050581556264436,3.541651279528725,5635
10445,0.5304166666666666,0.18050506892938573,3.541636630058129,5636
5994,0.5303333333333333,0.18050471324627113,3.541629651304885,5637
5577,0.53025,0.1805034022153558,3.541603927954588,5638
359,0.5301666666666667,0.18050066306204188,3.541550183836656,5639
7461,0.5300833333333334,0.18049527197337562,3.5414444068786337,5640
6319,0.53,0.18049243811700968,3.5413888046201176,5641
11627,0.5299166666666667,0.1804920235157051,3.541380669850368,5642
5707,0.5298333333333334,0.18049069638139928,3.541354630540261,5643
7868,0.52975,0.18048885759078603,3.5413185521728936,5644
7397,0.5296666666666666,0.1804868899804608,3.541279946272006,5645
4129,0.5295833333333333,0.1804862153072913,3.5412667087090623,5646
914,0.5295,0.18048604089777423,3.541263286671451,5647
11708,0.5294166666666666,0.18048572366774718,3.541257062394833,5648
7719,0.5293333333333333,0.18048445363255813,3.541232143409582,5649
221,0.52925,0.18048323574973013,3.5412082476904185,5650
310,0.5291666666666667,0.18048108718066805,3.541166091251622,5651
8430,0.5290833333333333,0.1804801342523731,3.5411473941270897,5652
3073,0.529,0.18047965083316364,3.541137909101587,5653
1163,0.5289166666666667,0.1804730856059467,3.5410090947179516,5654
2021,0.5288333333333334,0.1804704263413689,3.5409569180733156,5655
3557,0.52875,0.18047034385882268,3.5409552997076585,5656
9281,0.5286666666666666,0.18046944763203066,3.5409377151065033,5657
269,0.5285833333333333,0.18046819620605792,3.540913161247265,5658
878,0.5285,0.1804675804637547,3.5409010799494203,5659
9111,0.5284166666666666,0.18045440204733715,3.540642510134221,5660
5506,0.5283333333333333,0.18045423964286153,3.5406393236440374,5661
3043,0.52825,0.18045377125288195,3.5406301335026065,5662
2453,0.5281666666666667,0.18044620357527216,3.5404816503359653,5663
7248,0.5280833333333333,0.18044137545257535,3.540386919166913,5664
6435,0.528,0.18043889064992094,3.5403381655881185,5665
7906,0.5279166666666667,0.18043881864506298,3.540336752802062,5666
5825,0.5278333333333334,0.1804380695690721,3.5403220554033616,5667
4789,0.52775,0.18043489063958007,3.540259682566956,5668
9238,0.5276666666666666,0.18043170534687128,3.540197184879762,5669
6076,0.5275833333333333,0.18042814305955324,3.5401272902927206,5670
10961,0.5275,0.1804261295884436,3.5400877845709298,5671
4264,0.5274166666666666,0.18042483689333724,3.540062420982145,5672
1956,0.5273333333333333,0.18042301860578616,3.540026744899304,5673
1501,0.52725,0.18042272191062772,3.540020923531292,5674
11962,0.5271666666666667,0.18042076276565316,3.5399824837264853,5675
9087,0.5270833333333333,0.18041854377592514,3.539938945584593,5676
6646,0.527,0.18041262365020766,3.5398227885469256,5677
491,0.5269166666666667,0.18041091118380564,3.5397891887495945,5678
11428,0.5268333333333334,0.18041072662015928,3.539785567480759,5679
10949,0.52675,0.18040950537576292,3.539761605805304,5680
2258,0.5266666666666666,0.18040928795247257,3.5397573398071565,5681
5401,0.5265833333333333,0.18040900123739215,3.5397517142552726,5682
11673,0.5265,0.18040658661694647,3.5397043377008335,5683
6575,0.5264166666666666,0.18039946487023037,3.5395646040125284,5684
3669,0.5263333333333333,0.18039822047600038,3.539540188121014,5685
8933,0.52625,0.1803967660628268,3.539511651509791,5686
7262,0.5261666666666667,0.18039537656023796,3.53948438849001,5687
356,0.5260833333333333,0.1803891810140332,3.539362827508328,5688
4393,0.526,0.18038767556563354,3.5393332895500462,5689
9988,0.5259166666666667,0.1803868024372408,3.5393161581557515,5690
6765,0.5258333333333334,0.18038399466419336,3.539261067670315,5691
263,0.52575,0.18038215129672328,3.539224899501806,5692
1899,0.5256666666666666,0.18038079308085556,3.539198250349531,5693
11880,0.5255833333333333,0.18037944653481092,3.5391718301673922,5694
6554,0.5255,0.18037703999245594,3.5391246121108244,5695
5566,0.5254166666666666,0.18036823385245673,3.538951829439526,5696
700,0.5253333333333333,0.18036765350945372,3.5389404427009428,5697
5712,0.52525,0.1803671219524198,3.5389300131774064,5698
9601,0.5251666666666667,0.18036496688505124,3.538887729237216,5699
4804,0.5250833333333333,0.18036252963481408,3.538839908670402,5700
5177,0.525,0.18036186116004801,3.538826792724514,5701
4669,0.5249166666666667,0.18036182514211666,3.538826086027311,5702
4269,0.5248333333333334,0.1803617119766633,3.5388238656413957,5703
6358,0.52475,0.18036090726962986,3.5388080767224137,5704
5289,0.5246666666666666,0.18035515237561567,3.5386951616471345,5705
1512,0.5245833333333333,0.1803548387217984,3.538689007538287,5706
3206,0.5245,0.18035196240786894,3.5386325722324177,5707
7541,0.5244166666666666,0.1803498875106507,3.5385918612870997,5708
9814,0.5243333333333333,0.18034127922814747,3.5384229607192674,5709
4386,0.52425,0.18033802790750622,3.538359167517563,5710
2434,0.5241666666666667,0.18033051266834466,3.5382117132302104,5711
1579,0.5240833333333333,0.1803302042031172,3.5382056609251213,5712
5960,0.524,0.18032760391982072,3.5381546415347547,5713
1248,0.5239166666666667,0.1803271836028066,3.5381463946188,5714
10189,0.5238333333333334,0.18032571191229743,3.5381175190140874,5715
4605,0.52375,0.18032259569918216,3.538056376717223,5716
5293,0.5236666666666666,0.18032205771904816,3.5380458211679313,5717
7813,0.5235833333333333,0.18031742949736412,3.5379550121976138,5718
9562,0.5235,0.18031459073943676,3.5378993137669816,5719
5323,0.5234166666666666,0.18031174220122018,3.5378434234402114,5720
822,0.5233333333333333,0.1803077044843328,3.537764200590054,5721
5591,0.52325,0.18030738536445692,3.537757939233239,5722
9993,0.5231666666666667,0.18030170594981124,3.537646505116358,5723
1165,0.5230833333333333,0.18030118441150628,3.537636272167364,5724
1353,0.523,0.18029968547916939,3.5376068620588144,5725
3345,0.5229166666666667,0.18029911283020716,3.5375956262827204,5726
7956,0.5228333333333334,0.18029832821210798,3.5375802315227522,5727
10558,0.52275,0.1802976753792566,3.53756742248225,5728
8772,0.5226666666666666,0.18029597342568193,3.5375340289540027,5729
5302,0.5225833333333333,0.1802937997158178,3.5374913792349716,5730
3676,0.5225,0.18029327347796978,3.537481054077593,5731
488,0.5224166666666666,0.18028952294080175,3.5374074658958756,5732
9583,0.5223333333333333,0.1802894990843817,3.5374069978160847,5733
1883,0.52225,0.18028512793635598,3.537321232812081,5734
10402,0.5221666666666667,0.18028491653471618,3.5373170849629236,5735
5946,0.5220833333333333,0.18028452844961007,3.5373094704597516,5736
6420,0.522,0.18028216985350282,3.53726319314233,5737
7638,0.5219166666666667,0.18028188298366105,3.537257564553925,5738
3001,0.5218333333333334,0.18028040935080025,3.5372286508389434,5739
10305,0.52175,0.18027751421448485,3.5371718462245614,5740
5521,0.5216666666666666,0.18027723674332827,3.5371664020450373,5741
9806,0.5215833333333333,0.1802763980854097,3.537149946985756,5742
8171,0.5215,0.180273697945159,3.537096968331581,5743
3931,0.5214166666666666,0.1802736149480854,3.5370953398705396,5744
9078,0.5213333333333333,0.18027286822430186,3.53708068862378,5745
7679,0.52125,0.18026971824135685,3.5370188837390266,5746
8945,0.5211666666666667,0.18026855089717586,3.536995979623729,5747
6581,0.5210833333333333,0.18026818748044546,3.536988849131437,5748
6854,0.521,0.1802661263457778,3.5369484082170493,5749
8508,0.5209166666666667,0.18025899333799048,3.536808453578579,5750
2776,0.5208333333333334,0.18025814780063068,3.5367918635398654,5751
6274,0.52075,0.18025639229792664,3.5367574193399207,5752
42,0.5206666666666667,0.1802552337077307,3.5367346869840084,5753
8858,0.5205833333333333,0.18025461716407393,3.5367225899630323,5754
3020,0.5205,0.18024844809807983,3.536601548541762,5755
3912,0.5204166666666666,0.18024652413858594,3.5365637991009153,5756
10049,0.5203333333333333,0.18024393593169177,3.536513016658093,5757
6397,0.52025,0.18023999725798032,3.536435737104855,5758
505,0.5201666666666667,0.1802376978062365,3.5363906202415114,5759
7330,0.5200833333333333,0.1802376522342162,3.5363897260863117,5760
6449,0.52,0.18023719852021916,3.536380823898056,5761
3435,0.5199166666666667,0.18023555866786448,3.5363486488394367,5762
6675,0.5198333333333334,0.1802333538979465,3.536305389700261,5763
4472,0.51975,0.18022845603921725,3.5362092902611213,5764
694,0.5196666666666667,0.18022638825318857,3.5361687188423607,5765
1484,0.5195833333333333,0.18022514342132995,3.536144294364256,5766
11785,0.5195,0.18022318231594178,3.5361058160947443,5767
10300,0.5194166666666666,0.18021989983310793,3.536041411468824,5768
8730,0.5193333333333333,0.1802163905709704,3.5359725572732197,5769
8196,0.51925,0.1802154251692535,3.53595361541132,5770
2127,0.5191666666666667,0.18021270184709984,3.5359001819119236,5771
2797,0.5190833333333333,0.18021103821186962,3.535867540216601,5772
9363,0.519,0.18021089651630487,3.5358647600497513,5773
5423,0.5189166666666667,0.18021029372611286,3.535852932881499,5774
7998,0.5188333333333334,0.1802095905899574,3.5358391368547304,5775
2939,0.51875,0.18020697291853635,3.5357877762971226,5776
2495,0.5186666666666667,0.18020628910756945,3.5357743594441606,5777
10559,0.5185833333333333,0.18020308168889956,3.5357114276300097,5778
5814,0.5185,0.1802016912061443,3.5356841453786503,5779
10500,0.5184166666666666,0.1801980155438461,3.535612026294615,5780
5859,0.5183333333333333,0.18019676023391895,3.5355873962294044,5781
5854,0.51825,0.18019632627005702,3.5355788815526763,5782
9052,0.5181666666666667,0.1801948054878689,3.5355490427346923,5783
3572,0.5180833333333333,0.18019181150359304,3.5354902986537233,5784
5985,0.518,0.18019082704104242,3.535470982804843,5785
1492,0.5179166666666667,0.18019026089053577,3.5354598745330215,5786
2428,0.5178333333333334,0.1801872381748366,3.5354005667213153,5787
11211,0.51775,0.18018660478199597,3.535388139107453,5788
2116,0.5176666666666667,0.18018587288949667,3.5353737788609845,5789
8603,0.5175833333333333,0.1801815901827302,3.535289749136778,5790
1847,0.5175,0.18017728165799576,3.5352052128458817,5791
7939,0.5174166666666666,0.18017461034038082,3.5351527997121366,5792
6884,0.5173333333333333,0.1801723015403805,3.5351074994294205,5793
9849,0.51725,0.18017123442931357,3.5350865619584644,5794
9777,0.5171666666666667,0.18016523256441547,3.5349688011404163,5795
3519,0.5170833333333333,0.18016433237645327,3.534951138818384,5796
7765,0.517,0.180162992295517,3.534924845486216,5797
8061,0.5169166666666667,0.18015749109792825,3.53481690811362,5798
7064,0.5168333333333334,0.18015614530192964,3.5347905026478723,5799
2958,0.51675,0.18015248201708656,3.5347186264182655,5800
4970,0.5166666666666667,0.18015243569471734,3.5347177175407323,5801
4506,0.5165833333333333,0.18015209331036555,3.5347109997185155,5802
11934,0.5165,0.18014964519241383,3.534662965919416,5803
384,0.5164166666666666,0.18014940870817303,3.534658325932031,5804
9774,0.5163333333333333,0.1801486366697788,3.5346431779947736,5805
4176,0.51625,0.18014447387854127,3.5345615010977376,5806
7127,0.5161666666666667,0.18014297851124556,3.534532160937781,5807
6643,0.5160833333333333,0.18014265635070326,3.5345258399210104,5808
3067,0.516,0.18013559499812795,3.5343872912082803,5809
5629,0.5159166666666667,0.1801322487891748,3.5343216362309864,5810
5055,0.5158333333333334,0.18013209082227882,3.534318536809179,5811
2135,0.51575,0.18012277396238438,3.5341357334537324,5812
5017,0.5156666666666667,0.18012060787823905,3.5340932333566446,5813
9314,0.5155833333333333,0.18010703382133433,3.5338269007963734,5814
6663,0.5155,0.18010662176566777,3.533818815973847,5815
8076,0.5154166666666666,0.18010587321441657,3.5338041288708797,5816
11600,0.5153333333333333,0.18010420493970355,3.53377139614563,5817
7277,0.51525,0.1801020980420084,3.5337300573284036,5818
2986,0.5151666666666667,0.18010039924673982,3.533696725768308,5819
10554,0.5150833333333333,0.1800997501828339,3.5336839906771393,5820
5838,0.515,0.18009504581914754,3.533591687747101,5821
1488,0.5149166666666667,0.18009426050849264,3.533576279398769,5822
4492,0.5148333333333334,0.18009334447908054,3.5335583062562756,5823
974,0.51475,0.18009150192113046,3.5335221539711306,5824
2025,0.5146666666666667,0.18009101246677975,3.5335125505319143,5825
3721,0.5145833333333333,0.18008854305856214,3.533464099002803,5826
11179,0.5145,0.18008808892420936,3.5334551885668106,5827
1510,0.5144166666666666,0.18008208014607352,3.5333372921062267,5828
2801,0.5143333333333333,0.18008177886695712,3.5333313807977382,5829
5722,0.51425,0.1800805834822726,3.5333079265079816,5830
5692,0.5141666666666667,0.18008052772105426,3.5333068324335697,5831
10459,0.5140833333333333,0.18007949588566605,3.5332865870962538,5832
2563,0.514,0.18007941402205857,3.533284980874617,5833
6043,0.5139166666666667,0.18007406596274084,3.5331800481827216,5834
10782,0.5138333333333334,0.18007140509268682,3.53312784003748,5835
4772,0.51375,0.18007108486101578,3.533121556866498,5836
1664,0.5136666666666667,0.18007052930605294,3.533110656486704,5837
652,0.5135833333333333,0.18006939518946005,3.5330884043200914,5838
1702,0.5135,0.18006793229981705,3.5330597013946035,5839
9043,0.5134166666666666,0.1800627141426239,3.532957317473925,5840
9579,0.5133333333333333,0.18006010265507083,3.532906078248141,5841
10092,0.51325,0.18005915493935382,3.532887483398069,5842
5586,0.5131666666666667,0.18005479915619046,3.532802019863471,5843
11759,0.5130833333333333,0.18004536691178485,3.5326169525825843,5844
828,0.513,0.18004397348944104,3.53258961265449,5845
583,0.5129166666666667,0.18004273387054065,3.5325652904582725,5846
7854,0.5128333333333334,0.1800424974913654,3.532560652532264,5847
11525,0.51275,0.18004236800542658,3.532558111926896,5848
4628,0.5126666666666667,0.18004123146343362,3.5325358121722585,5849
6233,0.5125833333333333,0.18004089003675144,3.5325291131401815,5850
10891,0.5125,0.1800399868214971,3.5325113914205417,5851
7628,0.5124166666666666,0.18003724893448658,3.532457672148349,5852
6722,0.5123333333333333,0.18003595317606527,3.5324322484551787,5853
4424,0.51225,0.18002672923893587,3.532251268309845,5854
367,0.5121666666666667,0.1800240861736068,3.5321994095058766,5855
8211,0.5120833333333333,0.18001908878604309,3.532101357240894,5856
3938,0.512,0.18001857366071114,3.5320912501189543,5857
8918,0.5119166666666667,0.18001805239619095,3.532081022541754,5858
11660,0.5118333333333334,0.18001696040953075,3.53205959699409,5859
3269,0.51175,0.1800157214195853,3.53203528713847,5860
4773,0.5116666666666667,0.18001564785518032,3.532033843752998,5861
8946,0.5115833333333333,0.1800068324725896,3.531860879735533,5862
7098,0.5115,0.17999698925358984,3.531667748843593,5863
2483,0.5114166666666666,0.17999589889616424,3.5316463552626853,5864
2341,0.5113333333333333,0.17999561411859227,3.531640767726066,5865
1420,0.51125,0.17999418524708274,3.531612732260326,5866
5446,0.5111666666666667,0.17999398388332555,3.5316087813615145,5867
11916,0.5110833333333333,0.1799936366536709,3.531601968471027,5868
2819,0.511,0.17998701664272368,3.5314720791920244,5869
2084,0.5109166666666667,0.17998670405373388,3.5314659459758717,5870
5897,0.5108333333333334,0.17998135724033087,3.5313610377296616,5871
9765,0.51075,0.17998130972037157,3.531360105354599,5872
5095,0.5106666666666667,0.17997992830466178,3.531333001005076,5873
11046,0.5105833333333333,0.17997655786641595,3.5312668706319363,5874
10085,0.5105,0.17997610839829206,3.5312580517507253,5875
9907,0.5104166666666666,0.17997569158416385,3.531249873563837,5876
3651,0.5103333333333333,0.179974356049633,3.531223669435362,5877
5991,0.51025,0.17997353194425367,3.531207499907194,5878
6648,0.5101666666666667,0.1799710735965362,3.531159265392911,5879
2869,0.5100833333333333,0.17996946023684693,3.5311276101390963,5880
4294,0.51,0.17996636633134153,3.5310669055332324,5881
5357,0.5099166666666667,0.17996185500894502,3.5309783902092873,5882
2106,0.5098333333333334,0.17995822072846737,3.5309070830657294,5883
10865,0.50975,0.1799536591521167,3.5308175817238023,5884
11256,0.5096666666666667,0.17995159371650113,3.5307770564217513,5885
5196,0.5095833333333334,0.1799500048093908,3.53074588094478,5886
2824,0.5095,0.1799476854233925,3.530700372957365,5887
5908,0.5094166666666666,0.17994543924353323,3.5306563013259087,5888
4741,0.5093333333333333,0.17994476024566644,3.530642978909368,5889
414,0.50925,0.17994363356998858,3.530620872738772,5890
891,0.5091666666666667,0.17993911727869696,3.530532259921608,5891
6264,0.5090833333333333,0.1799367766116204,3.5304863343844257,5892
6892,0.509,0.17993618594654315,3.5304747451194114,5893
496,0.5089166666666667,0.17993321907161744,3.5304165329430264,5894
10009,0.5088333333333334,0.17993233235173964,3.5303991348742763,5895
6487,0.50875,0.17993114429769774,3.5303758244168746,5896
4971,0.5086666666666667,0.17992732505177397,3.530300888120946,5897
1661,0.5085833333333334,0.17992541953334282,3.5302635005067824,5898
9730,0.5085,0.1799226959627901,3.5302100621336097,5899
5455,0.5084166666666666,0.17991967403990813,3.5301507698775056,5900
1974,0.5083333333333333,0.17991870206380575,3.5301316990215854,5901
4659,0.50825,0.1799138620299442,3.530036734147066,5902
5039,0.5081666666666667,0.17991252027673557,3.5300104080037586,5903
7692,0.5080833333333333,0.1799087971989125,3.5299373585937204,5904
6011,0.508,0.17990608882025289,3.5298842182961803,5905
5571,0.5079166666666667,0.17990113052181653,3.5297869329874327,5906
2154,0.5078333333333334,0.17990015387640604,3.5297677705163784,5907
5663,0.50775,0.17989662992147498,3.5296986280377585,5908
11299,0.5076666666666667,0.1798961811890606,3.5296898235916334,5909
10230,0.5075833333333334,0.17989510434910558,3.5296686952330054,5910
8515,0.5075,0.17989343067357483,3.529635856539844,5911
7249,0.5074166666666666,0.17989142844525594,3.5295965714095505,5912
1869,0.5073333333333333,0.17989061837659143,3.5295806772916425,5913
11592,0.50725,0.17988595066245297,3.529489093451513,5914
1937,0.5071666666666667,0.17988543876093407,3.529479049583057,5915
11315,0.5070833333333333,0.1798788898062302,3.529350554477549,5916
9245,0.507,0.1798780524792392,3.529334125532076,5917
10163,0.5069166666666667,0.17987460175427714,3.5292664198770627,5918
7746,0.5068333333333334,0.1798744602368777,3.5292636432059528,5919
7465,0.50675,0.17987163142162557,3.529208139857609,5920
7762,0.5066666666666667,0.17987093385554978,3.529194453119735,5921
7491,0.5065833333333334,0.17986968280045162,3.5291699065372866,5922
8984,0.5065,0.17986823812019284,3.529141560892711,5923
4381,0.5064166666666666,0.1798678390532041,3.529133730917235,5924
11386,0.5063333333333333,0.17986631626118174,3.5291038526648677,5925
8246,0.50625,0.17986522735575275,3.529082487573117,5926
11586,0.5061666666666667,0.17986361412625415,3.5290508348736838,5927
9711,0.5060833333333333,0.17986296851682265,3.5290381675617812,5928
10988,0.506,0.17986289665545718,3.5290367575911734,5929
11895,0.5059166666666667,0.1798621146991652,3.529021415057796,5930
6079,0.5058333333333334,0.17986169209316064,3.529013123230242,5931
5651,0.50575,0.17985531049318046,3.528887911742376,5932
4828,0.5056666666666667,0.1798524585571925,3.528831954748914,5933
6371,0.5055833333333334,0.17984917723599972,3.5287675729151853,5934
4032,0.5055,0.17984526623445002,3.5286908363092806,5935
4070,0.5054166666666666,0.17984356079547276,3.528657374394937,5936
7600,0.5053333333333333,0.17984119130585974,3.5286108833392404,5937
4515,0.50525,0.17984011179987155,3.5285897026711686,5938
8007,0.5051666666666667,0.17983961588421066,3.52857997245648,5939
7532,0.5050833333333333,0.1798382241079068,3.52855266482483,5940
4838,0.505,0.17983298718772986,3.5284499127611992,5941
1321,0.5049166666666667,0.1798324898261823,3.5284401541772414,5942
7409,0.5048333333333334,0.17983111966471813,3.5284132706439078,5943
4707,0.50475,0.17983043199468637,3.528399778073384,5944
657,0.5046666666666667,0.17982874609590133,3.528366699551418,5945
3965,0.5045833333333334,0.17982749159190936,3.528342085299188,5946
11445,0.5045,0.1798199381374248,3.528193881200248,5947
10035,0.5044166666666666,0.17981828663587873,3.528161477576429,5948
11464,0.5043333333333333,0.17981433870514504,3.5280840163937675,5949
2086,0.50425,0.1798108761184777,3.528016078003807,5950
9847,0.5041666666666667,0.17981028802409532,3.5280045391776502,5951
1259,0.5040833333333333,0.17980778013510265,3.527955332628636,5952
2740,0.504,0.17980675409648303,3.5279352010280025,5953
1424,0.5039166666666667,0.17980661804470735,3.5279325315963277,5954
3521,0.5038333333333334,0.17979998539348255,3.52780239430613,5955
3571,0.50375,0.1797994148032336,3.52779119892343,5956
2642,0.5036666666666667,0.17979853797373613,3.5277739949109135,5957
10077,0.5035833333333334,0.17978801321998297,3.5275674918269226,5958
3476,0.5035,0.17978759735022934,3.5275593321693224,5959
3238,0.5034166666666666,0.17978699517011257,3.5275475169711603,5960
10198,0.5033333333333333,0.1797835340330453,3.5274796070232695,5961
9872,0.50325,0.1797793751076406,3.5273980059766465,5962
6870,0.5031666666666667,0.17977894811604325,3.527389628100635,5963
229,0.5030833333333333,0.17977756391565253,3.5273624691137133,5964
1753,0.503,0.17977705850404216,3.5273525525818252,5965
713,0.5029166666666667,0.17977664043185598,3.527344349710982,5966
4564,0.5028333333333334,0.17977366818196994,3.527286032074076,5967
9701,0.50275,0.17976869763371112,3.5271885064151234,5968
4613,0.5026666666666667,0.17976849554177002,3.5271845412288654,5969
4742,0.5025833333333334,0.1797650478058419,3.5271168942207973,5970
6727,0.5025,0.17976402904574898,3.527096905430011,5971
7328,0.5024166666666666,0.17976390783212795,3.5270945271333574,5972
6476,0.5023333333333333,0.17975846003273382,3.526987637470908,5973
6597,0.50225,0.17975756058004433,3.5269699895754103,5974
2150,0.5021666666666667,0.1797574328339778,3.5269674831075752,5975
5284,0.5020833333333333,0.17975481484613223,3.5269161163415053,5976
11476,0.502,0.17975386100305396,3.5268974012682626,5977
1544,0.5019166666666667,0.17974828580285343,3.5267880119122417,5978
479,0.5018333333333334,0.17973780888741997,3.5265824474497762,5979
5932,0.50175,0.1797340392259411,3.526508484035566,5980
6723,0.5016666666666667,0.1797304313399774,3.526437694770989,5981
11990,0.5015833333333334,0.1797284215883213,3.5263982620274783,5982
594,0.5015,0.17972646644661508,3.526359900769682,5983
9394,0.5014166666666666,0.1797258740114212,3.5263482767737804,5984
3453,0.5013333333333333,0.17972496678525854,3.526330476357251,5985
9577,0.50125,0.17972485305356134,3.5263282448612134,5986
8114,0.5011666666666666,0.17972211171730662,3.5262744579124545,5987
10002,0.5010833333333333,0.17972020627444615,3.5262370717810074,5988
6889,0.501,0.1797189752304349,3.5262129178301755,5989
1474,0.5009166666666667,0.1797163169863013,3.526160761207379,5990
2367,0.5008333333333334,0.17971519374493966,3.5261387224204634,5991
4055,0.50075,0.17971332181529673,3.5261019938419746,5992
8298,0.5006666666666667,0.17971154311289075,3.5260670944475,5993
5343,0.5005833333333334,0.17970755455587067,3.5259888361486116,5994
10941,0.5005,0.17970371319870646,3.5259134660145692,5995
8998,0.5004166666666666,0.17970071319340852,3.5258546037968994,5996
6199,0.5003333333333333,0.17970026528331356,3.5258458154852663,5997
3816,0.50025,0.1796995427880519,3.5258316396191702,5998
8883,0.5001666666666666,0.17969473889219545,3.525737383797784,5999
5997,0.5000833333333333,0.17969200683102068,3.52568377883269,6000
4538,0.5,0.17968575321855296,3.5255610785499902,6001
10140,0.4999166666666667,0.17968538417754454,3.52555383770535,6002
867,0.49983333333333335,0.17967885949467413,3.5254258188303984,6003
3190,0.49975,0.17967879485497146,3.5254245505538675,6004
4820,0.49966666666666665,0.17967828492594012,3.5254145453869885,6005
3416,0.4995833333333333,0.17967199380621018,3.525291109185389,6006
6589,0.4995,0.17966815594583868,3.525215807660865,6007
2711,0.4994166666666667,0.17966143165184587,3.525083872275019,6008
887,0.49933333333333335,0.17966067462407667,3.525069018856829,6009
985,0.49925,0.17965948962930753,3.525045768424553,6010
8241,0.49916666666666665,0.17965749658053767,3.525006663403415,6011
4360,0.4990833333333333,0.17965731677367605,3.5250031354661377,6012
8042,0.499,0.17965068488399577,3.5248730131179817,6013
4590,0.4989166666666667,0.17965049234734531,3.524869235413285,6014
10634,0.49883333333333335,0.17964622013321455,3.524785411561928,6015
10716,0.49875,0.17964256303464257,3.5247136567112873,6016
7167,0.49866666666666665,0.1796409073458482,3.52468117093063,6017
5628,0.4985833333333333,0.17963972974588155,3.5246580655895747,6018
3303,0.4985,0.17963839938904916,3.5246319630512186,6019
4924,0.4984166666666667,0.17963658882671105,3.5245964385424697,6020
53,0.49833333333333335,0.17963248543139396,3.524515927035244,6021
3430,0.49825,0.17963222456879843,3.5245108087273413,6022
3438,0.49816666666666665,0.17963083496301335,3.52448354368275,6023
4289,0.4980833333333333,0.1796286982301609,3.524441619478708,6024
3670,0.498,0.17962329904805738,3.524335683721766,6025
9109,0.4979166666666667,0.17962227167847425,3.5243155260067214,6026
1406,0.49783333333333335,0.17962202438234548,3.524310673882437,6027
142,0.49775,0.17961872661928818,3.524245969447758,6028
5585,0.49766666666666665,0.17961692264884258,3.5242105742765757,6029
711,0.4975833333333333,0.1796168946631167,3.5242100251769566,6030
1680,0.4975,0.17961656644733,3.52420358535195,6031
4407,0.4974166666666667,0.17961650472549626,3.5242023743260953,6032
10386,0.49733333333333335,0.17961563317636403,3.524185273918005,6033
1051,0.49725,0.17961380462199106,3.5241493963929047,6034
7731,0.49716666666666665,0.17960639471406256,3.5240040087785847,6035
954,0.4970833333333333,0.17960605313948622,3.5239973068447545,6036
7201,0.497,0.1796029379960529,3.5239361855357485,6037
7457,0.4969166666666667,0.17960243068105078,3.523926231657949,6038
11394,0.49683333333333335,0.1796018055046718,3.5239139652569436,6039
3100,0.49675,0.17960038096915537,3.523886014866417,6040
5089,0.49666666666666665,0.17959918436607245,3.5238625366708427,6041
11034,0.4965833333333333,0.17959824570632,3.523844119505185,6042
10628,0.4965,0.17959562199348456,3.523792640410697,6043
11869,0.4964166666666667,0.179592905791519,3.523739346614422,6044
10366,0.49633333333333335,0.17959220799654,3.5237256553852805,6045
2757,0.49625,0.1795908144151165,3.523698312335929,6046
7941,0.49616666666666664,0.1795898089811039,3.5236785850122105,6047
10258,0.4960833333333333,0.17958653814468392,3.5236144088971324,6048
1751,0.496,0.17958135472036207,3.5235127064598633,6049
10954,0.4959166666666667,0.17957787897857413,3.5234445099570957,6050
1980,0.49583333333333335,0.17957698022930124,3.5234268758631426,6051
6709,0.49575,0.1795745586931081,3.5233793636168675,6052
11782,0.49566666666666664,0.1795704313031219,3.5232983813173266,6053
5824,0.4955833333333333,0.17956588734265627,3.5232092256115055,6054
11518,0.4955,0.17956054675198863,3.5231044394597832,6055
719,0.49541666666666667,0.1795603978257059,3.5231015174212112,6056
2718,0.49533333333333335,0.17955944200912402,3.5230827636264186,6057
10227,0.49525,0.17955891513995628,3.523072426082158,6058
598,0.49516666666666664,0.17955618587400254,3.523018875961202,6059
11117,0.4950833333333333,0.1795557898439227,3.523011105571972,6060
7488,0.495,0.17955307508608623,3.522957840110489,6061
5536,0.49491666666666667,0.17954922830399977,3.5228823635356745,6062
9400,0.49483333333333335,0.17954899041578762,3.5228776960013146,6063
2198,0.49475,0.17954494465017073,3.5227983152294398,6064
6576,0.49466666666666664,0.17954213557992532,3.5227431992920293,6065
2835,0.4945833333333333,0.17953617576274053,3.5226262634798013,6066
6983,0.4945,0.1795347332430368,3.522597960226845,6067
2628,0.49441666666666667,0.17953320269800432,3.5225679298549597,6068
4436,0.49433333333333335,0.1795290203454382,3.5224858691508585,6069
9940,0.49425,0.1795270973339933,3.5224481383114314,6070
7166,0.49416666666666664,0.17952352894946355,3.5223781240927856,6071
5593,0.4940833333333333,0.17952286583766686,3.52236511337214,6072
4570,0.494,0.17951753167660214,3.5222604533737614,6073
9040,0.49391666666666667,0.17951696127082747,3.522249261610569,6074
3266,0.49383333333333335,0.17951629092805554,3.5222361090130834,6075
1877,0.49375,0.17951560583571818,3.522222667018773,6076
8190,0.49366666666666664,0.1795133094222413,3.5221776097683324,6077
6504,0.4935833333333333,0.17951289462236333,3.5221694711024654,6078
4147,0.4935,0.17950610890807778,3.522036330607232,6079
8316,0.49341666666666667,0.17950514789737487,3.52201747490017,6080
8528,0.49333333333333335,0.17950063530465307,3.5219289346515206,6081
9084,0.49325,0.17949988012458412,3.5219141174864825,6082
4131,0.49316666666666664,0.17949849844864357,3.521887008031056,6083
5008,0.4930833333333333,0.17949521022177348,3.521822490703092,6084
7319,0.493,0.17949509497452326,3.5218202294708467,6085
9444,0.49291666666666667,0.1794903429653067,3.5217269917019287,6086
3366,0.49283333333333335,0.1794830329295213,3.5215835636494237,6087
1496,0.49275,0.17948176036261518,3.5215585949901254,6088
4448,0.49266666666666664,0.17948147286703248,3.521552954124222,6089
11244,0.4925833333333333,0.17947702010294686,3.5214655877555656,6090
6191,0.4925,0.17947378179575155,3.5214020498868344,6091
4283,0.49241666666666667,0.1794731304073746,3.52138926918792,6092
9123,0.49233333333333335,0.17946913323414587,3.521310841832893,6093
8837,0.49225,0.17946737681133623,3.521276379579844,6094
3968,0.49216666666666664,0.1794660076141749,3.521249514966879,6095
11889,0.4920833333333333,0.1794654084392784,3.5212377587332355,6096
4882,0.492,0.17946351390353915,3.5212005866071934,6097
6107,0.49191666666666667,0.17946343155617,3.5211989708938036,6098
512,0.49183333333333334,0.17946149277431775,3.521160930627884,6099
2798,0.49175,0.17945920819686345,3.5211161056085825,6100
4743,0.49166666666666664,0.17945843427957436,3.5211009208061075,6101
1771,0.4915833333333333,0.17945384789307062,3.5210109326714947,6102
5440,0.4915,0.1794521472082235,3.5209775640365457,6103
539,0.49141666666666667,0.17945110329257627,3.52095708167604,6104
7264,0.49133333333333334,0.17944428997448,3.5208233995745286,6105
3759,0.49125,0.17944255090085734,3.5207892777247736,6106
8554,0.49116666666666664,0.17944217192334588,3.520781841918968,6107
7659,0.4910833333333333,0.17943895736763957,3.5207187700711877,6108
32,0.491,0.17943824912088144,3.520704873770849,6109
441,0.49091666666666667,0.17943490488783942,3.520639257562261,6110
10911,0.49083333333333334,0.17943416032671508,3.5206246487484014,6111
5832,0.49075,0.17943298029369256,3.5206014956690765,6112
8400,0.49066666666666664,0.17943234370851704,3.5205890054194446,6113
746,0.4905833333333333,0.17943185179187443,3.5205793536683334,6114
3110,0.4905,0.17943003016248,3.5205436120161497,6115
2353,0.49041666666666667,0.17942997980556616,3.5205426239780024,6116
10308,0.49033333333333334,0.17942974014950622,3.5205379217572355,6117
979,0.49025,0.1794290135362442,3.5205236650931173,6118
9377,0.49016666666666664,0.17942832489121108,3.5205101533923573,6119
1846,0.4900833333333333,0.17942754567254077,3.5204948645730676,6120
10169,0.49,0.1794245366842637,3.520435826103019,6121
5354,0.48991666666666667,0.17942318721806888,3.52040934862549,6122
9186,0.48983333333333334,0.17942280475637382,3.5204018444575285,6123
1482,0.48975,0.179422717445229,3.5204001313513755,6124
3249,0.48966666666666664,0.17942220947272172,3.5203901645728877,6125
4233,0.4895833333333333,0.1794215184321081,3.520376605869177,6126
5042,0.4895,0.1794177996547701,3.5203036408376738,6127
3809,0.48941666666666667,0.17941594656641882,3.5202672819385863,6128
8336,0.48933333333333334,0.1794115780631981,3.520181568827487,6129
7997,0.48925,0.17941056374281056,3.520161667146862,6130
4461,0.4891666666666667,0.17941026974778493,3.5201558987573076,6131
7295,0.4890833333333333,0.17940606928627217,3.5200734827429048,6132
11732,0.489,0.17940568078499539,3.5200658600741335,6133
6697,0.48891666666666667,0.1794050419509458,3.520053325699993,6134
1479,0.48883333333333334,0.17940423862760532,3.520037563930079,6135
9289,0.48875,0.17940352365368362,3.5200235356379457,6136
6051,0.4886666666666667,0.1794029583498273,3.520012443978014,6137
5421,0.4885833333333333,0.1793981986357458,3.51991905503421,6138
5727,0.4885,0.17939774037237993,3.5199100635841036,6139
10892,0.48841666666666667,0.17939752222702032,3.519905783418441,6140
385,0.48833333333333334,0.17939619179334357,3.5198796793723397,6141
9912,0.48825,0.1793951388956765,3.5198590207782345,6142
7827,0.4881666666666667,0.17939279043603357,3.519812942345394,6143
6288,0.4880833333333333,0.17938572587970567,3.5196743307728724,6144
6419,0.488,0.1793828577786366,3.5196180566090747,6145
1760,0.48791666666666667,0.1793820877360289,3.519602947830597,6146
2302,0.48783333333333334,0.17938123281933727,3.519586173762752,6147
3415,0.48775,0.17938058196759035,3.519573403592899,6148
10742,0.4876666666666667,0.17937905903595266,3.519543522601146,6149
6304,0.4875833333333333,0.17937381681494152,3.5194406665314384,6150
6376,0.4875,0.17937227977368345,3.5194105086989924,6151
7766,0.48741666666666666,0.1793681001979049,3.519328502477416,6152
7756,0.48733333333333334,0.17936240224734654,3.5192167046729104,6153
4724,0.48725,0.17935977660164645,3.5191651876543375,6154
9099,0.4871666666666667,0.17935739412534463,3.519118441790648,6155
11409,0.4870833333333333,0.17935677122553267,3.5191062200574725,6156
4181,0.487,0.1793528069070877,3.519028437336477,6157
2315,0.48691666666666666,0.17935021417400432,3.5189775660866465,6158
1437,0.48683333333333334,0.1793442341747537,3.518860234288047,6159
3494,0.48675,0.1793370528730559,3.5187193320890557,6160
9215,0.4866666666666667,0.179334371033767,3.518666712512645,6161
4969,0.4865833333333333,0.17933319215986437,3.5186435821761046,6162
8448,0.4865,0.17932957064857066,3.518572525572905,6163
10036,0.48641666666666666,0.17932924022318056,3.5185660423939153,6164
7207,0.48633333333333334,0.1793288508981024,3.518558403561614,6165
7989,0.48625,0.17932687205554715,3.5185195772764244,6166
2398,0.4861666666666667,0.17932676180873985,3.518517414156441,6167
5191,0.4860833333333333,0.17932104948862765,3.5184053344111206,6168
2893,0.486,0.1793195236879659,3.518375397127115,6169
7783,0.48591666666666666,0.1793163339020318,3.518312811279642,6170
4120,0.48583333333333334,0.17931602239411998,3.518306699274965,6171
621,0.48575,0.17931279004999734,3.518243278405926,6172
4149,0.4856666666666667,0.17931181192238188,3.518224086852909,6173
5755,0.4855833333333333,0.17931045894992984,3.518197540580138,6174
7627,0.4855,0.17930939995186349,3.5181767622919438,6175
565,0.48541666666666666,0.1793082573956908,3.518154344534824,6176
245,0.48533333333333334,0.17930252699681248,3.5180419100713918,6177
11312,0.48525,0.17930162350116785,3.5180241828502767,6178
1873,0.4851666666666667,0.17929668864123333,3.517927357421417,6179
7653,0.4850833333333333,0.17929168783707747,3.517829238120478,6180
9217,0.485,0.179290787220963,3.5178115673977577,6181
4960,0.48491666666666666,0.1792887195911071,3.5177709990432247,6182
5909,0.48483333333333334,0.1792887030483109,3.517770674461917,6183
10897,0.48475,0.17928751924431352,3.517747447393419,6184
3870,0.4846666666666667,0.17928735725750036,3.517744269098004,6185
6197,0.4845833333333333,0.1792862931003716,3.517723389585384,6186
6997,0.4845,0.1792844365036266,3.517686961849135,6187
2897,0.48441666666666666,0.17928333773687594,3.5176654032713377,6188
2724,0.48433333333333334,0.17928308297990114,3.5176604047600333,6189
3133,0.48425,0.17928059811484953,3.51761164995696,6190
2767,0.4841666666666667,0.17927986319282757,3.5175972302690957,6191
2193,0.4840833333333333,0.17927450583043755,3.517492115044379,6192
330,0.484,0.17927272512418913,3.5174571763331635,6193
6780,0.48391666666666666,0.1792700231292991,3.517404161289674,6194
10764,0.48383333333333334,0.17926868366539744,3.5173778800641546,6195
1005,0.48375,0.17926545927643217,3.517314615280913,6196
332,0.4836666666666667,0.17926431986268562,3.517292259180392,6197
2760,0.4835833333333333,0.17926283209043029,3.517263068040525,6198
8326,0.4835,0.17926210403976056,3.517248783173396,6199
8488,0.48341666666666666,0.1792596039159696,3.5171997289830963,6200
9255,0.48333333333333334,0.17925922676611492,3.517192329037268,6201
1984,0.48325,0.17925628714716355,3.5171346516422908,6202
10327,0.4831666666666667,0.1792555887552402,3.517120948700669,6203
10094,0.4830833333333333,0.179252385042149,3.517058089592608,6204
11661,0.483,0.17925161008109755,3.5170428843107597,6205
4296,0.48291666666666666,0.17924584202106442,3.5169297109089133,6206
9357,0.48283333333333334,0.17924320354915904,3.5168779422311403,6207
440,0.48275,0.17924187201203906,3.51685181653475,6208
2693,0.4826666666666667,0.1792407879898945,3.5168305472564994,6209
9533,0.4825833333333333,0.1792363899802527,3.516744255208611,6210
10412,0.4825,0.17922882797844789,3.516595883405272,6211
2402,0.48241666666666666,0.17922837893509194,3.516587072858263,6212
4823,0.48233333333333334,0.17922720288766314,3.516563997979093,6213
1016,0.48225,0.17922607525106024,3.51654187295449,6214
712,0.4821666666666667,0.17922551266368464,3.516530834593807,6215
10929,0.4820833333333333,0.17922472522476396,3.5165153844873114,6216
5732,0.482,0.17922412285634878,3.5165035655946486,6217
2721,0.48191666666666666,0.17922312585545389,3.516484003734626,6218
10796,0.48183333333333334,0.17921883067134672,3.516399729196202,6219
4137,0.48175,0.17921741697741672,3.5163719915252685,6220
3948,0.4816666666666667,0.17921513358558083,3.5163271897686315,6221
3507,0.4815833333333333,0.17921506420224168,3.516325828418636,6222
236,0.4815,0.17921185138988083,3.516262790776487,6223
1091,0.48141666666666666,0.17920723044292966,3.516172124541536,6224
6370,0.48133333333333334,0.1792045303119524,3.5161191460693546,6225
6942,0.48125,0.17920447333745054,3.516118028189458,6226
4673,0.4811666666666667,0.1792043780031217,3.516116157662789,6227
4719,0.4810833333333333,0.17920351378464833,3.516099201087417,6228
9644,0.481,0.17920053565857985,3.516040768155662,6229
11950,0.48091666666666666,0.17919983256779193,3.516026973019012,6230
4184,0.48083333333333333,0.17919826872930508,3.5159962894061083,6231
11965,0.48075,0.17919667141334183,3.5159649489414666,6232
3621,0.4806666666666667,0.17919657973008843,3.515963150051487,6233
5064,0.4805833333333333,0.17919340992111737,3.515900956166127,6234
8318,0.4805,0.17918907730000216,3.5158159470872272,6235
1701,0.48041666666666666,0.17918871491709465,3.5158088368792946,6236
11175,0.48033333333333333,0.1791881537505429,3.515797826396139,6237
6883,0.48025,0.17918789973729501,3.515792842477226,6238
8569,0.4801666666666667,0.17918394007453783,3.5157151511041183,6239
6520,0.4800833333333333,0.17918236684202238,3.5156842831737025,6240
3301,0.48,0.179180243921949,3.5156426299861208,6241
196,0.47991666666666666,0.17917847166878195,3.515607857130334,6242
1439,0.47983333333333333,0.17917544462861,3.515548464469398,6243
10112,0.47975,0.1791751049322083,3.515541799386637,6244
10829,0.4796666666666667,0.17917297560383394,3.515500020463681,6245
8078,0.4795833333333333,0.1791724690009288,3.5154900805577807,6246
8592,0.4795,0.17917091401455,3.515459570629414,6247
8256,0.47941666666666666,0.17917008405315113,3.515443286201988,6248
2045,0.47933333333333333,0.17916948317137127,3.5154314964781506,6249
69,0.47925,0.1791678438215175,3.515399331278985,6250
7515,0.4791666666666667,0.1791667911069858,3.515378676278149,6251
2205,0.47908333333333336,0.1791662671492767,3.5153683958587667,6252
2180,0.479,0.17916461508898576,3.515335981271868,6253
8322,0.47891666666666666,0.17916375210160734,3.515319048851438,6254
9642,0.47883333333333333,0.17916203420837853,3.515285342575929,6255
3582,0.47875,0.1791610023319313,3.5152650964330183,6256
2245,0.4786666666666667,0.1791608406720601,3.515261924552454,6257
4202,0.47858333333333336,0.179156316972724,3.5151731663842485,6258
10767,0.4785,0.179155530144927,3.515157728268452,6259
9788,0.47841666666666666,0.17915227212128237,3.5150938035490866,6260
6035,0.47833333333333333,0.17914966444478078,3.5150426390988363,6261
9616,0.47825,0.17914421384435034,3.514935694478101,6262
8635,0.4781666666666667,0.17914381479649671,3.514927864878004,6263
2602,0.47808333333333336,0.17914372135345966,3.5149260314598516,6264
4755,0.478,0.17913955437862406,3.5148442724776463,6265
7749,0.47791666666666666,0.17913945070634896,3.5148422383545324,6266
4818,0.47783333333333333,0.17913887001701082,3.5148308448206054,6267
7984,0.47775,0.1791344408365839,3.514743941179967,6268
8875,0.4776666666666667,0.17913298549630452,3.5147153863783407,6269
9098,0.47758333333333336,0.17913226979999872,3.5147013439125505,6270
8493,0.4775,0.17913095584353664,3.514675563160977,6271
3929,0.47741666666666666,0.17912648653192714,3.514587872118282,6272
9852,0.47733333333333333,0.17912429231607194,3.5145448200572185,6273
1675,0.47725,0.17912181112318415,3.5144961373046417,6274
9329,0.4771666666666667,0.17911550743901722,3.5143724545798642,6275
2389,0.47708333333333336,0.17911440127412642,3.5143507508453773,6276
8783,0.477,0.1791130761649786,3.514324751270286,6277
1861,0.47691666666666666,0.1791098525625584,3.5142615019195502,6278
8832,0.47683333333333333,0.17910811059830603,3.5142273233536114,6279
9129,0.47675,0.17910674403143267,3.5142005103486866,6280
176,0.4766666666666667,0.17910545834014802,3.5141752841798493,6281
11892,0.47658333333333336,0.17910244988822552,3.5141162562334363,6282
5114,0.4765,0.17909940501019483,3.5140565135811785,6283
1981,0.47641666666666665,0.179099174055172,3.514051982080943,6284
882,0.47633333333333333,0.1790983797041212,3.514036396353652,6285
11463,0.47625,0.1790941428743739,3.5139532667688465,6286
6493,0.4761666666666667,0.17909112783736228,3.5138941096184015,6287
4797,0.47608333333333336,0.17908995234537975,3.513871045637477,6288
7375,0.476,0.17908958852842966,3.5138639072926283,6289
8799,0.47591666666666665,0.17908375210460298,3.5137493925449617,6290
2037,0.47583333333333333,0.17908073827737075,3.51369025913124,6291
571,0.47575,0.17907716089487108,3.5136200683661283,6292
7291,0.4756666666666667,0.1790721237905671,3.5135212368307,6293
4647,0.47558333333333336,0.1790705651345768,3.5134906549020277,6294
7988,0.4755,0.17906729005545194,3.5134263955420173,6295
3385,0.47541666666666665,0.17906642843314724,3.513409489905368,6296
9030,0.47533333333333333,0.17905786761098935,3.5132415205429224,6297
1397,0.47525,0.1790574526893439,3.5132333794879393,6298
3022,0.4751666666666667,0.17905450753937238,3.5131755935704527,6299
10192,0.47508333333333336,0.1790543867693863,3.513173223978183,6300
4927,0.475,0.17905402623595862,3.513166150058339,6301
4692,0.47491666666666665,0.17904974914054975,3.5130822304329286,6302
7233,0.47483333333333333,0.17904935745031372,3.5130745451945,6303
6426,0.47475,0.1790475306187529,3.5130387014721753,6304
10978,0.4746666666666667,0.17904414154744702,3.5129722055053016,6305
6313,0.47458333333333336,0.17904235972925234,3.5129372449769534,6306
3757,0.4745,0.1790405444659858,3.5129016282326937,6307
8598,0.47441666666666665,0.17903301819195516,3.51275395743345,6308
8658,0.47433333333333333,0.17903062573785525,3.512707015798356,6309
10070,0.47425,0.179025703536297,3.512610438735751,6310
11588,0.4741666666666667,0.1790250553270605,3.5125977204138694,6311
2593,0.47408333333333336,0.17902449146268823,3.51258665699761,6312
9218,0.474,0.17901610262293008,3.5124220620510225,6313
9704,0.47391666666666665,0.17901104729228604,3.5123228729019975,6314
2340,0.47383333333333333,0.17900665398940283,3.5122366732040615,6315
2898,0.47375,0.17900647912987297,3.5122332423368987,6316
3337,0.4736666666666667,0.1790038197784468,3.512181063988218,6317
7035,0.47358333333333336,0.179003768007573,3.5121800482071937,6318
346,0.4735,0.17900191559494108,3.5121437025662328,6319
4157,0.47341666666666665,0.17900172812996767,3.512140024371398,6320
1704,0.47333333333333333,0.17899970772528778,3.5121003826080512,6321
4847,0.47325,0.1789947184436311,3.512002489386638,6322
7060,0.4731666666666667,0.17899278212173225,3.5119644973867263,6323
967,0.47308333333333336,0.1789919186727031,3.511947555908452,6324
10692,0.473,0.17898679558550845,3.511847037328088,6325
2280,0.47291666666666665,0.17898400341745196,3.5117922530235894,6326
5016,0.4728333333333333,0.17898381144335074,3.5117884863564957,6327
4046,0.47275,0.17898352925985103,3.511782949717391,6328
5486,0.4726666666666667,0.17897905625196864,3.5116951861512025,6329
6325,0.47258333333333336,0.17897181910217622,3.511553188173222,6330
2010,0.4725,0.17897145079923935,3.511545961810117,6331
1667,0.47241666666666665,0.17897050281007643,3.511527361594827,6332
1218,0.4723333333333333,0.17897037527728132,3.511524859311522,6333
4549,0.47225,0.17896820885838874,3.51148235264644,6334
9508,0.4721666666666667,0.1789661078840979,3.511441130050601,6335
9019,0.47208333333333335,0.17896524500084163,3.5114241996731153,6336
249,0.472,0.17895965159052385,3.511314453021809,6337
185,0.47191666666666665,0.17895960894154467,3.511313616218777,6338
9453,0.4718333333333333,0.17895671297008817,3.511256795218388,6339
783,0.47175,0.17895602289715404,3.511243255501248,6340
2012,0.4716666666666667,0.17895590546198525,3.5112409513404996,6341
6300,0.47158333333333335,0.17895323942788285,3.511188641872982,6342
4631,0.4715,0.1789520918729707,3.5111661260370832,6343
531,0.47141666666666665,0.17895015391392843,3.5111281019152747,6344
11697,0.4713333333333333,0.17894657727612662,3.511057925761588,6345
2338,0.47125,0.1789385288717795,3.5109000103976964,6346
5688,0.4711666666666667,0.17893754462030545,3.5108806986902943,6347
1384,0.47108333333333335,0.1789374002084748,3.5108778652284727,6348
8267,0.471,0.1789348541593069,3.5108279099498585,6349
9232,0.47091666666666665,0.17892281249831066,3.5105916440770057,6350
7301,0.4708333333333333,0.17892212547176625,3.5105781641321254,6351
7318,0.47075,0.17891953997893603,3.5105274349411526,6352
9761,0.4706666666666667,0.17891738174679434,3.5104850889059365,6353
3698,0.47058333333333335,0.17891729618057772,3.510483410036489,6354
8977,0.4705,0.17891609382956758,3.510459819062498,6355
11238,0.47041666666666665,0.17891457893351992,3.510430095734751,6356
2618,0.4703333333333333,0.17891282368104736,3.510395656444537,6357
10142,0.47025,0.17890968248695185,3.510334024003183,6358
845,0.4701666666666667,0.17890950446357404,3.5103305310591173,6359
2826,0.47008333333333335,0.17890813527900626,3.510303666693212,6360
4941,0.47,0.17890773641530475,3.510295840706332,6361
9073,0.46991666666666665,0.178903745770653,3.5102175414465906,6362
2303,0.4698333333333333,0.1789019532692645,3.5101823713064286,6363
2405,0.46975,0.17889809113404856,3.5101065934923685,6364
8039,0.4696666666666667,0.1788966221793305,3.5100777715657956,6365
2442,0.46958333333333335,0.17889540095354178,3.5100538102554237,6366
1120,0.4695,0.1788953645903696,3.5100530967843797,6367
3264,0.46941666666666665,0.17889311532463717,3.5100089646059436,6368
863,0.4693333333333333,0.1788866090710988,3.509881307327468,6369
1089,0.46925,0.1788843514361138,3.5098370109383694,6370
2370,0.4691666666666667,0.17888247380282898,3.509800170450389,6371
11696,0.46908333333333335,0.17888123400820582,3.5097758448063527,6372
11136,0.469,0.17888054244927074,3.509762275932782,6373
10777,0.46891666666666665,0.17887980569858775,3.50974782036531,6374
5856,0.4688333333333333,0.17887949142199447,3.5097416540371436,6375
4240,0.46875,0.17887248651916918,3.50960421290832,6376
5296,0.4686666666666667,0.17887060620030124,3.5095673197272923,6377
6853,0.46858333333333335,0.17886996472238342,3.509554733478564,6378
5194,0.4685,0.1788671308177352,3.509499130272712,6379
9589,0.46841666666666665,0.17886579346232653,3.50947289041735,6380
1565,0.4683333333333333,0.17885959646309807,3.5093513009262844,6381
9205,0.46825,0.1788552909321246,3.509266823375033,6382
10808,0.4681666666666667,0.17885295423782596,3.5092209757865724,6383
5270,0.46808333333333335,0.1788520919160521,3.5092040564258338,6384
2465,0.468,0.17885204126303764,3.5092030625779898,6385
3493,0.46791666666666665,0.17885182206825673,3.509198761821959,6386
4243,0.4678333333333333,0.17884732934921868,3.5091106115090076,6387
4281,0.46775,0.17884160424520817,3.508998280934626,6388
9434,0.4676666666666667,0.1788408475803561,3.5089834346370714,6389
10787,0.46758333333333335,0.17884044655860093,3.5089755663076723,6390
4415,0.4675,0.17883852727637778,3.50893790863824,6391
4405,0.46741666666666665,0.1788380269152634,3.508928091200628,6392
8295,0.4673333333333333,0.17882956318354962,3.5087620268211186,6393
29,0.46725,0.1788289047255066,3.50874910741042,6394
4536,0.4671666666666667,0.17882843254952194,3.508739842984898,6395
8504,0.46708333333333335,0.17882632195606465,3.5086984316542233,6396
8074,0.467,0.1788248927375752,3.508670389380473,6397
6820,0.46691666666666665,0.17881984073309212,3.5085712654930443,6398
4446,0.4668333333333333,0.1788170290472675,3.508516098236168,6399
5347,0.46675,0.1788160034112677,3.508495974535215,6400
6354,0.4666666666666667,0.17881373735147685,3.5084515128455775,6401
2717,0.46658333333333335,0.1788134562126203,3.5084459967030934,6402
97,0.4665,0.17881038450167136,3.5083857275700536,6403
8479,0.46641666666666665,0.17881008760052822,3.5083799021604514,6404
2611,0.4663333333333333,0.1788099749174517,3.5083776912390823,6405
6695,0.46625,0.17880597297601808,3.5082991703285176,6406
3798,0.4661666666666667,0.1787985080390965,3.5081527030065836,6407
1111,0.46608333333333335,0.17879775276039894,3.5081378839064152,6408
7610,0.466,0.1787938981981291,3.508062254678844,6409
9545,0.46591666666666665,0.1787923669082826,3.508032209693152,6410
2506,0.4658333333333333,0.17879049325020926,3.507995447201699,6411
6823,0.46575,0.17878650398233661,3.5079171749553053,6412
7945,0.4656666666666667,0.1787858419543818,3.5079041855003936,6413
10297,0.46558333333333335,0.17878407381469047,3.5078694933538896,6414
9230,0.4655,0.17878272441613413,3.5078430172034336,6415
8653,0.46541666666666665,0.1787812062744662,3.50781323019427,6416
7918,0.4653333333333333,0.17878030070556405,3.5077954622944247,6417
6375,0.46525,0.1787766352491977,3.5077235434579457,6418
2088,0.4651666666666667,0.17877655430925524,3.507721955359251,6419
4230,0.46508333333333335,0.17877651245691736,3.507721134186886,6420
1290,0.465,0.17877320841223934,3.5076563065024082,6421
4169,0.46491666666666664,0.17877076921794421,3.507608447791778,6422
3807,0.4648333333333333,0.17876687701471375,3.507532080022062,6423
1301,0.46475,0.1787660305650659,3.5075154720835964,6424
9244,0.4646666666666667,0.17876455584579734,3.507486537052487,6425
9262,0.46458333333333335,0.17876304278973718,3.5074568498265704,6426
9695,0.4645,0.17875826906866,3.507363186055623,6427
8914,0.46441666666666664,0.17875130348038965,3.5072265163060425,6428
5819,0.4643333333333333,0.17874720253990178,3.5071460529642744,6429
5050,0.46425,0.17874674022622672,3.50713698204426,6430
275,0.46416666666666667,0.1787419623130771,3.5070432360219286,6431
3800,0.46408333333333335,0.1787414629479407,3.5070334381260784,6432
1472,0.464,0.17874115332422938,3.5070273630907485,6433
3856,0.46391666666666664,0.17874085309062196,3.507021472295828,6434
2054,0.4638333333333333,0.17874053917181879,3.5070153129877335,6435
10733,0.46375,0.17873995529202885,3.5070038568548503,6436
1332,0.46366666666666667,0.17873755442042125,3.506956750062387,6437
6091,0.46358333333333335,0.17873600845085866,3.506926417050276,6438
3448,0.4635,0.17873116267487674,3.5068313395113706,6439
9697,0.46341666666666664,0.17872954884881354,3.506799675106959,6440
11174,0.4633333333333333,0.1787183337591705,3.5065796271464054,6441
2169,0.46325,0.17871282262110633,3.5064714947346225,6442
2811,0.46316666666666667,0.17871132008343665,3.5064420138868964,6443
8987,0.46308333333333335,0.17870795914112564,3.5063760698307607,6444
2043,0.463,0.17870598455729725,3.506337327104842,6445
11775,0.46291666666666664,0.17870478131371875,3.506313718618026,6446
10735,0.4628333333333333,0.17870422102229397,3.5063027253054924,6447
3773,0.46275,0.17869993938556114,3.506218716576158,6448
2178,0.46266666666666667,0.17869721779401093,3.50616531703239,6449
4794,0.46258333333333335,0.1786940875059806,3.5061038985757147,6450
661,0.4625,0.1786940031877427,3.5061022441925007,6451
2660,0.46241666666666664,0.17868651965526555,3.5059554120126766,6452
4331,0.4623333333333333,0.17868395039864218,3.505905001387484,6453
5938,0.46225,0.17868213268595895,3.505869336583962,6454
6036,0.46216666666666667,0.17868040876817168,3.5058355121023403,6455
6623,0.46208333333333335,0.17867885369505154,3.5058050004720807,6456
10572,0.462,0.17867775672388578,3.5057834771249254,6457
1736,0.46191666666666664,0.1786758597546182,3.505746257251376,6458
2890,0.4618333333333333,0.1786702283899582,3.505635765909073,6459
9762,0.46175,0.17866956218268534,3.5056226944529705,6460
7728,0.46166666666666667,0.17866802373411106,3.505592509008002,6461
3083,0.46158333333333335,0.178666361339593,3.505559891656334,6462
2320,0.4615,0.17866179053780534,3.5054702093047956,6463
166,0.46141666666666664,0.17865856604083816,3.5054069424024403,6464
11421,0.4613333333333333,0.1786581154084852,3.5053981006781862,6465
6186,0.46125,0.1786576670469123,3.5053893035081947,6466
3610,0.46116666666666667,0.17865720194072535,3.5053801777971447,6467
10651,0.46108333333333335,0.17865469001605788,3.505330892065307,6468
5804,0.461,0.1786532982772375,3.5053035851690932,6469
4800,0.46091666666666664,0.17865219127483442,3.5052818650020345,6470
8286,0.4608333333333333,0.17865207379073633,3.5052795598812025,6471
4625,0.46075,0.17864962497989223,3.5052315124871267,6472
4299,0.46066666666666667,0.1786488219835477,3.505215757133085,6473
7531,0.46058333333333334,0.17864867884787697,3.505212948710335,6474
8684,0.4605,0.17864465973509508,3.5051340908858357,6475
3842,0.46041666666666664,0.17864124132904388,3.505067019350629,6476
6118,0.4603333333333333,0.17863812580221655,3.5050058905191914,6477
2024,0.46025,0.17863684387902776,3.5049807382830105,6478
6021,0.46016666666666667,0.17863678791609408,3.504979640250824,6479
2069,0.46008333333333334,0.17863652557893037,3.5049744930108577,6480
3135,0.46,0.17863397435823328,3.504924436263322,6481
8414,0.45991666666666664,0.1786329666497693,3.5049046643132016,6482
4484,0.4598333333333333,0.17863020372246574,3.5048504537328498,6483
10173,0.45975,0.17862943446186633,3.504835360297877,6484
5596,0.45966666666666667,0.17862829250043583,3.5048129542100277,6485
2917,0.45958333333333334,0.1786260213661929,3.5047683929560276,6486
2236,0.4595,0.17862014330873152,3.5046530613271667,6487
6422,0.45941666666666664,0.1786175799858806,3.5046027671268023,6488
2403,0.4593333333333333,0.17861698458324632,3.5045910849076103,6489
4712,0.45925,0.17861652059640987,3.5045819811590047,6490
2189,0.45916666666666667,0.17861618740934984,3.504575443794116,6491
5484,0.45908333333333334,0.17861591316832123,3.5045700629918954,6492
3054,0.459,0.17861359237828292,3.5045245274562156,6493
6345,0.45891666666666664,0.1786133816246505,3.504520392321446,6494
3646,0.4588333333333333,0.17860978476034672,3.504449819309583,6495
10287,0.45875,0.17860862067599054,3.504426979154312,6496
1541,0.45866666666666667,0.1786084648118725,3.504423920990528,6497
9152,0.45858333333333334,0.17860439797830238,3.5043441268505315,6498
10546,0.4585,0.1786035125239733,3.5043267536127063,6499
2772,0.45841666666666664,0.17860350523497945,3.5043266105975555,6500
2965,0.4583333333333333,0.17860297124270608,3.50431613329293,6501
455,0.45825,0.17860111746366483,3.504279760842018,6502
9741,0.45816666666666667,0.17860012428206154,3.5042602739191766,6503
10467,0.45808333333333334,0.17859967935983398,3.5042515442316127,6504
5645,0.458,0.17859696148567514,3.504198217625709,6505
7549,0.4579166666666667,0.17859562969182957,3.5041720868920923,6506
521,0.4578333333333333,0.17859181699763757,3.5040972791457703,6507
4162,0.45775,0.17859160777626093,3.5040931740749475,6508
4045,0.45766666666666667,0.17859146531565578,3.50409037889749,6509
9371,0.45758333333333334,0.17858991426548584,3.5040599462003374,6510
2201,0.4575,0.17858951626311528,3.5040521371134217,6511
7192,0.4574166666666667,0.1785886445077982,3.5040350326598686,6512
8022,0.4573333333333333,0.17858671193934905,3.50399711430531,6513
6838,0.45725,0.17858656080224022,3.503994148888708,6514
7308,0.45716666666666667,0.1785853292308775,3.503969984590899,6515
6471,0.45708333333333334,0.17858238154976358,3.5039121490105805,6516
3951,0.457,0.17858100186851644,3.50388507869243,6517
10235,0.4569166666666667,0.17857917175179375,3.5038491705128707,6518
11486,0.4568333333333333,0.1785785827036817,3.503837612973898,6519
8461,0.45675,0.17857853933467743,3.503836762043482,6520
9884,0.45666666666666667,0.17857699833656646,3.503806526574785,6521
1223,0.45658333333333334,0.17857231101177953,3.50371455795998,6522
10398,0.4565,0.1785718342035129,3.5037052026458397,6523
9916,0.4564166666666667,0.1785713257714296,3.5036952268501533,6524
6457,0.4563333333333333,0.17856909114739566,3.50365138195214,6525
9835,0.45625,0.17856820959692507,3.503634085310836,6526
3253,0.45616666666666666,0.1785674110682363,3.5036184176153196,6527
4001,0.45608333333333334,0.1785644998099651,3.503561296676869,6528
1410,0.456,0.17855564990081554,3.5033876552240306,6529
1204,0.4559166666666667,0.1785552654125025,3.503380111292426,6530
1860,0.4558333333333333,0.1785507092933988,3.503290717025531,6531
9466,0.45575,0.17855054841460663,3.503287560470282,6532
11201,0.45566666666666666,0.1785467987312079,3.503213989040045,6533
6176,0.45558333333333334,0.17854381974650346,3.503155539261285,6534
8475,0.4555,0.1785424787821349,3.503129228595604,6535
579,0.4554166666666667,0.17854236176679827,3.503126932672261,6536
10723,0.4553333333333333,0.17854100689125596,3.5031003490595096,6537
11636,0.45525,0.17854029689891734,3.5030864185095636,6538
1638,0.45516666666666666,0.17853971744993732,3.5030750493123355,6539
10468,0.45508333333333334,0.17853775444973588,3.503036533865288,6540
354,0.455,0.17853710900313977,3.503023869748346,6541
1228,0.4549166666666667,0.17853638483670492,3.5030096610926886,6542
9754,0.4548333333333333,0.1785352587073466,3.5029875656412117,6543
9113,0.45475,0.17853502477661046,3.502982975755347,6544
9163,0.45466666666666666,0.17853480185157442,3.502978601809083,6545
6656,0.45458333333333334,0.17853065841915822,3.502897304745783,6546
725,0.4545,0.17852812669359044,3.5028476305063574,6547
3138,0.4544166666666667,0.17852531475251,3.5027924582411516,6548
8939,0.4543333333333333,0.17852399949315337,3.5027666519258798,6549
6200,0.45425,0.17852040761134003,3.5026961766739806,6550
9783,0.45416666666666666,0.1785181678911814,3.5026522317864766,6551
10491,0.45408333333333334,0.1785161674111441,3.5026129809586655,6552
2814,0.454,0.1785097026500458,3.5024861377910628,6553
7715,0.4539166666666667,0.17850481716123523,3.502390281058471,6554
8576,0.4538333333333333,0.17850377473278106,3.5023698278776862,6555
4591,0.45375,0.17850153001440677,3.502325784921654,6556
5569,0.45366666666666666,0.17850126826510196,3.5023206492158976,6557
2251,0.45358333333333334,0.17849053007449914,3.502109958350519,6558
10368,0.4535,0.17848720194821363,3.5020446581678577,6559
1352,0.4534166666666667,0.17848590777144152,3.502019265507795,6560
11373,0.4533333333333333,0.17848527628712227,3.502006875340494,6561
2708,0.45325,0.1784834487471259,3.5019710177181755,6562
124,0.45316666666666666,0.17848094070210044,3.5019218081077077,6563
7949,0.45308333333333334,0.1784781181894097,3.5018664284200263,6564
6500,0.453,0.1784772236324206,3.5018488765816835,6565
10597,0.4529166666666667,0.17847433625503098,3.5017922242029096,6566
1396,0.4528333333333333,0.17847412584183409,3.5017880957477567,6567
5684,0.45275,0.17846869975702945,3.501681632140884,6568
611,0.45266666666666666,0.1784669207012657,3.5016467258133215,6569
11041,0.45258333333333334,0.17846599228949533,3.50162850972024,6570
10361,0.4525,0.1784622672840745,3.5015554224893757,6571
8071,0.4524166666666667,0.17846061250759485,3.5015229546089266,6572
951,0.4523333333333333,0.17845455489203108,3.501404099923618,6573
4102,0.45225,0.17845436684109475,3.501400410231753,6574
4957,0.45216666666666666,0.17845390850438095,3.501391417342469,6575
8055,0.45208333333333334,0.17845266493763373,3.501367017686725,6576
11655,0.452,0.1784516413392012,3.501346933964264,6577
4903,0.4519166666666667,0.1784513238459663,3.501340704523332,6578
11430,0.4518333333333333,0.1784491919060675,3.5012988743603874,6579
11241,0.45175,0.1784409497196896,3.501137156856493,6580
6180,0.45166666666666666,0.17844027498987594,3.501123918182188,6581
8870,0.45158333333333334,0.1784364029236025,3.5010479455137613,6582
4470,0.4515,0.17843570874353265,3.501034325211707,6583
2239,0.4514166666666667,0.17843493520005219,3.5010191477436274,6584
11591,0.4513333333333333,0.1784318464461504,3.5009585442158366,6585
11258,0.45125,0.17842637290051236,3.500851149393971,6586
4683,0.45116666666666666,0.1784251906848549,3.5008279534898024,6587
632,0.45108333333333334,0.17842476222068124,3.5008195467208196,6588
5941,0.451,0.1784213385336876,3.5007523715697992,6589
1644,0.4509166666666667,0.17842087171048338,3.500743212169634,6590
3287,0.4508333333333333,0.17841995363436827,3.5007251988693975,6591
9971,0.45075,0.1784192064808752,3.5007105391914317,6592
8331,0.45066666666666666,0.17841852477458606,3.500697163633719,6593
7225,0.45058333333333334,0.17841578324163998,3.5006433728257322,6594
9866,0.4505,0.1784138103886777,3.500604664060633,6595
9178,0.4504166666666667,0.17841284430793197,3.5005857088757244,6596
6056,0.4503333333333333,0.17841242422629575,3.500577466578056,6597
9610,0.45025,0.1784106640000211,3.500542929698313,6598
10244,0.45016666666666666,0.17840382657126944,3.5004087745287835,6599
9999,0.45008333333333334,0.17840035837321433,3.5003407260393855,6600
8443,0.45,0.17839999306727805,3.5003335584795536,6601
2585,0.4499166666666667,0.1783967126222869,3.500269193837548,6602
6807,0.4498333333333333,0.17839359722438455,3.5002080675356697,6603
10671,0.44975,0.17838842190222962,3.500106524068682,6604
3426,0.44966666666666666,0.17838636589810572,3.5000661838191665,6605
7899,0.44958333333333333,0.17838530020066373,3.5000452740844716,6606
8054,0.4495,0.17838493509563644,3.500038110466586,6607
9664,0.4494166666666667,0.17838462848463313,3.5000320945426973,6608
2450,0.4493333333333333,0.17838202439065645,3.49998100038414,6609
9426,0.44925,0.1783785616141456,3.4999130582692204,6610
4529,0.44916666666666666,0.17837633385831464,3.4998693481302396,6611
10518,0.44908333333333333,0.1783758088449108,3.4998590469973534,6612
6984,0.449,0.17837509014156736,3.4998449455313665,6613
3710,0.4489166666666667,0.17837507175814232,3.4998445848356146,6614
49,0.4488333333333333,0.17837360615904113,3.499815828748658,6615
7037,0.44875,0.17837163151024174,3.4997770847479304,6616
4423,0.44866666666666666,0.17837106750321322,3.4997660185326525,6617
5936,0.44858333333333333,0.17836718313754205,3.499689804541412,6618
11195,0.4485,0.17836626205143577,3.4996717321829856,6619
5862,0.4484166666666667,0.17836552703930839,3.499657310727199,6620
4017,0.4483333333333333,0.17836377902365952,3.49962301342858,6621
7197,0.44825,0.1783635003200148,3.4996175450667106,6622
3954,0.44816666666666666,0.1783629905641588,3.4996075432976608,6623
11819,0.44808333333333333,0.17836137941939761,3.499575931502288,6624
5607,0.448,0.17836119263369432,3.4995722666351927,6625
1558,0.4479166666666667,0.17835980640427557,3.4995450678373237,6626
1415,0.44783333333333336,0.17835962854242618,3.4995415780625265,6627
6337,0.44775,0.1783550868796859,3.4994524674396223,6628
8175,0.44766666666666666,0.1783542043223924,3.49943515104371,6629
9062,0.44758333333333333,0.1783528902934624,3.499409368870273,6630
2980,0.4475,0.1783522799563094,3.49939739362536,6631
4703,0.4474166666666667,0.17834686182765652,3.4992910861237476,6632
4984,0.44733333333333336,0.17834566058584087,3.4992675169129654,6633
5023,0.44725,0.17834241981960072,3.499203930796007,6634
3243,0.44716666666666666,0.17834135084029204,3.4991829566687924,6635
7866,0.44708333333333333,0.17833746492287417,3.499106712231198,6636
7891,0.447,0.17833552314892254,3.4990686132581272,6637
7722,0.4469166666666667,0.1783348775996123,3.499055947125841,6638
11371,0.44683333333333336,0.1783330184994643,3.4990194702710564,6639
6092,0.44675,0.17832757314972614,3.498912628672607,6640
2595,0.44666666666666666,0.1783274631907262,3.4989104711995838,6641
7009,0.44658333333333333,0.17832660582313645,3.498893649043402,6642
3155,0.4465,0.17832280699544173,3.4988191133674817,6643
4197,0.4464166666666667,0.17831922343443632,3.498748801375698,6644
9918,0.44633333333333336,0.17831839985448306,3.4987326421567277,6645
11246,0.44625,0.17831796649722453,3.498724139382001,6646
6502,0.44616666666666666,0.1783175382420999,3.498715736714713,6647
9296,0.44608333333333333,0.17831396773706296,3.4986456808902515,6648
5643,0.446,0.17831375216847922,3.4986414512827597,6649
10363,0.4459166666666667,0.1783110061548209,3.4985875725600417,6650
1991,0.44583333333333336,0.1783103891702171,3.498575466887396,6651
4881,0.44575,0.17830972174229,3.4985623714812384,6652
9035,0.44566666666666666,0.17830887878752896,3.498545832114882,6653
7664,0.44558333333333333,0.17829610512046962,3.4982952037672934,6654
10202,0.4455,0.17829336283040906,3.4982413981041853,6655
1811,0.4454166666666667,0.17829278132067916,3.4982299884735832,6656
2515,0.44533333333333336,0.1782910951955641,3.4981969055108433,6657
6925,0.44525,0.17829016040320977,3.4981785642262073,6658
1087,0.44516666666666665,0.17828887397552984,3.4981533236088045,6659
4862,0.44508333333333333,0.17828882994908132,3.4981524597788285,6660
11286,0.445,0.178287452436842,3.4981254320181576,6661
4165,0.4449166666666667,0.17828445448280159,3.49806661004762,6662
8093,0.44483333333333336,0.1782829296307917,3.498036691376801,6663
6262,0.44475,0.17828289310114534,3.49803597463945,6664
368,0.44466666666666665,0.17828238587918588,3.4980260225872284,6665
10602,0.44458333333333333,0.17828180322647183,3.4980145905304374,6666
3795,0.4445,0.178281109587818,3.4980009808513586,6667
734,0.4444166666666667,0.17827959354350778,3.4979712349938152,6668
4194,0.44433333333333336,0.17827764825470424,3.497933067056901,6669
7067,0.44425,0.1782749888676951,3.4978808880101115,6670
837,0.44416666666666665,0.1782728858934063,3.497839626172869,6671
9054,0.44408333333333333,0.17827260270421227,3.4978340698013355,6672
1122,0.444,0.17827014405638741,3.4977858293987323,6673
5590,0.4439166666666667,0.1782692656997155,3.4977685954219933,6674
8417,0.44383333333333336,0.17826780000037537,3.497739837368206,6675
10776,0.44375,0.1782677501066881,3.497738858418933,6676
7204,0.44366666666666665,0.17826621825784947,3.497708802465417,6677
6673,0.44358333333333333,0.178265321336533,3.4976912042372517,6678
2574,0.4435,0.178262300265055,3.497631928686348,6679
9906,0.4434166666666667,0.1782568215849724,3.497524433123041,6680
9651,0.44333333333333336,0.17825612167253188,3.4975107003477977,6681
7191,0.44325,0.17825611736651847,3.497510615860778,6682
8150,0.44316666666666665,0.1782539325702122,3.497467748617916,6683
6328,0.44308333333333333,0.17825328233197943,3.497454990485641,6684
7270,0.443,0.1782527784400902,3.497445103771761,6685
1441,0.4429166666666667,0.17825124791961527,3.4974150738817116,6686
3987,0.44283333333333336,0.17825066086060834,3.497403555370365,6687
10349,0.44275,0.1782460286432624,3.4973126680023245,6688
6124,0.44266666666666665,0.17824073391615639,3.4972087817260586,6689
3041,0.44258333333333333,0.1782389507176207,3.497173794114378,6690
6466,0.4425,0.1782369452100628,3.4971344446430708,6691
10091,0.4424166666666667,0.178235062295806,3.497097500538726,6692
3811,0.44233333333333336,0.17822868307195402,3.4969723356721945,6693
9100,0.44225,0.17822480228163928,3.496896191831916,6694
11668,0.44216666666666665,0.1782181026525902,3.496764740389655,6695
8689,0.44208333333333333,0.17821538460721678,3.496711410424374,6696
10150,0.442,0.17821455372444323,3.496695107918975,6697
3197,0.4419166666666667,0.17821246755378514,3.4966541757808436,6698
3319,0.44183333333333336,0.17821244393889035,3.4966537124399517,6699
5551,0.44175,0.17820863690195904,3.4965790156930323,6700
4214,0.44166666666666665,0.17820797658289128,3.4965660597676713,6701
11959,0.4415833333333333,0.17820585645370535,3.4965244613392668,6702
6202,0.4415,0.17819865455846767,3.4963831550805127,6703
5592,0.4414166666666667,0.1781975706742377,3.49636188850826,6704
2263,0.44133333333333336,0.17819601555183343,3.496331375910982,6705
4134,0.44125,0.17819206782179522,3.4962539186662,6706
8368,0.44116666666666665,0.1781917442462332,3.4962475698857274,6707
4062,0.4410833333333333,0.17818951469792815,3.4962038245770994,6708
6772,0.441,0.17818784524508982,3.496171068736194,6709
8110,0.4409166666666667,0.17818376467476435,3.49609100507134,6710
7211,0.44083333333333335,0.17818306460947214,3.4960772692970514,6711
2622,0.44075,0.17818061251940193,3.496029157562245,6712
9619,0.44066666666666665,0.17818047025109718,3.49602636615787,6713
4277,0.4405833333333333,0.17818031270755358,3.4960232750425293,6714
4649,0.4405,0.17817981335304348,3.4960134773552225,6715
1446,0.4404166666666667,0.17817603351728653,3.4959393143145565,6716
7665,0.44033333333333335,0.1781746841490052,3.495912838758133,6717
3565,0.44025,0.17817115852378615,3.495843663507311,6718
10239,0.44016666666666665,0.1781711352842709,3.4958432075316566,6719
8486,0.4400833333333333,0.17817100299673325,3.4958406119569636,6720
3684,0.44,0.17817088106560547,3.4958382195823043,6721
11348,0.4399166666666667,0.1781674759993916,3.4957714097840573,6722
1749,0.43983333333333335,0.1781652731408256,3.495728188146984,6723
9072,0.43975,0.1781641503078069,3.495706157372009,6724
11426,0.43966666666666665,0.17815891067067216,3.4956033519997938,6725
3599,0.4395833333333333,0.17815652231431514,3.495556490765317,6726
4974,0.4395,0.17815190314223356,3.4954658593545735,6727
3202,0.4394166666666667,0.17814996696557633,3.495427870204392,6728
4413,0.43933333333333335,0.17814939447163344,3.4954166374698676,6729
1434,0.43925,0.17814928550853582,3.4954144995371266,6730
11772,0.43916666666666665,0.17814749424507842,3.4953793536859874,6731
7954,0.4390833333333333,0.17814470339481323,3.4953245952374576,6732
9685,0.439,0.1781371703268833,3.4951767911371245,6733
11058,0.4389166666666667,0.17813716627203885,3.4951767115782104,6734
5470,0.43883333333333335,0.1781323865494993,3.4950829300543935,6735
3632,0.43875,0.17813058705964235,3.4950476227955454,6736
8944,0.43866666666666665,0.17812924738771455,3.4950213374884482,6737
4338,0.4385833333333333,0.17812538423332763,3.494945539677513,6738
3037,0.4385,0.17812277702235782,3.494894384361354,6739
10136,0.4384166666666667,0.17812085391377022,3.494856651615886,6740
2421,0.43833333333333335,0.17811930990747749,3.494826357124574,6741
7464,0.43825,0.17811865133510865,3.4948134354706983,6742
2306,0.43816666666666665,0.1781154841455983,3.4947512929810074,6743
8723,0.4380833333333333,0.17811409944080261,3.494724124097278,6744
768,0.438,0.17811372080265056,3.494716694949992,6745
8724,0.4379166666666667,0.17811261617533342,3.4946950213837358,6746
5453,0.43783333333333335,0.17811096576205462,3.494662639112369,6747
3383,0.43775,0.17811090486454093,3.494661444260244,6748
11410,0.43766666666666665,0.17810917126361295,3.4946274297885718,6749
1061,0.4375833333333333,0.17810831657574283,3.494610660210413,6750
2238,0.4375,0.17810644541065213,3.4945739466329857,6751
5291,0.4374166666666667,0.17810248644808152,3.494496268997967,6752
11285,0.43733333333333335,0.1781022301149102,3.4944912395605643,6753
3411,0.43725,0.1781016702336444,3.4944802542956754,6754
6047,0.43716666666666665,0.17809984003579823,3.494444344524453,6755
7413,0.4370833333333333,0.17809556673265783,3.4943604993059725,6756
1316,0.437,0.17809554119138765,3.494359998168272,6757
10286,0.4369166666666667,0.1780881047343293,3.4942140896413267,6758
8218,0.43683333333333335,0.17808635869594205,3.4941798311379224,6759
4058,0.43675,0.1780856995895282,3.4941668990057524,6760
4560,0.43666666666666665,0.1780842852648948,3.494139148959942,6761
10697,0.4365833333333333,0.178083345976079,3.494120719451584,6762
5173,0.4365,0.1780829635397928,3.494113215782213,6763
5999,0.4364166666666667,0.17807888002600433,3.4940330943645432,6764
2567,0.43633333333333335,0.17807280682338303,3.4939139338501537,6765
11261,0.43625,0.1780709438600108,3.49387738119622,6766
3786,0.43616666666666665,0.1780705462077268,3.493869578978266,6767
4268,0.4360833333333333,0.17807032201349157,3.493865180129382,6768
357,0.436,0.17806959850166065,3.493850984317512,6769
8476,0.4359166666666667,0.1780688603766108,3.4938365017839472,6770
2842,0.43583333333333335,0.17806412733311366,3.493743636135805,6771
7637,0.43575,0.1780638188284819,3.493737583057558,6772
4071,0.43566666666666665,0.1780605261437242,3.493672978262759,6773
2989,0.4355833333333333,0.17805671567709166,3.4935982142226685,6774
7307,0.4355,0.1780561526753972,3.493587167732757,6775
9292,0.4354166666666667,0.17805325488862922,3.4935303111146796,6776
5550,0.43533333333333335,0.17805272728488786,3.4935199591575303,6777
9663,0.43525,0.178050381968171,3.493473942391117,6778
11596,0.43516666666666665,0.17804625310503808,3.4933929311873952,6779
2301,0.4350833333333333,0.17804357396505746,3.493340364573366,6780
6357,0.435,0.17804201268079412,3.4933097310760983,6781
3829,0.4349166666666667,0.17804005648346238,3.4932713491061422,6782
5152,0.43483333333333335,0.17803739734214644,3.493219174880001,6783
9272,0.43475,0.17803702019130016,3.4932117749146916,6784
6825,0.43466666666666665,0.17803528017236178,3.4931776345171572,6785
10852,0.4345833333333333,0.17802749257170336,3.4930248363053007,6786
8188,0.4345,0.17802478227224156,3.492971658320319,6787
6896,0.4344166666666667,0.17802286060208497,3.492933953797899,6788
11280,0.43433333333333335,0.1780185147290137,3.4928486847062894,6789
9223,0.43425,0.1780165667336928,3.492810463665574,6790
3466,0.43416666666666665,0.1780142845607787,3.492765685825134,6791
9286,0.4340833333333333,0.17801216522047292,3.4927241028750684,6792
1710,0.434,0.17801082834460663,3.492697872428658,6793
5261,0.4339166666666667,0.17800822964139562,3.4926468840407443,6794
10793,0.43383333333333335,0.17800818567913013,3.4926460214701027,6795
6129,0.43375,0.17800672411410157,3.4926173445344464,6796
6961,0.43366666666666664,0.17800545436686913,3.4925924311991534,6797
91,0.4335833333333333,0.1780044729172903,3.492573174466916,6798
2388,0.4335,0.17800421778328127,3.492568168557887,6799
6010,0.4334166666666667,0.17800392235171586,3.4925623719824053,6800
7260,0.43333333333333335,0.17800277355540584,3.4925398317893888,6801
10583,0.43325,0.17800173793446014,3.492519512176798,6802
9709,0.43316666666666664,0.17800083917388593,3.4925018778611068,6803
5239,0.4330833333333333,0.17799968651281772,3.492479261838822,6804
9563,0.433,0.17799792168555034,3.4924446346843734,6805
4401,0.43291666666666667,0.1779892946410408,3.4922753659927914,6806
890,0.43283333333333335,0.17798611974925443,3.492213072379039,6807
2938,0.43275,0.17798564355784802,3.492203729168134,6808
2113,0.43266666666666664,0.17798066403269866,3.492106027376309,6809
2006,0.4325833333333333,0.1779738788702877,3.491972897709199,6810
11972,0.4325,0.17797248306147528,3.4919455109568514,6811
536,0.43241666666666667,0.1779703113706732,3.491902900853235,6812
541,0.43233333333333335,0.17796460053706903,3.4917908502742803,6813
3181,0.43225,0.17796352866923337,3.4917698194721547,6814
7369,0.43216666666666664,0.17796166420901852,3.491733237449044,6815
11346,0.4320833333333333,0.177961391861728,3.491727893803322,6816
8667,0.432,0.1779611819996461,3.491723776161403,6817
0,0.43191666666666667,0.17795941505304813,3.4916891074242713,6818
4494,0.43183333333333335,0.17795843886756227,3.4916699539772305,6819
9229,0.43175,0.17795788936636392,3.4916591723765524,6820
5748,0.43166666666666664,0.1779570425289497,3.491642556829853,6821
2072,0.4315833333333333,0.17795565161691757,3.491615266155791,6822
4467,0.4315,0.17795495356673868,3.491601569919435,6823
631,0.43141666666666667,0.17794985941450928,3.491501619063543,6824
11259,0.43133333333333335,0.1779484571963985,3.4914741065562582,6825
10657,0.43125,0.1779450652881569,3.4914075549267363,6826
5341,0.43116666666666664,0.17794063366541513,3.49132060336618,6827
2723,0.4310833333333333,0.1779400303993692,3.491308766861297,6828
2360,0.431,0.1779386190092095,3.4912810743919724,6829
7604,0.43091666666666667,0.17793268934026166,3.491164730109334,6830
6766,0.43083333333333335,0.17792956514715527,3.49110343123942,6831
8092,0.43075,0.17792199053657257,3.4909548120429656,6832
1591,0.43066666666666664,0.17792040460002975,3.4909236948506086,6833
5356,0.4305833333333333,0.17791505343310088,3.4908187011851997,6834
11472,0.4305,0.17791340908243822,3.4907864378666313,6835
1928,0.43041666666666667,0.1779117248761658,3.4907533925529624,6836
11388,0.43033333333333335,0.17790870161048442,3.490694073950202,6837
5980,0.43025,0.1779078199417522,3.4906767749885037,6838
4750,0.43016666666666664,0.17790210715889593,3.4905646861637973,6839
9905,0.4300833333333333,0.17790068921930685,3.4905368651900224,6840
9283,0.43,0.17789993642645208,3.4905220948638074,6841
3585,0.42991666666666667,0.17789455535661114,3.4904165144822334,6842
8981,0.42983333333333335,0.17789307916007635,3.490387550466142,6843
4350,0.42975,0.17789123375234012,3.490351342266146,6844
11564,0.42966666666666664,0.1778901558848616,3.4903301937467908,6845
7710,0.4295833333333333,0.17788654262835227,3.490259299108282,6846
10399,0.4295,0.17788583904206157,3.4902454942495753,6847
7556,0.42941666666666667,0.17788445619955237,3.4902183619052556,6848
3867,0.42933333333333334,0.17788375955861013,3.4902046933191015,6849
4731,0.42925,0.1778828744701156,3.4901873272592567,6850
3239,0.42916666666666664,0.17788013509693515,3.4901335788274164,6851
10098,0.4290833333333333,0.17787899958801104,3.4901112993422556,6852
5452,0.429,0.17787896302343378,3.490110581919466,6853
687,0.42891666666666667,0.1778782931342887,3.490097438222503,6854
581,0.42883333333333334,0.17787691315986282,3.4900703621519718,6855
7453,0.42875,0.17787349160470023,3.4900032288289715,6856
2475,0.42866666666666664,0.17786937542555933,3.4899224664941126,6857
10573,0.4285833333333333,0.17786882969111947,3.4899117587998587,6858
1504,0.4285,0.17786712627321677,3.4898783365404755,6859
1934,0.42841666666666667,0.17786588432409678,3.4898539686236845,6860
2329,0.42833333333333334,0.17786485261421428,3.489833725748893,6861
5001,0.42825,0.17786381269919815,3.489813321883582,6862
5275,0.42816666666666664,0.17786094944764202,3.4897571428706966,6863
6625,0.4280833333333333,0.17785665374561863,3.4896728581703753,6864
7843,0.428,0.17785543468454823,3.489648939333309,6865
7992,0.42791666666666667,0.17785529045241738,3.4896461093972464,6866
9784,0.42783333333333334,0.17785522349994187,3.4896447957424983,6867
8957,0.42775,0.17785460984578283,3.4896327554155286,6868
2376,0.42766666666666664,0.1778542685997336,3.48962605992765,6869
5766,0.4275833333333333,0.1778516717984455,3.489575108856772,6870
5597,0.4275,0.17785036229841802,3.489549415543574,6871
1213,0.42741666666666667,0.17785030888772485,3.489548367588176,6872
8401,0.42733333333333334,0.1778485067666365,3.4895130087027084,6873
11429,0.42725,0.17784784072922027,3.489499940579295,6874
308,0.42716666666666664,0.17784545279621208,3.489453087651251,6875
7575,0.4270833333333333,0.1778441546982455,3.4894276180545516,6876
7772,0.427,0.17784252225549674,3.4893955883776435,6877
2159,0.42691666666666667,0.17783981784571098,3.489342525952228,6878
4003,0.42683333333333334,0.17783901360095275,3.4893267461034254,6879
5246,0.42675,0.17783423796440923,3.4892330447496898,6880
155,0.4266666666666667,0.17783301972414897,3.489209142017457,6881
8995,0.4265833333333333,0.1778305156399312,3.48916001012078,6882
9212,0.4265,0.17782823923450938,3.489115345442554,6883
1156,0.42641666666666667,0.1778259063590432,3.489069572782241,6884
3730,0.42633333333333334,0.17782576255313623,3.4890667512090365,6885
3010,0.42625,0.17782177567195737,3.4889885257912705,6886
1809,0.4261666666666667,0.17781688774453555,3.488892621211379,6887
6270,0.4260833333333333,0.17781561034424637,3.488867557717719,6888
548,0.426,0.17781442751069934,3.488844349690165,6889
9807,0.42591666666666667,0.17781221270338096,3.4888008936100903,6890
5836,0.42583333333333334,0.177811038995864,3.488777864641622,6891
4403,0.42575,0.17781067374403753,3.4887706981434254,6892
11302,0.4256666666666667,0.1777996382121479,3.4885541732324925,6893
8647,0.4255833333333333,0.17779843245115048,3.4885305153521995,6894
7592,0.4255,0.1777980093688859,3.4885222141800694,6895
5617,0.42541666666666667,0.17779632971612763,3.4884892582095293,6896
5260,0.42533333333333334,0.17779289730055362,3.488421911797627,6897
7561,0.42525,0.1777910488809549,3.488385644502766,6898
9516,0.4251666666666667,0.17779009998557702,3.4883670265069036,6899
3667,0.4250833333333333,0.1777881139806105,3.488328059690171,6900
1460,0.425,0.17778793703763993,3.488324587944442,6901
9180,0.42491666666666666,0.17778640599859127,3.488294547879586,6902
6219,0.42483333333333334,0.17778510450626442,3.4882690116831103,6903
7673,0.42475,0.1777849158194975,3.488265309515815,6904
8166,0.4246666666666667,0.177784725255414,3.488261570514215,6905
3246,0.4245833333333333,0.17778229695397424,3.48821392552909,6906
1769,0.4245,0.17778148351522416,3.4881979652877115,6907
2401,0.42441666666666666,0.17777736405125336,3.4881171385021537,6908
800,0.42433333333333334,0.17777609034225642,3.488092147434277,6909
2937,0.42425,0.17777551734435892,3.488080904811781,6910
5364,0.4241666666666667,0.17777514954386192,3.4880736883068852,6911
7840,0.4240833333333333,0.17777291180398969,3.488029782273956,6912
5918,0.424,0.17777284742108462,3.488028519036014,6913
10691,0.42391666666666666,0.17777257296448093,3.488023134004039,6914
4026,0.42383333333333334,0.1777647087433373,3.487868832444348,6915
5214,0.42375,0.17776293454933692,3.4878340215080152,6916
9079,0.4236666666666667,0.17776174121177413,3.487810607384257,6917
10783,0.4235833333333333,0.17775923113830924,3.487761357974369,6918
2416,0.4235,0.1777548336215984,3.4876750755981742,6919
4309,0.42341666666666666,0.1777548209459432,3.4876748268929063,6920
8971,0.42333333333333334,0.17775351424188768,3.4876491884386613,6921
3677,0.42325,0.17775132890270426,3.4876063105441517,6922
3117,0.4231666666666667,0.1777464805310463,3.4875111820762226,6923
10374,0.4230833333333333,0.17773722642353587,3.487329609966717,6924
3588,0.423,0.1777355768228413,3.487297243638876,6925
10439,0.42291666666666666,0.1777313755850109,3.487214812392612,6926
5979,0.42283333333333334,0.17772731760566446,3.487135191978685,6927
6857,0.42275,0.1777263737859731,3.48711667357142,6928
3124,0.4226666666666667,0.17772318925758931,3.4870541908807837,6929
3979,0.4225833333333333,0.17772282496210753,3.487047043146762,6930
10937,0.4225,0.17771642847273067,3.486921539518451,6931
8440,0.42241666666666666,0.17771642238262156,3.486921420026203,6932
4379,0.42233333333333334,0.1777137046438378,3.4868680960764484,6933
10017,0.42225,0.17771210544496635,3.486836718667861,6934
7865,0.4221666666666667,0.1777112995609946,3.4868209066565012,6935
6210,0.4220833333333333,0.17770781980853315,3.486752631461549,6936
11868,0.422,0.17770747275681803,3.4867458220623306,6937
1119,0.42191666666666666,0.17770728750697057,3.486742187329825,6938
2645,0.42183333333333334,0.1777070916436976,3.486738344354386,6939
8463,0.42175,0.17770647861779276,3.4867263163542184,6940
1585,0.4216666666666667,0.17770542576443543,3.4867056586295577,6941
4814,0.4215833333333333,0.17770391380599343,3.486675992939624,6942
5370,0.4215,0.17769603233194936,3.486521352865906,6943
5728,0.42141666666666666,0.17769341956368995,3.4864700885117825,6944
244,0.42133333333333334,0.17768812189386296,3.486366144497214,6945
9503,0.42125,0.17768605428514175,3.4863255765573467,6946
4827,0.4211666666666667,0.1776852797413712,3.4863103794628194,6947
2854,0.4210833333333333,0.17768494757326653,3.486303862090601,6948
2906,0.421,0.1776849299799951,3.4863035168982144,6949
30,0.42091666666666666,0.177681370987028,3.486233686948678,6950
9227,0.42083333333333334,0.17767995874608344,3.4862059777862617,6951
6058,0.42075,0.17767982331242585,3.4862033204825025,6952
400,0.4206666666666667,0.17767924621052905,3.4861919973367144,6953
6196,0.4205833333333333,0.17767852029658265,3.4861777543936396,6954
11350,0.4205,0.17767822006914355,3.4861718637196764,6955
3348,0.42041666666666666,0.17767715927730723,3.4861510502364768,6956
1587,0.42033333333333334,0.17767424225605355,3.4860938162243,6957
813,0.42025,0.17767377587140004,3.4860846654287885,6958
11749,0.4201666666666667,0.17767044348023686,3.486019281566275,6959
11996,0.4200833333333333,0.17766874078133285,3.4859858734141085,6960
6344,0.42,0.17766807500552986,3.4859728104237577,6961
7348,0.41991666666666666,0.17766386568791942,3.4858902206465086,6962
6227,0.41983333333333334,0.1776622048850027,3.48585763452315,6963
3804,0.41975,0.17766139611436074,3.485841765873316,6964
1162,0.4196666666666667,0.1776583006178366,3.4857810300505436,6965
1649,0.4195833333333333,0.1776560228372381,3.4857363383903697,6966
11672,0.4195,0.1776534256715206,3.48568538016906,6967
2747,0.41941666666666666,0.17765238044913217,3.485664872169405,6968
1500,0.41933333333333334,0.17765149608993505,3.485647520418859,6969
7304,0.41925,0.1776490193641645,3.4855989253142097,6970
11313,0.4191666666666667,0.17764706804358898,3.4855606390296705,6971
10780,0.4190833333333333,0.17764664881175096,3.485552413405631,6972
10966,0.419,0.1776448228811786,3.485516587361307,6973
7069,0.41891666666666666,0.17764437105146383,3.4855077221439847,6974
6880,0.41883333333333334,0.17764238613811253,3.4854687767455195,6975
1032,0.41875,0.17764231036554456,3.4854672900343906,6976
7103,0.4186666666666667,0.17764123846178545,3.4854462585273795,6977
11489,0.4185833333333333,0.1776381609105032,3.4853858748028914,6978
3307,0.4185,0.1776359373609429,3.4853422471938784,6979
9202,0.41841666666666666,0.1776340213625729,3.485304653955903,6980
10664,0.41833333333333333,0.17763280479436983,3.485280784030603,6981
7466,0.41825,0.1776231500567151,3.4850913512754524,6982
8729,0.4181666666666667,0.17762297221552512,3.485087861905984,6983
3402,0.4180833333333333,0.17761962391090444,3.4850221658102294,6984
6995,0.418,0.17761841566168454,3.4849984591092262,6985
2359,0.41791666666666666,0.1776178573227512,3.4849875041060008,6986
3569,0.41783333333333333,0.17761765900832374,3.484983613037202,6987
4370,0.41775,0.17761280377173158,3.4848883498744376,6988
7616,0.4176666666666667,0.17761022874150398,3.4848378259670714,6989
3659,0.4175833333333333,0.17760975748569546,3.4848285795960954,6990
379,0.4175,0.17760960741860096,3.484825635173989,6991
5348,0.41741666666666666,0.17760877731025104,3.484809347863257,6992
9763,0.41733333333333333,0.17760744022048544,3.4847831132199882,6993
2417,0.41725,0.17760688552070716,3.48477222961953,6994
10520,0.4171666666666667,0.17760643692153785,3.484763427787743,6995
11728,0.4170833333333333,0.17759735072179386,3.484585150146951,6996
6489,0.417,0.17758431421213006,3.484329364642284,6997
6960,0.41691666666666666,0.17758429648745971,3.484329016871751,6998
8212,0.41683333333333333,0.17757653693616277,3.4841767690081897,6999
3386,0.41675,0.17757467490114953,3.4841402345693107,7000
9944,0.4166666666666667,0.17757436057597115,3.4841340672878394,7001
1398,0.41658333333333336,0.1775737558489648,3.484122202117942,7002
7968,0.4165,0.17757339397668953,3.4841151019289294,7003
3298,0.41641666666666666,0.17757042192403333,3.484056788161832,7004
1574,0.41633333333333333,0.17757013184830545,3.4840510966716467,7005
2066,0.41625,0.17756870354049015,3.4840230722659804,7006
10758,0.4161666666666667,0.17756727309960416,3.4839950060079516,7007
7095,0.41608333333333336,0.17756721039529688,3.483993775705277,7008
3080,0.416,0.1775650877986647,3.483952128863823,7009
4355,0.41591666666666666,0.1775640214306041,3.4839312059711793,7010
5847,0.41583333333333333,0.17756385668171867,3.4839279734819386,7011
6510,0.41575,0.17756289500174716,3.483909104643308,7012
958,0.4156666666666667,0.17755424573335063,3.483739399903424,7013
2880,0.41558333333333336,0.17755269215990202,3.4837089176977765,7014
4064,0.4155,0.17755214523932977,3.483698186730795,7015
8830,0.41541666666666666,0.1775499900031901,3.4836558994792437,7016
2789,0.41533333333333333,0.17754550623931611,3.48356792487293,7017
428,0.41525,0.17754367548081637,3.4835320041013023,7018
5822,0.4151666666666667,0.17754325779327323,3.48352380877738,7019
5943,0.41508333333333336,0.17753337155914659,3.4833298338983076,7020
2413,0.415,0.17753073145463458,3.483278033187666,7021
1762,0.41491666666666666,0.17752778716708692,3.483220264191527,7022
6685,0.41483333333333333,0.1775273035075529,3.483210774450679,7023
8797,0.41475,0.17752590040005356,3.483183244492965,7024
7629,0.4146666666666667,0.17752553741021077,3.4831761223764985,7025
5791,0.41458333333333336,0.17752206239011528,3.483107940033877,7026
3644,0.4145,0.17751648328598252,3.4829984740799165,7027
2707,0.41441666666666666,0.17751431103895793,3.482955853062818,7028
4667,0.41433333333333333,0.17750839006099664,3.4828396793034835,7029
920,0.41425,0.17750483828653763,3.482769990986176,7030
2508,0.4141666666666667,0.1775043791802395,3.4827609829971404,7031
4592,0.41408333333333336,0.17750192192690567,3.482712769955408,7032
10443,0.414,0.17750082316840063,3.4826912115393722,7033
11546,0.41391666666666665,0.1774999787554037,3.482674643561462,7034
1733,0.41383333333333333,0.17749964581686922,3.4826681110728375,7035
2016,0.41375,0.17749796913735472,3.4826352134394254,7036
6824,0.4136666666666667,0.17749747819855022,3.482625580874199,7037
690,0.41358333333333336,0.17749671732380382,3.482610651975624,7038
3586,0.4135,0.1774961101968697,3.4825987397173677,7039
6741,0.41341666666666665,0.17749460612189985,3.482569228706728,7040
2648,0.41333333333333333,0.1774922467644336,3.4825229364509154,7041
3897,0.41325,0.17749175458716598,3.482513279586156,7042
2250,0.4131666666666667,0.17748308164692092,3.4823431103879448,7043
6647,0.41308333333333336,0.1774817091208224,3.4823161804588567,7044
2292,0.413,0.17747419205350362,3.482168690301746,7045
546,0.41291666666666665,0.17747240441964265,3.482133615665893,7046
8008,0.41283333333333333,0.1774709099827314,3.48210429376079,7047
2317,0.41275,0.1774694084513862,3.4820748326578697,7048
4857,0.4126666666666667,0.17746665793653985,3.482020865618633,7049
7870,0.41258333333333336,0.1774660749728528,3.48200942746037,7050
8854,0.4125,0.1774656900922637,3.482001875832009,7051
2107,0.41241666666666665,0.17746548299973294,3.481997812530661,7052
2406,0.41233333333333333,0.17746157649784983,3.481921164211367,7053
1155,0.41225,0.17746059994006283,3.481902003459506,7054
6143,0.4121666666666667,0.17745981282467352,3.481886559700988,7055
3428,0.41208333333333336,0.1774590674632295,3.4818719351843095,7056
7243,0.412,0.17745668485614585,3.4818251867546373,7057
7955,0.41191666666666665,0.1774541166915099,3.4817747975550395,7058
8379,0.41183333333333333,0.17745032413820055,3.4817003849870076,7059
3085,0.41175,0.17744914572239837,3.48167726363869,7060
1082,0.4116666666666667,0.17744838108533872,3.4816622609208308,7061
2399,0.41158333333333336,0.1774464522394136,3.481624415604828,7062
11619,0.4115,0.17743565703096545,3.4814126060090755,7063
5449,0.41141666666666665,0.1774323405409396,3.481347534138092,7064
7621,0.41133333333333333,0.1774312698836259,3.481326527087237,7065
11820,0.41125,0.17743062935519469,3.4813139594681535,7066
1002,0.4111666666666667,0.1774298129222522,3.4812979404786066,7067
3558,0.41108333333333336,0.17742589495195826,3.4812210671409374,7068
9095,0.411,0.17742307044794364,3.4811656483821087,7069
6918,0.41091666666666665,0.17742160775592836,3.4811369493342093,7070
7545,0.41083333333333333,0.17742108638245857,3.48112671961939,7071
11272,0.41075,0.1774126616721062,3.4809614208665245,7072
4580,0.4106666666666667,0.1774119336340592,3.480947136247102,7073
827,0.41058333333333336,0.1774066777783489,3.4808440126549796,7074
9254,0.4105,0.17740465735993866,3.480804370622217,7075
7226,0.41041666666666665,0.1774038898006062,3.4807893105673493,7076
7674,0.4103333333333333,0.17740367822537606,3.4807851593122843,7077
4906,0.41025,0.17740350133622657,3.480781688622521,7078
7926,0.4101666666666667,0.17739636957918112,3.480641758524479,7079
9647,0.41008333333333336,0.17739586454565162,3.480631849410817,7080
11893,0.41,0.17739329653135447,3.4805814631609664,7081
3418,0.40991666666666665,0.17739159620249242,3.4805481015106987,7082
11607,0.4098333333333333,0.17739106875467076,3.480537752612806,7083
8833,0.40975,0.17738879698616614,3.4804931789142084,7084
528,0.4096666666666667,0.17738839407391688,3.4804852734919667,7085
11340,0.40958333333333335,0.177383366759454,3.4803866340401344,7086
1905,0.4095,0.17738225654667297,3.4803648508831557,7087
10176,0.40941666666666665,0.1773808154522962,3.4803365755960964,7088
4159,0.4093333333333333,0.17738020186977818,3.480324536674824,7089
5558,0.40925,0.17737998129627786,3.480320208867318,7090
2385,0.4091666666666667,0.17737693222021025,3.4802603838466046,7091
588,0.40908333333333335,0.17737113968753734,3.480146730274357,7092
11609,0.409,0.1773644508484636,3.480015490538962,7093
2580,0.40891666666666665,0.1773642805302945,3.4800121487764972,7094
10818,0.4088333333333333,0.17735868500163432,3.4799023605617467,7095
11069,0.40875,0.17735732140047464,3.4798756057462814,7096
11716,0.4086666666666667,0.1773565233818892,3.4798599480593984,7097
1476,0.40858333333333335,0.17735401486264357,3.479810729144379,7098
2137,0.4085,0.17735052113541178,3.4797421797545023,7099
2,0.40841666666666665,0.17735051496203855,3.4797420586285814,7100
7001,0.4083333333333333,0.17734997279980502,3.479731421023562,7101
6119,0.40825,0.1773402866568154,3.4795413720735775,7102
6185,0.4081666666666667,0.17733562199531655,3.4794498481284184,7103
9352,0.40808333333333335,0.17733470154650358,3.479431788274229,7104
5698,0.408,0.17733399443380615,3.4794179142248574,7105
2369,0.40791666666666665,0.17733322105167965,3.479402739922648,7106
11407,0.4078333333333333,0.177326350029634,3.4792679256290207,7107
5724,0.40775,0.17732581717790383,3.4792574707026365,7108
11669,0.4076666666666667,0.17732291271731718,3.479200483139536,7109
2202,0.40758333333333335,0.1773154547800085,3.479054153154945,7110
3661,0.4075,0.17731502995807755,3.4790458178493457,7111
4322,0.40741666666666665,0.17731264439710157,3.4789990114622555,7112
5088,0.4073333333333333,0.17730803118627203,3.478908497015456,7113
7589,0.40725,0.17730560058799646,3.4788608069647733,7114
5140,0.4071666666666667,0.17730225549286713,3.4787951738414806,7115
6287,0.40708333333333335,0.17730008278022702,3.4787525436886635,7116
6242,0.407,0.17729843607373857,3.4787202341471177,7117
10869,0.40691666666666665,0.17729417555953897,3.4786366398567266,7118
4651,0.4068333333333333,0.17729118305902977,3.4785779248883086,7119
4008,0.40675,0.17728931839215853,3.4785413388105653,7120
2222,0.4066666666666667,0.17728839944162397,3.4785233083535942,7121
1690,0.40658333333333335,0.17728827925137505,3.4785209501362413,7122
3013,0.4065,0.17728646118290808,3.4784852783519367,7123
5054,0.40641666666666665,0.17728416952846712,3.4784403144771954,7124
11262,0.4063333333333333,0.17728225757242014,3.47840280055244,7125
334,0.40625,0.17728033470761104,3.4783650725901323,7126
10177,0.4061666666666667,0.17727704348765302,3.4783004965356588,7127
7635,0.40608333333333335,0.17727456916256187,3.4782519485340604,7128
10821,0.406,0.17727436150646145,3.478247874175007,7129
10543,0.40591666666666665,0.17727268662842532,3.4782150118879107,7130
4656,0.4058333333333333,0.1772693954853503,3.47815043734199,7131
4671,0.40575,0.1772686210704464,3.478135242775925,7132
1683,0.4056666666666667,0.1772679004140966,3.4781211029905856,7133
2269,0.40558333333333335,0.17726576100218036,3.4780791262214668,7134
3170,0.4055,0.17725839303755836,3.477934561564329,7135
1118,0.40541666666666665,0.17725815455921495,3.4779298824512344,7136
11059,0.4053333333333333,0.17725511308177114,3.4778702065208233,7137
4468,0.40525,0.17725264535161972,3.4778217879166062,7138
6212,0.4051666666666667,0.1772524615260162,3.4778181811287663,7139
6401,0.40508333333333335,0.17725208864397715,3.4778108649203925,7140
9333,0.405,0.17725156719466034,3.477800633717428,7141
803,0.40491666666666665,0.17724952308169373,3.4777605267808336,7142
10022,0.4048333333333333,0.17724863657023904,3.477743132801463,7143
7289,0.40475,0.1772456592103695,3.4776847149030568,7144
7176,0.4046666666666667,0.17724523276363793,3.477676347717729,7145
15,0.40458333333333335,0.17724403285585116,3.477652804681564,7146
4711,0.4045,0.17724189959309672,3.4776109485633047,7147
8963,0.40441666666666665,0.17724052509004368,3.47758397984498,7148
11442,0.4043333333333333,0.17723876343511383,3.4775494149340425,7149
6104,0.40425,0.17723681574679143,3.477511199916888,7150
9979,0.4041666666666667,0.17723511599268135,3.47747784954361,7151
10304,0.40408333333333335,0.1772327483908874,3.4774313955282983,7152
11231,0.404,0.17723104789229302,3.4773980305477563,7153
7625,0.40391666666666665,0.17722904568567707,3.4773587458432793,7154
9827,0.4038333333333333,0.17722618776929963,3.4773026715103503,7155
9652,0.40375,0.17722390256120243,3.477257834117431,7156
1405,0.4036666666666667,0.17722292550446103,3.4772386635757586,7157
5251,0.40358333333333335,0.177222576233887,3.4772318106409976,7158
792,0.4035,0.17722257416396722,3.4772317700277418,7159
11091,0.40341666666666665,0.177212151491651,3.4770272698534335,7160
7002,0.4033333333333333,0.17720926402040324,3.476970615633122,7161
8294,0.40325,0.17720905679631474,3.476966549750501,7162
9983,0.4031666666666667,0.17720373728932357,3.4768621772753976,7163
431,0.40308333333333335,0.17719936795649477,3.476776447886869,7164
5671,0.403,0.1771991814630398,3.476772788753867,7165
5431,0.40291666666666665,0.1771988189710376,3.4767656764053783,7166
280,0.4028333333333333,0.17719778033585162,3.4767452976512407,7167
2448,0.40275,0.1771951796743236,3.47669427083971,7168
3183,0.4026666666666667,0.1771940194068655,3.4766715055746955,7169
231,0.40258333333333335,0.17719259710438034,3.476643598997842,7170
4376,0.4025,0.17719152979857666,3.4766226577059838,7171
8919,0.40241666666666664,0.1771909126913198,3.476610549626786,7172
6178,0.4023333333333333,0.17718988841309938,3.476590452566475,7173
8694,0.40225,0.17718418056826143,3.4764784606291856,7174
148,0.4021666666666667,0.17718383606085936,3.476471701151234,7175
7785,0.40208333333333335,0.17717998719685585,3.4763961837276867,7176
9798,0.402,0.17717837790236626,3.4763646082359605,7177
4758,0.40191666666666664,0.17717435858028552,3.4762857463048418,7178
9102,0.4018333333333333,0.17717404100757728,3.476279515304587,7179
10917,0.40175,0.1771727054366004,3.476253310461021,7180
3148,0.40166666666666667,0.17716688657638824,3.476139140323877,7181
3050,0.40158333333333335,0.17716454351334446,3.4760931677761144,7182
266,0.4015,0.17716313511974724,3.476065534101446,7183
3451,0.40141666666666664,0.17716176046454066,3.47603856239777,7184
11977,0.4013333333333333,0.1771605848334484,3.4760154956873515,7185
5890,0.40125,0.17715884340012375,3.4759813275386002,7186
4366,0.40116666666666667,0.17715799354327408,3.4759646527484387,7187
7047,0.40108333333333335,0.17715598306243832,3.475925205697952,7188
3999,0.401,0.17715572097744467,3.4759200634057272,7189
6684,0.40091666666666664,0.17715241087013892,3.475855116768159,7190
8701,0.4008333333333333,0.1771501256342463,3.475810278829881,7191
190,0.40075,0.17714897475273392,3.4757876977237263,7192
1365,0.40066666666666667,0.17714684671679837,3.4757459441593292,7193
10072,0.40058333333333335,0.17714602620934358,3.4757298452249747,7194
5746,0.4005,0.17714417188606726,3.475693462095803,7195
9970,0.40041666666666664,0.1771418290367935,3.4756474937423008,7196
1881,0.4003333333333333,0.17713808022791824,3.4755739394709244,7197
4677,0.40025,0.17713647266362567,3.4755423979268762,7198
1976,0.40016666666666667,0.17713367741215627,3.4754875531236156,7199
5810,0.40008333333333335,0.17713056782828976,3.475426540897267,7200
10505,0.4,0.1771297406885136,3.4754103118320523,7201
5839,0.39991666666666664,0.1771202080526206,3.475223274799462,7202
3834,0.3998333333333333,0.17711021242388947,3.475027153521193,7203
8991,0.39975,0.17710980503859938,3.475019160334787,7204
11816,0.39966666666666667,0.17710732111473612,3.4749704239984807,7205
8697,0.39958333333333335,0.17710284122117756,3.4748825253304676,7206
965,0.3995,0.17710247492806835,3.474875338401607,7207
1962,0.39941666666666664,0.17710169158495806,3.4748599686578583,7208
9722,0.3993333333333333,0.1771014157977947,3.474854557519385,7209
387,0.39925,0.1770985734479946,3.474798788613712,7210
1456,0.39916666666666667,0.17709573274193516,3.4747430519593765,7211
7404,0.39908333333333335,0.1770891551074904,3.4746139941371776,7212
1775,0.399,0.17708870631193652,3.4746051884522107,7213
7,0.39891666666666664,0.17708813445667593,3.4745939682490885,7214
10181,0.3988333333333333,0.1770847230843654,3.474527034720823,7215
2333,0.39875,0.17708291180169378,3.4744914960786453,7216
4749,0.39866666666666667,0.17708069841542212,3.474448067880541,7217
306,0.39858333333333335,0.17707957568932048,3.4744260392033857,7218
1527,0.3985,0.1770789371943352,3.474413511481897,7219
503,0.39841666666666664,0.17707861325958274,3.4744071556538114,7220
5935,0.3983333333333333,0.1770770782237826,3.474377037169866,7221
6067,0.39825,0.1770757662006337,3.4743512943512735,7222
1990,0.39816666666666667,0.17707570205377748,3.474350035744771,7223
1536,0.39808333333333334,0.17707409601656435,3.4743185241631247,7224
2716,0.398,0.17707017592138719,3.4742416091338004,7225
737,0.39791666666666664,0.17706752242172596,3.4741895456008396,7226
464,0.3978333333333333,0.17706247514291776,3.474090514434473,7227
3336,0.39775,0.1770611486914169,3.4740644885214724,7228
396,0.39766666666666667,0.177060906119537,3.4740597290902815,7229
6934,0.39758333333333334,0.17705415066352087,3.4739271822835605,7230
90,0.3975,0.17705378845446237,3.4739200754866575,7231
5589,0.39741666666666664,0.17705362325931753,3.473916834241521,7232
9480,0.3973333333333333,0.1770504751598956,3.473855066312821,7233
6778,0.39725,0.17704856413579131,3.4738175706734458,7234
4163,0.39716666666666667,0.17704585125169564,3.4737643419760778,7235
814,0.39708333333333334,0.17704105695954214,3.4736702745861874,7236
5029,0.397,0.17704020244061822,3.473653508322764,7237
11502,0.39691666666666664,0.17703894890655505,3.47362891310122,7238
8937,0.3968333333333333,0.17703233264554205,3.4734990973985935,7239
218,0.39675,0.17702960362602363,3.4734455521128993,7240
1921,0.39666666666666667,0.17702690184646175,3.473392541294288,7241
3120,0.39658333333333334,0.1770259988571005,3.473374824006802,7242
7121,0.3965,0.17701966461960172,3.473250541804184,7243
6594,0.39641666666666664,0.1770190896033373,3.473239259579967,7244
6464,0.3963333333333333,0.17701711377794827,3.473200492493728,7245
3767,0.39625,0.17701403722121703,3.4731401282830445,7246
4495,0.39616666666666667,0.17701160570138638,3.4730924201507816,7247
1674,0.39608333333333334,0.17701024730373835,3.473065767431838,7248
8949,0.396,0.17700921194749208,3.473045453012824,7249
3794,0.39591666666666664,0.177005299350301,3.4729686850992403,7250
9846,0.3958333333333333,0.1770050667590631,3.4729641214952993,7251
680,0.39575,0.17700407238422777,3.472944611160457,7252
8236,0.39566666666666667,0.17700318691043024,3.4729272375405906,7253
11253,0.39558333333333334,0.1770019764998193,3.472903488431593,7254
7229,0.3955,0.17700158337527055,3.4728957750510077,7255
5159,0.3954166666666667,0.17700096601235862,3.4728836619556733,7256
801,0.3953333333333333,0.1770004158768082,3.4728728679085936,7257
917,0.39525,0.17699921133681656,3.472849233985274,7258
1084,0.39516666666666667,0.17699838393196107,3.4728329997190452,7259
187,0.39508333333333334,0.1769953925454249,3.472774306607579,7260
2355,0.395,0.1769929905989464,3.472727178725346,7261
9081,0.3949166666666667,0.17699034784417295,3.4726753260147136,7262
3317,0.3948333333333333,0.17698924330352034,3.4726536541488566,7263
5337,0.39475,0.17698643068117287,3.4725984685167646,7264
1553,0.39466666666666667,0.17698582733181922,3.4725866303773145,7265
10713,0.39458333333333334,0.17698425992949657,3.4725558768393934,7266
7752,0.3945,0.17698370149063566,3.472544919875512,7267
7735,0.3944166666666667,0.1769821632942513,3.4725147393787,7268
10643,0.3943333333333333,0.17698041190998645,3.4724803759854446,7269
2312,0.39425,0.17697761262199102,3.472425451982682,7270
11461,0.39416666666666667,0.17697656813877433,3.472404958486048,7271
2081,0.39408333333333334,0.17696623770629832,3.4722022681224223,7272
6937,0.394,0.1769661863988102,3.4722012614333595,7273
7755,0.3939166666666667,0.17696603141029366,3.4721982204494717,7274
8442,0.3938333333333333,0.17696544736998635,3.47218676116713,7275
2153,0.39375,0.1769653659478673,3.472185163607778,7276
2342,0.39366666666666666,0.17696263494716435,3.4721315794498544,7277
1826,0.39358333333333334,0.17696213706096034,3.472121810571714,7278
7770,0.3935,0.17696089661785472,3.472097472203978,7279
714,0.3934166666666667,0.17696069781933854,3.472093571637064,7280
7787,0.3933333333333333,0.176957222223497,3.472025377997876,7281
11622,0.39325,0.17695708438754146,3.4720226735592616,7282
4346,0.39316666666666666,0.17695435612052518,3.4719691430382174,7283
9839,0.39308333333333334,0.17695339049223865,3.4719501967308544,7284
3225,0.393,0.176949082592087,3.4718656726946877,7285
6146,0.3929166666666667,0.17694879963772012,3.4718601209306366,7286
8138,0.3928333333333333,0.17694633146825353,3.471811693706756,7287
6881,0.39275,0.17694429289757843,3.471771695513752,7288
1688,0.39266666666666666,0.17694262433574057,3.471738957154901,7289
1929,0.39258333333333334,0.176939994877391,3.4716873653294553,7290
2790,0.3925,0.176939519480101,3.4716780376996867,7291
3563,0.3924166666666667,0.17693950040259782,3.4716776633856394,7292
9324,0.3923333333333333,0.17693923331894834,3.471672423016209,7293
9968,0.39225,0.17693752058627224,3.4716388179944344,7294
10538,0.39216666666666666,0.17693652971819535,3.4716193764645675,7295
8225,0.39208333333333334,0.1769359451332227,3.4716079064955876,7296
4759,0.392,0.17693219159628787,3.4715342594562912,7297
3211,0.3919166666666667,0.1769277943564925,3.471447982513374,7298
4581,0.3918333333333333,0.17692175718780453,3.4713295290101103,7299
9465,0.39175,0.17691781560780553,3.4712521924334525,7300
4961,0.39166666666666666,0.17691577383125462,3.471212131338941,7301
2218,0.39158333333333334,0.17691073936642931,3.4711133515919506,7302
5019,0.3915,0.17690799500903454,3.471059505366272,7303
5135,0.3914166666666667,0.17690754555242674,3.4710506867109867,7304
9749,0.3913333333333333,0.17690631636356235,3.4710265691594255,7305
8366,0.39125,0.17690430281109945,3.470987061841435,7306
5080,0.39116666666666666,0.17690320377366936,3.4709654979527143,7307
2630,0.39108333333333334,0.17690168698045827,3.4709357374012106,7308
8492,0.391,0.176900078482035,3.470904177528892,7309
3228,0.3909166666666667,0.17689829066077306,3.47086909921606,7310
8404,0.3908333333333333,0.17689643083366452,3.470832608097848,7311
3925,0.39075,0.17689458794456137,3.4707964493151797,7312
3321,0.39066666666666666,0.1768916501187469,3.470738807102797,7313
5190,0.39058333333333334,0.17688976110411916,3.4707017433048546,7314
10930,0.3905,0.1768850135286144,3.4706085925285164,7315
7771,0.3904166666666667,0.17688352301312055,3.4705793475643283,7316
6411,0.3903333333333333,0.17687684511882096,3.4704483225731826,7317
11192,0.39025,0.1768669013004479,3.4702532178506034,7318
6682,0.39016666666666666,0.1768664805147153,3.47024496173809,7319
10959,0.39008333333333334,0.17686592359131031,3.4702340345084854,7320
2358,0.39,0.17686588248866156,3.47023322804554,7321
4050,0.3899166666666667,0.17686187389739116,3.470154576660504,7322
4270,0.3898333333333333,0.1768599874796726,3.4701175638157498,7323
7209,0.38975,0.17685567476172104,3.4700329452509497,7324
11976,0.38966666666666666,0.17685196407525422,3.469960138968065,7325
10971,0.38958333333333334,0.17685178387425993,3.4699566032975873,7326
3103,0.3895,0.17685033226162422,3.4699281216349442,7327
9009,0.3894166666666667,0.17684836446225521,3.4698895120248188,7328
6731,0.3893333333333333,0.17684719271375748,3.469866521493741,7329
6959,0.38925,0.1768468547945758,3.4698598912813488,7330
10429,0.38916666666666666,0.17684680193370547,3.469858854113805,7331
8035,0.38908333333333334,0.17684606739924963,3.4698444420302827,7332
5594,0.389,0.17684224111005892,3.4697693675404877,7333
5772,0.3889166666666667,0.1768416269406599,3.4697573171041514,7334
9535,0.3888333333333333,0.1768391486888369,3.4697086920572975,7335
1738,0.38875,0.17683177386362398,3.4695639927905373,7336
9141,0.38866666666666666,0.1768317201976132,3.4695629398256,7337
5867,0.38858333333333334,0.17683105032807261,3.46954979651324,7338
4996,0.3885,0.176830208008342,3.469533269606652,7339
763,0.3884166666666667,0.17682987716389625,3.469526778205539,7340
5093,0.3883333333333333,0.17682631506229013,3.4694568872622957,7341
4271,0.38825,0.17682276172273093,3.469387168236562,7342
8407,0.38816666666666666,0.1768225493863337,3.469383002046845,7343
233,0.38808333333333334,0.1768189217162401,3.4693118246037207,7344
9732,0.388,0.1768188890508482,3.469311183685691,7345
75,0.3879166666666667,0.17680867353547455,3.4691107480765626,7346
2187,0.3878333333333333,0.17680704439317704,3.4690787831568355,7347
4365,0.38775,0.17680502112695062,3.4690390852479513,7348
9485,0.38766666666666666,0.17679722376961068,3.468886095603157,7349
6612,0.38758333333333334,0.1767939997288843,3.4688228376526142,7350
2983,0.3875,0.17679108521380282,3.468765652813233,7351
7763,0.3874166666666667,0.17678733439822636,3.4686920591689177,7352
9337,0.3873333333333333,0.17678503645823074,3.468646971967174,7353
2808,0.38725,0.17678000926362775,3.4685483348670583,7354
9617,0.38716666666666666,0.17677740678666903,3.46849727243551,7355
5933,0.38708333333333333,0.1767745280040144,3.4684407886915665,7356
10290,0.387,0.17676554741014036,3.4682645831123304,7357
4501,0.3869166666666667,0.17676550140965555,3.4682636805504377,7358
11960,0.3868333333333333,0.17676349714297618,3.4682243554259946,7359
10835,0.38675,0.1767590015959046,3.4681361496250664,7360
2493,0.38666666666666666,0.17675060971540232,3.4679714950169664,7361
10298,0.38658333333333333,0.17674869050315636,3.4679338387204792,7362
5753,0.3865,0.17673450615598577,3.4676555318352342,7363
8365,0.3864166666666667,0.17673390972607966,3.4676438294602367,7364
1893,0.3863333333333333,0.17672919534200984,3.4675513299232055,7365
997,0.38625,0.17671611081266458,3.4672946022385704,7366
3289,0.38616666666666666,0.17671542593666792,3.46728116448891,7367
1408,0.38608333333333333,0.17671163065160198,3.467206698321947,7368
2995,0.386,0.1767105688978055,3.467185865964372,7369
6378,0.3859166666666667,0.17671022170830997,3.4671790538618503,7370
4340,0.3858333333333333,0.17669738520875594,3.4669271926964003,7371
8045,0.38575,0.17669127142864927,3.4668072360231506,7372
11786,0.38566666666666666,0.17669063491871564,3.4667947472498097,7373
3198,0.38558333333333333,0.1766888690624117,3.4667600999049326,7374
8394,0.3855,0.17668397469222827,3.4666640689135297,7375
10324,0.3854166666666667,0.17668313364870333,3.4666475670470143,7376
9952,0.38533333333333336,0.17668235048826247,3.4666322008873687,7377
2268,0.38525,0.17667761247954714,3.466539237818149,7378
44,0.38516666666666666,0.176671675974547,3.466422759407399,7379
6475,0.38508333333333333,0.17666957828767998,3.4663816013131195,7380
7108,0.385,0.17666901364136858,3.4663705225546257,7381
3064,0.3849166666666667,0.17666887265048006,3.466367756214064,7382
3873,0.38483333333333336,0.17666862377413545,3.46636287308485,7383
8645,0.38475,0.1766679847329931,3.4663503346474007,7384
4676,0.38466666666666666,0.17666525864140709,3.4662968468097883,7385
2633,0.38458333333333333,0.1766640316200252,3.466272771785728,7386
11639,0.3845,0.1766637779110197,3.4662677938362734,7387
10619,0.3844166666666667,0.17666229275672143,3.4662386540625367,7388
5389,0.38433333333333336,0.17666123366414746,3.46621787392008,7389
8815,0.38425,0.1766574451327759,3.4661435402652567,7390
4988,0.38416666666666666,0.17664709498961972,3.4659404631642334,7391
1694,0.38408333333333333,0.1766467522214072,3.4659337378103814,7392
7256,0.384,0.1766451262228341,3.4659018345727564,7393
1732,0.3839166666666667,0.17664257464539562,3.4658517708256404,7394
7733,0.38383333333333336,0.1766417554757605,3.46583569814021,7395
1419,0.38375,0.17663853291957893,3.4657724693174963,7396
6053,0.38366666666666666,0.17663464525943254,3.4656961906862502,7397
2235,0.38358333333333333,0.17663279519382324,3.4656598910955214,7398
7015,0.3835,0.17663178035390856,3.4656399792213852,7399
4474,0.3834166666666667,0.1766278047264325,3.465561974609204,7400
2296,0.38333333333333336,0.1766261521008585,3.465529548931066,7401
9743,0.38325,0.176623993756211,3.465487200688385,7402
7836,0.38316666666666666,0.17662323705678656,3.465472353712551,7403
756,0.38308333333333333,0.17661792329772966,3.4653680940159437,7404
10222,0.383,0.1766175827178757,3.4653614115992433,7405
8324,0.3829166666666667,0.17661523650033928,3.465315377158128,7406
6386,0.38283333333333336,0.17661111424655374,3.465234495634485,7407
11594,0.38275,0.17660888555992815,3.4651907672325972,7408
2769,0.38266666666666665,0.17660372640401872,3.465089540958689,7409
7206,0.38258333333333333,0.17660092812462183,3.465034636745344,7410
2608,0.3825,0.17659962963818585,3.465009159526617,7411
1239,0.3824166666666667,0.1765993603663556,3.465003876223584,7412
2336,0.38233333333333336,0.1765943846535341,3.464906249232305,7413
7895,0.38225,0.17659418665721724,3.464902364405069,7414
5888,0.38216666666666665,0.17659301182434614,3.4648793133563913,7415
5053,0.38208333333333333,0.17659049641722455,3.4648299592964293,7416
1761,0.382,0.17658561399300104,3.464734162693146,7417
7559,0.3819166666666667,0.17658254161110148,3.464673880395577,7418
8615,0.38183333333333336,0.17658124967712438,3.4646485317406635,7419
8024,0.38175,0.17658123596456748,3.4646482626907034,7420
9611,0.38166666666666665,0.17657895132519488,3.4646034364565015,7421
4227,0.38158333333333333,0.17657315412497554,3.464489691303698,7422
1823,0.3815,0.17657118116110723,3.4644509803625185,7423
2624,0.3814166666666667,0.17656625852546182,3.4643543947828546,7424
9880,0.38133333333333336,0.17656155007733043,3.464262011713106,7425
4992,0.38125,0.17655924539615112,3.464216792244523,7426
7757,0.38116666666666665,0.17655904786822346,3.4642129166074165,7427
1959,0.38108333333333333,0.17655849087286832,3.464201987966174,7428
618,0.381,0.17655758124951776,3.464184140515096,7429
10958,0.3809166666666667,0.17655541055078008,3.464141549876439,7430
11611,0.38083333333333336,0.17655514281387025,3.464136296689622,7431
6867,0.38075,0.17655429302372816,3.4641196232083056,7432
7008,0.38066666666666665,0.17654897967161315,3.4640153714962256,7433
6155,0.38058333333333333,0.17654808319564164,3.463997782006044,7434
2775,0.3805,0.1765457127045885,3.463951271301428,7435
8880,0.3804166666666667,0.17654532647742766,3.463943693252398,7436
6157,0.38033333333333336,0.1765441031805308,3.463919691305364,7437
524,0.38025,0.17654402269735325,3.463918112168753,7438
7147,0.38016666666666665,0.1765410668649054,3.463860116653524,7439
3740,0.38008333333333333,0.17654032770694023,3.4638456138535165,7440
3847,0.38,0.17653762795882755,3.463792642893358,7441
3483,0.3799166666666667,0.1765371506750334,3.4637832782490285,7442
4735,0.37983333333333336,0.17653508457664197,3.4637427399428953,7443
6936,0.37975,0.1765342006471815,3.463725396624108,7444
6440,0.37966666666666665,0.1765273985778993,3.463591935232298,7445
1742,0.37958333333333333,0.17652551562867083,3.463554990441766,7446
7432,0.3795,0.17652516206744256,3.463548053321319,7447
5320,0.3794166666666667,0.17652156143236644,3.4634774063242695,7448
10635,0.37933333333333336,0.17652085875458876,3.4634636192911845,7449
5091,0.37925,0.17651507737019662,3.4633501844560253,7450
4041,0.37916666666666665,0.1765145104281562,3.463339060653773,7451
5815,0.3790833333333333,0.17651173662851585,3.463284636750474,7452
10354,0.379,0.17650924671852866,3.4632357829622333,7453
992,0.3789166666666667,0.17650889497289135,3.463228881465028,7454
10517,0.37883333333333336,0.17650803165698342,3.4632119425986088,7455
8692,0.37875,0.17650770560273651,3.4632055451845716,7456
6159,0.37866666666666665,0.17650109155620433,3.463075772931612,7457
10146,0.3785833333333333,0.17649970973754428,3.4630486606758755,7458
240,0.3785,0.1764977193407617,3.46300960768866,7459
8291,0.3784166666666667,0.1764926998367862,3.462911121484102,7460
3390,0.37833333333333335,0.17649146756963305,3.4628869435343783,7461
8142,0.37825,0.17648959464297562,3.4628501953937088,7462
427,0.37816666666666665,0.17648925324555395,3.4628434969357693,7463
11825,0.3780833333333333,0.1764885054858313,3.462828825363136,7464
4899,0.378,0.1764882402135954,3.4628236205349836,7465
3821,0.3779166666666667,0.17648813428333843,3.462821542108701,7466
1812,0.37783333333333335,0.17648741934284604,3.4628075144725186,7467
6204,0.37775,0.17648698946046923,3.462799079877427,7468
8767,0.37766666666666665,0.17648115098499897,3.4626845248750806,7469
7182,0.3775833333333333,0.17647768608923295,3.4626165411789094,7470
3886,0.3775,0.17647286418362482,3.4625219319935514,7471
6850,0.3774166666666667,0.17647201846726093,3.462505338442618,7472
7100,0.37733333333333335,0.17646811525672618,3.4624287547018833,7473
4288,0.37725,0.1764667737011002,3.462402432435251,7474
3617,0.37716666666666665,0.1764603835928199,3.4622770540085646,7475
10916,0.3770833333333333,0.17645917484131315,3.46225333745233,7476
1870,0.377,0.17645723732942448,3.462215322104002,7477
718,0.3769166666666667,0.17645714019721384,3.4622134163015805,7478
2748,0.37683333333333335,0.17645685939717454,3.4622079068069933,7479
6525,0.37675,0.1764537584076332,3.462147063207336,7480
7712,0.37666666666666665,0.1764476762551691,3.4620277270907005,7481
10703,0.3765833333333333,0.1764447839081164,3.4619709772036797,7482
6830,0.3765,0.17644381252338628,3.4619519179508913,7483
5236,0.3764166666666667,0.17644031717079586,3.4618833366703146,7484
7401,0.37633333333333335,0.1764390115533238,3.461857719535635,7485
3506,0.37625,0.17643832824210035,3.4618443124880054,7486
10753,0.37616666666666665,0.17643438800302105,3.461767002221105,7487
5013,0.3760833333333333,0.17643410480646057,3.461761445705041,7488
1303,0.376,0.17643349384717708,3.4617494582534594,7489
6645,0.3759166666666667,0.17643222217139487,3.4617245070786558,7490
4217,0.37583333333333335,0.17643171131278312,3.4617144836727523,7491
1183,0.37575,0.17643047329925782,3.4616901929751487,7492
1806,0.37566666666666665,0.17642186841906934,3.4615213591631306,7493
8081,0.3755833333333333,0.17642155789611833,3.4615152664840467,7494
4479,0.3755,0.17642086292401718,3.4615016306417496,7495
11321,0.3754166666666667,0.17641550947160003,3.4613965921334287,7496
9415,0.37533333333333335,0.17641509531926858,3.461388466172921,7497
1906,0.37525,0.1764085775340006,3.461260582633751,7498
1202,0.37516666666666665,0.17640659481045898,3.4612216802009064,7499
86,0.3750833333333333,0.1764042554040224,3.461175779398363,7500
8129,0.375,0.17640181212571288,3.4611278405564647,7501
10699,0.3749166666666667,0.17639573744693043,3.4610086510787452,7502
3349,0.37483333333333335,0.17639185555570436,3.4609324856378483,7503
9383,0.37475,0.17639082191498778,3.460912204878735,7504
2307,0.37466666666666665,0.17638757516747436,3.4608485014049712,7505
1486,0.3745833333333333,0.17638751795941143,3.4608473789424847,7506
5504,0.3745,0.17638642986034422,3.4608260296721154,7507
4043,0.3744166666666667,0.17638583161128432,3.4608142916040525,7508
8610,0.37433333333333335,0.17638516044022123,3.460801122754945,7509
3259,0.37425,0.17638446491392945,3.4607874760390187,7510
5346,0.37416666666666665,0.1763842522356799,3.460783303141949,7511
6175,0.3740833333333333,0.1763819623236557,3.4607383734546033,7512
5735,0.374,0.17637984799939035,3.4606968889228407,7513
7005,0.3739166666666667,0.17637743845624898,3.460649611988733,7514
7284,0.37383333333333335,0.17637395562981534,3.460581276480249,7515
5926,0.37375,0.17636294364960672,3.4603652136699186,7516
1292,0.37366666666666665,0.1763627493841247,3.46036140204425,7517
7274,0.3735833333333333,0.17636073810719186,3.460321939373743,7518
7338,0.3735,0.1763544693598692,3.4601989421345545,7519
8143,0.3734166666666667,0.1763543870292887,3.46019732675055,7520
3373,0.37333333333333335,0.17635432413113605,3.460196092644464,7521
1189,0.37325,0.1763542700116798,3.4601950307826135,7522
4664,0.37316666666666665,0.17635236802006254,3.460157712367004,7523
1773,0.3730833333333333,0.17635115116180078,3.46013383675058,7524
7878,0.373,0.1763511333836419,3.4601334879305305,7525
8383,0.3729166666666667,0.1763466661679992,3.4600458380122054,7526
6385,0.37283333333333335,0.17634558302001171,3.4600245858855505,7527
2112,0.37275,0.17634013244165553,3.45991764169788,7528
3765,0.37266666666666665,0.17633806235159266,3.4598770250723287,7529
1136,0.3725833333333333,0.17633733625329587,3.4598627785121705,7530
980,0.3725,0.1763346843418631,3.459810746141452,7531
8276,0.3724166666666667,0.17633452648252448,3.4598076488299423,7532
6505,0.37233333333333335,0.17633159915683713,3.459750212637457,7533
3551,0.37225,0.17632637556664005,3.4596477221174395,7534
11434,0.37216666666666665,0.1763251609904112,3.459623891276105,7535
8775,0.3720833333333333,0.1763229624171637,3.4595807537199494,7536
8390,0.372,0.17631860675198818,3.459495292500322,7537
7662,0.3719166666666667,0.17631679786735982,3.459459800909463,7538
3068,0.37183333333333335,0.17631496181030057,3.459423776176349,7539
7200,0.37175,0.1763085941040795,3.4592988372938183,7540
7550,0.37166666666666665,0.1762991858336838,3.459114240399926,7541
3831,0.3715833333333333,0.1762980160006032,3.459091287450646,7542
10337,0.3715,0.17629313151688406,3.458995450438585,7543
11306,0.3714166666666667,0.17628865073431527,3.4589075343276345,7544
6388,0.37133333333333335,0.17628772670703058,3.4588894042612885,7545
3174,0.37125,0.17628622534920668,3.4588599465629537,7546
10970,0.37116666666666664,0.17628557876743298,3.458847260172984,7547
1550,0.3710833333333333,0.1762832131863606,3.458800845805663,7548
1036,0.371,0.17628225183610738,3.45878198343637,7549
4002,0.3709166666666667,0.17627883089347127,3.458714862131564,7550
6679,0.37083333333333335,0.1762785810204189,3.458709959446205,7551
3902,0.37075,0.17627857080549889,3.458709759022293,7552
2393,0.37066666666666664,0.17627566987159327,3.4586528406551507,7553
11372,0.3705833333333333,0.1762751584443893,3.4586428060930805,7554
1755,0.3705,0.17626942670319518,3.458530345292477,7555
1836,0.37041666666666667,0.1762683924276283,3.4585100520771164,7556
2060,0.37033333333333335,0.17626408330682464,3.4584255040909158,7557
1556,0.37025,0.1762621475837309,3.4583875238399546,7558
3275,0.37016666666666664,0.17625889905431352,3.4583237854040094,7559
8531,0.3700833333333333,0.17625345337551027,3.4582169373490013,7560
4337,0.37,0.17625221289510773,3.458192598249518,7561
738,0.36991666666666667,0.17625220685517723,3.4581924797418386,7562
1176,0.36983333333333335,0.1762521733170121,3.4581918216994043,7563
1300,0.36975,0.17624970217888022,3.45814333622819,7564
10612,0.36966666666666664,0.17624753595588058,3.458100833406667,7565
349,0.3695833333333333,0.17624115933560006,3.457975719624036,7566
6816,0.3695,0.17623009408862206,3.4577586116821193,7567
9492,0.36941666666666667,0.17622206152295028,3.4576010070841408,7568
3032,0.36933333333333335,0.1762212157446606,3.4575844123182353,7569
8514,0.36925,0.17622041179878686,3.457568638333763,7570
3719,0.36916666666666664,0.17621956535625377,3.4575520305349228,7571
2783,0.3690833333333333,0.17620963453448507,3.4573571808148547,7572
10830,0.369,0.17620779825087576,3.4573211516366777,7573
4279,0.36891666666666667,0.17620691653514844,3.4573038517528487,7574
1236,0.36883333333333335,0.17620468759873764,3.4572601184500726,7575
3601,0.36875,0.17620012512408334,3.457170599482766,7576
4792,0.36866666666666664,0.17619584076034278,3.457086537247603,7577
554,0.3685833333333333,0.17619315537424304,3.4570338480802736,7578
3360,0.3685,0.17619145646868709,3.4570005143562783,7579
1181,0.36841666666666667,0.1761913498399745,3.4569984222258254,7580
2668,0.36833333333333335,0.17619104548060227,3.4569924504804685,7581
2782,0.36825,0.17619004898939292,3.4569728986208523,7582
294,0.36816666666666664,0.17618849160760477,3.456942341692904,7583
7555,0.3680833333333333,0.17618441320108305,3.4568623204834155,7584
7145,0.368,0.17618301838164224,3.4568349531432796,7585
11633,0.36791666666666667,0.17617910592220476,3.4567581879325164,7586
272,0.36783333333333335,0.1761770293870436,3.4567174448496036,7587
3998,0.36775,0.1761749617133417,3.456676875634756,7588
8952,0.36766666666666664,0.17617394949958876,3.456657015287784,7589
8496,0.3675833333333333,0.1761717226126177,3.456613322196373,7590
9628,0.3675,0.17616981620581845,3.456575917151814,7591
4173,0.36741666666666667,0.17616392918135648,3.4564604095840874,7592
1918,0.36733333333333335,0.17616390686478028,3.4564599717171274,7593
3371,0.36725,0.17616252291798792,3.456432817705979,7594
6913,0.36716666666666664,0.17616230082715265,3.45642846012733,7595
3982,0.3670833333333333,0.17616140476191194,3.4564108786959857,7596
2357,0.367,0.17615817590426877,3.456347526234043,7597
948,0.36691666666666667,0.17615282832660994,3.4562426029926487,7598
6451,0.36683333333333334,0.17615279465239536,3.456241942280835,7599
4161,0.36675,0.17615206738475842,3.4562276727773935,7600
1780,0.36666666666666664,0.17615156270819088,3.456217770667598,7601
6515,0.3665833333333333,0.1761514188861427,3.4562149487776384,7602
2429,0.3665,0.17614658532947333,3.4561201109902795,7603
10224,0.36641666666666667,0.17614473493555272,3.4560838049577782,7604
5111,0.36633333333333334,0.1761438618561025,3.4560666745238207,7605
5849,0.36625,0.17614127728291912,3.4560159633769585,7606
10553,0.36616666666666664,0.17614078408072123,3.456006286402376,7607
7049,0.3660833333333333,0.17613764097712906,3.4559446164953496,7608
6479,0.366,0.17613518846330117,3.455896496446104,7609
8330,0.36591666666666667,0.17613149163150538,3.455823962001559,7610
4916,0.36583333333333334,0.17613130017175363,3.455820205426373,7611
3876,0.36575,0.17613034271548048,3.455801419459699,7612
4146,0.36566666666666664,0.1761291911054208,3.455778824058936,7613
2203,0.3655833333333333,0.17612814392249646,3.455758277592164,7614
3772,0.3655,0.17612753908077733,3.455746410171468,7615
8993,0.36541666666666667,0.17612645498495777,3.4557251394476887,7616
2957,0.36533333333333334,0.17612429037179442,3.4556826682123223,7617
8320,0.36525,0.17611736751108475,3.455546836807594,7618
8798,0.36516666666666664,0.17611226457923274,3.4554467136892777,7619
5868,0.3650833333333333,0.17611021749124678,3.4554065483807,7620
5417,0.365,0.1761062313534121,3.4553283375478814,7621
750,0.36491666666666667,0.17610571609998008,3.4553182279125423,7622
765,0.36483333333333334,0.17610558241311378,3.4553156048820317,7623
9973,0.36475,0.17610340964992693,3.4552729737374515,7624
2599,0.36466666666666664,0.1761033580594642,3.4552719614962024,7625
3922,0.3645833333333333,0.17610031382686622,3.4552122315078044,7626
9189,0.3645,0.17609945692655807,3.4551954185199687,7627
7990,0.36441666666666667,0.1760944462734326,3.455097105975317,7628
2411,0.36433333333333334,0.17609400292330415,3.4550884071334806,7629
8352,0.36425,0.17609249301615715,3.4550587816914007,7630
3984,0.3641666666666667,0.17609166061723244,3.4550424494380074,7631
2733,0.3640833333333333,0.17609068689271729,3.455023344276968,7632
2679,0.364,0.17608759478528382,3.4549626749505427,7633
469,0.36391666666666667,0.17608403908817213,3.4548929096680325,7634
1520,0.36383333333333334,0.1760815032406573,3.4548431545530596,7635
11432,0.36375,0.17607575108853304,3.454730293275604,7636
9472,0.3636666666666667,0.17607386988714177,3.454693382778901,7637
681,0.3635833333333333,0.17607369863507488,3.4546900226926818,7638
1010,0.3635,0.17607038690326648,3.454625044181267,7639
6499,0.36341666666666667,0.17606604647022142,3.4545398818268147,7640
11093,0.36333333333333334,0.17606475784056735,3.454514598005061,7641
3104,0.36325,0.1760644690714288,3.4545089321511506,7642
9670,0.3631666666666667,0.17606350264476273,3.4544899701790133,7643
2591,0.3630833333333333,0.17606092351807526,3.4544393658962305,7644
6168,0.363,0.1760599175136381,3.4544196273804193,7645
333,0.36291666666666667,0.17605536886467707,3.454330379682956,7646
7622,0.36283333333333334,0.1760547794261326,3.4543188144834245,7647
476,0.36275,0.17605303142658849,3.4542845175007892,7648
706,0.3626666666666667,0.17604147254086885,3.454057724018976,7649
2050,0.3625833333333333,0.17604144784615153,3.4540572394912354,7650
2863,0.3625,0.17603917043344608,3.4540125550493235,7651
10121,0.36241666666666666,0.17603508717761243,3.4539324386929726,7652
3000,0.36233333333333334,0.17602561120112203,3.453746513357781,7653
10717,0.36225,0.17601805277276086,3.453598211667893,7654
816,0.3621666666666667,0.17601758393109326,3.4535890126641062,7655
7497,0.3620833333333333,0.17601701162933595,3.4535777837003927,7656
3091,0.362,0.17601237458778068,3.4534868016779425,7657
2793,0.36191666666666666,0.17601038059405583,3.453447678116177,7658
1746,0.36183333333333334,0.17600766497626952,3.4533943957818956,7659
8976,0.36175,0.17600732509445652,3.4533877270612083,7660
11217,0.3616666666666667,0.1760065050386953,3.45337163698938,7661
4503,0.3615833333333333,0.17600549528005835,3.453351824813515,7662
1334,0.3615,0.17600381972423962,3.453318949227821,7663
955,0.36141666666666666,0.17600319391486371,3.4533066704069437,7664
559,0.36133333333333334,0.17600271080080307,3.453297191368679,7665
9519,0.36125,0.1760017734215234,3.453278799326758,7666
8096,0.3611666666666667,0.1760001681202008,3.4532473021837973,7667
4133,0.3610833333333333,0.17599640833326596,3.4531735325150956,7668
7424,0.361,0.17598879537015139,3.4530241608149588,7669
9157,0.36091666666666666,0.17598810446317778,3.453010604733322,7670
2581,0.36083333333333334,0.1759874657219952,3.4529980721813134,7671
4326,0.36075,0.1759791354368507,3.452834626117564,7672
4313,0.3606666666666667,0.1759783209113596,3.452818644553525,7673
4623,0.3605833333333333,0.17597245012643287,3.4527034556169083,7674
6491,0.3605,0.17597010044289918,3.452657353170456,7675
1129,0.36041666666666666,0.17596993591690585,3.4526541250546066,7676
4932,0.36033333333333334,0.17596816188175135,3.4526193172349147,7677
7560,0.36025,0.17596654192842406,3.4525875326092166,7678
3726,0.3601666666666667,0.17596645511889414,3.452585829345128,7679
7446,0.3600833333333333,0.17596519641096414,3.452561132608677,7680
6837,0.36,0.17595797385386716,3.45241942094969,7681
4315,0.35991666666666666,0.17595027871003074,3.4522684368058743,7682
5434,0.35983333333333334,0.17594971585809868,3.452257393254399,7683
1754,0.35975,0.17594727945391117,3.452209589287669,7684
741,0.3596666666666667,0.1759465389522117,3.452195060122568,7685
5130,0.3595833333333333,0.17594473323973459,3.4521596307715487,7686
7686,0.3595,0.17594447568837035,3.4521545774322537,7687
5754,0.35941666666666666,0.17594427115229713,3.4521505642904025,7688
2823,0.35933333333333334,0.1759438721656936,3.4521427358921777,7689
8920,0.35925,0.17594327261122408,3.4521309722110107,7690
318,0.3591666666666667,0.17593980997780553,3.4520630329037827,7691
6106,0.3590833333333333,0.175939669812256,3.4520602827568947,7692
11449,0.359,0.1759381872672482,3.4520311941792823,7693
6632,0.35891666666666666,0.17593651894286896,3.451998460479512,7694
4135,0.35883333333333334,0.17593578979456914,3.4519841540761607,7695
8251,0.35875,0.17593532543000612,3.451975042916211,7696
9737,0.3586666666666667,0.17593102213502768,3.4518906092368002,7697
11269,0.3585833333333333,0.17592922132599098,3.451855276094679,7698
6964,0.3585,0.17592716934383276,3.451815014758998,7699
1611,0.35841666666666666,0.17592374677565978,3.451747861560041,7700
9953,0.35833333333333334,0.17592299848822965,3.4517331796334245,7701
1327,0.35825,0.17592290611707154,3.4517313672462864,7702
6402,0.3581666666666667,0.17592090810920913,3.451692164924257,7703
3896,0.3580833333333333,0.17592076197930073,3.451689297752486,7704
6284,0.358,0.17592011028748564,3.451676511099913,7705
2547,0.35791666666666666,0.17591819127597585,3.4516388587420272,7706
5002,0.35783333333333334,0.1759087570025595,3.4514537516505044,7707
262,0.35775,0.17590051122178355,3.4512919636220207,7708
6018,0.3576666666666667,0.1758996662901763,3.4512753854685565,7709
5126,0.3575833333333333,0.1758969328715584,3.4512217538694108,7710
9596,0.3575,0.1758943441695816,3.4511709617127195,7711
6928,0.35741666666666666,0.1758877270658098,3.4510411294745094,7712
6306,0.35733333333333334,0.1758857846493852,3.451003017895683,7713
4223,0.35725,0.1758849621727018,3.4509868803236836,7714
7471,0.3571666666666667,0.17588371533698866,3.450962416528532,7715
7667,0.3570833333333333,0.17588342703365892,3.4509567598140376,7716
901,0.357,0.17588178946365518,3.450924629536825,7717
6948,0.35691666666666666,0.17588112501679107,3.4509115926212215,7718
7345,0.35683333333333334,0.17587958181677962,3.4508813139496626,7719
9657,0.35675,0.17586718326554626,3.450638045638895,7720
7888,0.3566666666666667,0.17586691302943655,3.4506327434160124,7721
173,0.3565833333333333,0.17585873485902878,3.450472281950587,7722
7456,0.3565,0.17585696988223093,3.450437651862271,7723
1526,0.35641666666666666,0.17585403515737,3.4503800704927805,7724
5457,0.35633333333333334,0.1758521907151553,3.450343881237001,7725
1068,0.35625,0.17585143507088083,3.4503290549639245,7726
1443,0.3561666666666667,0.1758494606803806,3.450290316031258,7727
11310,0.3560833333333333,0.17584681715720568,3.450238448244014,7728
795,0.356,0.1758464078710679,3.450230417761622,7729
2167,0.35591666666666666,0.17584625342238525,3.450227387369621,7730
1668,0.35583333333333333,0.175844773626124,3.4501983527243683,7731
3832,0.35575,0.17584352687854857,3.4501738906585158,7732
8402,0.3556666666666667,0.17584037038385686,3.4501119580087374,7733
6924,0.3555833333333333,0.17583859516693745,3.4500771270019817,7734
2221,0.3555,0.17583858099220237,3.450076848883718,7735
2215,0.35541666666666666,0.175837349949114,3.4500526949509736,7736
2049,0.35533333333333333,0.17583369718756536,3.4499810251957643,7737
3916,0.35525,0.17583285957988898,3.4499645907430185,7738
9174,0.3551666666666667,0.17583079633877863,3.449924108498706,7739
2850,0.3550833333333333,0.1758304234805777,3.449916792758139,7740
4186,0.355,0.1758299309596963,3.449907129151435,7741
9964,0.35491666666666666,0.175828953338974,3.4498879475440765,7742
4512,0.35483333333333333,0.17582759235673298,3.4498612441135754,7743
8072,0.35475,0.17582754045801247,3.4498602258241187,7744
8865,0.3546666666666667,0.17582264073877776,3.449764089880546,7745
3097,0.3545833333333333,0.1758216074976038,3.449743816960755,7746
7078,0.3545,0.17581824086742984,3.4496777613047316,7747
445,0.35441666666666666,0.17581638782219813,3.449641403251711,7748
10118,0.35433333333333333,0.17581345366670303,3.449583833053574,7749
1717,0.35425,0.17580810808913797,3.449478949055428,7750
2739,0.3541666666666667,0.1758024693209262,3.449368312450237,7751
6216,0.35408333333333336,0.17580230321313453,3.449365053298317,7752
9874,0.354,0.17580188843305478,3.449356915020919,7753
2410,0.35391666666666666,0.17579963928954745,3.449312785240629,7754
6110,0.35383333333333333,0.17579670528598684,3.4492552180236045,7755
3380,0.35375,0.175793455324055,3.449191451480659,7756
5411,0.3536666666666667,0.1757908433129592,3.4491402019826496,7757
9066,0.35358333333333336,0.1757882321406414,3.4490889689419966,7758
8644,0.3535,0.17578676981994393,3.449060277179645,7759
2278,0.35341666666666666,0.17578646724621508,3.4490543404698952,7760
921,0.35333333333333333,0.17578545504433224,3.4490344803558157,7761
7974,0.35325,0.1757819991866427,3.4489666739930414,7762
4252,0.3531666666666667,0.17578034601871642,3.4489342376735785,7763
3081,0.35308333333333336,0.17578006874349072,3.4489287973382807,7764
350,0.353,0.17577933189066025,3.448914339766599,7765
11209,0.35291666666666666,0.17577859865751455,3.448899953215663,7766
9961,0.35283333333333333,0.1757774482206938,3.448877380834669,7767
10415,0.35275,0.17577563298218232,3.448841764576101,7768
1127,0.3526666666666667,0.1757738421857161,3.4488066278877643,7769
1659,0.35258333333333336,0.17577301828156708,3.448790462307831,7770
5785,0.3525,0.1757694054357065,3.4487195757265297,7771
11980,0.35241666666666666,0.17576901959734792,3.448712005306125,7772
7174,0.35233333333333333,0.17576591779799702,3.4486511458174407,7773
11055,0.35225,0.17576447039052553,3.448622746663053,7774
9507,0.3521666666666667,0.175760149923415,3.4485379760542845,7775
2430,0.35208333333333336,0.17575566275322074,3.4484499346135777,7776
2300,0.352,0.17575530124438218,3.4484428415554347,7777
9692,0.35191666666666666,0.1757519059330864,3.4483762231556057,7778
9755,0.35183333333333333,0.17575155214424704,3.4483692815693,7779
11617,0.35175,0.17575018263998474,3.4483424109307643,7780
1757,0.3516666666666667,0.17575010797799176,3.4483409460098793,7781
3257,0.35158333333333336,0.17574835691994176,3.448306589017194,7782
4123,0.3515,0.17574830317709814,3.448305534544722,7783
8553,0.35141666666666665,0.1757481404361049,3.448302341451763,7784
6944,0.35133333333333333,0.1757437995675104,3.4482171705515126,7785
8662,0.35125,0.17574232270734355,3.4481881935144836,7786
911,0.3511666666666667,0.17574103818874484,3.448162990354588,7787
8337,0.35108333333333336,0.1757405933985795,3.4481542632581563,7788
252,0.351,0.17573828132782537,3.4481088988009474,7789
10004,0.35091666666666665,0.17573745179046485,3.4480926226934643,7790
26,0.35083333333333333,0.17573665573491706,3.4480770035227817,7791
5462,0.35075,0.1757364705094293,3.448073369268174,7792
1615,0.3506666666666667,0.17573243247423753,3.447994140172681,7793
5929,0.35058333333333336,0.17573166412758698,3.4479790646700454,7794
8338,0.3505,0.17573157579991405,3.447977331618846,7795
5549,0.35041666666666665,0.17571986060116546,3.4477474711652834,7796
9913,0.35033333333333333,0.175718642053171,3.4477235623950655,7797
8327,0.35025,0.1757179996371254,3.4477109577396403,7798
4293,0.3501666666666667,0.17571354271830286,3.447623509852132,7799
10834,0.35008333333333336,0.1757124230938729,3.447601542031972,7800
10319,0.35,0.1757111683120476,3.447576922328456,7801
8638,0.34991666666666665,0.17571112119689483,3.447575997896001,7802
8676,0.34983333333333333,0.17571031671668788,3.44756021342753,7803
8696,0.34975,0.17570964774122988,3.44754708765773,7804
2267,0.3496666666666667,0.17570825323417874,3.4475197264468447,7805
4714,0.34958333333333336,0.17570758907063203,3.4475066950901168,7806
4396,0.3495,0.17570489183489055,3.44745377342447,7807
9288,0.34941666666666665,0.175704245698271,3.447441095768765,7808
5995,0.34933333333333333,0.17569980865620594,3.447354037877238,7809
9708,0.34925,0.17569865135985305,3.4473313309073896,7810
10385,0.3491666666666667,0.17569717103257196,3.447302285843174,7811
4290,0.34908333333333336,0.17569442268728136,3.4472483613722025,7812
3518,0.349,0.17569381917549998,3.44723652004585,7813
9527,0.34891666666666665,0.175693272144838,3.4472257869187874,7814
9930,0.34883333333333333,0.1756929515729219,3.447219497071925,7815
3191,0.34875,0.1756853368068082,3.4470700899957016,7816
956,0.3486666666666667,0.17568265682111675,3.4470175067882187,7817
5362,0.34858333333333336,0.1756807028589931,3.446979168674644,7818
3333,0.3485,0.17567556211841934,3.446878303722622,7819
6962,0.34841666666666665,0.17566779014340497,3.4467258120969584,7820
2322,0.34833333333333333,0.17566629614388118,3.446696498773669,7821
3664,0.34825,0.17566471318008753,3.4466654399087675,7822
1650,0.3481666666666667,0.17566454948968777,3.446662228187768,7823
8650,0.34808333333333336,0.17566337859838016,3.446639254475325,7824
6193,0.348,0.17566034146204443,3.4465796637205823,7825
3274,0.34791666666666665,0.17565953707444862,3.4465638810691877,7826
2852,0.3478333333333333,0.17565709597601328,3.446515984997993,7827
8523,0.34775,0.17565673508414595,3.446508904045238,7828
2614,0.3476666666666667,0.17565578385635855,3.4464902402858826,7829
7071,0.34758333333333336,0.17565421593445726,3.4464594765534535,7830
261,0.3475,0.1756537240368743,3.4464498251763533,7831
1997,0.34741666666666665,0.17565210448028604,3.44641804833498,7832
669,0.3473333333333333,0.17565106430615715,3.446397639385708,7833
4657,0.34725,0.17564945852936573,3.4463661329136843,7834
7747,0.3471666666666667,0.17564860941864777,3.4463494727631265,7835
7683,0.34708333333333335,0.17564231954735524,3.4462260610567674,7836
5205,0.347,0.17563917834856618,3.446164428523356,7837
149,0.34691666666666665,0.17563880701393841,3.4461571426763093,7838
6070,0.3468333333333333,0.17563476818876828,3.4460778980808584,7839
5957,0.34675,0.17563086387220328,3.4460012926390036,7840
3663,0.3466666666666667,0.17562883388049813,3.4459614627714616,7841
10882,0.34658333333333335,0.1756272763549871,3.4459309030235703,7842
6281,0.3465,0.17562653308592208,3.445916319560827,7843
2912,0.34641666666666665,0.17562294303896553,3.445845880310117,7844
6486,0.3463333333333333,0.1756208676868318,3.4458051604390363,7845
4798,0.34625,0.1756182490544232,3.4457537810262022,7846
6396,0.3461666666666667,0.1756172113286393,3.4457334201151713,7847
5432,0.34608333333333335,0.17561699446910536,3.4457291651783057,7848
7583,0.346,0.17561684165414587,3.445726166841121,7849
7538,0.34591666666666665,0.17561486362546372,3.4456873565247217,7850
4752,0.3458333333333333,0.1756141664510322,3.4456736774712304,7851
9494,0.34575,0.1756113437462566,3.4456182940147073,7852
6926,0.3456666666666667,0.1756083125633995,3.4455588200713763,7853
10294,0.34558333333333335,0.17560401658944072,3.4454745300355216,7854
6998,0.3455,0.17560317169029976,3.445457952519078,7855
2276,0.34541666666666665,0.17560249092486307,3.4454445954215798,7856
3092,0.3453333333333333,0.17560165050200718,3.445428105733014,7857
10800,0.34525,0.17559910983714763,3.445378256098376,7858
11952,0.3451666666666667,0.17559095226682797,3.4452181988211454,7859
3657,0.34508333333333335,0.17559043279179254,3.4452080063550055,7860
3090,0.345,0.1755779835943852,3.4449637443306074,7861
5538,0.34491666666666665,0.17557655055189814,3.4449356270273044,7862
11254,0.3448333333333333,0.17556995243849433,3.444806167393521,7863
1992,0.34475,0.17556681043772956,3.4447445191248196,7864
2586,0.3446666666666667,0.17556592469566148,3.444727140241324,7865
2356,0.34458333333333335,0.17556453720966192,3.4446999167884593,7866
760,0.3445,0.17556354164296287,3.444680383068385,7867
10870,0.34441666666666665,0.17555710818366163,3.44455415406407,7868
3434,0.3443333333333333,0.1755547713081995,3.444508302921034,7869
6025,0.34425,0.17555398286779303,3.444492833164741,7870
4219,0.3441666666666667,0.17554676473035705,3.444351208222605,7871
4744,0.34408333333333335,0.17554137442397988,3.444245446613664,7872
973,0.344,0.1755411199930719,3.444240454499985,7873
11168,0.34391666666666665,0.17553780664970897,3.4441754443687165,7874
6415,0.3438333333333333,0.17553716919743317,3.4441629371059506,7875
6353,0.34375,0.17553594220383456,3.444138862627043,7876
276,0.3436666666666667,0.17553582957388963,3.4441366527481745,7877
11196,0.34358333333333335,0.1755352333596942,3.444124954605542,7878
10920,0.3435,0.17553473166466724,3.4441151109956865,7879
3859,0.34341666666666665,0.17553411374693748,3.444102987014503,7880
6432,0.3433333333333333,0.17553093319455057,3.4440405823357048,7881
9093,0.34325,0.1755302437808403,3.4440270555529917,7882
3152,0.3431666666666667,0.1755289742438652,3.4440021463431028,7883
7489,0.34308333333333335,0.17552472592109408,3.4439187912570484,7884
6427,0.343,0.1755217879679809,3.4438611465470066,7885
1369,0.34291666666666665,0.17552119815371953,3.443849573975662,7886
9155,0.3428333333333333,0.17551854250203502,3.443797468218493,7887
11035,0.34275,0.17551493544618949,3.443726695241409,7888
9490,0.3426666666666667,0.17551490904566336,3.4437261772444856,7889
6633,0.34258333333333335,0.1755118295763922,3.4436657558877126,7890
6819,0.3425,0.17550781458889436,3.4435869790041966,7891
5107,0.34241666666666665,0.17550710801382288,3.443573115503459,7892
7832,0.3423333333333333,0.175505510018076,3.4435417617009705,7893
3993,0.34225,0.1755027502575836,3.443487613255698,7894
9683,0.3421666666666667,0.17550023967279588,3.4434383538133186,7895
6517,0.34208333333333335,0.17549788914745845,3.4433922348500885,7896
11317,0.342,0.17549767516737472,3.443388036410088,7897
5241,0.34191666666666665,0.17549546024068183,3.443344577987803,7898
6363,0.3418333333333333,0.17549015850089417,3.443240554117745,7899
7754,0.34175,0.175490157753416,3.4432405394516614,7900
1059,0.3416666666666667,0.17548935856324666,3.443224858777529,7901
2862,0.34158333333333335,0.1754876847097218,3.443192016592026,7902
4622,0.3415,0.1754849514379906,3.443138387874863,7903
6032,0.34141666666666665,0.17548366690261605,3.443113184385775,7904
315,0.3413333333333333,0.17548342708374629,3.443108478970621,7905
9625,0.34125,0.1754828229296215,3.4430966250409814,7906
11233,0.3411666666666667,0.17548172864322362,3.4430751543708533,7907
4426,0.34108333333333335,0.17548027795991047,3.4430466909421424,7908
5625,0.341,0.17547474132857324,3.442938058334411,7909
6628,0.34091666666666665,0.17547239926747987,3.4428921054456296,7910
1862,0.3408333333333333,0.17547220374531697,3.442888269163018,7911
2778,0.34075,0.1754721094718895,3.4428864194519404,7912
4225,0.3406666666666667,0.17547034395376263,3.4428517787423516,7913
1903,0.34058333333333335,0.17546777808548178,3.4428014345988815,7914
2613,0.3405,0.17546743607725396,3.442794724156502,7915
3547,0.34041666666666665,0.17546268776540913,3.4427015589325975,7916
8661,0.3403333333333333,0.17546233435099112,3.4426946246926877,7917
9576,0.34025,0.1754614977445392,3.4426782098846833,7918
10161,0.3401666666666667,0.1754582999255809,3.4426154664236623,7919
709,0.34008333333333335,0.17545510986132487,3.4425528751153633,7920
8780,0.34,0.1754534691931779,3.4425206840502836,7921
2123,0.33991666666666664,0.17545002256709066,3.4424530588181628,7922
135,0.3398333333333333,0.17544906435587165,3.4424342580389045,7923
1880,0.33975,0.17544838688483239,3.4424209655797657,7924
6844,0.3396666666666667,0.17544697776741602,3.4423933177032024,7925
9633,0.33958333333333335,0.17544694243429196,3.4423926244424488,7926
9578,0.3395,0.17544567467500016,3.4423677501119023,7927
2017,0.33941666666666664,0.17544172141958705,3.4422901844554135,7928
417,0.3393333333333333,0.17544020310040087,3.442260393963216,7929
4306,0.33925,0.17543408765285443,3.442140404573636,7930
316,0.33916666666666667,0.1754335813624283,3.4421304707987463,7931
6781,0.33908333333333335,0.17543263874108533,3.442111975903817,7932
7152,0.339,0.175431135132065,3.4420824740355096,7933
5264,0.33891666666666664,0.17542953711607456,3.4420511198358383,7934
1851,0.3388333333333333,0.17542831376975537,3.442027116919168,7935
2259,0.33875,0.17542812882283698,3.4420234881302765,7936
9650,0.33866666666666667,0.1754252609422061,3.441967218291701,7937
8757,0.33858333333333335,0.17542427526391188,3.441947878589063,7938
1323,0.3385,0.17542136275024114,3.4418907330188686,7939
7323,0.33841666666666664,0.17541669966897272,3.441799240078877,7940
2662,0.3383333333333333,0.17541217176444732,3.441710399401898,7941
11599,0.33825,0.1754094508029778,3.441657012220751,7942
2647,0.33816666666666667,0.17540793324694182,3.4416272367021605,7943
4596,0.33808333333333335,0.17540757026324152,3.4416201147061445,7944
9165,0.338,0.17540550749279696,3.441579641696712,7945
4966,0.33791666666666664,0.17540540524706022,3.441577635563273,7946
3024,0.3378333333333333,0.17540103420583675,3.441491872654815,7947
7232,0.33775,0.1753969462788545,3.4414116646471586,7948
195,0.33766666666666667,0.1753966671768281,3.441406188468796,7949
6340,0.33758333333333335,0.17539378251530216,3.441349589377193,7950
11900,0.3375,0.17538917664159437,3.441259218889953,7951
8766,0.33741666666666664,0.175383180225966,3.4411415649904127,7952
1171,0.3373333333333333,0.17537952331409565,3.441069813803037,7953
1201,0.33725,0.17537632329524083,3.441007027178463,7954
5827,0.33716666666666667,0.17537378147667193,3.440957154907262,7955
4060,0.33708333333333335,0.17537149463065957,3.4409122853772782,7956
4997,0.337,0.17536494453831614,3.44078376795054,7957
544,0.33691666666666664,0.17536287656559768,3.4407431928688084,7958
2351,0.3368333333333333,0.17535798515009451,3.440647219850283,7959
11162,0.33675,0.1753572386240483,3.440632572483268,7960
5127,0.33666666666666667,0.1753565193101831,3.440618459038406,7961
4443,0.33658333333333335,0.17535644891536623,3.4406170778424983,7962
1029,0.3365,0.17535243280572355,3.440538278941694,7963
3310,0.33641666666666664,0.17535220168057017,3.440533744103355,7964
855,0.3363333333333333,0.17534318538629878,3.440356838057202,7965
9290,0.33625,0.17534256913488566,3.4403447467702337,7966
6108,0.33616666666666667,0.17534097377569333,3.4403134446988703,7967
7695,0.33608333333333335,0.17533740241847526,3.440243372153997,7968
10571,0.336,0.17533366393839322,3.440170020540778,7969
8037,0.33591666666666664,0.17533307024422654,3.4401583718429283,7970
11263,0.3358333333333333,0.17531853945664835,3.439873267552767,7971
5841,0.33575,0.175318449829928,3.4398715090133334,7972
7533,0.33566666666666667,0.17531662071627085,3.439835620514689,7973
1008,0.33558333333333334,0.17531511177821224,3.439806014086819,7974
6993,0.3355,0.1753105444025328,3.439716398957962,7975
5418,0.33541666666666664,0.17530487715196374,3.439605203508877,7976
3069,0.3353333333333333,0.17530083528567084,3.439525899244479,7977
10957,0.33525,0.1752964410144424,3.439439680546849,7978
2108,0.33516666666666667,0.17529498206322375,3.4394110548960364,7979
3636,0.33508333333333334,0.17529346843376575,3.43938135641963,7980
1262,0.335,0.17529173896350278,3.439347422994552,7981
3488,0.33491666666666664,0.17529042087229513,3.439321561116373,7982
8413,0.3348333333333333,0.17527960878156962,3.4391094202784647,7983
2447,0.33475,0.17527774873768534,3.4390729249070127,7984
4330,0.33466666666666667,0.17527424723354026,3.439004222928637,7985
826,0.33458333333333334,0.17527171495316796,3.4389545378035455,7986
2240,0.3345,0.17526962779242686,3.4389135862392903,7987
6439,0.33441666666666664,0.17526698054413536,3.438861645362633,7988
392,0.3343333333333333,0.17525855351137268,3.4386963010424627,7989
11651,0.33425,0.17525601425962278,3.438646479134017,7990
1143,0.33416666666666667,0.17525405301667096,3.4386079981654953,7991
6527,0.33408333333333334,0.17525353025288656,3.438597741171705,7992
1932,0.334,0.17524940725053717,3.4385168449607275,7993
11543,0.33391666666666664,0.17524772320038806,3.4384838027102353,7994
9843,0.3338333333333333,0.1752462656781258,3.4384552050965094,7995
3743,0.33375,0.17524596581156468,3.438449321503329,7996
10912,0.33366666666666667,0.17523950871628297,3.4383226287444404,7997
7563,0.33358333333333334,0.17523654965745175,3.438264569925326,7998
475,0.3335,0.1752345308004419,3.438224958528407,7999
6693,0.33341666666666664,0.17523151867629333,3.438165858530348,8000
3305,0.3333333333333333,0.1752282595119114,3.4381019114288778,8001
1318,0.33325,0.17522132254034495,3.4379658031592055,8002
2281,0.33316666666666667,0.1752210681374459,3.4379608115951044,8003
7568,0.33308333333333334,0.17521920288218676,3.43792421397271,8004
4774,0.333,0.17521906763236522,3.4379215602758917,8005
10148,0.3329166666666667,0.17521599332289753,3.437861240158087,8006
3555,0.3328333333333333,0.17521567913323666,3.437855075535607,8007
708,0.33275,0.17521528499605224,3.437847342286343,8008
3346,0.33266666666666667,0.17521407323618554,3.4378235667040054,8009
2103,0.33258333333333334,0.17521171342696765,3.437777265584467,8010
1057,0.3325,0.1752109868673286,3.437763009972488,8011
2083,0.3324166666666667,0.17520835006460994,3.437711274045303,8012
8774,0.3323333333333333,0.17520651544378169,3.437675277492029,8013
9373,0.33225,0.1752036051946648,3.4376181763539204,8014
8913,0.33216666666666667,0.1752026743640065,3.437599912800577,8015
8861,0.33208333333333334,0.17520159294668594,3.437578694630835,8016
4928,0.332,0.17519482702899475,3.4374459425586776,8017
1020,0.3319166666666667,0.17519433285164437,3.437436246450897,8018
9925,0.3318333333333333,0.1751891145912518,3.4373338605053627,8019
3825,0.33175,0.17518885703529077,3.4373288070759576,8020
4206,0.33166666666666667,0.17518379937928902,3.4372295723017787,8021
7423,0.33158333333333334,0.17518371417942244,3.4372279006203277,8022
6462,0.3315,0.17518331021826924,3.437219974617919,8023
8655,0.3314166666666667,0.1751831936250695,3.437217686977168,8024
6754,0.3313333333333333,0.17517923493114632,3.437140014613246,8025
1308,0.33125,0.17517828919183687,3.4371214585416663,8026
11198,0.33116666666666666,0.17517514914035456,3.4370598485191763,8027
6163,0.33108333333333334,0.17517279995286336,3.4370137558054674,8028
9528,0.331,0.17517137103434222,3.43698571941729,8029
5792,0.3309166666666667,0.17516820239356734,3.4369235484528238,8030
11523,0.3308333333333333,0.17516260379314935,3.436813699967991,8031
10433,0.33075,0.17516045813761744,3.4367716006947218,8032
1925,0.33066666666666666,0.17515686247610932,3.4367010512825473,8033
201,0.33058333333333334,0.1751547428138643,3.436659462015908,8034
7510,0.3305,0.1751528087534789,3.4366215143884506,8035
6986,0.3304166666666667,0.17515223252723983,3.436610208423592,8036
4143,0.3303333333333333,0.17515166141335348,3.436599002766818,8037
9713,0.33025,0.17515110344281895,3.4365880549917414,8038
465,0.33016666666666666,0.17514852311059653,3.4365374270555717,8039
3689,0.33008333333333334,0.17514440595104513,3.436456645484382,8040
3378,0.33,0.17514045119150662,3.4363790503158516,8041
3162,0.3299166666666667,0.17513182085625478,3.4362097170575745,8042
25,0.3298333333333333,0.1751305572118313,3.436184923463652,8043
1678,0.32975,0.17513014349362088,3.436176806020881,8044
1134,0.32966666666666666,0.17512863266122808,3.4361471624248185,8045
3716,0.32958333333333334,0.17512796661303945,3.4361340940900704,8046
6481,0.3295,0.17512743708691156,3.4361237044143884,8047
4702,0.3294166666666667,0.17512707864833,3.436116671596884,8048
5679,0.3293333333333333,0.17512586760354742,3.436092910044935,8049
9169,0.32925,0.17512446094030382,3.4360653103210286,8050
1841,0.32916666666666666,0.17512364097248379,3.4360492219746788,8051
10744,0.32908333333333334,0.17512299937118797,3.43603663330519,8052
8867,0.329,0.17510292423847754,3.435642745057181,8053
2831,0.3289166666666667,0.17510274912815452,3.4356393092692983,8054
1367,0.3288333333333333,0.17510269924672417,3.435638330560491,8055
5003,0.32875,0.17510137633394662,3.4356123740796782,8056
1054,0.32866666666666666,0.17510121694170058,3.4356092466915245,8057
8341,0.32858333333333334,0.175097089065525,3.435528254852593,8058
5809,0.3285,0.17508832733198018,3.4353563434672547,8059
5303,0.3284166666666667,0.17508811260046098,3.435352130283556,8060
8304,0.3283333333333333,0.17508692591018904,3.43532884658429,8061
5180,0.32825,0.17508604113219936,3.435311486616759,8062
8360,0.32816666666666666,0.1750850426149572,3.435291895004954,8063
10580,0.32808333333333334,0.1750811059444682,3.435214654756299,8064
10611,0.328,0.17508093440354344,3.4352112890024724,8065
540,0.3279166666666667,0.1750667520556939,3.4349330213452953,8066
4239,0.3278333333333333,0.17506474388072413,3.4348936195375206,8067
1596,0.32775,0.17506254895852516,3.4348505536174843,8068
4540,0.32766666666666666,0.17506194943252676,3.434838790495024,8069
3556,0.32758333333333334,0.1750614767991177,3.434829517094513,8070
7371,0.3275,0.17506015699894784,3.4348036216852473,8071
3387,0.3274166666666667,0.1750576569718355,3.4347545693919086,8072
7656,0.3273333333333333,0.175054801661144,3.434698546184408,8073
9448,0.32725,0.1750542571786659,3.4346878630545246,8074
2600,0.32716666666666666,0.17504956844362757,3.4345958667695733,8075
8601,0.32708333333333334,0.17504632553291347,3.4345322385765265,8076
6943,0.327,0.17504618861433283,3.4345295521374632,8077
3536,0.3269166666666667,0.17503995229765243,3.4344071912103598,8078
1412,0.3268333333333333,0.17503860611679686,3.434380778193481,8079
11264,0.32675,0.17503799280998802,3.4343687446817546,8080
9488,0.32666666666666666,0.17503722014713444,3.4343535844921895,8081
8040,0.32658333333333334,0.17503534519008634,3.4343167965138743,8082
11118,0.3265,0.17502959928643663,3.4342040578358826,8083
849,0.3264166666666667,0.1750279366842518,3.4341714364096507,8084
4879,0.3263333333333333,0.17502734011858775,3.434159731370995,8085
1338,0.32625,0.17502631569683627,3.4341396314944768,8086
6532,0.32616666666666666,0.17502414259942523,3.4340969937921115,8087
9015,0.32608333333333334,0.17502174353313946,3.4340499224212904,8088
9462,0.326,0.1750209654457792,3.434034655799093,8089
1346,0.3259166666666667,0.17502059394575484,3.4340273667068617,8090
6034,0.3258333333333333,0.17501545871722254,3.4339266099049937,8091
720,0.32575,0.17501348425596494,3.4338878695839665,8092
9922,0.32566666666666666,0.17500693613386367,3.4337593908147097,8093
9224,0.32558333333333334,0.17500258295778368,3.4336739784329593,8094
6763,0.3255,0.17499440548576117,3.4335135306703286,8095
3958,0.3254166666666667,0.17499102961309324,3.4334472936700164,8096
10299,0.3253333333333333,0.1749874401345173,3.433376865571366,8097
4835,0.32525,0.1749863604383579,3.4333556811719896,8098
3887,0.32516666666666666,0.1749830040241682,3.4332898259607605,8099
8828,0.32508333333333334,0.17498040893858952,3.4332389085533035,8100
7046,0.325,0.17497589737257163,3.433150388449368,8101
8908,0.3249166666666667,0.17497339010961888,3.433101194183707,8102
5358,0.3248333333333333,0.17497214738332756,3.433076811018261,8103
10296,0.32475,0.1749703162328582,3.43304088255586,8104
11170,0.32466666666666666,0.17496999592443685,3.4330345978789563,8105
6974,0.32458333333333333,0.17495779477907744,3.4327952028105173,8106
9083,0.3245,0.17495164229824972,3.4326744868018197,8107
11961,0.3244166666666667,0.17495058209803618,3.4326536849266818,8108
591,0.3243333333333333,0.17495057846181825,3.432653613581542,8109
3581,0.32425,0.1749483037956591,3.432608983028817,8110
4646,0.32416666666666666,0.1749478406688654,3.4325998961548585,8111
5073,0.32408333333333333,0.17494754145407157,3.4325940253497897,8112
3114,0.324,0.17494697657901498,3.432582942103159,8113
4038,0.3239166666666667,0.17494633974926677,3.43257044705481,8114
7337,0.3238333333333333,0.1749436021219867,3.432516732878765,8115
10975,0.32375,0.17494194707508617,3.4324842596924987,8116
9966,0.32366666666666666,0.17494104453037373,3.4324665511293175,8117
10640,0.32358333333333333,0.17493948407144752,3.4324359338256984,8118
1280,0.3235,0.17493805788509523,3.432407951044664,8119
9805,0.3234166666666667,0.1749328355278384,3.4323054847158025,8120
1570,0.3233333333333333,0.1749272411594689,3.4321957192667734,8121
11526,0.32325,0.17491637216051895,3.431982461849433,8122
237,0.32316666666666666,0.17491324720125076,3.431921147946901,8123
1634,0.32308333333333333,0.17491253857247,3.431907244150984,8124
1436,0.323,0.17491102642753012,3.4318775748018178,8125
3331,0.3229166666666667,0.1749088346413549,3.4318345704128195,8126
10707,0.32283333333333336,0.17490191011111172,3.431698706250605,8127
2164,0.32275,0.1749006642646537,3.431674261865381,8128
7530,0.32266666666666666,0.17489961272000548,3.431653629818471,8129
10503,0.32258333333333333,0.17489770650954495,3.4316162286261407,8130
8122,0.3225,0.17489722949038836,3.431606869174243,8131
5298,0.3224166666666667,0.1748910622801819,3.4314858641647996,8132
9128,0.32233333333333336,0.17488639907903603,3.431394368872775,8133
870,0.32225,0.17488294942883253,3.431326684305283,8134
4126,0.32216666666666666,0.17488037016598515,3.431276077350918,8135
8999,0.32208333333333333,0.17487954474373488,3.4312598819847993,8136
975,0.322,0.1748787571380222,3.4312444286058223,8137
7216,0.3219166666666667,0.17487158139159412,3.4311036354051483,8138
6672,0.32183333333333336,0.17487027964671295,3.4310780942533947,8139
6957,0.32175,0.17485708124024216,3.4308191322192476,8140
3960,0.32166666666666666,0.17485327245393228,3.4307444011484067,8141
6758,0.32158333333333333,0.17484029118737515,3.4304896995523118,8142
6240,0.3215,0.17483989344472453,3.430481895561302,8143
3262,0.3214166666666667,0.17483692774301418,3.430423706404214,8144
8179,0.32133333333333336,0.1748355689154726,3.43039704525048,8145
2712,0.32125,0.17483440513152407,3.4303742109894366,8146
11894,0.32116666666666666,0.17483339413556923,3.4303543745364786,8147
5098,0.32108333333333333,0.17482971066931277,3.4302821023333276,8148
2607,0.321,0.17481789248818616,3.430050221292884,8149
3280,0.3209166666666667,0.17481748834219338,3.4300422916637787,8150
373,0.32083333333333336,0.1748168559301886,3.430029883294714,8151
6588,0.32075,0.17481321263286936,3.4299583992343576,8152
1930,0.32066666666666666,0.1748120637322172,3.4299358569940783,8153
721,0.32058333333333333,0.17480915522418056,3.429878790017143,8154
11778,0.3205,0.17480149003677686,3.429728393639619,8155
11275,0.3204166666666667,0.17480083745227118,3.4297155894718667,8156
962,0.32033333333333336,0.1747983487677178,3.429666759727474,8157
10593,0.32025,0.1747898928432318,3.4295008485312777,8158
1030,0.32016666666666665,0.17478721284611928,3.4294482650997447,8159
897,0.32008333333333333,0.17478639922166694,3.4294323012147325,8160
11111,0.32,0.17478500835925967,3.4294050115143397,8161
5374,0.3199166666666667,0.1747818543908773,3.42934312843249,8162
5031,0.31983333333333336,0.17477488100550956,3.429206305698361,8163
7239,0.31975,0.17476989760541564,3.429108527877394,8164
639,0.31966666666666665,0.17476313196645782,3.4289757812742314,8165
2606,0.31958333333333333,0.17476290011034903,3.428971232093982,8166
10675,0.3195,0.17476201130192215,3.428953793046426,8167
7142,0.3194166666666667,0.1747615336351871,3.4289444208885627,8168
7428,0.31933333333333336,0.17475045160775196,3.428726983702283,8169
6230,0.31925,0.17474629558235114,3.428645439555688,8170
10000,0.31916666666666665,0.17473803717647618,3.428483403813831,8171
11584,0.31908333333333333,0.17473624351587735,3.42844821092915,8172
6683,0.319,0.17473050673311755,3.428335651209455,8173
10641,0.3189166666666667,0.17472722100033328,3.428271182817199,8174
8333,0.31883333333333336,0.1747223070503949,3.428174767657203,8175
6246,0.31875,0.1747216120467182,3.42816113119541,8176
8844,0.31866666666666665,0.1747162487511456,3.4280558995575,8177
8151,0.31858333333333333,0.17471191767419225,3.4279709207761453,8178
5478,0.3185,0.17470983989277775,3.427930153240841,8179
10139,0.3184166666666667,0.17470318112192879,3.427799503465242,8180
8062,0.31833333333333336,0.1747028745115282,3.4277934875531635,8181
7741,0.31825,0.17469746931380456,3.4276874337655165,8182
6866,0.31816666666666665,0.17469709636536612,3.427680116254334,8183
5233,0.31808333333333333,0.17469467564270114,3.427632619970148,8184
2009,0.318,0.1746934227110387,3.4276080365681407,8185
9974,0.3179166666666667,0.17468915271637026,3.4275242562642445,8186
10377,0.31783333333333336,0.17468901575286191,3.4275215689437144,8187
3151,0.31775,0.17468817621168153,3.4275050965542526,8188
10216,0.31766666666666665,0.17468798012811468,3.4275012492565065,8189
4434,0.31758333333333333,0.17468254330182514,3.4273945748941266,8190
3455,0.3175,0.1746774282478074,3.42729421393041,8191
9252,0.3174166666666667,0.174676657230648,3.4272790860304916,8192
10301,0.31733333333333336,0.17467501888521675,3.427246940538817,8193
11906,0.31725,0.17466043097417028,3.4269607154459374,8194
5990,0.31716666666666665,0.174656582813089,3.426885211814243,8195
4177,0.31708333333333333,0.17465586605983693,3.426871148610483,8196
1852,0.317,0.1746509730629227,3.4267751445635337,8197
4995,0.3169166666666667,0.17464950992702633,3.426746436806353,8198
4666,0.31683333333333336,0.17464661200369344,3.4266895775088058,8199
10164,0.31675,0.17464623576234276,3.42668219538842,8200
1658,0.31666666666666665,0.17464506783510036,3.426659279833058,8201
9193,0.3165833333333333,0.17464399314796544,3.4266381937142913,8202
6417,0.3165,0.17464185629702197,3.4265962671932266,8203
11080,0.3164166666666667,0.17463162866506346,3.4263955938481505,8204
542,0.31633333333333336,0.17463039683924278,3.4263714245576455,8205
4378,0.31625,0.174628323953917,3.426330753087062,8206
7946,0.31616666666666665,0.17462629643250444,3.4262909716884073,8207
2632,0.3160833333333333,0.17462534468846894,3.426272297799896,8208
1802,0.316,0.1746242406082053,3.4262506349672197,8209
560,0.3159166666666667,0.1746241382285027,3.4262486262053753,8210
1917,0.31583333333333335,0.17461638950760408,3.4260965908417953,8211
285,0.31575,0.1746134532547642,3.4260389794923114,8212
11316,0.31566666666666665,0.17461270313160487,3.4260242615474104,8213
5878,0.3155833333333333,0.17460771940055292,3.425926477232793,8214
6187,0.3155,0.17460736883884734,3.4259195989651183,8215
10435,0.3154166666666667,0.17460700972035081,3.425912552807252,8216
2899,0.31533333333333335,0.17460466618825815,3.425866571056422,8217
3212,0.31525,0.1746019378600885,3.4258130393354476,8218
7172,0.31516666666666665,0.1745946110298384,3.425669281763695,8219
7501,0.3150833333333333,0.17459286796309093,3.425635081565956,8220
4985,0.315,0.17459209677019136,3.425619950217963,8221
6166,0.3149166666666667,0.17459042210493916,3.4255870921057623,8222
4943,0.31483333333333335,0.1745866732963586,3.4255135378401658,8223
7872,0.31475,0.17458573298957336,3.4254950883585122,8224
7101,0.31466666666666665,0.17458211008405386,3.4254240043996376,8225
4334,0.3145833333333333,0.17458043850713914,3.4253912068828893,8226
6812,0.3145,0.1745776163687909,3.4253358345400926,8227
3242,0.3144166666666667,0.17457747487576217,3.4253330583471455,8228
8124,0.31433333333333335,0.174569797544799,3.4251824237044968,8229
1786,0.31425,0.17456967316033176,3.425179983193588,8230
616,0.31416666666666665,0.1745634722186994,3.4250583163498183,8231
9838,0.3140833333333333,0.17455915666450306,3.4249736421358508,8232
872,0.314,0.17455877445463502,3.42496614290898,8233
8467,0.3139166666666667,0.1745575868694425,3.4249428416507897,8234
11043,0.31383333333333335,0.17455348332173407,3.424862327153531,8235
43,0.31375,0.17454621473564297,3.4247197123732245,8236
1699,0.31366666666666665,0.1745370424332096,3.424539745336954,8237
6506,0.3135833333333333,0.17453564218066409,3.4245122713954586,8238
6585,0.3135,0.174535177681617,3.424503157596868,8239
4128,0.3134166666666667,0.17453387932817607,3.424477682987592,8240
1376,0.31333333333333335,0.1745336149655225,3.4244724960060795,8241
5962,0.31325,0.17453237829035972,3.424448231568046,8242
11222,0.31316666666666665,0.17452528440446352,3.424309044528661,8243
8455,0.3130833333333333,0.1745251941969781,3.424307274594258,8244
9726,0.313,0.17451983550773145,3.424202133335692,8245
7880,0.3129166666666667,0.174514851939866,3.4241043522228845,8246
4343,0.31283333333333335,0.1745120811451895,3.4240499872791847,8247
2381,0.31275,0.17450515137072076,3.4239140202215967,8248
2979,0.31266666666666665,0.17449738759082292,3.42376168938993,8249
10708,0.3125833333333333,0.1744928154882906,3.4236719815168546,8250
8292,0.3125,0.17449272199127663,3.4236701470395943,8251
4387,0.3124166666666667,0.17448903235908572,3.423597753856377,8252
2931,0.31233333333333335,0.17448871119828802,3.4235914524552657,8253
4523,0.31225,0.17448782630465315,3.4235740902187226,8254
7363,0.31216666666666665,0.1744877128401486,3.423571863965172,8255
2287,0.3120833333333333,0.17448536087508437,3.4235257167534927,8256
7007,0.312,0.17448311168596545,3.4234815860783305,8257
7905,0.3119166666666667,0.17447587662035866,3.423339628993494,8258
3970,0.31183333333333335,0.17447510758760304,3.4233245400290526,8259
10396,0.31175,0.1744740146746476,3.4233030963068067,8260
1562,0.31166666666666665,0.1744724191619445,3.423271791223406,8261
684,0.3115833333333333,0.1744617247473588,3.4230619592743663,8262
839,0.3115,0.17445606107483635,3.422950834029006,8263
8222,0.3114166666666667,0.17445445972738388,3.4229194144637263,8264
1293,0.31133333333333335,0.17444166532500333,3.4226683792745476,8265
9060,0.31125,0.1744411351336193,3.422657976546046,8266
4597,0.31116666666666665,0.17444081704317138,3.4226517353873116,8267
4036,0.3110833333333333,0.17444013069519387,3.4226382687564407,8268
10511,0.311,0.17443763579018864,3.422589316962404,8269
3608,0.3109166666666667,0.17443706227070713,3.4225780641061094,8270
1764,0.31083333333333335,0.1744364183867256,3.4225654306487447,8271
7163,0.31075,0.1744340530920337,3.4225190219003325,8272
599,0.31066666666666665,0.17443204273345841,3.4224795772486796,8273
1687,0.3105833333333333,0.1744299971296105,3.4224394410599572,8274
7259,0.3105,0.17442891961548257,3.422418299473532,8275
5717,0.3104166666666667,0.17442022271133764,3.4222476600867076,8276
686,0.31033333333333335,0.17441923930529846,3.422228364967334,8277
3866,0.31025,0.17441590680143232,3.422162978893492,8278
1362,0.31016666666666665,0.1744094871985628,3.4220370217622005,8279
1040,0.3100833333333333,0.1744092246471405,3.4220318703182864,8280
5185,0.31,0.1744014822103693,3.4218799582537542,8281
11177,0.3099166666666667,0.1743992304998902,3.421835778107696,8282
5699,0.30983333333333335,0.17439407726777303,3.4217346680627463,8283
2211,0.30975,0.17439291704966697,3.421711903766081,8284
1220,0.30966666666666665,0.17439251419483098,3.421703999470359,8285
6020,0.3095833333333333,0.17439228198897722,3.421699443427916,8286
4587,0.3095,0.1743913309180839,3.421680782746861,8287
11674,0.3094166666666667,0.17438785890590697,3.4216126594217,8288
7427,0.30933333333333335,0.17438471256333288,3.4215509259636008,8289
3828,0.30925,0.17438455248802354,3.4215477851732286,8290
4457,0.30916666666666665,0.17438423331466973,3.4215415227671944,8291
2709,0.3090833333333333,0.1743840818642014,3.421538551202339,8292
3039,0.309,0.17436879695099003,3.421238650435839,8293
11695,0.3089166666666667,0.17436183030104693,3.421101959855503,8294
4488,0.30883333333333335,0.1743601952202352,3.4210698784179288,8295
2999,0.30875,0.17435872895534263,3.4210411092676853,8296
7513,0.30866666666666664,0.17435698025502885,3.421006798535463,8297
3751,0.3085833333333333,0.1743540654097914,3.420949607218196,8298
7776,0.3085,0.1743520343665579,3.4209097567189426,8299
6478,0.3084166666666667,0.17435058063586656,3.4208812334985437,8300
6403,0.30833333333333335,0.17434679508932266,3.4208069584081864,8301
11327,0.30825,0.1743451555400798,3.420774789296831,8302
1797,0.30816666666666664,0.1743423885407009,3.4207204988195246,8303
9941,0.3080833333333333,0.17434104071698397,3.42069405356857,8304
5048,0.308,0.17433632157138898,3.420601460607034,8305
8686,0.30791666666666667,0.17433556275008702,3.42058657199842,8306
603,0.30783333333333335,0.17433280870238696,3.420532535642182,8307
2349,0.30775,0.1743323472801459,3.4205234822127313,8308
5546,0.30766666666666664,0.17432375580875695,3.420354911490807,8309
11935,0.3075833333333333,0.17432271743889657,3.4203345379425123,8310
9091,0.3075,0.17432079379127138,3.420296794620805,8311
9567,0.30741666666666667,0.17431661565702414,3.420214816683062,8312
6111,0.30733333333333335,0.17431104557854687,3.4201055278188797,8313
8446,0.30725,0.17430400847095964,3.419967454809889,8314
3086,0.30716666666666664,0.1742963881741183,3.4198179392168875,8315
1533,0.3070833333333333,0.17429468931317285,3.419784606368154,8316
8425,0.307,0.17428349343921004,3.419564935432782,8317
3320,0.30691666666666667,0.17428307589884065,3.419556742996562,8318
11457,0.30683333333333335,0.1742779724458029,3.4194566096522094,8319
6114,0.30675,0.17426984203077775,3.4192970851810602,8320
2141,0.30666666666666664,0.17426876681276893,3.4192759886461808,8321
2861,0.3065833333333333,0.174268284533482,3.4192665259867576,8322
9830,0.3065,0.17426519628431242,3.4192059323621544,8323
8962,0.30641666666666667,0.17425859313016967,3.4190763738255097,8324
4802,0.30633333333333335,0.1742582438985961,3.4190695216559788,8325
3223,0.30625,0.17425526715833708,3.419011115914805,8326
10066,0.30616666666666664,0.17425523683224303,3.419010520895428,8327
1566,0.3060833333333333,0.17424165151138518,3.418743967328529,8328
8992,0.306,0.17423278972997974,3.418570092933628,8329
3431,0.30591666666666667,0.17423095287024548,3.418534052451419,8330
2597,0.30583333333333335,0.1742285258926203,3.4184864334404628,8331
4976,0.30575,0.1742273774985108,3.418463901138931,8332
11789,0.30566666666666664,0.1742262030332084,3.4184408573021914,8333
3973,0.3055833333333333,0.17422552094708488,3.418427474291903,8334
6971,0.3055,0.1742213642122974,3.4183459162266456,8335
2888,0.30541666666666667,0.17421846785998854,3.4182890877537266,8336
8392,0.30533333333333335,0.17421744169855571,3.418268953743345,8337
5328,0.30525,0.17421603236642186,3.4182413016539503,8338
2821,0.30516666666666664,0.17421273910406804,3.418176685526249,8339
3961,0.3050833333333333,0.17421208454810186,3.41816384267703,8340
5315,0.305,0.17421189418849764,3.418160107687463,8341
10116,0.30491666666666667,0.1742090893260265,3.418105074309576,8342
11026,0.30483333333333335,0.1742042976354871,3.4180110579650957,8343
2905,0.30475,0.17420220074784595,3.417969915552213,8344
7703,0.30466666666666664,0.17419629795443997,3.4178540985866595,8345
2759,0.3045833333333333,0.1741895423579391,3.417721549023543,8346
4414,0.3045,0.1741886137435445,3.4177033289548913,8347
9580,0.30441666666666667,0.17418719567903226,3.4176755055300347,8348
7602,0.30433333333333334,0.17418239513238273,3.417581315422458,8349
2558,0.30425,0.17417717681280512,3.417478928315692,8350
883,0.30416666666666664,0.17417594067731768,3.417454674466521,8351
966,0.3040833333333333,0.17416001425198352,3.4171421867802656,8352
1001,0.304,0.17415762426964657,3.4170952936429115,8353
4811,0.30391666666666667,0.17415016228298416,3.4169488842070774,8354
10495,0.30383333333333334,0.1741500308939631,3.416946306261899,8355
3227,0.30375,0.1741405674366208,3.4167606265612323,8356
1317,0.30366666666666664,0.1741388750073316,3.416727419906171,8357
10548,0.3035833333333333,0.17413733638209505,3.416697230994944,8358
4431,0.3035,0.17413590803069876,3.416669205734177,8359
10679,0.30341666666666667,0.17413204531069296,3.416593416446146,8360
2744,0.30333333333333334,0.17413044005720074,3.4165619202416515,8361
733,0.30325,0.1741292062466638,3.4165377120096165,8362
5124,0.30316666666666664,0.1741227593856323,3.416411220053896,8363
64,0.3030833333333333,0.17412096664666063,3.416376045252207,8364
9600,0.303,0.1741145903383561,3.416250937590703,8365
10739,0.30291666666666667,0.17411282715437232,3.4162163426786742,8366
5439,0.30283333333333334,0.17411236126600846,3.4162072016207707,8367
11438,0.30275,0.17411143614871494,3.4161890501676284,8368
10896,0.30266666666666664,0.1741079878145099,3.416121391420947,8369
10006,0.3025833333333333,0.17410522704165174,3.4160672231123033,8370
7146,0.3025,0.17410489135338034,3.4160606366719515,8371
3980,0.30241666666666667,0.17410430806973087,3.416049192235768,8372
6278,0.30233333333333334,0.17410386416505183,3.416040482513184,8373
10682,0.30225,0.17410376683703777,3.416038572869009,8374
8754,0.30216666666666664,0.17410228988689844,3.4160095940666757,8375
3595,0.3020833333333333,0.17410200532919928,3.4160040108441185,8376
5614,0.302,0.1741015240738401,3.415994568274888,8377
1049,0.30191666666666667,0.17410121771676873,3.415988557333323,8378
2098,0.30183333333333334,0.17409831876840975,3.4159316779240063,8379
4033,0.30175,0.17409246661741515,3.4158168545982917,8380
6237,0.3016666666666667,0.17409080256833345,3.415784204782824,8381
4048,0.3015833333333333,0.1740891533253057,3.4157518454726086,8382
5842,0.3015,0.17408080997399436,3.415588143041436,8383
9845,0.30141666666666667,0.17408011112514604,3.4155744311346967,8384
1729,0.30133333333333334,0.1740762142508278,3.415497971714935,8385
1502,0.30125,0.17407436259757536,3.4154616409735694,8386
9160,0.3011666666666667,0.17407096808211425,3.41539503818852,8387
11850,0.3010833333333333,0.17407083603023396,3.4153924472375987,8388
3534,0.301,0.17407025556647784,3.415381058129733,8389
6037,0.30091666666666667,0.1740666379558839,3.415310078061002,8390
4089,0.30083333333333334,0.17406596131231464,3.4152968018374246,8391
4453,0.30075,0.17406407459672038,3.4152597831481897,8392
8321,0.3006666666666667,0.17406048031935015,3.4151892608937784,8393
2364,0.3005833333333333,0.17405905147538486,3.415161225968478,8394
2987,0.3005,0.1740548254377368,3.4150783081322853,8395
7006,0.30041666666666667,0.17405458461537823,3.4150735830279295,8396
1609,0.30033333333333334,0.17405387864590519,3.4150597314094604,8397
9317,0.30025,0.174046907154308,3.4149229458324424,8398
10159,0.3001666666666667,0.17404583725015513,3.4149019535591574,8399
3254,0.3000833333333333,0.17404492681420072,3.4148840901643043,8400
2730,0.3,0.1740425512930573,3.414837480765738,8401
5691,0.29991666666666666,0.17404224774479587,3.4148315249349794,8402
1907,0.29983333333333334,0.17404010951869628,3.414789571432391,8403
10888,0.29975,0.17403796537346042,3.4147475017921773,8404
6433,0.2996666666666667,0.17403742876210265,3.4147369730992505,8405
3347,0.2995833333333333,0.17402510018204098,3.414495077672134,8406
5894,0.2995,0.1740249914898489,3.414492945054733,8407
2524,0.29941666666666666,0.1740239515722687,3.414472541139139,8408
4733,0.29933333333333334,0.17402389784528566,3.4144714869778925,8409
3459,0.29925,0.17402060770501618,3.414406932107663,8410
3845,0.2991666666666667,0.17402059842937004,3.4144067501129243,8411
3335,0.2990833333333333,0.17401851924458078,3.414365955042447,8412
11967,0.299,0.1740179552408801,3.41435488889246,8413
3393,0.29891666666666666,0.17401732174990664,3.4143424593532594,8414
1618,0.29883333333333334,0.17401543116773854,3.4143053647990795,8415
3118,0.29875,0.17401535554896125,3.4143038811053747,8416
949,0.2986666666666667,0.1740085925354799,3.414171186015915,8417
8052,0.2985833333333333,0.1740062374120891,3.414124976835642,8418
6444,0.2985,0.1740056823511242,3.414114086148408,8419
442,0.29841666666666666,0.17400327798978538,3.414066910884909,8420
4583,0.29833333333333334,0.17399942225349366,3.4139912586222714,8421
727,0.29825,0.17399234353017537,3.4138523690833327,8422
4626,0.2981666666666667,0.17399162201712493,3.4138382124889555,8423
5745,0.2980833333333333,0.17398779588271415,3.4137631410360347,8424
5256,0.298,0.17398421228400884,3.4136928283045425,8425
3076,0.29791666666666666,0.17398175052434905,3.413644526845564,8426
5958,0.29783333333333334,0.17397891315968556,3.41358885575172,8427
3265,0.29775,0.1739757689424687,3.413527163994681,8428
7138,0.2976666666666667,0.17397567788248916,3.41352537733367,8429
7355,0.2975833333333333,0.17395582577754848,3.413135865047641,8430
2446,0.2975,0.1739557920547249,3.4131352033820703,8431
4991,0.29741666666666666,0.1739541842002996,3.4131036561454318,8432
5835,0.29733333333333334,0.1739495679523776,3.413013082108746,8433
4902,0.29725,0.17394956162434222,3.413012957948243,8434
6578,0.2971666666666667,0.17394695224925263,3.412961760170475,8435
662,0.2970833333333333,0.17394445329148475,3.4129127288584478,8436
1170,0.297,0.17394034570797176,3.412832135175798,8437
775,0.29691666666666666,0.17393562664951623,3.412739543924073,8438
5905,0.29683333333333334,0.17393442849112142,3.41271603521216,8439
784,0.29675,0.17393418695716936,3.4127112961458588,8440
8497,0.2966666666666667,0.17393343958383387,3.4126966321544026,8441
3615,0.2965833333333333,0.1739279590343289,3.4125890999117097,8442
3146,0.2965,0.17392494961174992,3.412530052920363,8443
8149,0.29641666666666666,0.17392411452076703,3.412513667846912,8444
5436,0.29633333333333334,0.17391876145504323,3.41240863692582,8445
11323,0.29625,0.17391803922292515,3.4123944662227887,8446
10861,0.2961666666666667,0.17391707315598262,3.4123755113087437,8447
10339,0.2960833333333333,0.1739150159654701,3.412335147781447,8448
941,0.296,0.17391481042212034,3.412331114876156,8449
2554,0.29591666666666666,0.17391258486837752,3.4122874479436507,8450
10223,0.29583333333333334,0.1739117058294598,3.412270200580733,8451
9177,0.29575,0.17390961847863418,3.4122292452868264,8452
10827,0.2956666666666667,0.1739072289776473,3.412182361593952,8453
2458,0.2955833333333333,0.17390610615179297,3.4121603309595745,8454
7557,0.2955,0.1739053792804217,3.412146069231147,8455
4555,0.29541666666666666,0.17390473245916965,3.4121333781424585,8456
1188,0.29533333333333334,0.17389969273844103,3.412034495270921,8457
7091,0.29525,0.17389699429030187,3.411981549817213,8458
10384,0.2951666666666667,0.17389467290909105,3.411936002682273,8459
5318,0.2950833333333333,0.17389242094180218,3.411891817497418,8460
4053,0.295,0.17389040641523906,3.411852291066894,8461
1695,0.29491666666666666,0.17388874901703544,3.4118197717464014,8462
10228,0.29483333333333334,0.17388717192556485,3.4117888281005424,8463
2460,0.29475,0.17388644529052494,3.411774571009123,8464
10662,0.2946666666666667,0.17388618762973618,3.411769515522911,8465
11338,0.2945833333333333,0.1738808200850962,3.4116642005152573,8466
5234,0.2945,0.17386601645028754,3.4113737427702393,8467
486,0.29441666666666666,0.1738639733115094,3.411333654947862,8468
2868,0.29433333333333334,0.1738633183179426,3.4113208035126066,8469
3864,0.29425,0.17386260050980376,3.411306719611182,8470
860,0.2941666666666667,0.1738569874238315,3.4111965869095906,8471
126,0.2940833333333333,0.17385632161115103,3.4111835231956924,8472
1066,0.294,0.1738552623543004,3.411162739830014,8473
8170,0.29391666666666666,0.17384464331871483,3.410954386869988,8474
8242,0.29383333333333334,0.17384418618993155,3.41094541768119,8475
9629,0.29375,0.17383861550278776,3.4108361168744965,8476
10915,0.2936666666666667,0.17383828944393495,3.410829719370086,8477
2616,0.2935833333333333,0.17383819796506927,3.410827924490327,8478
4655,0.2935,0.1738302446229671,3.4106718743146054,8479
5116,0.29341666666666666,0.17382845363323113,3.410636733834092,8480
11122,0.29333333333333333,0.17382621341947052,3.410592779261731,8481
7948,0.29325,0.1738224115311716,3.410518183534646,8482
10212,0.2931666666666667,0.1738210849989339,3.410492156037484,8483
2966,0.2930833333333333,0.1738171932342082,3.4104157968715834,8484
597,0.293,0.17381682391725706,3.4104085506128,8485
4990,0.29291666666666666,0.17381429912318117,3.410359012374159,8486
5384,0.29283333333333333,0.17381332357760412,3.410339871482572,8487
7574,0.29275,0.17381082490228603,3.41029084571238,8488
6434,0.2926666666666667,0.1738049885171883,3.4101763317246014,8489
8996,0.2925833333333333,0.17380086533242461,3.410095431934507,8490
5813,0.2925,0.1737982478341477,3.4100440747740954,8491
5125,0.29241666666666666,0.1737975421724343,3.410030229194108,8492
7090,0.29233333333333333,0.17379675232499192,3.410014731830814,8493
1655,0.29225,0.17379597123632823,3.409999406320906,8494
1186,0.2921666666666667,0.1737928011097522,3.409937206203908,8495
10249,0.2920833333333333,0.1737922205124336,3.4099258144753977,8496
7133,0.292,0.1737881811233179,3.4098465588149747,8497
3417,0.29191666666666666,0.17378139767878364,3.409713462853819,8498
10999,0.29183333333333333,0.1737812087552794,3.4097097560415297,8499
461,0.29175,0.17376613732231505,3.409414043907975,8500
2469,0.2916666666666667,0.17376571824171044,3.4094058212512595,8501
8176,0.29158333333333336,0.1737647081017225,3.409386001592993,8502
3185,0.2915,0.17376184295794084,3.409329785453312,8503
8897,0.29141666666666666,0.17376113789042338,3.409315951531873,8504
10576,0.29133333333333333,0.1737600290754239,3.4092941958003395,8505
2055,0.29125,0.17375357349692927,3.409167532801884,8506
10985,0.2911666666666667,0.17375135130409747,3.409123931812802,8507
11875,0.29108333333333336,0.173749232713203,3.40908236356678,8508
4189,0.291,0.17374703293503316,3.4090392023692333,8509
3405,0.29091666666666666,0.17374238043374113,3.4089479170159143,8510
5426,0.29083333333333333,0.17374198771429183,3.4089402115835887,8511
1521,0.29075,0.17373905965960484,3.4088827610876677,8512
3673,0.2906666666666667,0.1737386304478259,3.408874339650116,8513
3592,0.29058333333333336,0.17373545082406092,3.408811953191596,8514
3328,0.2905,0.1737353818436498,3.408810599747304,8515
2195,0.29041666666666666,0.17373514460771983,3.408805945011248,8516
6004,0.29033333333333333,0.17373279967653654,3.408759935809238,8517
11124,0.29025,0.17372761497063222,3.4086582082264325,8518
10591,0.2901666666666667,0.17372475796857778,3.4086021518331915,8519
7370,0.29008333333333336,0.17372419795515343,3.408591163975253,8520
162,0.29,0.17371919020464066,3.4084929083818896,8521
11251,0.28991666666666666,0.17371800414611901,3.408469637078018,8522
2935,0.28983333333333333,0.17371769535568776,3.408463578392247,8523
9361,0.28975,0.1737156826455749,3.4084240876017056,8524
411,0.2896666666666667,0.1737021226412453,3.408158030762901,8525
259,0.28958333333333336,0.17370086071660634,3.4081332709123213,8526
4490,0.2895,0.17370079011258208,3.4081318856116365,8527
10263,0.28941666666666666,0.17369829799340106,3.408082988477464,8528
4397,0.28933333333333333,0.17369043360440337,3.4079286836243172,8529
8314,0.28925,0.17368664835437064,3.4078544143517124,8530
6668,0.2891666666666667,0.1736848042315568,3.4078182313628114,8531
2650,0.28908333333333336,0.17368324100758295,3.4077875598070575,8532
11704,0.289,0.1736823878570958,3.4077708203933765,8533
1075,0.28891666666666665,0.17368097326443033,3.4077430650886438,8534
644,0.28883333333333333,0.17368054930516338,3.407734746709126,8535
9082,0.28875,0.17367464386605677,3.4076188778330563,8536
4935,0.2886666666666667,0.17367418228539946,3.4076098212953636,8537
8964,0.28858333333333336,0.17366830026413468,3.407494411893836,8538
9810,0.2885,0.1736642041775929,3.4074140437899154,8539
3827,0.28841666666666665,0.17365770402257574,3.4072865061687687,8540
11761,0.28833333333333333,0.17365720345614621,3.4072766847026896,8541
3905,0.28825,0.1736563816762842,3.407260560802847,8542
165,0.2881666666666667,0.17365167658816436,3.407168243658873,8543
119,0.28808333333333336,0.17364550173208534,3.407047088632,8544
4972,0.288,0.17364520872090386,3.4070413395462014,8545
264,0.28791666666666665,0.17364514990779956,3.4070401855916543,8546
10493,0.28783333333333333,0.1736437254315113,3.4070122363632143,8547
715,0.28775,0.17364326479029016,3.407003198257911,8548
1795,0.2876666666666667,0.17364270511180332,3.4069922169716795,8549
11249,0.28758333333333336,0.1736424140939143,3.406986506995609,8550
4204,0.2875,0.17364168976814837,3.4069722952137926,8551
6547,0.28741666666666665,0.17364133371625168,3.4069653092246615,8552
3515,0.28733333333333333,0.1736411552803961,3.4069618081875097,8553
3813,0.28725,0.17364108527609828,3.4069604346538354,8554
9821,0.2871666666666667,0.17363547960667147,3.406850447470108,8555
3874,0.28708333333333336,0.17363467761484697,3.4068347118255,8556
8342,0.287,0.17363401954624388,3.406821800055799,8557
438,0.28691666666666665,0.17363397286158186,3.4068208840699192,8558
11833,0.28683333333333333,0.173633700497074,3.4068155400863036,8559
4099,0.28675,0.17363337453679517,3.4068091445159734,8560
1787,0.2866666666666667,0.17363298719019737,3.4068015445028217,8561
11078,0.28658333333333336,0.1736324528785184,3.4067910609312206,8562
2064,0.2865,0.1736269570899948,3.406683229688242,8563
8014,0.28641666666666665,0.17362350096861828,3.4066154181517727,8564
2509,0.28633333333333333,0.17361951651096674,3.406537240285357,8565
6283,0.28625,0.17361758260475885,3.406499295682979,8566
519,0.2861666666666667,0.17361694487169474,3.406486782910968,8567
8636,0.28608333333333336,0.17360585971763645,3.406269284378145,8568
602,0.286,0.17360443587377022,3.4062413475582436,8569
10039,0.28591666666666665,0.17360180439666004,3.4061897161232855,8570
857,0.28583333333333333,0.17360071097074645,3.4061682623364984,8571
7269,0.28575,0.17359983096769624,3.406150996056607,8572
10524,0.2856666666666667,0.17359485362184351,3.4060533370241144,8573
3764,0.28558333333333336,0.17359113981412988,3.4059804695002027,8574
2535,0.2855,0.17359077769517464,3.405973364471171,8575
6817,0.28541666666666665,0.1735901850925707,3.405961737190495,8576
5714,0.2853333333333333,0.17358878411830955,3.4059342490884266,8577
3057,0.28525,0.17358775794778603,3.4059141148997982,8578
6538,0.2851666666666667,0.1735862634122066,3.4058847910586856,8579
37,0.28508333333333336,0.1735860997499586,3.405881579890093,8580
653,0.285,0.1735816991984455,3.405795237968916,8581
8608,0.28491666666666665,0.1735799650928172,3.405761213594705,8582
5148,0.2848333333333333,0.17357920520580358,3.405746304076086,8583
10311,0.28475,0.1735770220906613,3.405703469818868,8584
7934,0.2846666666666667,0.17357434034361313,3.4056508520522986,8585
394,0.28458333333333335,0.17357251006955363,3.4056149407857457,8586
4535,0.2845,0.1735707592743978,3.4055805889511976,8587
2256,0.28441666666666665,0.17356878551609806,3.4055418624227407,8588
636,0.2843333333333333,0.17356300177502637,3.405428381347856,8589
8695,0.28425,0.1735599082688177,3.4053676845764667,8590
9510,0.2841666666666667,0.1735590726217782,3.4053512885928052,8591
2318,0.28408333333333335,0.17355905870529637,3.405351015541594,8592
3791,0.284,0.17355298372452765,3.4052318201387357,8593
9032,0.28391666666666665,0.17355297689506755,3.405231686139868,8594
11119,0.2838333333333333,0.17354944605726016,3.4051624086144274,8595
4896,0.28375,0.17354934169013728,3.4051603608579084,8596
4747,0.2836666666666667,0.17354800379963498,3.4051341105036235,8597
8317,0.28358333333333335,0.1735478713775316,3.405131512288671,8598
692,0.2835,0.17354169793674648,3.4050103850309066,8599
10252,0.28341666666666665,0.173541635795183,3.4050091657695973,8600
1288,0.2833333333333333,0.173540203540444,3.4049810639225093,8601
3691,0.28325,0.17353960269931487,3.404969274996243,8602
3137,0.2831666666666667,0.17353840939924836,3.4049458616081716,8603
11471,0.28308333333333335,0.17353566692854128,3.404892052400611,8604
1364,0.283,0.17353485396150894,3.404876101414674,8605
8198,0.28291666666666665,0.17353408416412786,3.404860997447691,8606
1034,0.2828333333333333,0.1735303920271838,3.404788555119474,8607
5807,0.28275,0.173525961678811,3.404701628562923,8608
6243,0.2826666666666667,0.1735256269881483,3.40469506169634,8609
4319,0.28258333333333335,0.17352343533868733,3.404652059989737,8610
7478,0.2825,0.17352065572015724,3.404597521915764,8611
6033,0.28241666666666665,0.1735192993446424,3.4045709088725227,8612
1489,0.2823333333333333,0.1735162760925842,3.404511590537039,8613
11784,0.28225,0.173509358681472,3.404375866057255,8614
1845,0.2821666666666667,0.17350857650273233,3.4043605191592947,8615
4437,0.28208333333333335,0.17350756389735922,3.4043406511284156,8616
6320,0.282,0.1735019942360315,3.4042313704489464,8617
529,0.28191666666666665,0.17349903268331832,3.4041732626981593,8618
6203,0.2818333333333333,0.1734973737230304,3.404140712728405,8619
3231,0.28175,0.17349324917641398,3.4040597862178235,8620
4553,0.2816666666666667,0.17349067948530328,3.40400936706767,8621
3769,0.28158333333333335,0.17348985846638254,3.4039932580980503,8622
9216,0.2815,0.17348766697303206,3.403950259454405,8623
10343,0.28141666666666665,0.17348355022267406,3.403869485911911,8624
1509,0.2813333333333333,0.17348314801258194,3.4038615942664703,8625
3688,0.28125,0.17347650315833882,3.403731217544481,8626
3016,0.2811666666666667,0.17347560402860823,3.4037135759856856,8627
6692,0.28108333333333335,0.17347432015289352,3.4036883854395734,8628
5866,0.281,0.17347402953222946,3.4036826832574265,8629
10968,0.28091666666666665,0.17347362359454824,3.403674718474086,8630
260,0.2808333333333333,0.17347309404997485,3.4036643284364825,8631
3470,0.28075,0.17347215283621323,3.403645861159306,8632
4004,0.2806666666666667,0.17346486558172414,3.40350288009188,8633
5300,0.28058333333333335,0.17346308190968418,3.4034678831897556,8634
3889,0.2805,0.17346201709790113,3.403446990832337,8635
6458,0.28041666666666665,0.17346039126472035,3.403415090839801,8636
5984,0.2803333333333333,0.1734571974633456,3.4033524262066206,8637
6567,0.28025,0.1734556732038917,3.403322519162171,8638
2568,0.2801666666666667,0.17344500032690582,3.4031131097959917,8639
9520,0.28008333333333335,0.17343528198907476,3.4029224291605047,8640
1955,0.28,0.17342634264909687,3.4027470330118432,8641
4203,0.27991666666666665,0.17342536600244216,3.402727870516336,8642
386,0.2798333333333333,0.1734248406794795,3.402717563309672,8643
3939,0.27975,0.17342454715243816,3.4027118041023505,8644
2532,0.2796666666666667,0.17342375360352047,3.4026962341134617,8645
8177,0.27958333333333335,0.17341729388049265,3.4025694897963756,8646
9886,0.2795,0.17341327060071537,3.4024905502124305,8647
5273,0.27941666666666665,0.1734128139400064,3.4024815902075973,8648
939,0.2793333333333333,0.17341194272612057,3.4024644963773314,8649
7573,0.27925,0.17340867031662557,3.402400289397394,8650
2455,0.2791666666666667,0.1734056686387052,3.402341394361714,8651
452,0.27908333333333335,0.17339779804548622,3.4021869677774377,8652
1908,0.279,0.1733940678425482,3.40211377856762,8653
1271,0.27891666666666665,0.173385049422542,3.4019368308130513,8654
7462,0.2788333333333333,0.17338415612941127,3.401919303772396,8655
393,0.27875,0.17337855829553964,3.4018094703277986,8656
6678,0.2786666666666667,0.17337652742892795,3.401769623294027,8657
4795,0.27858333333333335,0.17337614326352285,3.4017620856980924,8658
6472,0.2785,0.1733719098490903,3.4016790231242022,8659
11085,0.27841666666666665,0.1733686611618255,3.401615281591144,8660
7552,0.2783333333333333,0.17336617681208807,3.4015665368989234,8661
10720,0.27825,0.17336448087775932,3.40153326147248,8662
918,0.2781666666666667,0.17336108480241466,3.401466628081471,8663
10728,0.27808333333333335,0.1733601037788044,3.40144737970705,8664
10901,0.278,0.1733580426596916,3.401406939097823,8665
8137,0.27791666666666665,0.1733568512807603,3.4013835634038014,8666
3051,0.2778333333333333,0.17335568860494124,3.4013607508850665,8667
58,0.27775,0.17335173803290588,3.4012832378783386,8668
2191,0.2776666666666667,0.17334979565739392,3.4012451271022,8669
9594,0.27758333333333335,0.1733488703552971,3.4012269720231556,8670
2230,0.2775,0.17334647163414124,3.4011799074240083,8671
10454,0.27741666666666664,0.17333835682673998,3.4010206891853527,8672
2681,0.2773333333333333,0.17333802910265553,3.4010142590079178,8673
9270,0.27725,0.17332570148302992,3.4007723824252496,8674
5741,0.2771666666666667,0.17332210428113407,3.4007018027896017,8675
2946,0.27708333333333335,0.1733180359508695,3.4006219792834416,8676
6951,0.277,0.17331506389795034,3.400563665511145,8677
904,0.27691666666666664,0.17331145636049827,3.400492883084576,8678
2598,0.2768333333333333,0.17330279924750544,3.400323024428177,8679
4609,0.27675,0.17330126629449372,3.4002929468100245,8680
6373,0.27666666666666667,0.17329857604488483,3.4002401622172043,8681
1435,0.27658333333333335,0.17329683020273573,3.4002059075642004,8682
7507,0.2765,0.17329576981016523,3.400185101914813,8683
1621,0.27641666666666664,0.17329387079124015,3.4001478418255684,8684
9593,0.2763333333333333,0.17329075087540485,3.4000866268786987,8685
7919,0.27625,0.17329037233469763,3.4000791996432977,8686
3616,0.27616666666666667,0.17328617234073512,3.39999679280254,8687
5390,0.27608333333333335,0.17328256784190857,3.3999260699959746,8688
9133,0.276,0.17327990787128847,3.399873879498286,8689
5105,0.27591666666666664,0.1732633491180802,3.399548985093625,8690
11015,0.2758333333333333,0.17326067266001713,3.399496471100692,8691
4848,0.27575,0.17325633413392671,3.3994113461620197,8692
8922,0.27566666666666667,0.1732469140407347,3.399226517296529,8693
7253,0.27558333333333335,0.17323930608562293,3.3990772438569095,8694
9994,0.2755,0.17323916784271468,3.3990745314336275,8695
5131,0.27541666666666664,0.17323764734682814,3.3990446982330917,8696
9566,0.2753333333333333,0.17323305229705308,3.3989545401189427,8697
3182,0.27525,0.1732329244068828,3.3989520308237493,8698
6847,0.27516666666666667,0.17322738347728875,3.3988433138811605,8699
8020,0.27508333333333335,0.17322580947408023,3.3988124308292234,8700
2583,0.275,0.17322510334458763,3.3987985760710515,8701
125,0.27491666666666664,0.173223211030733,3.3987614475399717,8702
199,0.2748333333333333,0.17321798902829952,3.3986589881729823,8703
7805,0.27475,0.17321428556327814,3.3985863235799343,8704
6062,0.27466666666666667,0.1732102053136225,3.3985062662068657,8705
8308,0.27458333333333335,0.1732050575328285,3.3984052631207136,8706
11203,0.2745,0.17320341752018784,3.3983730849172122,8707
5517,0.27441666666666664,0.17319922912373,3.3982909056277557,8708
11098,0.2743333333333333,0.17319866963266087,3.3982799280187446,8709
8501,0.27425,0.17319563351410092,3.398220357233455,8710
1700,0.27416666666666667,0.1731952187253249,3.3982122187854547,8711
5892,0.27408333333333335,0.17319517629563752,3.398211386285089,8712
9351,0.274,0.1731926074408631,3.3981609835444795,8713
10951,0.27391666666666664,0.17319241943002125,3.3981572946393137,8714
450,0.2738333333333333,0.17318804197016524,3.398071405792696,8715
5604,0.27375,0.1731845325340151,3.398002548182777,8716
2713,0.27366666666666667,0.17318027591649812,3.397919030348067,8717
1296,0.27358333333333335,0.1731741121439736,3.3977980927883804,8718
3779,0.2735,0.17317133384491767,3.3977435806034,8719
5083,0.27341666666666664,0.17317118889507033,3.397740736585233,8720
1462,0.2733333333333333,0.17317030524948343,3.39772339883625,8721
2391,0.27325,0.17316978581038395,3.3977132070751157,8722
11496,0.27316666666666667,0.17316769329497242,3.39767215044845,8723
2044,0.27308333333333334,0.17316441308090494,3.397607790337303,8724
919,0.273,0.1731638110621949,3.397595978306108,8725
10358,0.27291666666666664,0.1731596434196436,3.397514206222789,8726
401,0.2728333333333333,0.1731563525191316,3.397449636436127,8727
11838,0.27275,0.17315396127275084,3.397402718497321,8728
6699,0.27266666666666667,0.17315342842256026,3.397392263601163,8729
9162,0.27258333333333334,0.1731532100607367,3.397387979188351,8730
10555,0.2725,0.17315204740131454,3.3973651669913125,8731
10575,0.27241666666666664,0.1731499797962636,3.397324599123437,8732
3443,0.2723333333333333,0.1731494454545089,3.3973141149617865,8733
7272,0.27225,0.17314895313734482,3.3973044553521095,8734
5602,0.27216666666666667,0.1731461983570409,3.3972504046216656,8735
10763,0.27208333333333334,0.1731457141709942,3.3972409045502414,8736
6061,0.272,0.17314142829320114,3.3971568126082574,8737
351,0.27191666666666664,0.17313604198207524,3.397051129389002,8738
4014,0.2718333333333333,0.17313384268269183,3.3970079775855337,8739
9572,0.27175,0.1731305402792359,3.3969431821029437,8740
5066,0.27166666666666667,0.1731267052242679,3.396867935622418,8741
6717,0.27158333333333334,0.17312637228950392,3.3968614032077746,8742
4948,0.2715,0.17312542355717508,3.3968427884110253,8743
1193,0.27141666666666664,0.17312495024287067,3.3968335016509377,8744
6099,0.2713333333333333,0.17312478296648884,3.3968302195704494,8745
206,0.27125,0.1731240251558544,3.396815350791898,8746
8278,0.27116666666666667,0.17311234886044646,3.396586253649235,8747
4371,0.27108333333333334,0.1731122835916888,3.3965849730302518,8748
3473,0.271,0.17310471220076634,3.396436417005787,8749
8118,0.27091666666666664,0.1731020127192013,3.396383451275524,8750
8161,0.2708333333333333,0.1731011494727789,3.39636651377249,8751
2362,0.27075,0.17309909742974458,3.3963262512423853,8752
9170,0.27066666666666667,0.1730977211021895,3.3962992467260342,8753
11529,0.27058333333333334,0.17309372691679284,3.396220877994381,8754
9727,0.2705,0.17308822585993555,3.396112943383043,8755
1442,0.2704166666666667,0.17308029976620107,3.395957427839482,8756
8593,0.2703333333333333,0.17308027671588783,3.395956975576111,8757
3341,0.27025,0.17307878795607218,3.3959277650596054,8758
4018,0.27016666666666667,0.17307774245949134,3.3959072516800592,8759
10648,0.27008333333333334,0.17307512858814295,3.3958559656825136,8760
762,0.27,0.1730719428633112,3.3957934595168,8761
11048,0.2699166666666667,0.17307084800739964,3.3957719776723856,8762
9542,0.2698333333333333,0.17306894192329458,3.3957345789593125,8763
5176,0.26975,0.173067397245368,3.3957042712900494,8764
1469,0.26966666666666667,0.17306699805778905,3.395696438948516,8765
751,0.26958333333333334,0.17306677900113687,3.3956921409027125,8766
7819,0.2695,0.17305674813392113,3.39549532822046,8767
6045,0.2694166666666667,0.1730551474758861,3.395463922182067,8768
10408,0.2693333333333333,0.17305165698902517,3.3953954363705483,8769
1457,0.26925,0.17305106720325247,3.3953838643581884,8770
5213,0.26916666666666667,0.17304636486219363,3.395291601113458,8771
5033,0.26908333333333334,0.17303881593367257,3.3951434858171954,8772
4237,0.269,0.17303692900476614,3.3951064629425565,8773
156,0.2689166666666667,0.1730348082073319,3.3950648514026796,8774
6309,0.2688333333333333,0.17303068331397267,3.39498391808873,8775
2272,0.26875,0.17302537780039315,3.3948798201742036,8776
7177,0.26866666666666666,0.1730248625157653,3.39486970992673,8777
7758,0.26858333333333334,0.17302472897698765,3.394867089801842,8778
7367,0.2685,0.17302272048862485,3.3948276818450336,8779
10614,0.2684166666666667,0.1730174360546125,3.39472399752647,8780
1842,0.2683333333333333,0.1730173880438749,3.394723055521984,8781
2955,0.26825,0.17301517534909114,3.394679640891381,8782
9504,0.26816666666666666,0.17301470224289014,3.3946703582143636,8783
3535,0.26808333333333334,0.1730104791883495,3.3945874989088978,8784
6965,0.268,0.17300838477652422,3.394546405073209,8785
11213,0.2679166666666667,0.17300306742927224,3.394442074973656,8786
10904,0.2678333333333333,0.17299454379386991,3.394274835241605,8787
76,0.26775,0.17298983844016838,3.3941825128867813,8788
683,0.26766666666666666,0.17298931773299006,3.394172296245105,8789
9924,0.26758333333333334,0.17298857916798518,3.394157805079281,8790
6336,0.2675,0.17298165099645907,3.394021869472598,8791
6136,0.2674166666666667,0.17298124232724688,3.3940138510947246,8792
7336,0.2673333333333333,0.17298109441042397,3.39401094886246,8793
5350,0.26725,0.1729778644214664,3.3939475742033425,8794
9192,0.26716666666666666,0.17297745397893077,3.393939521031613,8795
9322,0.26708333333333334,0.1729767202254693,3.3939251242717505,8796
2499,0.267,0.17296839056997482,3.393761690562125,8797
1922,0.2669166666666667,0.1729683742205911,3.393761369775728,8798
2990,0.2668333333333333,0.17296497247456108,3.393694625121892,8799
11510,0.26675,0.17295937942920483,3.393584885631303,8800
9105,0.26666666666666666,0.1729584611329328,3.3935668680114564,8801
6103,0.26658333333333334,0.17295620344921053,3.393522570666105,8802
11613,0.2665,0.1729481016777142,3.3933636082011382,8803
701,0.2664166666666667,0.17294680592453887,3.3933381846109203,8804
4688,0.2663333333333333,0.17294060574495512,3.393216532719041,8805
8671,0.26625,0.17293443577204565,3.3930954735033754,8806
4648,0.26616666666666666,0.1729315051764507,3.393037973153038,8807
9145,0.26608333333333334,0.17292706369799968,3.3929508282165095,8808
8450,0.266,0.17292448532423055,3.3929002387065212,8809
2849,0.2659166666666667,0.172920611553526,3.3928242325959923,8810
1333,0.2658333333333333,0.17291963363602572,3.392805045165618,8811
5572,0.26575,0.17291935163603386,3.3927995121270556,8812
6980,0.26566666666666666,0.17291825710623174,3.392778036681216,8813
9850,0.26558333333333334,0.1729112133888381,3.392639833983175,8814
9897,0.2655,0.17290830839808827,3.3925828360178967,8815
1576,0.2654166666666667,0.17290135022673356,3.392446311793416,8816
5527,0.2653333333333333,0.17290022392315074,3.392424212923582,8817
4300,0.26525,0.17289690683744502,3.3923591293649484,8818
8863,0.26516666666666666,0.1728921245404956,3.3922652973293372,8819
10826,0.26508333333333334,0.17288358439550072,3.3920977336674447,8820
4945,0.265,0.1728817748862495,3.3920622298210463,8821
13,0.2649166666666667,0.17288120338687638,3.392051016600657,8822
6446,0.2648333333333333,0.17288003152123926,3.3920280237712097,8823
2807,0.26475,0.17287384646531917,3.3919066686162735,8824
8900,0.26466666666666666,0.1728730140161799,3.3918903353776644,8825
10083,0.26458333333333334,0.17287275619046472,3.391885276655427,8826
10058,0.2645,0.17287107947578415,3.391852378332064,8827
3048,0.2644166666666667,0.17287008786233485,3.391832922177545,8828
9982,0.2643333333333333,0.17286382786708532,3.391710096660164,8829
3704,0.26425,0.17286184111589045,3.3916711152019228,8830
6886,0.26416666666666666,0.17285511188509717,3.391539082952608,8831
274,0.26408333333333334,0.17285385875833062,3.391514495722546,8832
407,0.264,0.17285383706336271,3.3915140700519477,8833
815,0.2639166666666667,0.17285323947834305,3.39150234501283,8834
2175,0.2638333333333333,0.1728488275610795,3.3914157800876565,8835
11806,0.26375,0.17284119545648777,3.3912660328182036,8836
1478,0.26366666666666666,0.17283791461155096,3.391201660329032,8837
2365,0.26358333333333334,0.17283630938209427,3.3911701645960983,8838
7440,0.2635,0.17283538394764203,3.391152006920085,8839
3881,0.2634166666666667,0.1728334283687487,3.391113637084356,8840
4527,0.2633333333333333,0.17282897475705045,3.391026254085,8841
11094,0.26325,0.17282529332054544,3.3909540217069374,8842
1515,0.26316666666666666,0.172823133958091,3.3909116534941584,8843
11129,0.26308333333333334,0.1728219656498864,3.3908887304640647,8844
3449,0.263,0.172817106919701,3.3907933987545156,8845
3357,0.2629166666666667,0.1728010896529034,3.3904791286947527,8846
2082,0.2628333333333333,0.17279978692205064,3.390453568197554,8847
8961,0.26275,0.17278991591612317,3.3902598921064824,8848
7551,0.26266666666666666,0.17278206718147715,3.390105894402777,8849
3744,0.26258333333333334,0.17277737902264348,3.3900139094233523,8850
10278,0.2625,0.17277461845168465,3.3899597450760988,8851
10348,0.2624166666666667,0.1727634652120933,3.389740910657146,8852
277,0.2623333333333333,0.17276140508075874,3.389700489428895,8853
8458,0.26225,0.17276132116043236,3.389698842852927,8854
6105,0.26216666666666666,0.17276105556846316,3.3896936317513937,8855
398,0.26208333333333333,0.17275999501616757,3.3896728229681385,8856
4983,0.262,0.17275906999221485,3.3896546733464215,8857
11067,0.2619166666666667,0.1727431430895284,3.3893421762941314,8858
2379,0.2618333333333333,0.17273675162428273,3.389216771242822,8859
4084,0.26175,0.1727327096476029,3.389137464812584,8860
8765,0.26166666666666666,0.17273126366668745,3.3891090936481705,8861
7780,0.26158333333333333,0.1727285874836064,3.3890565850506147,8862
9602,0.2615,0.1727253643825355,3.3889933455366794,8863
7707,0.2614166666666667,0.1727231600284904,3.3889500945572193,8864
8384,0.2613333333333333,0.17272053659101194,3.3888986208655316,8865
3920,0.26125,0.17271542401520615,3.3887983085260593,8866
10994,0.26116666666666666,0.17271297203344788,3.388750198916356,8867
203,0.26108333333333333,0.17270830090351805,3.388658548056048,8868
1979,0.261,0.17270441400003267,3.388582284271094,8869
4171,0.2609166666666667,0.17270406422327453,3.3885754214046835,8870
4964,0.2608333333333333,0.1726990236388829,3.3884765215874424,8871
778,0.26075,0.17269540414557027,3.388405504578494,8872
3149,0.26066666666666666,0.17269421986460917,3.3883822681516156,8873
1449,0.26058333333333333,0.17268685740441964,3.388237811495401,8874
2770,0.2605,0.17268223883827502,3.3881471919735313,8875
1331,0.2604166666666667,0.1726795694662967,3.3880948170145535,8876
7995,0.26033333333333336,0.17267775933947688,3.3880593010510127,8877
1788,0.26025,0.17267729036818671,3.3880500995038796,8878
7518,0.26016666666666666,0.17267687179814226,3.3880418868646656,8879
1740,0.26008333333333333,0.17267559156697573,3.3880167678271813,8880
494,0.26,0.172666585518729,3.387840062815253,8881
10453,0.2599166666666667,0.17266344491163552,3.387778441891288,8882
9506,0.25983333333333336,0.1726619599326152,3.3877493055566696,8883
7681,0.25975,0.17265824940079763,3.387676502308106,8884
3871,0.25966666666666666,0.17265678257477424,3.3876477221480563,8885
1810,0.25958333333333333,0.17265540104068156,3.387620615475741,8886
7562,0.2595,0.17265205296800418,3.3875549239308755,8887
8782,0.2594166666666667,0.17265159419167236,3.38754592241601,8888
3491,0.25933333333333336,0.17264458490831622,3.387408395338059,8889
8534,0.25925,0.1726404088842375,3.387326458803371,8890
9975,0.25916666666666666,0.17263739958807264,3.3872674142923405,8891
6733,0.25908333333333333,0.17263439152816581,3.3872083940376085,8892
2617,0.259,0.17263331805078763,3.387187331655119,8893
10342,0.2589166666666667,0.1726326218054428,3.387173670830878,8894
11103,0.25883333333333336,0.1726294787737808,3.387112002335184,8895
11123,0.25875,0.17262418377387512,3.387008110706373,8896
3047,0.25866666666666666,0.17261601411319,3.3868478162077196,8897
5670,0.25858333333333333,0.1726141844960978,3.386811917831273,8898
8529,0.2585,0.17261043532052478,3.386738356364971,8899
6583,0.2584166666666667,0.1726088824506666,3.3867078879642567,8900
1266,0.25833333333333336,0.17260317604848152,3.3865959243329224,8901
1179,0.25825,0.17260074752785723,3.386548275047187,8902
2523,0.25816666666666666,0.17260043223177365,3.386542088715887,8903
2970,0.25808333333333333,0.1725968444808632,3.3864716945152162,8904
3410,0.258,0.1725958610767406,3.38645239943341,8905
4428,0.2579166666666667,0.1725949308064047,3.3864341468740355,8906
5271,0.25783333333333336,0.17259415172419573,3.3864188607321535,8907
7808,0.25775,0.17259201770314933,3.386376989735651,8908
2692,0.25766666666666665,0.17259150135833282,3.386366858686558,8909
4866,0.25758333333333333,0.1725898696501021,3.3863348434214107,8910
6048,0.2575,0.17258776053669728,3.386293461130415,8911
6171,0.2574166666666667,0.1725874394902226,3.386287161972384,8912
8083,0.25733333333333336,0.17258590550549896,3.3862570641112972,8913
4246,0.25725,0.17258474102107596,3.3862342161065015,8914
2651,0.25716666666666665,0.1725828813016214,3.3861977271004964,8915
5248,0.25708333333333333,0.17258208822448848,3.386182166368399,8916
5049,0.257,0.17258031594551373,3.3861473930061905,8917
11908,0.2569166666666667,0.1725764909218449,3.386072343346787,8918
3720,0.25683333333333336,0.17257337084720098,3.3860111252840044,8919
7564,0.25675,0.17256610011461146,3.3858684683879066,8920
1923,0.25666666666666665,0.1725603445459081,3.3857555400747703,8921
4195,0.25658333333333333,0.17255934527757766,3.385735933726088,8922
211,0.2565,0.17255645180148146,3.3856791616864435,8923
9275,0.2564166666666667,0.17255148450455346,3.385581699820889,8924
9751,0.25633333333333336,0.17254765386720408,3.385506540017169,8925
7324,0.25625,0.1725460801563235,3.3854756627008933,8926
10088,0.25616666666666665,0.17254275555873133,3.385410431753739,8927
11898,0.25608333333333333,0.1725329215080504,3.385217480750642,8928
3694,0.256,0.17253032525101214,3.3851665403583486,8929
1224,0.2559166666666667,0.17252552227176415,3.3850723025214906,8930
1966,0.25583333333333336,0.17252514798778346,3.3850649588061055,8931
7973,0.25575,0.17252472440542543,3.3850566478217594,8932
9257,0.25566666666666665,0.1725230235765901,3.385023276361654,8933
8868,0.25558333333333333,0.17252227499618103,3.3850085886866688,8934
4989,0.2555,0.17251978946111082,3.3849598207373424,8935
145,0.2554166666666667,0.17251972808925767,3.384958616578363,8936
1888,0.25533333333333336,0.17251580703723618,3.3848816827750343,8937
703,0.25525,0.1725140871879396,3.384847938120107,8938
1298,0.25516666666666665,0.17250881680003718,3.384744529396138,8939
6860,0.25508333333333333,0.17250611615007738,3.3846915407411,8940
8309,0.255,0.1724974016675575,3.384520556454122,8941
11221,0.2549166666666667,0.1724959801121447,3.3844926645353377,8942
7769,0.25483333333333336,0.17248263898262486,3.384230902174455,8943
5830,0.25475,0.17248167258203978,3.3842119407141342,8944
10604,0.25466666666666665,0.17248078573052247,3.3841945400624827,8945
2961,0.25458333333333333,0.172478851176794,3.3841565827553497,8946
375,0.2545,0.1724777165787781,3.384134321142877,8947
7102,0.2544166666666667,0.17247572845719256,3.384095312796571,8948
11945,0.25433333333333336,0.17247407146541147,3.3840628014503475,8949
4745,0.25425,0.17247037516609914,3.3839902774535986,8950
7018,0.25416666666666665,0.17247018134201067,3.383986474488407,8951
1063,0.2540833333333333,0.17246608590943927,3.3839061192158684,8952
821,0.254,0.1724652641256891,3.3838899952396932,8953
9354,0.2539166666666667,0.17246143291585345,3.383814824203331,8954
9349,0.25383333333333336,0.17245945876661045,3.383776090004278,8955
9051,0.25375,0.17245028513643662,3.383596096916833,8956
3400,0.25366666666666665,0.17244672078900705,3.383526161908991,8957
2680,0.2535833333333333,0.17244191453094027,3.3834318597393636,8958
2080,0.2535,0.1724391261657932,3.3833771500506344,8959
6014,0.2534166666666667,0.17243818997567195,3.3833587813408,8960
6829,0.25333333333333335,0.17243230368816861,3.383243288232733,8961
11583,0.25325,0.17242693285459726,3.3831379086939473,8962
8966,0.25316666666666665,0.17242623949161445,3.383124304423704,8963
3517,0.2530833333333333,0.17242481808223964,3.383096415370331,8964
7523,0.253,0.17241886063097048,3.382979525978998,8965
9808,0.2529166666666667,0.1724174458574388,3.3829517671254647,8966
11361,0.25283333333333335,0.17241438649057741,3.3828917401920995,8967
412,0.25275,0.17241309502591964,3.382866400745664,8968
2407,0.25266666666666665,0.17241183300782595,3.3828416390614793,8969
9187,0.2525833333333333,0.17240282936414525,3.382664981228806,8970
7547,0.2525,0.17239807718938582,3.3825717402118203,8971
7224,0.2524166666666667,0.17239029705924297,3.3824190885767864,8972
2531,0.25233333333333335,0.1723880092649758,3.382374200441342,8973
8586,0.25225,0.17238113181126977,3.3822392599540057,8974
418,0.25216666666666665,0.17237625361199416,3.38214354624722,8975
3841,0.2520833333333333,0.17237611024246502,3.382140733236078,8976
994,0.252,0.1723756100673036,3.3821309194470164,8977
5118,0.2519166666666667,0.1723658785556401,3.381939980331677,8978
3286,0.25183333333333335,0.17236491646697652,3.381921103474282,8979
4476,0.25175,0.17236426657657836,3.381908352166729,8980
4684,0.25166666666666665,0.17236191604188078,3.381862233019869,8981
1598,0.2515833333333333,0.17235599669493576,3.381746091262263,8982
5952,0.2515,0.17235535226224796,3.3817334470388407,8983
11027,0.2514166666666667,0.17235489850294589,3.3817245439616697,8984
1268,0.25133333333333335,0.1723540730576842,3.3817083481439996,8985
56,0.25125,0.17235368717875582,3.3817007769275893,8986
340,0.25116666666666665,0.1723528800981587,3.381684941437627,8987
6831,0.2510833333333333,0.17235236207157478,3.381674777391041,8988
6601,0.251,0.17235108847918112,3.381649788610974,8989
4652,0.2509166666666667,0.1723509792164956,3.38164764480005,8990
454,0.25083333333333335,0.17235089165880657,3.381645926856529,8991
5782,0.25075,0.1723450749790428,3.3815317995013356,8992
1970,0.25066666666666665,0.17234502570132443,3.381530832637819,8993
177,0.2505833333333333,0.172337236000596,3.3813779932211756,8994
5502,0.2505,0.17233267750015133,3.381288552230658,8995
7821,0.2504166666666667,0.17233147947936872,3.3812650462187896,8996
1370,0.25033333333333335,0.17233066183036475,3.3812490033693035,8997
11757,0.25025,0.1723209571545097,3.3810585907914126,8998
9859,0.25016666666666665,0.17231998675106067,3.3810395507919964,8999
752,0.2500833333333333,0.1723197955079004,3.381035798466503,9000
5461,0.25,0.1723171660088741,3.3809842058429274,9001
4130,0.24991666666666668,0.17231607669519314,3.3809628327410417,9002
570,0.24983333333333332,0.17230796691677985,3.3808037131747035,9003
7467,0.24975,0.17230755671369744,3.3807956647011643,9004
8354,0.24966666666666668,0.1723073040222355,3.3807907067166556,9005
9879,0.24958333333333332,0.17230395468289023,3.380724990318841,9006
2079,0.2495,0.17230123800884467,3.3806716872600537,9007
1777,0.24941666666666668,0.17230079462749445,3.380662987805565,9008
905,0.24933333333333332,0.17228137832987667,3.3802820263662383,9009
1324,0.24925,0.17227939781207438,3.3802431672115243,9010
2007,0.24916666666666668,0.17227822471568136,3.3802201502338,9011
6639,0.24908333333333332,0.1722764887048599,3.380186088478337,9012
11141,0.249,0.1722736475035141,3.3801303421061055,9013
11109,0.24891666666666667,0.172270885786268,3.3800761552679357,9014
10174,0.24883333333333332,0.17226793396094145,3.3800182383752793,9015
8016,0.24875,0.17226698328044124,3.379999585354036,9016
3671,0.24866666666666667,0.17226537534203903,3.3799680364696973,9017
6759,0.24858333333333332,0.1722637575837854,3.3799362949129543,9018
1294,0.2485,0.1722635323025389,3.379931874736199,9019
1731,0.24841666666666667,0.1722632445622249,3.3799262290684653,9020
7626,0.24833333333333332,0.1722606183712406,3.3798747013510315,9021
4813,0.24825,0.1722581253321529,3.3798257861676406,9022
2609,0.24816666666666667,0.17225755314853045,3.379814559521809,9023
3008,0.24808333333333332,0.17225483200296307,3.379761168728563,9024
10655,0.248,0.17225456516367996,3.379755933153808,9025
1728,0.24791666666666667,0.17225453201842483,3.379755282820585,9026
610,0.24783333333333332,0.17225339862758168,3.37973304489365,9027
9550,0.24775,0.17225089258411144,3.37968387455508,9028
11352,0.24766666666666667,0.1722501184114603,3.3796686847422235,9029
6649,0.24758333333333332,0.17224535063570104,3.379575137622629,9030
322,0.2475,0.17224337850411509,3.379536443011442,9031
10636,0.24741666666666667,0.1722422705876307,3.379514704909351,9032
3034,0.24733333333333332,0.17223677146230645,3.3794068081960145,9033
11569,0.24725,0.1722341209899153,3.379354804060303,9034
8474,0.24716666666666667,0.17222573891151272,3.379190341776294,9035
7702,0.24708333333333332,0.17222538620026884,3.3791834213332104,9036
8747,0.247,0.1722246931640223,3.379169823473717,9037
9698,0.24691666666666667,0.17222060351417778,3.3790895816623445,9038
7876,0.24683333333333332,0.17221666109095102,3.3790122285409705,9039
5169,0.24675,0.172216424571712,3.3790075878668526,9040
9939,0.24666666666666667,0.1722111268396192,3.3789036426306094,9041
4889,0.24658333333333332,0.17220609829735348,3.37880497908841,9042
7162,0.2465,0.1722050784479711,3.378784968924921,9043
2699,0.24641666666666667,0.1721926596806692,3.3785413039606595,9044
868,0.24633333333333332,0.17219230169967442,3.3785342801213627,9045
1673,0.24625,0.17219146857644002,3.378517933656499,9046
1392,0.24616666666666667,0.1721913582636465,3.3785157692417744,9047
5366,0.24608333333333332,0.17219002404103764,3.37848959085413,9048
592,0.246,0.17218438867327593,3.378379020968179,9049
2715,0.24591666666666667,0.17218415572429138,3.378374450344938,9050
7085,0.24583333333333332,0.17217866436179927,3.3782667059438056,9051
11634,0.24575,0.17217728307979896,3.37823960421774,9052
9295,0.24566666666666667,0.17217723172204102,3.3782385965423503,9053
4258,0.24558333333333332,0.17216915861893464,3.3780801965713945,9054
5789,0.2455,0.17216891805095835,3.3780754764582053,9055
8296,0.24541666666666667,0.17216849851108043,3.3780672447902074,9056
4569,0.24533333333333332,0.17216834051732086,3.378064144841341,9057
3066,0.24525,0.17216506778181628,3.377999931464883,9058
11922,0.24516666666666667,0.1721628337454336,3.3779560980970214,9059
9990,0.24508333333333332,0.17215285420929954,3.3777602925668404,9060
1238,0.245,0.17214599505686015,3.377625711163284,9061
5382,0.24491666666666667,0.17214489116401832,3.3776040520079165,9062
1965,0.24483333333333332,0.17214271143558757,3.377561284200363,9063
7740,0.24475,0.17214201898875092,3.3775476979055528,9064
3511,0.24466666666666667,0.1721405777914321,3.3775194205987087,9065
859,0.24458333333333335,0.17213721124303097,3.377453366547172,9066
2729,0.2445,0.17213567701671004,3.377423263945735,9067
6332,0.24441666666666667,0.17213435077198908,3.3773972420899065,9068
2550,0.24433333333333335,0.17213342079594893,3.3773789953047677,9069
6213,0.24425,0.17213109694797613,3.3773333997702544,9070
5037,0.24416666666666667,0.17213094205460266,3.3773303606531027,9071
3281,0.24408333333333335,0.17212776317420242,3.377267988779929,9072
8657,0.244,0.17212744592447127,3.3772617641166844,9073
4796,0.24391666666666667,0.1721207145695434,3.3771296901903263,9074
6088,0.24383333333333335,0.17211473257512278,3.3770123192450563,9075
1000,0.24375,0.17211468167389568,3.3770113205271475,9076
11382,0.24366666666666667,0.17211374044093197,3.3769928528732236,9077
8025,0.24358333333333335,0.17211062604471902,3.3769317462252566,9078
5737,0.2435,0.17210397893505128,3.3768013252502533,9079
5626,0.24341666666666667,0.17210343958466642,3.3767907428156976,9080
1345,0.24333333333333335,0.1721027207319664,3.376776638419255,9081
5973,0.24325,0.1720976501048363,3.3766771491423517,9082
11710,0.24316666666666667,0.1720973804159754,3.3766718576568833,9083
10909,0.24308333333333335,0.17209711634024563,3.3766666763049695,9084
4612,0.243,0.17209606464855245,3.3766460413730224,9085
4530,0.24291666666666667,0.17209062040016143,3.376539221383771,9086
5257,0.24283333333333335,0.17208846950311407,3.376497019268217,9087
1589,0.24275,0.17208695102778937,3.3764672257124886,9088
2502,0.24266666666666667,0.172082157378516,3.3763731709363007,9089
3914,0.24258333333333335,0.17208044525225535,3.376339577812777,9090
2316,0.2425,0.1720753778678316,3.3762401521600696,9091
11991,0.24241666666666667,0.1720744828342379,3.376222590970328,9092
4256,0.24233333333333335,0.17206174041077818,3.375972575644172,9093
4156,0.24225,0.17205429177525963,3.3758264281672465,9094
11356,0.24216666666666667,0.17205138132678044,3.375769323117513,9095
10528,0.24208333333333334,0.17204403089395845,3.375625102446663,9096
6769,0.242,0.1720414406838641,3.3755742806996674,9097
4458,0.24191666666666667,0.17203880023745755,3.3755224732808182,9098
5790,0.24183333333333334,0.1720386077234945,3.3755186960212047,9099
2834,0.24175,0.17203766889365538,3.375500275518283,9100
129,0.24166666666666667,0.17202692799319083,3.3752895314834994,9101
9561,0.24158333333333334,0.17202639877918746,3.3752791479319013,9102
6248,0.2415,0.17202630898801677,3.3752773861658714,9103
11956,0.24141666666666667,0.1720234310314065,3.375220918629408,9104
9146,0.24133333333333334,0.1720227538074167,3.375207631017596,9105
5448,0.24125,0.17202159987124807,3.3751849899769764,9106
2665,0.24116666666666667,0.17202050337497934,3.37516347594768,9107
1240,0.24108333333333334,0.1720193570182544,3.37514098362104,9108
7867,0.241,0.17201642580028073,3.375083471059133,9109
460,0.24091666666666667,0.1720124337722155,3.375005144655823,9110
4445,0.24083333333333334,0.17201016785605402,3.374960685784246,9111
789,0.24075,0.1720100385272941,3.374958148262883,9112
5811,0.24066666666666667,0.17199467925541784,3.3746567885270475,9113
659,0.24058333333333334,0.17199160464106342,3.3745964624271565,9114
830,0.2405,0.17199044021401244,3.3745736155479813,9115
5386,0.24041666666666667,0.17198852333710518,3.374536005072496,9116
2181,0.24033333333333334,0.17198813146521555,3.3745283162698962,9117
6940,0.24025,0.17198687158618528,3.3745035965556642,9118
146,0.24016666666666667,0.17198607999737892,3.3744880650255538,9119
2652,0.24008333333333334,0.17198396527636223,3.374446572709247,9120
11351,0.24,0.17198300949500686,3.37442781960564,9121
4251,0.23991666666666667,0.1719780805510122,3.374331110251725,9122
10302,0.23983333333333334,0.1719703246790864,3.374178934580005,9123
383,0.23975,0.17196840679967726,3.3741413044347173,9124
7214,0.23966666666666667,0.17196784310656402,3.3741302443786894,9125
10732,0.23958333333333334,0.1719589931837006,3.3739566026567713,9126
10325,0.2395,0.17195301793596413,3.3738393640861934,9127
2914,0.23941666666666667,0.17195178126609442,3.3738150997520906,9128
9853,0.23933333333333334,0.17194945329380595,3.3737694232955544,9129
1160,0.23925,0.17193951534747853,3.373574433786671,9130
3708,0.23916666666666667,0.17193806908795362,3.373546057155848,9131
9422,0.23908333333333334,0.17193560788121878,3.373497766545552,9132
2139,0.239,0.17193462259332612,3.3734784345029096,9133
9463,0.23891666666666667,0.17193393365191775,3.373464916987099,9134
11798,0.23883333333333334,0.17192680622135056,3.3733250717776317,9135
5902,0.23875,0.1719252029754349,3.3732936149631927,9136
5992,0.23866666666666667,0.17192412058115922,3.3732723776248834,9137
9234,0.23858333333333334,0.17192095853363634,3.3732103360246057,9138
2841,0.2385,0.17191906951681524,3.3731732721836414,9139
4810,0.23841666666666667,0.17191902103944648,3.373172321023485,9140
1660,0.23833333333333334,0.1718991246163253,3.372781939183559,9141
7393,0.23825,0.17189868162735808,3.3727732474278787,9142
9106,0.23816666666666667,0.17189816981522618,3.3727632053132552,9143
4241,0.23808333333333334,0.17189142794529827,3.372630925075223,9144
5153,0.238,0.17189081287166508,3.3726188568971094,9145
4975,0.23791666666666667,0.1718881670367658,3.3725669437522345,9146
5751,0.23783333333333334,0.1718877288134293,3.3725583455016084,9147
5074,0.23775,0.17188761632888905,3.372556138475681,9148
9362,0.23766666666666666,0.17187553918341428,3.372319176372297,9149
2625,0.23758333333333334,0.1718753509632014,3.372315483359128,9150
3908,0.2375,0.17186932812627242,3.3721973110551033,9151
3355,0.23741666666666666,0.17186857962603433,3.372182624953078,9152
3731,0.23733333333333334,0.1718658175023837,3.372128430140969,9153
7669,0.23725,0.171865434568705,3.3721209167123716,9154
6039,0.23716666666666666,0.171861579888238,3.3720452851657443,9155
11362,0.23708333333333334,0.17185408933633878,3.371898315259899,9156
1219,0.237,0.17185381846265715,3.3718930005274306,9157
1208,0.23691666666666666,0.17185342725826722,3.371885324821679,9158
1789,0.23683333333333334,0.17185221030388811,3.371861447319306,9159
462,0.23675,0.171843990496668,3.3717001689102757,9160
7727,0.23666666666666666,0.17182785139408147,3.371383508346426,9161
1214,0.23658333333333334,0.17182713537776162,3.3713694596017754,9162
9956,0.2365,0.1718256743319166,3.3713407928528847,9163
7246,0.23641666666666666,0.17182388471683774,3.37130567934416,9164
10814,0.23633333333333334,0.1718234187343213,3.3712965364388268,9165
5416,0.23625,0.17182336323197117,3.3712954474436296,9166
1019,0.23616666666666666,0.1718204432514804,3.3712381553690904,9167
2892,0.23608333333333334,0.17181961698898354,3.3712219435167716,9168
3893,0.236,0.1718178866607163,3.371187993257019,9169
5192,0.23591666666666666,0.1718124754244033,3.3710818209879534,9170
271,0.23583333333333334,0.1718096756515523,3.3710268874720253,9171
9597,0.23575,0.17180055362748017,3.370847906932644,9172
926,0.23566666666666666,0.17180006714135532,3.370838361732158,9173
7212,0.23558333333333334,0.17179840146560194,3.3708056800002835,9174
527,0.2355,0.17179436381364052,3.3707264584239813,9175
9673,0.23541666666666666,0.17179005548975174,3.3706419260737883,9176
1311,0.23533333333333334,0.1717890618364879,3.3706224298966654,9177
9738,0.23525,0.17178723099084905,3.370586507415256,9178
225,0.23516666666666666,0.17178217829281808,3.3704873699199895,9179
2566,0.23508333333333334,0.17177360846182918,3.3703192237979565,9180
4364,0.235,0.17177198991038142,3.370287466678164,9181
8680,0.23491666666666666,0.1717705760039223,3.370259724837234,9182
9521,0.23483333333333334,0.17176878742097995,3.370224631579739,9183
3901,0.23475,0.17176318455258605,3.370114699354291,9184
9854,0.23466666666666666,0.17175950840959303,3.370042570838647,9185
6541,0.23458333333333334,0.17175480088564793,3.369950205902084,9186
10193,0.2345,0.17175035858442925,3.3698630448223073,9187
11603,0.23441666666666666,0.17174727935879075,3.3698026282457225,9188
2762,0.23433333333333334,0.17173979925317817,3.369655863303411,9189
10336,0.23425,0.17173639590831147,3.369589087279204,9190
1417,0.23416666666666666,0.17173120765326183,3.3694872900597055,9191
6740,0.23408333333333334,0.1717283625297536,3.3694314667319185,9192
4085,0.234,0.1717163580668107,3.3691959307110038,9193
641,0.23391666666666666,0.1717092529671693,3.3690565236500998,9194
6253,0.23383333333333334,0.17170378422607005,3.3689492230965836,9195
2273,0.23375,0.17169729564410385,3.368821912546766,9196
4367,0.23366666666666666,0.17169449793345154,3.368767019492651,9197
11847,0.23358333333333334,0.17168444052459372,3.368569686044755,9198
11470,0.2335,0.171681017667539,3.3685025271776645,9199
5163,0.23341666666666666,0.1716750102142201,3.368384656710897,9200
4325,0.23333333333333334,0.17167397179693306,3.368364282232102,9201
4938,0.23325,0.1716709021600185,3.368304053793122,9202
2573,0.23316666666666666,0.17166984247336484,3.368283261994324,9203
1552,0.23308333333333334,0.1716584801604406,3.368060325409298,9204
11966,0.233,0.17165354551312564,3.367963504152187,9205
10778,0.23291666666666666,0.17165183194963016,3.3679298828290656,9206
3603,0.23283333333333334,0.17165152403221468,3.3679238412724186,9207
10466,0.23275,0.17164956664805414,3.367885436016101,9208
382,0.23266666666666666,0.17164823350481276,3.3678592788064172,9209
1583,0.23258333333333334,0.17163884612274527,3.367675091756208,9210
4786,0.2325,0.17163663981105398,3.367631802366316,9211
798,0.23241666666666666,0.17162944423378593,3.367490620070596,9212
7213,0.23233333333333334,0.17162602188271125,3.367423471131214,9213
395,0.23225,0.1716223169814112,3.3673507783573866,9214
5483,0.23216666666666666,0.17162078998527916,3.3673208176173954,9215
6730,0.23208333333333334,0.1716192287112247,3.3672901843204253,9216
2008,0.232,0.17161548127078785,3.3672166568987327,9217
9965,0.23191666666666666,0.17161146260374224,3.3671378078198737,9218
2163,0.23183333333333334,0.17160944120169133,3.3670981464874643,9219
8558,0.23175,0.17160836042270144,3.367076940842184,9220
6568,0.23166666666666666,0.17160794989805395,3.367068886059345,9221
802,0.23158333333333334,0.17160682551936968,3.367046824957347,9222
2279,0.2315,0.17160523214373638,3.367015561804844,9223
342,0.23141666666666666,0.17160490375380175,3.3670091185629456,9224
11276,0.23133333333333334,0.17160323167542563,3.3669763112070776,9225
3575,0.23125,0.1716030075972325,3.366971914635066,9226
6308,0.23116666666666666,0.17160142869777487,3.3669409355152577,9227
6290,0.23108333333333334,0.17159372383987773,3.3667897607747284,9228
9928,0.231,0.17159319096472958,3.3667793053888917,9229
2348,0.23091666666666666,0.17158278630564022,3.366575158646828,9230
4375,0.23083333333333333,0.17158210285644132,3.366561748891975,9231
1578,0.23075,0.17158109913028277,3.3665420550775518,9232
7778,0.23066666666666666,0.17157817392558855,3.366484660500471,9233
10437,0.23058333333333333,0.17157751988712736,3.36647182780501,9234
927,0.2305,0.17156592105435528,3.366244250533906,9235
10698,0.23041666666666666,0.17156207860458073,3.3661688589620464,9236
2578,0.23033333333333333,0.17156146454330046,3.3661568106471087,9237
6822,0.23025,0.1715613385016858,3.3661543376218237,9238
4778,0.23016666666666666,0.17156050228914393,3.366137930542589,9239
4301,0.23008333333333333,0.171554002202509,3.3660103942630846,9240
1045,0.23,0.17154971406197758,3.3659262579245857,9241
5565,0.22991666666666666,0.17154720762059994,3.3658770797787776,9242
9496,0.22983333333333333,0.17154347762786426,3.3658038946932853,9243
11834,0.22975,0.17153563436392008,3.3656500043286006,9244
2067,0.22966666666666666,0.17153537022441231,3.365644821725388,9245
2982,0.22958333333333333,0.17153497107627538,3.365636990157726,9246
6902,0.2295,0.17153298525421057,3.365598026929641,9247
10938,0.22941666666666666,0.17152786456043256,3.365497555309816,9248
303,0.22933333333333333,0.17152688402561028,3.3654783165258157,9249
265,0.22925,0.17152627807607876,3.3654664273690265,9250
7694,0.22916666666666666,0.1715128271375109,3.365202510477254,9251
81,0.22908333333333333,0.17151210435301947,3.365188328936299,9252
2498,0.229,0.1715076095697137,3.3651001381210035,9253
8237,0.22891666666666666,0.17150571553423624,3.36506297581044,9254
2090,0.22883333333333333,0.1715017612165838,3.364985389312033,9255
8876,0.22875,0.17149968035550966,3.3649445613516544,9256
6174,0.22866666666666666,0.17149580266353504,3.364868478302996,9257
5240,0.22858333333333333,0.17149454781115916,3.3648438572152513,9258
11635,0.2285,0.17149308041881742,3.364815065943622,9259
2433,0.22841666666666666,0.17148535756228597,3.3646635380572265,9260
6801,0.22833333333333333,0.1714747912360367,3.3644562192915464,9261
9812,0.22825,0.1714743217351681,3.3644470073536987,9262
1086,0.22816666666666666,0.17147427531894374,3.3644460966347274,9263
10933,0.22808333333333333,0.17147343047777086,3.3644295202556433,9264
5047,0.228,0.17146676850522066,3.364298807660422,9265
8721,0.22791666666666666,0.17146328086393464,3.36423037768108,9266
92,0.22783333333333333,0.17146093796445613,3.364184408342619,9267
8698,0.22775,0.17145629816362207,3.3640933721811788,9268
5901,0.22766666666666666,0.17144473490022638,3.36386649280632,9269
6295,0.22758333333333333,0.17144096310478094,3.3637924875221605,9270
11092,0.2275,0.17144036242842453,3.3637807018288353,9271
3374,0.22741666666666666,0.17143817134065714,3.3637377111431164,9272
6809,0.22733333333333333,0.1714329183705221,3.363634644167994,9273
10180,0.22725,0.1714315717046555,3.3636082216348413,9274
3888,0.22716666666666666,0.17142908249072883,3.3635593815038054,9275
578,0.22708333333333333,0.1714239135215537,3.3634579626867405,9276
7809,0.227,0.17142124309245693,3.363405566986326,9277
3171,0.22691666666666666,0.17141689830211176,3.363320319138595,9278
3272,0.22683333333333333,0.17141650478957124,3.3633125981452796,9279
11927,0.22675,0.17141494729370366,3.3632820389789835,9280
5010,0.22666666666666666,0.17141401905532594,3.3632638262880277,9281
10618,0.22658333333333333,0.17140789442676596,3.363143656760447,9282
4717,0.2265,0.17140693318940586,3.3631247966062396,9283
8517,0.22641666666666665,0.17140287713307653,3.363045213923283,9284
1217,0.22633333333333333,0.1714002746285879,3.362994150951584,9285
6015,0.22625,0.17139314716858975,3.36285430516466,9286
4784,0.22616666666666665,0.17138964691845607,3.3627856277908803,9287
2661,0.22608333333333333,0.1713893367068607,3.3627795412208226,9288
731,0.226,0.17138538791158442,3.3627020630753277,9289
8959,0.22591666666666665,0.17138235871826552,3.3626426281681105,9290
5250,0.22583333333333333,0.17137742328396213,3.3625457914697616,9291
6409,0.22575,0.1713748142836731,3.362494601045869,9292
11975,0.22566666666666665,0.17136865598928755,3.3623737709710744,9293
5967,0.22558333333333333,0.17136785297093543,3.362358015185232,9294
6737,0.2255,0.17136554755592828,3.3623127813184857,9295
10214,0.22541666666666665,0.17136401739606538,3.36228275850386,9296
9103,0.22533333333333333,0.17136014252775347,3.362206730857496,9297
10817,0.22525,0.17135902797927163,3.3621848626310085,9298
7325,0.22516666666666665,0.17135838992383803,3.362172343533872,9299
5652,0.22508333333333333,0.1713546897864245,3.3620997442308402,9300
8856,0.225,0.17135400123742608,3.3620862344143507,9301
2538,0.22491666666666665,0.17133742655694784,3.361761027505399,9302
10375,0.22483333333333333,0.171333672366803,3.3616873676496994,9303
7380,0.22475,0.17133206510076013,3.3616558319574934,9304
3911,0.22466666666666665,0.1713238166188372,3.3614939909305925,9305
7917,0.22458333333333333,0.17131685970324434,3.3613574913450206,9306
5329,0.2245,0.17131261666878667,3.3612742400194735,9307
5405,0.22441666666666665,0.17131133401752288,3.3612490734979747,9308
7961,0.22433333333333333,0.17131053536998803,3.361233403470639,9309
1624,0.22425,0.1713023607057365,3.361073010798461,9310
11652,0.22416666666666665,0.17129959642823744,3.3610187737262978,9311
11515,0.22408333333333333,0.17129952937012244,3.361017457998804,9312
6100,0.224,0.1712901395502518,3.36083322311722,9313
2204,0.22391666666666668,0.17128738786059233,3.360779233027349,9314
9744,0.22383333333333333,0.17128433009522062,3.3607192375163844,9315
6389,0.22375,0.17128142789417886,3.3606622942871383,9316
9803,0.22366666666666668,0.17127738012684157,3.360582874240053,9317
1351,0.22358333333333333,0.1712706878856043,3.3604515677518743,9318
11114,0.2235,0.17127064811960294,3.3604507875148872,9319
1164,0.22341666666666668,0.17126970586952536,3.3604322999045215,9320
11658,0.22333333333333333,0.1712636739081535,3.3603139485724496,9321
4770,0.22325,0.17126176332077725,3.360276461502039,9322
11723,0.22316666666666668,0.17125955909991467,3.3602332131356434,9323
2503,0.22308333333333333,0.1712592307748423,3.360226771166425,9324
4475,0.223,0.17125373695794927,3.3601189786082415,9325
2592,0.22291666666666668,0.1712534744856435,3.360113828716676,9326
2395,0.22283333333333333,0.17125341691118698,3.3601126990652763,9327
9728,0.22275,0.17125311745144384,3.3601068234541405,9328
10533,0.22266666666666668,0.1712514997612481,3.360075083232701,9329
5493,0.22258333333333333,0.17125131704488458,3.3600714982089217,9330
4675,0.2225,0.1712450205094211,3.3599479557468013,9331
1115,0.22241666666666668,0.17124129079105077,3.3598747760445984,9332
5704,0.22233333333333333,0.17123779599911848,3.359806205764535,9333
4777,0.22225,0.1712220401212686,3.3594970643400854,9334
3562,0.22216666666666668,0.17120961920437114,3.359253357199185,9335
6574,0.22208333333333333,0.17120857480983054,3.359232865442461,9336
302,0.222,0.171190164458333,3.358871641374784,9337
7280,0.22191666666666668,0.17118484413569257,3.358767252896069,9338
7833,0.22183333333333333,0.17117528122308814,3.3585796218130506,9339
6144,0.22175,0.1711712778744943,3.3585010732930116,9340
8681,0.22166666666666668,0.1711702249482369,3.3584804141379885,9341
10889,0.22158333333333333,0.1711696375999021,3.358468889949814,9342
8983,0.2215,0.1711656395761344,3.3583904459066924,9343
10030,0.22141666666666668,0.1711651533139899,3.358380905100768,9344
3112,0.22133333333333333,0.17116293933584953,3.3583374652897815,9345
4571,0.22125,0.17116175827870125,3.3583142921163915,9346
6863,0.22116666666666668,0.17115676748559502,3.3582163692392637,9347
5189,0.22108333333333333,0.17115672591839245,3.3582155536615073,9348
7511,0.221,0.17115275650533548,3.3581376709806188,9349
10718,0.22091666666666668,0.17115228164519372,3.358128353890039,9350
10168,0.22083333333333333,0.17115176963196901,3.3581183078298453,9351
7254,0.22075,0.1711478777427651,3.358041946221547,9352
5097,0.22066666666666668,0.17114167724013535,3.3579202879913197,9353
1169,0.22058333333333333,0.17113716149060812,3.3578316858039226,9354
6631,0.2205,0.17113348842214446,3.3577596176127686,9355
11487,0.22041666666666668,0.17113140343649388,3.357718708725275,9356
6349,0.22033333333333333,0.1711291472622078,3.357674440996199,9357
2343,0.22025,0.17112703463354015,3.357632989733264,9358
11505,0.22016666666666668,0.17112232701840605,3.357540623007467,9359
3682,0.22008333333333333,0.17111812834796306,3.357458242135152,9360
10487,0.22,0.1711171329410188,3.3574387115495528,9361
2014,0.21991666666666668,0.17111699835985572,3.357436070972372,9362
1199,0.21983333333333333,0.1711134220644142,3.357365901536059,9363
292,0.21975,0.1711127709385067,3.357353125986977,9364
6681,0.21966666666666668,0.17110851317006492,3.3572695855702483,9365
6260,0.21958333333333332,0.17110344984233772,3.357170239512823,9366
8555,0.2195,0.17109766039887664,3.357056646553027,9367
6205,0.21941666666666668,0.1710948217433821,3.357000950132225,9368
8521,0.21933333333333332,0.17109327660692242,3.3569706334662497,9369
4830,0.21925,0.1710849276732002,3.3568068215042484,9370
11971,0.21916666666666668,0.1710731306174857,3.3565753549593227,9371
9298,0.21908333333333332,0.17106763803972452,3.356467586713747,9372
2934,0.219,0.17106680295583712,3.356451201779546,9373
3805,0.21891666666666668,0.17106590212670375,3.3564335268772494,9374
2732,0.21883333333333332,0.17106059316395475,3.356329361287621,9375
371,0.21875,0.17103285714031757,3.3557851609619784,9376
327,0.21866666666666668,0.17102887329031863,3.355706995018135,9377
6400,0.21858333333333332,0.17102123462765215,3.355557119074677,9378
9209,0.2185,0.17100996833972926,3.3553360665677765,9379
647,0.21841666666666668,0.17100927434049137,3.355322449813797,9380
6580,0.21833333333333332,0.17100681087723765,3.355274114929039,9381
7228,0.21825,0.17100080281162935,3.35515623244876,9382
7335,0.21816666666666668,0.17099970924841862,3.3551347759680454,9383
10095,0.21808333333333332,0.1709984593967542,3.355110252997793,9384
6080,0.218,0.1709864437591095,3.3548744977214224,9385
4864,0.21791666666666668,0.17097615117129172,3.3546725498966388,9386
5914,0.21783333333333332,0.17097588948118814,3.3546674153523894,9387
6938,0.21775,0.17096364696123167,3.354427208485179,9388
6127,0.21766666666666667,0.1709586986260999,3.3543301186634777,9389
2812,0.21758333333333332,0.17095843169705113,3.3543248813275226,9390
8281,0.2175,0.17095738490066437,3.3543043424448564,9391
4705,0.21741666666666667,0.17095584125183505,3.3542740549672123,9392
3725,0.21733333333333332,0.17095018781550936,3.3541631305632675,9393
8549,0.21725,0.1709497991493384,3.3541555046591376,9394
11624,0.21716666666666667,0.17094738735617632,3.354108183578047,9395
8889,0.21708333333333332,0.17094356637389663,3.354033213213609,9396
4662,0.217,0.17093592987153408,3.353883379656813,9397
8205,0.21691666666666667,0.17093467811019522,3.353858819217401,9398
506,0.21683333333333332,0.17093209311328875,3.3538080997568316,9399
4150,0.21675,0.1709304306463377,3.3537754809839226,9400
3814,0.21666666666666667,0.17093007929998835,3.353768587321023,9401
8675,0.21658333333333332,0.17092552180354423,3.3536791660296923,9402
6017,0.2165,0.1709215493950004,3.353601224575253,9403
9837,0.21641666666666667,0.1709145014382191,3.3534629386974304,9404
1663,0.21633333333333332,0.17090982771341082,3.3533712369237767,9405
3351,0.21625,0.17090069373086061,3.353192021750659,9406
9441,0.21616666666666667,0.17090052302723072,3.3531886724251363,9407
8623,0.21608333333333332,0.17089685087586579,3.3531166222281,9408
8141,0.216,0.17089308474865716,3.3530427281587665,9409
812,0.21591666666666667,0.1708872477507327,3.3529282021469715,9410
430,0.21583333333333332,0.17088221800485204,3.3528295149890335,9411
7076,0.21575,0.1708814532867884,3.3528145106817764,9412
6797,0.21566666666666667,0.17087127496560353,3.3526148048488578,9413
810,0.21558333333333332,0.17086373109186515,3.352466788730962,9414
4400,0.2155,0.17086246682479703,3.3524419829203307,9415
7412,0.21541666666666667,0.17085844312974707,3.352363035188457,9416
4697,0.21533333333333332,0.17085488541464933,3.352293230311617,9417
1627,0.21525,0.17085260353331586,3.3522484581921494,9418
1150,0.21516666666666667,0.17085251390477652,3.3522466996170497,9419
7341,0.21508333333333332,0.1708505229043628,3.3522076347861107,9420
9347,0.215,0.1708497959038258,3.3521933705233744,9421
2380,0.21491666666666667,0.1708434766536466,3.3520693823825107,9422
7282,0.21483333333333332,0.17084181667992698,3.352036812528579,9423
6650,0.21475,0.17083799245542386,3.3519617785494056,9424
7421,0.21466666666666667,0.17083388526412338,3.3518811925623244,9425
5388,0.21458333333333332,0.17083156616664597,3.351835690235861,9426
4109,0.2145,0.17082780139348816,3.351761822733948,9427
472,0.21441666666666667,0.1708272657194236,3.3517513124314187,9428
224,0.21433333333333332,0.17081873487969615,3.3515839313454263,9429
3412,0.21425,0.17081864856557527,3.3515822378015283,9430
1400,0.21416666666666667,0.170818365064448,3.351576675309693,9431
806,0.21408333333333332,0.17081025249595624,3.351417501000054,9432
1312,0.214,0.1708068656208513,3.3513510481242132,9433
10677,0.21391666666666667,0.17080166984473644,3.3512491033361034,9434
3330,0.21383333333333332,0.17080096763697034,3.3512353255249296,9435
3884,0.21375,0.17080047550603625,3.3512256695692617,9436
6757,0.21366666666666667,0.17079499923398278,3.351118221253211,9437
7405,0.21358333333333332,0.1707894771999329,3.351009875054494,9438
4482,0.2135,0.1707888108691737,3.350996801175561,9439
9772,0.21341666666666667,0.17078801557680384,3.3509811969788963,9440
2186,0.21333333333333335,0.17077906370615878,3.3508055549696882,9441
5072,0.21325,0.17077695958616587,3.3507642706529106,9442
2738,0.21316666666666667,0.1707734227005351,3.3506948744648564,9443
6696,0.21308333333333335,0.17077249443298195,3.3506766612014394,9444
3021,0.213,0.1707712017919328,3.3506512986732986,9445
970,0.21291666666666667,0.17077073321465724,3.350642104857031,9446
10965,0.21283333333333335,0.1707703871887947,3.3506353155857793,9447
2063,0.21275,0.1707699486819041,3.350626711771696,9448
4937,0.21266666666666667,0.17076768380376678,3.350582273266876,9449
1805,0.21258333333333335,0.17076713232049956,3.350571452776623,9450
8432,0.2125,0.17075986393563883,3.350428841944524,9451
1597,0.21241666666666667,0.170753689210991,3.3503076894964945,9452
336,0.21233333333333335,0.17074744365355532,3.35018514725921,9453
3364,0.21225,0.17073964556724855,3.3500321433116094,9454
1037,0.21216666666666667,0.1707369119947238,3.3499785086926757,9455
2078,0.21208333333333335,0.1707339054449459,3.349919518067728,9456
1744,0.212,0.1707223073715658,3.3496919556963913,9457
3193,0.21191666666666667,0.17069487917998943,3.3491537952526995,9458
6587,0.21183333333333335,0.1706931719528286,3.3491202982529584,9459
6063,0.21175,0.17068691840724493,3.3489975992826135,9460
2913,0.21166666666666667,0.17068485880558504,3.3489571884468603,9461
1765,0.21158333333333335,0.170684302503132,3.348946273400821,9462
894,0.2115,0.1706833330188641,3.3489272514364057,9463
2027,0.21141666666666667,0.17067929704354112,3.3488480627569697,9464
1628,0.21133333333333335,0.1706769770352912,3.3488025425604766,9465
10925,0.21125,0.17066898657848006,3.3486457641680483,9466
7484,0.21116666666666667,0.1706671193755938,3.3486091283318506,9467
934,0.21108333333333335,0.17066041664342357,3.348477616004154,9468
4930,0.211,0.170659198386652,3.3484537129479435,9469
3007,0.21091666666666667,0.17065914573563665,3.3484526798979575,9470
2853,0.21083333333333334,0.17065318180844138,3.348335663444395,9471
726,0.21075,0.17064253020805742,3.3481266715401414,9472
7684,0.21066666666666667,0.17063816645741672,3.348041051678025,9473
3226,0.21058333333333334,0.17063466223629203,3.347972296390594,9474
2208,0.2105,0.1706340303091446,3.347959897534691,9475
925,0.21041666666666667,0.17062722254260287,3.3478263243586457,9476
1518,0.21033333333333334,0.17062239549790673,3.347731614340696,9477
4354,0.21025,0.17061758045453398,3.347637139797245,9478
1195,0.21016666666666667,0.17061541074512868,3.3475945685700066,9479
10847,0.21008333333333334,0.1706149084646059,3.3475847134722403,9480
2087,0.21,0.17061436968002391,3.3475741421391483,9481
11042,0.20991666666666667,0.17061300984104452,3.3475474611402456,9482
11551,0.20983333333333334,0.17061229747598747,3.347533484035964,9483
2404,0.20975,0.17060711460974995,3.3474317925487407,9484
9640,0.20966666666666667,0.17060613141454356,3.347412501566032,9485
10421,0.20958333333333334,0.17060611954910596,3.3474122687577657,9486
790,0.2095,0.17060536425581546,3.347397449371248,9487
551,0.20941666666666667,0.1706051205499429,3.3473926676903796,9488
2019,0.20933333333333334,0.17059705636399633,3.347234442680333,9489
4052,0.20925,0.1705825511061429,3.346949839301353,9490
4213,0.20916666666666667,0.17058148040469268,3.3469288313844983,9491
6101,0.20908333333333334,0.17057574482834606,3.34681629533544,9492
1588,0.209,0.17057082340462015,3.346719733534511,9493
6266,0.20891666666666667,0.1705631734729396,3.346569636485056,9494
3200,0.20883333333333334,0.17056044232973172,3.346516049531031,9495
5108,0.20875,0.17055446412335273,3.346398752909856,9496
5403,0.20866666666666667,0.17054919534279964,3.3462953757232237,9497
2675,0.20858333333333334,0.17054543464905061,3.3462215882622264,9498
4726,0.2085,0.1705445946821818,3.346205107520422,9499
4477,0.20841666666666667,0.17054405170262651,3.3461944538789825,9500
4087,0.20833333333333334,0.1705432492271062,3.3461787087439054,9501
10052,0.20825,0.17053961683755148,3.3461074387015355,9502
8215,0.20816666666666667,0.17053643023753717,3.346044915364077,9503
5467,0.20808333333333334,0.17053180244939184,3.3459541149001275,9504
767,0.208,0.17053152302576638,3.3459486324117442,9505
4875,0.20791666666666667,0.17052500852162528,3.3458208132505516,9506
3680,0.20783333333333334,0.17051225255705338,3.345570532238272,9507
9903,0.20775,0.17050617999055498,3.3454513842049947,9508
5368,0.20766666666666667,0.17050578715319478,3.3454436764592765,9509
8371,0.20758333333333334,0.17049898350922602,3.345310184170976,9510
11081,0.2075,0.17049558976164808,3.3452435964523266,9511
10021,0.20741666666666667,0.1704919069936307,3.3451713379491057,9512
11953,0.20733333333333334,0.1704912634328833,3.3451587108338057,9513
5255,0.20725,0.17048921663015212,3.345118551122156,9514
1475,0.20716666666666667,0.17048428945882185,3.3450218765491364,9515
10458,0.20708333333333334,0.170480499245286,3.34494750988907,9516
6113,0.207,0.1704798650408006,3.3449350663502564,9517
5398,0.20691666666666667,0.1704741850915171,3.3448236217434486,9518
10894,0.20683333333333334,0.17047352460409682,3.344810662514877,9519
3465,0.20675,0.17047294307095875,3.344799252424952,9520
3771,0.20666666666666667,0.17047124375566775,3.3447659106616636,9521
4900,0.20658333333333334,0.17046397443702224,3.344623281508135,9522
9429,0.2065,0.17046076352835773,3.3445602812178636,9523
8732,0.20641666666666666,0.1704601055337589,3.3445473709002087,9524
5041,0.20633333333333334,0.1704582152991227,3.344510283164861,9525
7807,0.20625,0.17045316936035904,3.344411278291122,9526
3530,0.20616666666666666,0.1704507887681847,3.344364569395402,9527
6317,0.20608333333333334,0.17044876477029391,3.3443248571307445,9528
1647,0.206,0.1704474464926714,3.344298991594978,9529
4727,0.20591666666666666,0.17044458997681816,3.344242944741313,9530
5081,0.20583333333333334,0.17043839363979346,3.3441213682431528,9531
10562,0.20575,0.1704354629978451,3.3440638669832787,9532
3130,0.20566666666666666,0.17043047179330606,3.3439659360336056,9533
10940,0.20558333333333334,0.17043001793607906,3.3439570310350524,9534
8116,0.2055,0.17041670688313681,3.343695858797817,9535
9144,0.20541666666666666,0.17041659287019964,3.343693621783621,9536
5277,0.20533333333333334,0.17040896917607168,3.343544039533472,9537
2065,0.20525,0.1704069471397131,3.343504365755499,9538
11943,0.20516666666666666,0.17039115014852313,3.343194417658259,9539
7606,0.20508333333333334,0.17038803991498347,3.3431333926848716,9540
7173,0.205,0.17038649483871712,3.3431030771999426,9541
5757,0.20491666666666666,0.17038448464256373,3.3430636357350787,9542
4178,0.20483333333333334,0.1703799541792578,3.342974744853027,9543
6078,0.20475,0.17037678974176804,3.342912656359895,9544
7495,0.20466666666666666,0.170375552482801,3.3428883804672784,9545
7445,0.20458333333333334,0.17037538211466424,3.3428850377243755,9546
1313,0.2045,0.17037464158504492,3.3428705080115213,9547
2643,0.20441666666666666,0.17037308229948014,3.342839913730089,9548
6282,0.20433333333333334,0.17037223264685422,3.342823242946926,9549
8739,0.20425,0.17036993913707196,3.342778242669109,9550
9200,0.20416666666666666,0.17036731778650382,3.3427268099239877,9551
10715,0.20408333333333334,0.17036299511835443,3.3426419961293243,9552
4618,0.204,0.170357724561822,3.3425385840967357,9553
5198,0.20391666666666666,0.17035448551027255,3.3424750316231737,9554
11572,0.20383333333333334,0.17035204472395132,3.3424271416758393,9555
1414,0.20375,0.17035141313447352,3.3424147494453367,9556
1233,0.20366666666666666,0.17034986736327143,3.342384420325267,9557
314,0.20358333333333334,0.1703411006950618,3.3422124121183137,9558
11845,0.2035,0.17033647986715209,3.34212174821901,9559
3969,0.20341666666666666,0.17033535397185004,3.3420996573599036,9560
1824,0.20333333333333334,0.17033355433886851,3.342064347292877,9561
6109,0.20325,0.17032742579134602,3.341944100872496,9562
8912,0.20316666666666666,0.17032424693380896,3.3418817294478775,9563
4576,0.20308333333333334,0.17032118926143705,3.3418217357616475,9564
10068,0.203,0.17031949315089587,3.3417884568777763,9565
9936,0.20291666666666666,0.17031703982421376,3.3417403208797225,9566
9139,0.20283333333333334,0.17031698991938263,3.341739341711803,9567
847,0.20275,0.17031680270223745,3.3417356683795525,9568
8943,0.20266666666666666,0.1703093479851703,3.3415894015783323,9569
4729,0.20258333333333334,0.17029672964661044,3.3413418208853534,9570
11563,0.2025,0.17029604216689656,3.3413283320489695,9571
6322,0.20241666666666666,0.17029312729430737,3.341271140195053,9572
3134,0.20233333333333334,0.17028427797918846,3.3410975103975185,9573
9700,0.20225,0.17028202251989372,3.341053256697002,9574
9658,0.20216666666666666,0.17028077504187428,3.34102878029932,9575
2569,0.20208333333333334,0.17027931648876535,3.341000162459707,9576
10799,0.202,0.1702785630580298,3.3409853796178406,9577
1401,0.20191666666666666,0.17027721457871697,3.3409589215036304,9578
8683,0.20183333333333334,0.17027450831996782,3.3409058228002166,9579
628,0.20175,0.17027334400381888,3.340882978097076,9580
1315,0.20166666666666666,0.17027026624827477,3.340822590364775,9581
2902,0.20158333333333334,0.1702697987733168,3.3408134181767286,9582
1206,0.2015,0.17025905283437368,3.3406025752834387,9583
9167,0.20141666666666666,0.17025396429661832,3.3405027345874663,9584
8690,0.20133333333333334,0.17024109787078576,3.340250286247426,9585
11493,0.20125,0.17024068840558457,3.340242252251664,9586
8838,0.20116666666666666,0.17023472633113357,3.3401252721502743,9587
10364,0.20108333333333334,0.1702278396495307,3.339990150605118,9588
5966,0.201,0.1702243578144036,3.3399218345467254,9589
6953,0.20091666666666666,0.17021756316287479,3.3397885186964755,9590
7536,0.20083333333333334,0.1702171439926019,3.33978029428037,9591
7220,0.20075,0.1702163550786684,3.3397648152331625,9592
4739,0.20066666666666666,0.17021486556118837,3.3397355898507146,9593
11075,0.20058333333333334,0.1702120796872326,3.33968092904086,9594
7235,0.2005,0.17021029864556322,3.3396459837484898,9595
7039,0.20041666666666666,0.17020212474763052,3.3394856061119746,9596
10154,0.20033333333333334,0.1701995110170847,3.3394343228771532,9597
6256,0.20025,0.1701944358801348,3.3393347451144013,9598
1572,0.20016666666666666,0.17018681849514608,3.3391852866539993,9599
2182,0.20008333333333334,0.17018476990941173,3.3391450919585286,9600
11764,0.2,0.17018469656713786,3.3391436529313885,9601
4636,0.19991666666666666,0.17018442135127826,3.3391382530023765,9602
5627,0.19983333333333334,0.17018328070873043,3.3391158727919086,9603
3102,0.19975,0.17018246791712596,3.339099925247999,9604
1302,0.19966666666666666,0.1701808489378575,3.339068159734031,9605
10055,0.19958333333333333,0.1701791286040507,3.339034405572641,9606
7084,0.1995,0.1701758803617607,3.338970672770336,9607
3921,0.19941666666666666,0.17017163279469216,3.3388873325118076,9608
10203,0.19933333333333333,0.17017102408242082,3.338875389148087,9609
10820,0.19925,0.17016074839786013,3.3386737729771268,9610
2930,0.19916666666666666,0.1701552188845702,3.338565280030492,9611
6177,0.19908333333333333,0.17015120853680182,3.338486594181711,9612
11637,0.199,0.1701509887183311,3.3384822811884485,9613
4207,0.19891666666666666,0.17014874849623976,3.3384383264526214,9614
3687,0.19883333333333333,0.17014299635005095,3.3383254652916614,9615
9044,0.19875,0.17013974685295336,3.3382617078690733,9616
1706,0.19866666666666666,0.17013813627450375,3.3382301071851677,9617
1149,0.19858333333333333,0.17013481886263618,3.338165017226982,9618
11329,0.1985,0.17013378838886092,3.338144798605474,9619
2212,0.19841666666666666,0.17013146539020588,3.3380992197351524,9620
2394,0.19833333333333333,0.17013053955338717,3.3380810541644568,9621
2844,0.19825,0.1701242055700291,3.3379567769482925,9622
7055,0.19816666666666666,0.1701176238156595,3.337827638290265,9623
11542,0.19808333333333333,0.17011718270243587,3.3378189833380203,9624
7537,0.198,0.17011696235919235,3.337814660048329,9625
4108,0.19791666666666666,0.17011044343320875,3.3376867541275437,9626
9898,0.19783333333333333,0.1701057556354442,3.3375947762325184,9627
5519,0.19775,0.17010283446114288,3.3375374607346107,9628
5475,0.19766666666666666,0.17009950884736094,3.3374722098490563,9629
1745,0.19758333333333333,0.17009154227258091,3.337315900038936,9630
5445,0.1975,0.170089673946031,3.337279242155667,9631
4561,0.19741666666666666,0.17008879651926498,3.3372620264243125,9632
4528,0.19733333333333333,0.17008502007779627,3.337187929981938,9633
1985,0.19725,0.17007706573343137,3.3370318601411597,9634
1495,0.19716666666666666,0.17007622128454844,3.3370152914591387,9635
6598,0.19708333333333333,0.1700669311566786,3.3368330126047727,9636
1027,0.197,0.17006393555753357,3.3367742368389446,9637
3875,0.19691666666666666,0.17005494605631163,3.336597856491257,9638
127,0.19683333333333333,0.17005252510513033,3.3365503557234,9639
238,0.19675,0.17005017076026407,3.3365041618183033,9640
3705,0.19666666666666666,0.17004854444063963,3.3364722522814585,9641
6189,0.19658333333333333,0.17004640069006943,3.33643019038481,9642
223,0.1965,0.1700366982952214,3.336239822561967,9643
8107,0.19641666666666666,0.17003654268013585,3.3362367692843007,9644
9780,0.19633333333333333,0.17002955339571718,3.3360996345996377,9645
2571,0.19625,0.17002127698819927,3.335937245652893,9646
4452,0.19616666666666666,0.17001636350572538,3.3358408396648893,9647
8840,0.19608333333333333,0.17001337723629942,3.3357822469546567,9648
1309,0.196,0.170012339679429,3.3357618893578627,9649
1623,0.19591666666666666,0.17000471905046366,3.335612367248329,9650
5752,0.19583333333333333,0.16999796477270898,3.3354798435599236,9651
7411,0.19575,0.16999177361970397,3.3353583687758817,9652
11802,0.19566666666666666,0.16999027265858604,3.3353289188612165,9653
7699,0.19558333333333333,0.16998540698716624,3.3352334509598007,9654
2314,0.1955,0.16998378464147285,3.3352016193942653,9655
6519,0.19541666666666666,0.16998340304360968,3.3351941321753147,9656
1713,0.19533333333333333,0.16997747891245135,3.3350778965480856,9657
3966,0.19525,0.16997460874080464,3.335021581758094,9658
6244,0.19516666666666665,0.16997345231687686,3.334998891905842,9659
1821,0.19508333333333333,0.16997324167035505,3.334994758872692,9660
7320,0.195,0.16996860794052482,3.3349038418286465,9661
8373,0.19491666666666665,0.16996169355551882,3.3347681767232142,9662
3490,0.19483333333333333,0.1699597771239344,3.3347305749852674,9663
6172,0.19475,0.16995880588393095,3.3347115185721052,9664
4310,0.19466666666666665,0.16995250538912662,3.334587898424954,9665
892,0.19458333333333333,0.16994569150316485,3.3344542051815553,9666
5513,0.1945,0.16993919017538336,3.334326644549873,9667
3219,0.19441666666666665,0.16993560976420982,3.334256394359998,9668
7648,0.19433333333333333,0.1699337251504299,3.3342194169097823,9669
9469,0.19425,0.16993335630967263,3.334212179994238,9670
9001,0.19416666666666665,0.16993257999732553,3.334196948199015,9671
707,0.19408333333333333,0.16991663254850378,3.333884048017162,9672
906,0.194,0.16991504120869258,3.333852824808836,9673
4059,0.19391666666666665,0.16991204999841103,3.333794135155622,9674
1808,0.19383333333333333,0.1699081247625368,3.333717119262197,9675
8498,0.19375,0.16990747699471867,3.333704409601218,9676
9356,0.19366666666666665,0.16989670562419423,3.3334930677223724,9677
309,0.19358333333333333,0.169892112916176,3.3334029555552056,9678
9605,0.1935,0.16988454947389484,3.33325455548871,9679
511,0.19341666666666665,0.16988057111051993,3.333176497196269,9680
9398,0.19333333333333333,0.16987941413195828,3.333153796461671,9681
1560,0.19325,0.16987608849613228,3.333088545143659,9682
1319,0.19316666666666665,0.1698660323017015,3.3328912355236913,9683
2456,0.19308333333333333,0.16986358797343168,3.332843276080849,9684
11822,0.193,0.16986308963030167,3.332833498237486,9685
5224,0.19291666666666665,0.16985740075516048,3.33272187849908,9686
6790,0.19283333333333333,0.1698458017645806,3.332494298131617,9687
9191,0.19275,0.1698354121391997,3.3322904463614913,9688
3880,0.19266666666666668,0.16983163427123033,3.332216321930204,9689
4891,0.19258333333333333,0.16983121253697628,3.3322080472069793,9690
9804,0.1925,0.16982953094423958,3.332175053172672,9691
2556,0.19241666666666668,0.1698182449267434,3.3319536135576633,9692
8778,0.19233333333333333,0.16981270417491995,3.3318449001030954,9693
4112,0.19225,0.16981256255590077,3.3318421214381413,9694
448,0.19216666666666668,0.16980676269569667,3.3317283240945734,9695
1095,0.19208333333333333,0.16980443056314007,3.3316825660106697,9696
7373,0.192,0.16980398847574416,3.3316738919444413,9697
2427,0.19191666666666668,0.1698006763224117,3.3316089051624633,9698
11890,0.19183333333333333,0.16979961825081974,3.3315881450523155,9699
7980,0.19175,0.1697991957160925,3.331579854623247,9700
688,0.19166666666666668,0.16979653682479118,3.331527685302577,9701
4819,0.19158333333333333,0.16979646817250169,3.331526338296282,9702
10219,0.1915,0.1697929750721368,3.3314578012060356,9703
9007,0.19141666666666668,0.16979236449698895,3.3314458212914255,9704
2829,0.19133333333333333,0.16979048874584615,3.331409017732401,9705
256,0.19125,0.16977385815373236,3.3310827137978016,9706
8406,0.19116666666666668,0.16977367557540132,3.331079131482263,9707
2512,0.19108333333333333,0.16977045195909699,3.3310158818591598,9708
10801,0.191,0.1697678117532018,3.330964079159308,9709
9677,0.19091666666666668,0.16975681988361296,3.330748410933443,9710
11938,0.19083333333333333,0.1697560203950594,3.3307327244047227,9711
1904,0.19075,0.16975482728377267,3.330709314720716,9712
8759,0.19066666666666668,0.16975230947672093,3.330659913572388,9713
6413,0.19058333333333333,0.16975115786450612,3.330637318129341,9714
3454,0.1905,0.16974939235110292,3.3306026775124424,9715
6839,0.19041666666666668,0.16974637431513176,3.3305434615203424,9716
1724,0.19033333333333333,0.16974573714504215,3.330530959794184,9717
2200,0.19025,0.16974083701857745,3.3304348158605106,9718
353,0.19016666666666668,0.16973625233022008,3.3303448610447415,9719
5292,0.19008333333333333,0.16973364232390872,3.3302936508819654,9720
4145,0.19,0.16973321792259588,3.3302853238292167,9721
3668,0.18991666666666668,0.16973316054799903,3.330284198099187,9722
9338,0.18983333333333333,0.1697299014145404,3.3302202516044614,9723
1350,0.18975,0.16972840347617418,3.330190860998302,9724
8714,0.18966666666666668,0.1697240226686411,3.330104906467924,9725
3329,0.18958333333333333,0.16972393049104137,3.330103097878493,9726
4125,0.1895,0.1697187292137933,3.3300010451542166,9727
7720,0.18941666666666668,0.16971657581810273,3.329958794013559,9728
748,0.18933333333333333,0.1697074124495955,3.329779002267296,9729
6690,0.18925,0.16970330677904535,3.329698446118345,9730
5743,0.18916666666666668,0.16970165981079496,3.329666131440886,9731
635,0.18908333333333333,0.1697016138794215,3.3296652302350163,9732
11255,0.189,0.16969858048813924,3.3296057129608165,9733
2951,0.18891666666666668,0.1696952731716264,3.3295408210806015,9734
6469,0.18883333333333333,0.16968831727076392,3.329404341404798,9735
4572,0.18875,0.16968821373571163,3.329402309974113,9736
1481,0.18866666666666668,0.1696865087976125,3.329368857887392,9737
1307,0.18858333333333333,0.16966826525706016,3.3290109067679516,9738
9004,0.1885,0.16966227968152015,3.3288934655586218,9739
10945,0.18841666666666668,0.16965923674758618,3.3288337610508916,9740
7347,0.18833333333333332,0.16965703563119294,3.328790573596425,9741
8145,0.18825,0.16965044487840875,3.3286612583831756,9742
4863,0.18816666666666668,0.1696415555885776,3.3284868442536455,9743
3179,0.18808333333333332,0.16964025963829948,3.3284614167960944,9744
2466,0.188,0.16963244294969962,3.328308047858399,9745
3409,0.18791666666666668,0.1696319864931348,3.3282990918589923,9746
7013,0.18783333333333332,0.16962954914704556,3.3282512694114232,9747
5287,0.18775,0.1696276345819519,3.328213704295389,9748
5583,0.18766666666666668,0.1696246395088436,3.3281549388507567,9749
534,0.18758333333333332,0.1696227515534059,3.32811789583488,9750
6399,0.1875,0.16961991757176642,3.3280622911183757,9751
1081,0.18741666666666668,0.16961759667206716,3.3280167534310863,9752
5427,0.18733333333333332,0.1695887896941865,3.327451540228625,9753
811,0.18725,0.16958054752663235,3.327289823094107,9754
7714,0.18716666666666668,0.16957901706593212,3.3272597943768263,9755
9402,0.18708333333333332,0.1695758846842821,3.3271983348418854,9756
6528,0.187,0.16955972623620044,3.3268812947058253,9757
1314,0.18691666666666668,0.16955848807766163,3.326857001162966,9758
1969,0.18683333333333332,0.1695474602224345,3.3266406268735684,9759
3637,0.18675,0.1695381349211753,3.3264576578925666,9760
942,0.18666666666666668,0.16953802667858633,3.3264555340967004,9761
2988,0.18658333333333332,0.16953274553913406,3.326351914419746,9762
2669,0.1865,0.1695286957939596,3.32627245556609,9763
4395,0.18641666666666667,0.169523180037952,3.3261642325470047,9764
3605,0.18633333333333332,0.16952142547587795,3.3261298068029124,9765
6922,0.18625,0.1695195882951784,3.3260937600231992,9766
273,0.18616666666666667,0.16951862716071553,3.3260749018878166,9767
3236,0.18608333333333332,0.16951134441061366,3.3259320091996427,9768
6509,0.186,0.1695090448171317,3.325886889555309,9769
5760,0.18591666666666667,0.16950471822673682,3.3258019988034446,9770
5492,0.18583333333333332,0.16950464318236852,3.3258005263800157,9771
10419,0.18575,0.16949959588826227,3.3257014949134787,9772
1666,0.18566666666666667,0.1694973541825274,3.3256575110675657,9773
682,0.18558333333333332,0.16949642002356466,3.325639182210533,9774
2170,0.1855,0.1694935940513832,3.325583734645292,9775
9985,0.18541666666666667,0.1694924334071378,3.325560961987409,9776
9156,0.18533333333333332,0.16949144119620502,3.32554149410981,9777
5280,0.18525,0.16948206623501433,3.3253575507659754,9778
522,0.18516666666666667,0.1694801697373914,3.3253203401464644,9779
1196,0.18508333333333332,0.16947342057679765,3.3251879168603837,9780
4152,0.185,0.16947278998642534,3.325175544232956,9781
1896,0.18491666666666667,0.1694687565134486,3.3250964046513305,9782
8522,0.18483333333333332,0.16946259595433824,3.324975530141044,9783
3878,0.18475,0.16946106702937086,3.3249455315559526,9784
8243,0.18466666666666667,0.1694581277521444,3.3248878608658363,9785
72,0.18458333333333332,0.16945765639665908,3.3248786125391687,9786
106,0.1845,0.16945701550556413,3.3248660378043287,9787
7449,0.18441666666666667,0.16945565174930086,3.3248392799455777,9788
6055,0.18433333333333332,0.16945326836319433,3.324792516230885,9789
9871,0.18425,0.16945014101008596,3.3247311553594847,9790
2377,0.18416666666666667,0.169448107089362,3.3246912484018427,9791
10973,0.18408333333333332,0.1694399585477759,3.3245313682747613,9792
11342,0.184,0.1694312779819553,3.3243610494572837,9793
10506,0.18391666666666667,0.1694276868775399,3.324290589458494,9794
5045,0.18383333333333332,0.16942386767658937,3.3242156540449916,9795
771,0.18375,0.16941311444137205,3.3240046679936666,9796
9074,0.18366666666666667,0.16940681008071604,3.3238809719957967,9797
7333,0.18358333333333332,0.1694047967393945,3.3238414688205014,9798
174,0.1835,0.16939549962879621,3.3236590529601466,9799
6116,0.18341666666666667,0.16939153415309124,3.323581247532871,9800
7903,0.18333333333333332,0.1693903554723382,3.323558120986014,9801
9076,0.18325,0.1693900599023985,3.3235523216956024,9802
7639,0.18316666666666667,0.16938881776079648,3.3235279500022368,9803
3733,0.18308333333333332,0.1693854292321733,3.3234614646831426,9804
10516,0.183,0.1693825004906546,3.323404000711065,9805
11052,0.18291666666666667,0.16937455504775836,3.3232481055232803,9806
6746,0.18283333333333332,0.16937426581079232,3.3232424304903256,9807
3442,0.18275,0.16937239104681626,3.3232056463001705,9808
2546,0.18266666666666667,0.16937040775886175,3.3231667327931333,9809
5682,0.18258333333333332,0.1693701272311408,3.32316122864162,9810
5694,0.1825,0.16936189782972783,3.322999761987754,9811
2695,0.18241666666666667,0.16935196973558833,3.3228049657857595,9812
5683,0.18233333333333332,0.16935041106549778,3.322774383580361,9813
6895,0.18225,0.16934971283552877,3.3227606838164396,9814
1844,0.18216666666666667,0.16933598800955846,3.322491393060898,9815
6362,0.18208333333333335,0.16933326553479333,3.322437976187785,9816
6966,0.182,0.16932939158864635,3.322361966634971,9817
355,0.18191666666666667,0.1693180126353175,3.3221387035534358,9818
2443,0.18183333333333335,0.16930278695213832,3.321839964921962,9819
8184,0.18175,0.16930185143957568,3.321821609506351,9820
307,0.18166666666666667,0.16929979981535187,3.3217813551935764,9821
8563,0.18158333333333335,0.16929340855730668,3.3216559542076878,9822
2486,0.1815,0.1692916409903814,3.321621273299271,9823
133,0.18141666666666667,0.16928767197714142,3.3215433984630494,9824
1378,0.18133333333333335,0.16928603846045986,3.321511347714827,9825
3729,0.18125,0.1692846424558912,3.3214839571215933,9826
3361,0.18116666666666667,0.1692764093903879,3.3213224185757033,9827
10469,0.18108333333333335,0.16927398473428606,3.3212748451146292,9828
4639,0.181,0.16927227159386113,3.321241232092471,9829
9011,0.18091666666666667,0.16926813186035813,3.3211600076044108,9830
7376,0.18083333333333335,0.16926391068216234,3.3210771851141203,9831
7358,0.18075,0.169260476047102,3.3210097951543265,9832
7828,0.18066666666666667,0.1692556765000618,3.3209156246598144,9833
194,0.18058333333333335,0.1692530305316968,3.320863708896263,9834
8948,0.1805,0.16924726138492452,3.320750514171774,9835
6209,0.18041666666666667,0.16923418090712086,3.320493865981255,9836
4876,0.18033333333333335,0.16923133287519618,3.3204379855882564,9837
9725,0.18025,0.16923078720578036,3.3204272791698637,9838
818,0.18016666666666667,0.1692255908696332,3.320325323393503,9839
6220,0.18008333333333335,0.16922464252147196,3.320306716134401,9840
5507,0.18,0.16922291686238633,3.320272857487287,9841
7263,0.17991666666666667,0.16921877778440145,3.3201916458609846,9842
9645,0.17983333333333335,0.16921674487389,3.3201517587243967,9843
4025,0.17975,0.1692126547002835,3.320071506636494,9844
7590,0.17966666666666667,0.16921180321525645,3.320054799900321,9845
4182,0.17958333333333334,0.16920991426448248,3.320017737355241,9846
8038,0.1795,0.1692091456087548,3.3200026557882873,9847
4904,0.17941666666666667,0.16919951021999774,3.3198136026721152,9848
3512,0.17933333333333334,0.1691979845153707,3.319783667272381,9849
6016,0.17925,0.16919280843262416,3.319682108881971,9850
8750,0.17916666666666667,0.1691829895319309,3.319489455132325,9851
865,0.17908333333333334,0.16918237278117626,3.3194773540479927,9852
4465,0.179,0.1691796287109347,3.3194235134564947,9853
423,0.17891666666666667,0.16917610886619783,3.319354451622794,9854
1519,0.17883333333333334,0.16916102963203605,3.3190585864241946,9855
4429,0.17875,0.16915969766595543,3.319032452311243,9856
9759,0.17866666666666667,0.16915203978205698,3.3188821992337045,9857
3127,0.17858333333333334,0.169151039633615,3.3188625756166044,9858
10157,0.1785,0.16914758767763197,3.318794845808066,9859
10251,0.17841666666666667,0.16914593371167433,3.3187623938305992,9860
572,0.17833333333333334,0.16914298090917185,3.318704457765141,9861
5702,0.17825,0.16913542490902161,3.318556203718443,9862
6485,0.17816666666666667,0.16912792631600523,3.3184090760402425,9863
764,0.17808333333333334,0.169119651060197,3.318246709690854,9864
5313,0.178,0.1691185450901992,3.3182250097802326,9865
568,0.17791666666666667,0.16911835475158088,3.3182212752024154,9866
4704,0.17783333333333334,0.16911659444118957,3.318186736672306,9867
7608,0.17775,0.16911306841715854,3.318117553596495,9868
996,0.17766666666666667,0.16911219377923076,3.3181003925841472,9869
11857,0.17758333333333334,0.1691110722184612,3.3180783867715924,9870
300,0.1775,0.16911073605711138,3.318071791049115,9871
1102,0.17741666666666667,0.16910794091576142,3.318016948406443,9872
2331,0.17733333333333334,0.16910035897961034,3.317868185477173,9873
1857,0.17725,0.16909366551105168,3.3177368549080564,9874
11777,0.17716666666666667,0.16908999504625427,3.317664837802658,9875
158,0.17708333333333334,0.16908679296313953,3.317602010675875,9876
5568,0.177,0.1690769329410205,3.317408550094833,9877
10846,0.17691666666666667,0.16907195030154404,3.3173107871976972,9878
9041,0.17683333333333334,0.16906554486107192,3.317185107942585,9879
4069,0.17675,0.16906127756961234,3.317101380677588,9880
4054,0.17666666666666667,0.16905654884854165,3.317008599838475,9881
2285,0.17658333333333334,0.1690469883492509,3.31682101610641,9882
6704,0.1765,0.16903544327205153,3.3165944935574965,9883
6238,0.17641666666666667,0.1690306539129845,3.3165005229581848,9884
3526,0.17633333333333334,0.16902171724660833,3.316325179267425,9885
4124,0.17625,0.16901983949781513,3.316288336513087,9886
11364,0.17616666666666667,0.16901216411444664,3.3161377400835574,9887
8717,0.17608333333333334,0.16900998114936777,3.316094908770677,9888
4861,0.176,0.16900703339920894,3.3160370718356886,9889
9236,0.17591666666666667,0.16900492704470058,3.315995743676163,9890
4546,0.17583333333333334,0.16900260157877411,3.315950116396251,9891
421,0.17575,0.16899707534128247,3.3158416877230925,9892
2710,0.17566666666666667,0.16899685219473065,3.315837309430532,9893
8159,0.17558333333333334,0.1689959174341698,3.315818968769685,9894
11646,0.1755,0.16899305906368153,3.3157628855267927,9895
6192,0.17541666666666667,0.168988751800503,3.3156783739884887,9896
7753,0.17533333333333334,0.1689787812788688,3.3154827453291196,9897
7342,0.17525,0.16897773837231087,3.315462282767696,9898
3072,0.17516666666666666,0.1689746097527731,3.3154008970480415,9899
8204,0.17508333333333334,0.16897453978977747,3.3153995243248144,9900
7960,0.175,0.1689711476513105,3.3153329681780574,9901
7242,0.17491666666666666,0.1689700825221655,3.3153120695937726,9902
1494,0.17483333333333334,0.16896928600164743,3.315296441300031,9903
6931,0.17475,0.16896210320486713,3.3151555097664716,9904
9914,0.17466666666666666,0.1689605492884097,3.3151250208306955,9905
3278,0.17458333333333334,0.16895899667729128,3.3150945575066633,9906
3486,0.1745,0.16895452549496848,3.315006829759249,9907
7834,0.17441666666666666,0.16894619239484823,3.3148433284636534,9908
10997,0.17433333333333334,0.16894581969278863,3.314836015786694,9909
10768,0.17425,0.16894175812330392,3.314756324931709,9910
191,0.17416666666666666,0.16893912655521262,3.314704691711681,9911
7476,0.17408333333333334,0.16893669186003793,3.314656921276943,9912
2968,0.174,0.16893667301211385,3.314656551467393,9913
6467,0.17391666666666666,0.1689359438718955,3.3146422452225632,9914
8367,0.17383333333333334,0.1689272908670574,3.314472467171008,9915
5102,0.17375,0.16892470619717256,3.3144217541268564,9916
898,0.17366666666666666,0.1689202654891131,3.3143346243059404,9917
11722,0.17358333333333334,0.16891440684750533,3.3142196736298093,9918
11841,0.1735,0.168913604881296,3.3142039384876893,9919
2423,0.17341666666666666,0.16890968200534753,3.314126968897689,9920
8588,0.17333333333333334,0.16890840928022716,3.3141019971340824,9921
4051,0.17325,0.16890675461033386,3.3140695313449755,9922
141,0.17316666666666666,0.1689058059885098,3.3140509187164353,9923
8518,0.17308333333333334,0.16890529167602203,3.314040827543068,9924
1692,0.173,0.16890339515133168,3.3140036163923976,9925
2981,0.17291666666666666,0.16889697129358242,3.313877575777358,9926
5490,0.17283333333333334,0.16889465765022757,3.3138321804646518,9927
2478,0.17275,0.16888660171725525,3.3136741173837874,9928
4329,0.17266666666666666,0.16888443027293026,3.3136315121161757,9929
2075,0.17258333333333334,0.16888362286341782,3.313615670172653,9930
1580,0.1725,0.1688769976867058,3.3134856795376955,9931
9816,0.17241666666666666,0.16887553227945612,3.3134569272149266,9932
468,0.17233333333333334,0.16887457488854504,3.313438142530748,9933
4951,0.17225,0.16887428784758227,3.3134325105848204,9934
5889,0.17216666666666666,0.1688714999181494,3.3133778094450417,9935
6885,0.17208333333333334,0.16886156468403887,3.3131828731517845,9936
5252,0.172,0.16886123537125425,3.31317641180296,9937
740,0.17191666666666666,0.1688592337983914,3.313137139533164,9938
1547,0.17183333333333334,0.16885526865502612,3.313059340626613,9939
10199,0.17175,0.16885467992471132,3.3130477893230044,9940
3763,0.17166666666666666,0.16883647929030315,3.3126906800524045,9941
4993,0.17158333333333334,0.16883423971544112,3.3126467380156948,9942
569,0.1715,0.1688338648790254,3.312639383461126,9943
100,0.17141666666666666,0.16883067955424844,3.312576885144732,9944
3327,0.17133333333333334,0.1688250202343201,3.3124658453003857,9945
4259,0.17125,0.16882441367847445,3.3124539442472924,9946
4486,0.17116666666666666,0.16882398107128313,3.31244545618941,9947
36,0.17108333333333334,0.16882224282072725,3.3124113504887998,9948
2439,0.171,0.16882135644917612,3.312393959254492,9949
8524,0.17091666666666666,0.1688161232468776,3.3122912801382345,9950
492,0.17083333333333334,0.1688149746821266,3.312268744488585,9951
4630,0.17075,0.16880669503113951,3.3121062919026647,9952
5012,0.17066666666666666,0.16880489923382974,3.3120710570941574,9953
10567,0.17058333333333334,0.16880280716716886,3.3120300092722803,9954
5970,0.1705,0.168801013750339,3.311994821170479,9955
1561,0.17041666666666666,0.16880072561271178,3.311989167707262,9956
6041,0.17033333333333334,0.16879999265518308,3.3119747865641527,9957
8250,0.17025,0.16879639328590654,3.311904164402906,9958
4518,0.17016666666666666,0.16879347391578145,3.3118468843041775,9959
7425,0.17008333333333334,0.16878991605884922,3.3117770766444092,9960
7118,0.17,0.1687797309825781,3.311577238271951,9961
3597,0.16991666666666666,0.16877845996858365,3.311552300081855,9962
483,0.16983333333333334,0.16877107221004753,3.311407347054222,9963
1438,0.16975,0.16877028439467695,3.3113918895615684,9964
1983,0.16966666666666666,0.16876869313704285,3.3113606679656575,9965
5146,0.16958333333333334,0.1687645973920088,3.3112803065623853,9966
3949,0.1695,0.1687596550210825,3.311183333762545,9967
3837,0.16941666666666666,0.1687395960844275,3.3107897632925987,9968
4510,0.16933333333333334,0.16873883144925506,3.310774760611701,9969
6241,0.16925,0.16872556554826465,3.3105144742875856,9970
3652,0.16916666666666666,0.1687147056678002,3.3103013957814094,9971
946,0.16908333333333334,0.16870737700674682,3.3101576022880117,9972
6096,0.169,0.16868553578138878,3.3097290620579063,9973
11500,0.16891666666666666,0.16868479295697497,3.309714487319512,9974
8485,0.16883333333333334,0.16867299541476724,3.3094830112292657,9975
8820,0.16875,0.1686714066308954,3.3094518381703066,9976
11844,0.16866666666666666,0.16866623206874234,3.3093503096150663,9977
8525,0.16858333333333334,0.16865946293243522,3.309217494391423,9978
1940,0.1685,0.16865825271967616,3.30919374916442,9979
3584,0.16841666666666666,0.16865648208304262,3.309159008026114,9980
2640,0.16833333333333333,0.16864927043623898,3.3090175104347503,9981
11665,0.16825,0.16864682092031594,3.3089694492064528,9982
8019,0.16816666666666666,0.16864296869589587,3.308893865849221,9983
8345,0.16808333333333333,0.1686356740548863,3.3087507398530747,9984
8464,0.168,0.16863450729920154,3.3087278472844535,9985
9253,0.16791666666666666,0.16863261059111354,3.308690632535452,9986
7171,0.16783333333333333,0.16863087583213304,3.3086565953419553,9987
3497,0.16775,0.168630172927258,3.3086428038530693,9988
3715,0.16766666666666666,0.16862994384195618,3.308638309038084,9989
3926,0.16758333333333333,0.1686209213846306,3.3084612820684005,9990
6154,0.1675,0.16861809943462192,3.3084059134210415,9991
11843,0.16741666666666666,0.16861451351992138,3.3083355552480347,9992
5567,0.16733333333333333,0.16861338501643122,3.308313413214476,9993
3516,0.16725,0.16861323931616712,3.308310554472642,9994
2368,0.16716666666666666,0.1686063462402453,3.3081753074664526,9995
2601,0.16708333333333333,0.168597945845806,3.3080104858089197,9996
8526,0.167,0.16859043627702458,3.3078631427784027,9997
8312,0.16691666666666666,0.16858614669534078,3.307778978163535,9998
6544,0.16683333333333333,0.16858123951573334,3.3076826958421615,9999
11146,0.16675,0.168571180753891,3.3074853358477463,10000
8195,0.16666666666666666,0.1685705929964695,3.3074738036330267,10001
2295,0.16658333333333333,0.16856910890240626,3.3074446846619,10002
3674,0.1665,0.16856796992367445,3.3074223370967006,10003
4151,0.16641666666666666,0.16856384423571083,3.307341388192005,10004
11468,0.16633333333333333,0.168563787425334,3.307340273532377,10005
11675,0.16625,0.16856198855761004,3.3073049784802455,10006
83,0.16616666666666666,0.16855684505554178,3.3072040593457306,10007
5557,0.16608333333333333,0.16855431785438818,3.307154473878493,10008
5046,0.166,0.16854949724724336,3.307059890169916,10009
499,0.16591666666666666,0.1685488538580809,3.3070472664212436,10010
9634,0.16583333333333333,0.1685488258858327,3.307046717585987,10011
502,0.16575,0.16854782768916002,3.30702713226397,10012
7652,0.16566666666666666,0.1685308290551082,3.3066936070872393,10013
7281,0.16558333333333333,0.16852838571191264,3.3066456669722224,10014
11511,0.1655,0.1685277919012232,3.3066340159881165,10015
3788,0.16541666666666666,0.16851290635240476,3.306341951032448,10016
7849,0.16533333333333333,0.16851020594102056,3.306288967058488,10017
2548,0.16525,0.16850629245898727,3.3062121817837324,10018
6543,0.16516666666666666,0.16850558819491007,3.3061983636262977,10019
638,0.16508333333333333,0.16850524834637062,3.306191695558525,10020
7080,0.165,0.16849231485189417,3.305937931284409,10021
3439,0.16491666666666666,0.16848985451752266,3.3058896577905497,10022
4922,0.16483333333333333,0.16848749496712556,3.3058433617493233,10023
3650,0.16475,0.16848634231827792,3.305820745966795,10024
8862,0.16466666666666666,0.1684831462696801,3.3057580372414765,10025
6724,0.16458333333333333,0.16848051199779154,3.305706350971005,10026
10855,0.1645,0.16847851757945104,3.305667219077983,10027
10151,0.16441666666666666,0.16847345511240494,3.3055678899076564,10028
3815,0.16433333333333333,0.16847327346853574,3.305564325926993,10029
2274,0.16425,0.16847219148327236,3.3055430966137793,10030
6094,0.16416666666666666,0.1684659700391241,3.305421027496192,10031
2561,0.16408333333333333,0.1684614354361463,3.30533205539085,10032
7672,0.164,0.16844707205620618,3.3050502357564957,10033
1349,0.16391666666666665,0.1684436014797859,3.304982140601866,10034
3653,0.16383333333333333,0.16843865151520376,3.304885018809215,10035
8193,0.16375,0.16843322788915582,3.3047786034448343,10036
2969,0.16366666666666665,0.16842989847304912,3.3047132779550337,10037
8399,0.16358333333333333,0.16842594265406952,3.3046356619995096,10038
4507,0.1635,0.16841722530939882,3.3044646215551006,10039
9538,0.16341666666666665,0.16841479567681672,3.304416950452014,10040
372,0.16333333333333333,0.1684124143881195,3.3043702278900495,10041
9719,0.16325,0.16841016988922383,3.304326189240304,10042
10090,0.16316666666666665,0.16840443637762656,3.304213693703079,10043
2973,0.16308333333333333,0.16840286243726227,3.304182811884222,10044
9,0.163,0.1684004299531663,3.304135084832443,10045
509,0.16291666666666665,0.16840024205715645,3.3041313981803366,10046
1849,0.16283333333333333,0.1683939628283863,3.304008195287712,10047
1532,0.16275,0.16839283401571042,3.303986047187677,10048
7350,0.16266666666666665,0.16838948534710857,3.3039203439503604,10049
246,0.16258333333333333,0.1683818363265636,3.3037702647780627,10050
3796,0.1625,0.16837835163517473,3.3037018926778194,10051
3173,0.16241666666666665,0.16837494353150206,3.303635023282525,10052
7065,0.16233333333333333,0.16837304461819158,3.303597765265427,10053
5978,0.16225,0.1683720756879801,3.303578754172045,10054
6280,0.16216666666666665,0.16836948781119712,3.3035279782061853,10055
2489,0.16208333333333333,0.16835746451455422,3.3032920726548998,10056
4247,0.162,0.16834911016169674,3.303128154365617,10057
365,0.16191666666666665,0.16834836571251946,3.30311354774825,10058
3004,0.16183333333333333,0.16834627138301528,3.3030724555278015,10059
5101,0.16175,0.168345526803883,3.3030578463606037,10060
3122,0.16166666666666665,0.16834103071065007,3.302969629843612,10061
4542,0.16158333333333333,0.1683385090289575,3.3029201526721126,10062
6206,0.1615,0.16833571824311022,3.302865395487471,10063
7070,0.16141666666666668,0.16832515150694802,3.302658068678987,10064
4314,0.16133333333333333,0.16832407187257867,3.3026368854920323,10065
2664,0.16125,0.16830969935862627,3.3023548866418624,10066
8975,0.16116666666666668,0.16830623997316707,3.3022870110617983,10067
1371,0.16108333333333333,0.16830425028134238,3.3022479719063393,10068
5587,0.161,0.1683009501315503,3.302183220642221,10069
8758,0.16091666666666668,0.1683000348895194,3.302165262948738,10070
2249,0.16083333333333333,0.16829914928457862,3.302147886755886,10071
1386,0.16075,0.1682937265623916,3.3020414891258962,10072
3806,0.16066666666666668,0.16829274613877168,3.302022252523697,10073
1801,0.16058333333333333,0.16828816349451542,3.3019323378145984,10074
3070,0.1605,0.16828763137115652,3.3019218971793594,10075
8348,0.16041666666666668,0.16828162258442964,3.3018040005501983,10076
6195,0.16033333333333333,0.1682786300455109,3.3017452848281676,10077
1167,0.16025,0.16827639393470276,3.3017014107586435,10078
4716,0.16016666666666668,0.16827386298530192,3.301651751748171,10079
7208,0.16008333333333333,0.16827033902542965,3.301582609172601,10080
2129,0.16,0.168268646561453,3.301549401836959,10081
4250,0.15991666666666668,0.16826444138329538,3.3014668932786577,10082
1440,0.15983333333333333,0.16826016715101752,3.3013830298299096,10083
3899,0.15975,0.16825022401618306,3.301187938518855,10084
2923,0.15966666666666668,0.16824809912682884,3.301146246692621,10085
7183,0.15958333333333333,0.16824762305198956,3.3011369057688142,10086
1205,0.1595,0.1682474533954395,3.3011335769878327,10087
1344,0.15941666666666668,0.16823960951842926,3.3009796745943243,10088
6333,0.15933333333333333,0.1682370900421638,3.3009302406948207,10089
298,0.15925,0.16822892698782205,3.300770075817262,10090
615,0.15916666666666668,0.16821721168689643,3.300540213358933,10091
11387,0.15908333333333333,0.16821618533474306,3.3005200756065367,10092
381,0.159,0.16821220276343518,3.3004419347514893,10093
3099,0.15891666666666668,0.1682098547294419,3.300395864670195,10094
1720,0.15883333333333333,0.16820720714955814,3.3003439172874947,10095
1108,0.15875,0.16820328937770596,3.3002670478434126,10096
9153,0.15866666666666668,0.16819636179237085,3.3001311237381667,10097
5708,0.15858333333333333,0.16818857170231918,3.2999782766827597,10098
5005,0.1585,0.16818449787644094,3.299898345348731,10099
11859,0.15841666666666668,0.1681783771628321,3.2997782526352997,10100
9088,0.15833333333333333,0.16817695040825456,3.29975025870521,10101
4642,0.15825,0.16817625820519408,3.29973667719348,10102
4040,0.15816666666666668,0.16817307951779606,3.2996743091071377,10103
11172,0.15808333333333333,0.16816996827643674,3.299613264359621,10104
2255,0.158,0.16816879357259398,3.299590215842575,10105
10952,0.15791666666666668,0.16815402887540012,3.29930052208091,10106
6126,0.15783333333333333,0.16815197597296644,3.2992602426887743,10107
4519,0.15775,0.16815110247640483,3.2992431040707744,10108
138,0.15766666666666668,0.16814869079938646,3.2991957852685156,10109
11773,0.15758333333333333,0.16814654153533584,3.2991536151935357,10110
7711,0.1575,0.16814474319631792,3.299118330514962,10111
7737,0.15741666666666668,0.1681434308883445,3.29909258210788,10112
9064,0.15733333333333333,0.1681331423271519,3.298890713288352,10113
253,0.15725,0.16813114227831463,3.2988514709209933,10114
11245,0.15716666666666668,0.1681291154296437,3.2988117027220225,10115
660,0.15708333333333332,0.16811388695357585,3.2985129092920933,10116
5689,0.157,0.16811295582705504,3.298494639933704,10117
3404,0.15691666666666668,0.16811214186490242,3.298478669422818,10118
3447,0.15683333333333332,0.16811196597772343,3.2984752183924524,10119
12,0.15675,0.1681116830923982,3.2984696679830443,10120
8835,0.15666666666666668,0.1681108057162595,3.298452453244991,10121
6582,0.15658333333333332,0.16811067886710224,3.29844996437517,10122
8470,0.1565,0.16810222969517977,3.298284185669054,10123
11527,0.15641666666666668,0.16809526945729664,3.2981476208978173,10124
5532,0.15633333333333332,0.1680948794272736,3.298139968234004,10125
3622,0.15625,0.16809200268675653,3.29808352455823,10126
2517,0.15616666666666668,0.1680806413848112,3.297860607809238,10127
7339,0.15608333333333332,0.16808055018732354,3.297858818450274,10128
3192,0.156,0.16807450366880353,3.297740181496792,10129
10625,0.15591666666666668,0.16807173008599208,3.297685761847835,10130
5927,0.15583333333333332,0.16806930445097668,3.297638169179811,10131
3252,0.15575,0.1680619161829208,3.297493206155023,10132
1363,0.15566666666666668,0.16805079328551248,3.29727496707108,10133
5211,0.15558333333333332,0.16804836025924566,3.297227229381512,10134
7618,0.1555,0.168036787082808,3.2970001555057604,10135
5658,0.15541666666666668,0.16802955157048613,3.296858189656114,10136
7820,0.15533333333333332,0.16802838076800422,3.2968352176864535,10137
3877,0.15525,0.16802705641797747,3.296809233005844,10138
5009,0.15516666666666667,0.1680252727755284,3.2967742366843,10139
6272,0.15508333333333332,0.16802470940155578,3.2967631828900252,10140
6259,0.155,0.16802267562113343,3.29672327868521,10141
3119,0.15491666666666667,0.16802085273033385,3.296687512283383,10142
7492,0.15483333333333332,0.16801217652933254,3.2965172791067703,10143
6207,0.15475,0.16800831542268643,3.296441521473967,10144
5099,0.15466666666666667,0.16799994833865264,3.29627735339007,10145
5514,0.15458333333333332,0.16799899708861882,3.2962586891942065,10146
5808,0.1545,0.16799844755785032,3.2962479070133592,10147
4791,0.15441666666666667,0.16799276909482883,3.296136491567994,10148
976,0.15433333333333332,0.16798938977300257,3.2960701868928335,10149
6848,0.15425,0.16798467121690358,3.295977605497618,10150
11068,0.15416666666666667,0.16797364539821452,3.295761271166592,10151
988,0.15408333333333332,0.16797363287482128,3.2957610254487855,10152
1144,0.154,0.16797053964404313,3.295700334081504,10153
7514,0.15391666666666667,0.16796386736428137,3.295569419251507,10154
3614,0.15383333333333332,0.16795822737965502,3.295458758779424,10155
5204,0.15375,0.16795770632745438,3.295448535368128,10156
1867,0.15366666666666667,0.16795597038412416,3.295414474936893,10157
3747,0.15358333333333332,0.16795248215551226,3.295346033433806,10158
982,0.1535,0.16794571492332133,3.2952132555702836,10159
5100,0.15341666666666667,0.16793239760055068,3.294951960314601,10160
543,0.15333333333333332,0.16793202893689751,3.294944726873995,10161
2832,0.15325,0.16792133413098576,3.294734887246817,10162
730,0.15316666666666667,0.16791664795711939,3.2946429412138434,10163
843,0.15308333333333332,0.16791490285082025,3.294608700998692,10164
8273,0.153,0.16790745564560586,3.2944625815852966,10165
4144,0.15291666666666667,0.16790315428726685,3.2943781859041392,10166
4874,0.15283333333333332,0.1679019745588157,3.2943550388007288,10167
8386,0.15275,0.16789929549327925,3.294302473647302,10168
1377,0.15266666666666667,0.16789846743109269,3.2942862264837998,10169
4699,0.15258333333333332,0.16789122719588553,3.2941441679678283,10170
8424,0.1525,0.16788461663951249,3.294014464194194,10171
9984,0.15241666666666667,0.16788304962367534,3.293983718239426,10172
2013,0.15233333333333332,0.16788018000721008,3.2939274143425283,10173
10960,0.15225,0.16787772808527177,3.293879305906578,10174
11508,0.15216666666666667,0.16786767529039728,3.2936820629882355,10175
8628,0.15208333333333332,0.16786406617759736,3.293611249652264,10176
8693,0.152,0.16786404257344678,3.2936107865222395,10177
11745,0.15191666666666667,0.1678635482386726,3.2936010873256345,10178
5143,0.15183333333333332,0.1678594739356373,3.293521146629515,10179
11589,0.15175,0.16785089939144557,3.2933529080310864,10180
9637,0.15166666666666667,0.1678485549670821,3.293306908773306,10181
9787,0.15158333333333332,0.16784763520979215,3.2932888624872234,10182
45,0.1515,0.16783914988317314,3.293122374400527,10183
6617,0.15141666666666667,0.16783819365446137,3.293103612519456,10184
9436,0.15133333333333332,0.16783727007635105,3.2930854912662353,10185
3040,0.15125,0.16782979457062366,3.292938816576859,10186
3002,0.15116666666666667,0.16781591661583511,3.29266652132603,10187
944,0.15108333333333332,0.16780874984558128,3.29252590424414,10188
5996,0.151,0.16780499450194425,3.2924522217561325,10189
7525,0.15091666666666667,0.16779996238589526,3.2923534880937497,10190
6793,0.15083333333333335,0.16779256232334525,3.2922082936526795,10191
184,0.15075,0.16779169356984344,3.2921912480968807,10192
7077,0.15066666666666667,0.16778319121699387,3.292024425943501,10193
1114,0.15058333333333335,0.16777910170460578,3.2919441868291432,10194
7186,0.1505,0.1677778284181208,3.291919204051175,10195
9267,0.15041666666666667,0.1677666002880355,3.291698900227976,10196
6384,0.15033333333333335,0.16776649879722907,3.2916969089068333,10197
3156,0.15025,0.1677615878868846,3.291600553385813,10198
11719,0.15016666666666667,0.16775874923328915,3.291544857002244,10199
4824,0.15008333333333335,0.1677583594447116,3.291537209075707,10200
6429,0.15,0.16775686854112054,3.291507956496851,10201
3159,0.14991666666666667,0.16774991391613323,3.2913715018546155,10202
5121,0.14983333333333335,0.16773038036345242,3.290988239788346,10203
3316,0.14975,0.16772397872178235,3.290862635068404,10204
4471,0.14966666666666667,0.16772383024680315,3.2908597218846767,10205
10024,0.14958333333333335,0.1677230389511011,3.2908441961054984,10206
7744,0.1495,0.16771399988344268,3.290666843229393,10207
205,0.14941666666666667,0.16771380708543188,3.29066306039661,10208
3587,0.14933333333333335,0.1677124115482323,3.2906356789734934,10209
6382,0.14925,0.16770381802089213,3.2904670679123624,10210
9276,0.14916666666666667,0.16770234332167425,3.290438133274696,10211
9981,0.14908333333333335,0.16769924043711587,3.290377252493478,10212
1322,0.149,0.16769898867088853,3.290372312662729,10213
11640,0.14891666666666667,0.16769888798221036,3.2903703370798625,10214
4968,0.14883333333333335,0.167696595747563,3.290325361821082,10215
4183,0.14875,0.16769620614925942,3.290317717627871,10216
104,0.14866666666666667,0.1676934709886135,3.2902640518489292,10217
742,0.14858333333333335,0.1676929363918551,3.2902535626838803,10218
5410,0.1485,0.16769213060677474,3.2902377526128754,10219
2551,0.14841666666666667,0.1676831898202082,3.2900623280810803,10220
5184,0.14833333333333334,0.16768229190863868,3.290044710423432,10221
5701,0.14825,0.1676728854684478,3.289860149439383,10222
10752,0.14816666666666667,0.16766583728290235,3.289721859073067,10223
2950,0.14808333333333334,0.16766153415016288,3.2896374285769245,10224
1898,0.148,0.16765915401967116,3.289590728739719,10225
4320,0.14791666666666667,0.16765867661546277,3.289581361732785,10226
4,0.14783333333333334,0.16762882647617522,3.288995680968565,10227
4218,0.14775,0.16761823899473288,3.2887879471230765,10228
2480,0.14766666666666667,0.1676170504081162,3.288764626216249,10229
8886,0.14758333333333334,0.16761524498730765,3.2887292025879105,10230
10037,0.1475,0.1676070349385408,3.2885681156466235,10231
5321,0.14741666666666667,0.1676054821200586,3.288537648253918,10232
9707,0.14733333333333334,0.16760515645299362,3.2885312584366693,10233
2117,0.14725,0.1675937346744551,3.288307155094352,10234
7938,0.14716666666666667,0.16759357192837918,3.2883039619017325,10235
8801,0.14708333333333334,0.16759292567693532,3.2882912819929997,10236
6133,0.147,0.16759112042876745,3.2882558617520363,10237
8511,0.14691666666666667,0.1675907127303037,3.2882478624209295,10238
16,0.14683333333333334,0.16758767789089743,3.2881883167335744,10239
547,0.14675,0.16758487493025354,3.288133320670898,10240
4440,0.14666666666666667,0.16758251733874463,3.288087063064358,10241
4356,0.14658333333333334,0.1675789234215475,3.2880165478767958,10242
11375,0.1465,0.16757502183555595,3.2879399960107323,10243
11795,0.14641666666666667,0.16757187241794327,3.2878782022182134,10244
4297,0.14633333333333334,0.1675630916143035,3.287705916664134,10245
11903,0.14625,0.16756048118439842,3.2876546981901287,10246
67,0.14616666666666667,0.16756014770816388,3.287648155151503,10247
4096,0.14608333333333334,0.16755612251789456,3.2875691780824097,10248
4541,0.146,0.16755009616789301,3.287450936849427,10249
1891,0.14591666666666667,0.16754470029503404,3.287345066022165,10250
7390,0.14583333333333334,0.1675404528329911,3.287261727824262,10251
895,0.14575,0.16754012885908345,3.2872553712279737,10252
1791,0.14566666666666667,0.16751897765472107,3.286840369695942,10253
9427,0.14558333333333334,0.1675184213421498,3.28682945445136,10254
8702,0.1455,0.16751593313568341,3.286780634087349,10255
7773,0.14541666666666667,0.1675151238342958,3.2867647550238965,10256
2773,0.14533333333333334,0.1675133606074503,3.286730159270901,10257
34,0.14525,0.1675112109638454,3.2866879817488255,10258
8752,0.14516666666666667,0.16750502201164283,3.2865665501460883,10259
3820,0.14508333333333334,0.16750018256032423,3.2864715967015257,10260
6718,0.145,0.16749529636950028,3.28637572619493,10261
6430,0.14491666666666667,0.1674919407322365,3.2863098862275084,10262
3950,0.14483333333333334,0.1674841544207164,3.2861571133095255,10263
1116,0.14475,0.16748186738916576,3.2861122401391603,10264
8389,0.14466666666666667,0.16746560997130852,3.2857932581463882,10265
403,0.14458333333333334,0.16746086980999064,3.285700252841565,10266
6074,0.1445,0.16745593566163852,3.285603441374478,10267
1926,0.14441666666666667,0.16745287638433407,3.2855434161982693,10268
2691,0.14433333333333334,0.16745250402384732,3.285536110223136,10269
8343,0.14425,0.16745105333492472,3.2855076466843744,10270
290,0.14416666666666667,0.16744292068012162,3.285348078267207,10271
643,0.14408333333333334,0.16743676637963845,3.2852273265555905,10272
7764,0.144,0.16743031107405495,3.2851006689118414,10273
3017,0.14391666666666666,0.16742566268180462,3.2850094641808028,10274
9800,0.14383333333333334,0.16742270734519893,3.284951478394353,10275
326,0.14375,0.16741456054832315,3.2847916324997293,10276
6785,0.14366666666666666,0.16740711699329108,3.284645584705508,10277
7388,0.14358333333333334,0.167403246744872,3.2845696477046946,10278
5265,0.1435,0.1673934194068292,3.284376828408266,10279
2846,0.14341666666666666,0.16738810040919772,3.2842724659271942,10280
4653,0.14333333333333334,0.16738308693818518,3.2841740980935685,10281
1227,0.14325,0.16736806271076893,3.283879312166113,10282
19,0.14316666666666666,0.16736717369120238,3.2838618689758547,10283
5948,0.14308333333333334,0.16735500320553479,3.2836230754721343,10284
9147,0.143,0.16734913378118993,3.283507913231096,10285
481,0.14291666666666666,0.1673475456072868,3.2834767521401442,10286
5262,0.14283333333333334,0.16734494649137766,3.2834257556547835,10287
8715,0.14275,0.1673442403552234,3.283411900765911,10288
3854,0.14266666666666666,0.1673430598926978,3.283388739259423,10289
11433,0.14258333333333334,0.16733492192095925,3.2832290665201747,10290
10246,0.1425,0.1673324863987725,3.2831812798589004,10291
9201,0.14241666666666666,0.16733005703712278,3.283133614071732,10292
6566,0.14233333333333334,0.1673276804724632,3.2830869841986132,10293
3577,0.14225,0.16731827631575527,3.2829024680182055,10294
10623,0.14216666666666666,0.16731542108151007,3.2828464463105442,10295
4840,0.14208333333333334,0.1672997962627813,3.282539876358431,10296
2183,0.142,0.16729472308332077,3.282440337003038,10297
11963,0.14191666666666666,0.1672891178940366,3.2823303592399964,10298
1999,0.14183333333333334,0.16727840458999152,3.2821201566664393,10299
4821,0.14175,0.1672772142497035,3.282096801351325,10300
8842,0.14166666666666666,0.16727233043621217,3.2820009774896315,10301
5833,0.14158333333333334,0.16727069106674555,3.281968811905665,10302
858,0.1415,0.16727004469211415,3.281956129580035,10303
8836,0.14141666666666666,0.16726983396781278,3.281951995020746,10304
10215,0.14133333333333334,0.16726798700234521,3.281915756256921,10305
523,0.14125,0.16726623208801897,3.281881323601434,10306
96,0.14116666666666666,0.1672620502454527,3.2817992729038856,10307
8258,0.14108333333333334,0.1672461942679252,3.281488167453208,10308
3711,0.141,0.16724159782486,3.2813979820017627,10309
6268,0.14091666666666666,0.16723772345705262,3.2813219641756737,10310
8085,0.14083333333333334,0.16723745341152577,3.281316665692154,10311
9665,0.14075,0.16723243422005224,3.2812181856191023,10312
364,0.14066666666666666,0.16723031926575307,3.2811766887256186,10313
6441,0.14058333333333334,0.16722904925913756,3.2811517703010207,10314
4511,0.1405,0.16722568506589947,3.2810857624594236,10315
9481,0.14041666666666666,0.16722492121803004,3.2810707752259827,10316
676,0.14033333333333334,0.16722335402931396,3.2810400258792702,10317
3089,0.14025,0.1672162707925069,3.280901047782486,10318
11855,0.14016666666666666,0.1672146315094391,3.2808688838936613,10319
2339,0.14008333333333334,0.16720822000476887,3.280743085654752,10320
389,0.14,0.16720682495832653,3.280715713860629,10321
5893,0.13991666666666666,0.16720613227739514,3.280702122972709,10322
6871,0.13983333333333334,0.16720042883840858,3.280590217481326,10323
18,0.13975,0.1671982316025416,3.280547106165577,10324
436,0.13966666666666666,0.16719747584543093,3.280532277678563,10325
3463,0.13958333333333334,0.1671968496602621,3.2805199914843692,10326
1626,0.1395,0.16718342477172404,3.2802565857125425,10327
3959,0.13941666666666666,0.16718308668307347,3.2802499521750317,10328
74,0.13933333333333334,0.16717979300450533,3.2801853278808872,10329
3153,0.13925,0.16717953746658198,3.280180314046792,10330
6534,0.13916666666666666,0.16716950440213701,3.2799834582534277,10331
5693,0.13908333333333334,0.16716439461691915,3.279883200667231,10332
88,0.139,0.1671572605835376,3.279743225905956,10333
2467,0.13891666666666666,0.16713222506661285,3.2792520114247132,10334
9786,0.13883333333333334,0.16712593385950547,3.2791285735086744,10335
2542,0.13875,0.1671250798049213,3.279111816355986,10336
7017,0.13866666666666666,0.16712342335492567,3.2790793156399802,10337
10362,0.13858333333333334,0.16711580921260127,3.2789299208029448,10338
7437,0.1385,0.1671132760242103,3.27888021786192,10339
9631,0.13841666666666666,0.16711105579358013,3.2788366553726185,10340
3894,0.13833333333333334,0.16710472273395066,3.2787123962806524,10341
2321,0.13825,0.16710418147376807,3.278701776374543,10342
9502,0.13816666666666666,0.1671005582590479,3.278630686348868,10343
1616,0.13808333333333334,0.16709840118492722,3.2785883630348778,10344
6135,0.138,0.1670963734821297,3.2785485780773493,10345
10318,0.13791666666666666,0.16709621144176923,3.278545398731318,10346
425,0.13783333333333334,0.16709058335560784,3.278434971715454,10347
4695,0.13775,0.16708908594299315,3.2784055914249106,10348
2541,0.13766666666666666,0.16708334129163097,3.2782928773177327,10349
281,0.13758333333333334,0.16707833645216907,3.278194678841272,10350
755,0.1375,0.1670712683697532,3.278055998084306,10351
6084,0.13741666666666666,0.1670581825304778,3.277799244697905,10352
8891,0.13733333333333334,0.16705563029281467,3.2777491679967596,10353
3450,0.13725,0.16704742778459997,3.2775882290063354,10354
299,0.13716666666666666,0.16703306496627862,3.2773064203913442,10355
5971,0.13708333333333333,0.16700902123540898,3.276834665451263,10356
10217,0.137,0.1670073813893399,3.2768024905160056,10357
3609,0.13691666666666666,0.16700243705240236,3.276705479141743,10358
9855,0.13683333333333333,0.16699230352276448,3.276506652150479,10359
2408,0.13675,0.16698697791633935,3.2764021600002002,10360
4107,0.13666666666666666,0.1669858018312424,3.2763790843819374,10361
9648,0.13658333333333333,0.16698265150723446,3.2763172728053087,10362
2706,0.1365,0.16698199366492433,3.2763043654756774,10363
1545,0.13641666666666666,0.16697769728580517,3.2762200674902773,10364
2720,0.13633333333333333,0.16697674056486833,3.2762012959514344,10365
6090,0.13625,0.1669635179754876,3.2759418594315908,10366
8567,0.13616666666666666,0.16695568912143005,3.2757882517990664,10367
8703,0.13608333333333333,0.16695559760756198,3.2757864562324928,10368
3665,0.136,0.16695372750505807,3.275749763503751,10369
5608,0.13591666666666666,0.16695302337582804,3.275735947992121,10370
369,0.13583333333333333,0.16695003097230995,3.275677234926769,10371
5369,0.13575,0.16694641220838588,3.27560623222894,10372
6563,0.13566666666666666,0.16694578392460369,3.2755939048584484,10373
2582,0.13558333333333333,0.16694131217026148,3.275506165887621,10374
1015,0.1355,0.16693432972019112,3.2753691652976236,10375
5468,0.13541666666666666,0.16693296093114998,3.2753423086922107,10376
5573,0.13533333333333333,0.16693053631412433,3.2752947359979268,10377
5450,0.13525,0.16692987834799508,3.275281826238885,10378
2948,0.13516666666666666,0.16692878737128436,3.275260420507159,10379
3736,0.13508333333333333,0.16691897848138676,3.2750679631763258,10380
6927,0.135,0.16691868279745936,3.275062161649383,10381
6269,0.13491666666666666,0.1669176720818619,3.2750423306972047,10382
6005,0.13483333333333333,0.16691056651484398,3.2749029144660184,10383
508,0.13475,0.16690871084141445,3.274866504845882,10384
10569,0.13466666666666666,0.16690431724909238,3.274780299468943,10385
5638,0.13458333333333333,0.16689913768061396,3.274678672686049,10386
987,0.1345,0.16689628357162237,3.2746226730567085,10387
267,0.13441666666666666,0.16689467826114018,3.274591175734014,10388
7132,0.13433333333333333,0.16688968486426864,3.2744932017691903,10389
5278,0.13425,0.16687170753501307,3.2741404739030737,10390
4498,0.13416666666666666,0.16687080244893565,3.2741227154765,10391
3501,0.13408333333333333,0.16686677414137646,3.2740436772440087,10392
4308,0.134,0.16686432043475743,3.2739955337913305,10393
1863,0.13391666666666666,0.16685710257019795,3.2738539142031895,10394
7202,0.13383333333333333,0.1668533235114421,3.273779766407794,10395
2432,0.13375,0.1668526660983333,3.2737668674993974,10396
8070,0.13366666666666666,0.16683313708589728,3.273383694515918,10397
1007,0.13358333333333333,0.1668306679607678,3.273335248541263,10398
2188,0.1335,0.16682573551322688,3.2732384704452677,10399
5758,0.13341666666666666,0.16682516845042872,3.273227344273587,10400
10647,0.13333333333333333,0.16682032164926766,3.273132246619925,10401
2887,0.13325,0.16681068895283233,3.2729432463290187,10402
6808,0.13316666666666666,0.1668045063933541,3.2728219401560352,10403
1360,0.13308333333333333,0.16680442375535734,3.2728203187403153,10404
4822,0.133,0.16680225112583663,3.272777690218372,10405
4783,0.13291666666666666,0.16678961091288771,3.272529680334435,10406
2491,0.13283333333333333,0.16677784324199008,3.2722987903403666,10407
8089,0.13275,0.1667775345755545,3.2722927340873937,10408
9430,0.13266666666666665,0.16677237752982046,3.2721915492166107,10409
9287,0.13258333333333333,0.16676867886082725,3.2721189787250444,10410
4262,0.1325,0.1667652245882511,3.272051203463303,10411
7689,0.13241666666666665,0.16675857839057634,3.271920800382241,10412
5307,0.13233333333333333,0.16674921421215486,3.2717370686039837,10413
717,0.13225,0.1667470474740194,3.2716945556751575,10414
4316,0.13216666666666665,0.16674696639862457,3.271692964918745,10415
848,0.13208333333333333,0.16672987411612833,3.2713576022935653,10416
769,0.132,0.16672656928163174,3.271292759112251,10417
105,0.13191666666666665,0.1667253772664596,3.2712693709347516,10418
9895,0.13183333333333333,0.16672077032640537,3.2711789795249495,10419
8363,0.13175,0.16671971563779275,3.271158285791243,10420
2619,0.13166666666666665,0.16671483554591124,3.2710625349502624,10421
9702,0.13158333333333333,0.16670990849094483,3.270965862660379,10422
1080,0.1315,0.16670772450555443,3.270923011328252,10423
4967,0.13141666666666665,0.16670448733569215,3.270859495774738,10424
4573,0.13133333333333333,0.16670114594207555,3.270793935277782,10425
5919,0.13125,0.166700905842366,3.270789224352301,10426
1444,0.13116666666666665,0.16669433069318312,3.2706602152926987,10427
2696,0.13108333333333333,0.16667822365081844,3.2703441837730374,10428
724,0.131,0.16667304462993193,3.2702425677342646,10429
128,0.13091666666666665,0.1666721097110894,3.2702242239678485,10430
517,0.13083333333333333,0.16667112326204955,3.2702048691426837,10431
4776,0.13075,0.1666701911792299,3.270186581021055,10432
6890,0.13066666666666665,0.16666721736784218,3.270128232746381,10433
3560,0.13058333333333333,0.16666168519458083,3.270019687609228,10434
4093,0.1305,0.16665684967295008,3.269924811267843,10435
4947,0.13041666666666665,0.16665642994040172,3.2699165758195705,10436
5922,0.13033333333333333,0.16665635974381884,3.269915198513141,10437
4911,0.13025,0.16665468831004707,3.2698824038049095,10438
3263,0.13016666666666668,0.16665304826279811,3.2698502249223345,10439
5846,0.13008333333333333,0.16664414187829668,3.269675475383271,10440
5840,0.13,0.1666317132302957,3.269431616552698,10441
2918,0.12991666666666668,0.1666315151730628,3.2694277305302553,10442
5473,0.12983333333333333,0.16662312408934862,3.2692630915557173,10443
2889,0.12975,0.16661890214082153,3.2691802539509687,10444
2128,0.12966666666666668,0.16661792997356145,3.2691611793443767,10445
9053,0.12958333333333333,0.16661653894306505,3.2691338863459354,10446
4586,0.1295,0.16661219110861694,3.269048578770759,10447
2839,0.12941666666666668,0.16660353358416002,3.268878712041121,10448
497,0.12933333333333333,0.16660313757657677,3.268870942093371,10449
4272,0.12925,0.1666008619262409,3.2688262922303775,10450
7048,0.12916666666666668,0.16659585466750396,3.2687280462860544,10451
3937,0.12908333333333333,0.1665931396245698,3.2686747752307506,10452
1573,0.129,0.1665849916031916,3.268514905310532,10453
3381,0.12891666666666668,0.16658398158205198,3.2684950879840993,10454
4533,0.12883333333333333,0.16657887540855243,3.2683949012623987,10455
791,0.12875,0.16657408294710954,3.2683008697922897,10456
5877,0.12866666666666668,0.16657397003775057,3.268298654431105,10457
869,0.12858333333333333,0.16656873161229238,3.268195872832818,10458
5640,0.1285,0.16656584226564067,3.268139181815772,10459
3861,0.12841666666666668,0.16655565492922758,3.2679392990977,10460
3782,0.12833333333333333,0.16655229512685396,3.267873377407913,10461
3714,0.12825,0.16654090899253635,3.2676499734303173,10462
4351,0.12816666666666668,0.16653942140569652,3.2676207859284307,10463
820,0.12808333333333333,0.16653770312433114,3.2675870720374522,10464
4516,0.128,0.16653380136689652,3.2675105168075067,10465
852,0.12791666666666668,0.1665307711780909,3.2674510623681643,10466
60,0.12783333333333333,0.16652422744445702,3.267322669703784,10467
1283,0.12775,0.1665194813938244,3.267229548846484,10468
5641,0.12766666666666668,0.16651827045013562,3.2672057892780795,10469
3217,0.12758333333333333,0.16651564373934158,3.2671542513616463,10470
8104,0.1275,0.1665109906488822,3.2670629544484147,10471
4454,0.12741666666666668,0.16650242406823892,3.266894872100499,10472
11473,0.12733333333333333,0.16648232008788974,3.2665004178414456,10473
2176,0.12725,0.1664818353147067,3.2664909062500462,10474
6701,0.12716666666666668,0.16647925447335946,3.266440268324407,10475
2527,0.12708333333333333,0.16647739509465476,3.266403786004214,10476
1622,0.127,0.1664761269124359,3.266378903375541,10477
11153,0.12691666666666668,0.16647317795146244,3.266321042683491,10478
7027,0.12683333333333333,0.1664727055297745,3.2663117734371196,10479
1524,0.12675,0.16647266936294985,3.2663110638185495,10480
4952,0.12666666666666668,0.1664653548419809,3.266167547763576,10481
7386,0.12658333333333333,0.16646480965332477,3.266156850778031,10482
4790,0.1265,0.16645816848762734,3.2660265464279226,10483
7640,0.12641666666666668,0.1664537473504927,3.265939800602344,10484
7806,0.12633333333333333,0.1664456740038575,3.26578139585315,10485
1927,0.12625,0.1664374356713621,3.265619753965198,10486
3860,0.12616666666666668,0.16643587094370357,3.265589052906071,10487
7748,0.12608333333333333,0.1664341306457107,3.2655549070333034,10488
3207,0.126,0.16643107433141865,3.265494939993527,10489
6395,0.12591666666666668,0.16642535073041934,3.265382638909204,10490
8898,0.12583333333333332,0.16642409192729465,3.2653579403050217,10491
9736,0.12575,0.16642276411471113,3.265331887686547,10492
2998,0.12566666666666668,0.16641826285576095,3.265243569814561,10493
11481,0.12558333333333332,0.16641660967847607,3.2652111333114093,10494
6907,0.1255,0.16641428196124522,3.265165461859339,10495
614,0.12541666666666668,0.1664142718216966,3.265165262914266,10496
6027,0.12533333333333332,0.16641163767000933,3.265113579002218,10497
1813,0.12525,0.16641157478061053,3.2651123450679425,10498
8532,0.12516666666666668,0.16640900801196087,3.2650619832585512,10499
9817,0.12508333333333332,0.1664070758919453,3.2650240737025302,10500
9350,0.125,0.16640318201074472,3.2649476730098717,10501
9635,0.12491666666666666,0.16640285459121013,3.264941248807925,10502
1539,0.12483333333333334,0.1663979416734461,3.264844853899933,10503
8813,0.12475,0.16638985511189458,3.2646861898647748,10504
11082,0.12466666666666666,0.16637979991716936,3.2644888998597335,10505
5290,0.12458333333333334,0.16636869775288138,3.264271067574183,10506
8792,0.1245,0.16635736540744298,3.264048718972268,10507
3672,0.12441666666666666,0.16635347729314579,3.2639724314303487,10508
4953,0.12433333333333334,0.1663519192111218,3.2639418607632678,10509
5208,0.12425,0.16634894780775764,3.263883559735726,10510
8594,0.12416666666666666,0.16634536470170094,3.263813256670339,10511
1455,0.12408333333333334,0.1663396254041236,3.2637006476082053,10512
1269,0.124,0.166339337583937,3.2636950003733407,10513
6713,0.12391666666666666,0.16633123034885747,3.263535930708972,10514
7570,0.12383333333333334,0.16633105363072545,3.26353246337473,10515
419,0.12375,0.16632721681895973,3.263457182424609,10516
6856,0.12366666666666666,0.1663137675121211,3.2631932975484963,10517
2685,0.12358333333333334,0.16631001885971344,3.263119746347151,10518
6833,0.1235,0.16630855356457547,3.263090996224085,10519
7403,0.12341666666666666,0.1663077375000605,3.2630749844633655,10520
11125,0.12333333333333334,0.16630701196830816,3.2630607490191315,10521
2173,0.12325,0.16630265621900386,3.26297528614894,10522
61,0.12316666666666666,0.1662947554184968,3.2628202668763597,10523
4785,0.12308333333333334,0.16629449430361268,3.262815143618373,10524
7475,0.123,0.16628667224288865,3.2626616692757993,10525
10416,0.12291666666666666,0.1662839792981922,3.262608831803483,10526
4349,0.12283333333333334,0.166281037338444,3.262551108480394,10527
4138,0.12275,0.16628071830797733,3.262544848877863,10528
4068,0.12266666666666666,0.16627659407180648,3.2624639284583914,10529
6888,0.12258333333333334,0.16627398173694583,3.262412672607859,10530
1341,0.1225,0.16626662386731605,3.2622683060216473,10531
5711,0.12241666666666666,0.1662632193255294,3.262201506513047,10532
1153,0.12233333333333334,0.16626020827524007,3.262142427584931,10533
3531,0.12225,0.16625642853541886,3.262068266426568,10534
5545,0.12216666666666667,0.16625123894530272,3.261966443012052,10535
5803,0.12208333333333334,0.16625049379617457,3.2619518226611692,10536
2924,0.122,0.16624999763979598,3.2619420877234724,10537
6181,0.12191666666666667,0.1662327986474444,3.2616046313756923,10538
7089,0.12183333333333334,0.1662298536628236,3.261546848702471,10539
5286,0.12175,0.16622959971919204,3.261541866149498,10540
8916,0.12166666666666667,0.16622497159001248,3.261451058994151,10541
4912,0.12158333333333333,0.16622429485421977,3.261437780961113,10542
774,0.1215,0.16622189308166363,3.2613906564913666,10543
8791,0.12141666666666667,0.16621870605256558,3.2613281247349835,10544
5925,0.12133333333333333,0.16621078155765007,3.2611726405614117,10545
999,0.12125,0.16620915518724447,3.2611407300281847,10546
7486,0.12116666666666667,0.16620376076027701,3.2610348875703377,10547
6864,0.12108333333333333,0.16620076572060766,3.2609761227818517,10548
9769,0.121,0.16619569493282774,3.260876630352862,10549
1630,0.12091666666666667,0.16619021498253425,3.2607691098671756,10550
4113,0.12083333333333333,0.16619017255347535,3.2607682773791424,10551
5930,0.12075,0.1661754464513803,3.2604793408805657,10552
10129,0.12066666666666667,0.16613855247657244,3.2597554551006005,10553
3158,0.12058333333333333,0.1661327103567665,3.259640828593832,10554
2326,0.1205,0.1661321227772937,3.2596292998705945,10555
9195,0.12041666666666667,0.16612263070851546,3.2594430587933534,10556
5425,0.12033333333333333,0.16612058928637471,3.2594030046526106,10557
250,0.12025,0.1661203934193753,3.259399161604141,10558
10417,0.12016666666666667,0.16611955162914557,3.259382645086727,10559
9557,0.12008333333333333,0.16610859811839182,3.2591677294882184,10560
4158,0.12,0.16610712182267856,3.2591387635261913,10561
4826,0.11991666666666667,0.1661050072259764,3.259097273649024,10562
7309,0.11983333333333333,0.16610452207220616,3.259087754590241,10563
8793,0.11975,0.1660970271066059,3.2589406980844684,10564
3505,0.11966666666666667,0.1660962426413944,3.258925306324301,10565
8097,0.11958333333333333,0.16608679241732716,3.2587398862698302,10566
11297,0.1195,0.166082553027424,3.2586567064530008,10567
10486,0.11941666666666667,0.1660657156841601,3.2583263459151226,10568
2666,0.11933333333333333,0.1660585345080955,3.2581854461811677,10569
3835,0.11925,0.16605125408763927,3.2580425992022346,10570
3995,0.11916666666666667,0.1660469953464553,3.2579590396996663,10571
10438,0.11908333333333333,0.16603750176466836,3.2577727689361273,10572
793,0.119,0.16602910849172844,3.2576080870074797,10573
220,0.11891666666666667,0.16602479973162668,3.2575235460984513,10574
5295,0.11883333333333333,0.1660221830032926,3.2574722040448627,10575
6501,0.11875,0.1660195877837483,3.257421284008922,10576
59,0.11866666666666667,0.16601710459214153,3.2573725620400538,10577
2659,0.11858333333333333,0.16600674524004624,3.257169304253077,10578
8350,0.1185,0.16599464325566635,3.256931854792864,10579
10862,0.11841666666666667,0.16599358822828597,3.256911154412375,10580
4926,0.11833333333333333,0.16599201280511638,3.256880243499781,10581
9372,0.11825,0.1659841749719457,3.2567264596907224,10582
3376,0.11816666666666667,0.165984029161318,3.2567235987835055,10583
6796,0.11808333333333333,0.16597476341045328,3.2565417982231484,10584
1375,0.118,0.16597386223189378,3.2565241164649015,10585
2035,0.11791666666666667,0.16596902535665914,3.256429213564884,10586
10578,0.11783333333333333,0.16596873599882045,3.2564235361602263,10587
937,0.11775,0.1659583687212079,3.2562201228690713,10588
3164,0.11766666666666667,0.16595562314642534,3.256166252757388,10589
7847,0.11758333333333333,0.1659542940924594,3.2561401757821544,10590
535,0.1175,0.1659505842812692,3.256067386672794,10591
9568,0.11741666666666667,0.16595043449627603,3.256064447785664,10592
7818,0.11733333333333333,0.165947185219668,3.2560006946892868,10593
1158,0.11725,0.16594662133823873,3.2559896309383873,10594
605,0.11716666666666667,0.16593850678639596,3.2558304177140203,10595
5195,0.11708333333333333,0.16593428830461143,3.25574764812915,10596
2053,0.117,0.1659330125992006,3.2557226178902123,10597
6667,0.11691666666666667,0.16592859152911046,3.255635873380085,10598
3972,0.11683333333333333,0.1659178394510567,3.255424910033138,10599
3311,0.11675,0.16591096573694777,3.2552900429193574,10600
3167,0.11666666666666667,0.16589672559359356,3.2550106412736053,10601
2099,0.11658333333333333,0.16589129409218234,3.2549040713890656,10602
5056,0.1165,0.16588253511234072,3.2547322140333197,10603
7996,0.11641666666666667,0.16587542473799113,3.254592703478839,10604
2397,0.11633333333333333,0.16587308981273108,3.2545468906001487,10605
8824,0.11625,0.16587141499482436,3.254514029492798,10606
5209,0.11616666666666667,0.16586229167884717,3.254335023605312,10607
1978,0.11608333333333333,0.16586203029296134,3.254329895030117,10608
6946,0.116,0.16585445400500237,3.254181242922332,10609
278,0.11591666666666667,0.165853922269168,3.2541708098906326,10610
11367,0.11583333333333333,0.1658531214872945,3.25415509798606,10611
2124,0.11575,0.16584948819573844,3.254083810245837,10612
3071,0.11566666666666667,0.16584884885293205,3.2540712658895634,10613
696,0.11558333333333333,0.16584832758295098,3.2540610382052133,10614
6584,0.1155,0.16584045691464466,3.2539066101476672,10615
1026,0.11541666666666667,0.1658299741949217,3.2537009318009646,10616
11988,0.11533333333333333,0.1658291583333442,3.2536849240219503,10617
3648,0.11525,0.1658183343809191,3.2534725504491853,10618
3,0.11516666666666667,0.16581819938868317,3.2534699018064055,10619
1958,0.11508333333333333,0.16581213229000452,3.2533508610556447,10620
208,0.115,0.16581060205846676,3.2533208368347744,10621
5665,0.11491666666666667,0.1658092665362993,3.2532946329488355,10622
10284,0.11483333333333333,0.16580209485257058,3.2531539194611847,10623
5823,0.11475,0.165798160419634,3.2530767231148765,10624
749,0.11466666666666667,0.16579038840318944,3.2529242306763457,10625
3819,0.11458333333333333,0.1657862039832768,3.252842129409501,10626
679,0.1145,0.16577725355710496,3.2526665157418044,10627
2514,0.11441666666666667,0.16577656321890324,3.252652970819909,10628
3898,0.11433333333333333,0.16577289367069767,3.252580971698717,10629
6536,0.11425,0.16577242781010357,3.2525718311856027,10630
3917,0.11416666666666667,0.16576851292985298,3.2524950184768278,10631
2449,0.11408333333333333,0.16576254556779915,3.252377934628904,10632
11134,0.114,0.16576249635714355,3.252376969081152,10633
7112,0.11391666666666667,0.16575528567074355,3.2522354903335797,10634
2972,0.11383333333333333,0.1657542549829484,3.2522152675128453,10635
8460,0.11375,0.165753993816044,3.252210143234204,10636
2047,0.11366666666666667,0.16574549249329512,3.25204334129214,10637
6558,0.11358333333333333,0.1657411752488053,3.2519586339133952,10638
4211,0.1135,0.16572722310838214,3.2516848830881178,10639
73,0.11341666666666667,0.1657194976897964,3.251533304932429,10640
779,0.11333333333333333,0.16571676881794986,3.2514797625441303,10641
6599,0.11325,0.1657004041111334,3.251158675466344,10642
11138,0.11316666666666667,0.16569608295435787,3.251073891325915,10643
9972,0.11308333333333333,0.16569528444668338,3.251058224042752,10644
7113,0.113,0.16569130978225974,3.2509802383263446,10645
11451,0.11291666666666667,0.16567721792250967,3.250703746109368,10646
5848,0.11283333333333333,0.16566623831273858,3.250488318429829,10647
677,0.11275,0.165665796196797,3.2504796438035433,10648
7271,0.11266666666666666,0.16566022814616585,3.2503703947270957,10649
4242,0.11258333333333333,0.16565548914369038,3.2502774121596154,10650
2871,0.1125,0.16564752045872702,3.2501210609461912,10651
5715,0.11241666666666666,0.16564731447570621,3.2501170194142053,10652
2910,0.11233333333333333,0.16564284335380391,3.2500292928522487,10653
11462,0.11225,0.16563961263345395,3.2499659038427238,10654
8735,0.11216666666666666,0.1656390268092906,3.2499544095598685,10655
5327,0.11208333333333333,0.16563426268947443,3.249860934172418,10656
3468,0.112,0.16562071506632942,3.2495951202611426,10657
11659,0.11191666666666666,0.16561878422794746,3.249557235851722,10658
10513,0.11183333333333334,0.16560804683404487,3.2493465606181275,10659
7925,0.11175,0.16560467107708685,3.249280325888167,10660
7059,0.11166666666666666,0.1655993517593853,3.249175957127072,10661
589,0.11158333333333334,0.16559613492449932,3.249112840560135,10662
3049,0.1115,0.16559109157564306,3.2490138865022207,10663
4114,0.11141666666666666,0.16558553670618925,3.2489048960497815,10664
2011,0.11133333333333334,0.16558097754178086,3.2488154420318507,10665
10749,0.11125,0.16557052211887055,3.248610299267823,10666
2093,0.11116666666666666,0.165570500772706,3.2486098804409993,10667
2511,0.11108333333333334,0.1655660633308549,3.2485228147054253,10668
7290,0.111,0.16555886771656786,3.2483816316832934,10669
5409,0.11091666666666666,0.16555314705957286,3.2482693883624663,10670
4190,0.11083333333333334,0.1655519973374133,3.2482468300036778,10671
648,0.11075,0.16555185710571876,3.2482440785590234,10672
5334,0.11066666666666666,0.16555009093727666,3.2482094250898204,10673
1261,0.11058333333333334,0.16553323291551295,3.2478786588252744,10674
6989,0.1105,0.1655077147937411,3.2473779752968825,10675
6339,0.11041666666666666,0.1654945933951309,3.2471205242112555,10676
108,0.11033333333333334,0.16549083578198115,3.2470467971937857,10677
3356,0.11025,0.1654769791558586,3.24677492042634,10678
4973,0.11016666666666666,0.1654735407251042,3.2467074559923246,10679
11693,0.11008333333333334,0.1654684048843441,3.2466066871780686,10680
10599,0.11,0.16546730634481363,3.246585133058521,10681
1772,0.10991666666666666,0.16546635587867944,3.2465664842433233,10682
5132,0.10983333333333334,0.1654602788604569,3.246447248864098,10683
329,0.10975,0.16546019699590697,3.2464456426239723,10684
1017,0.10966666666666666,0.16544796482791105,3.2462056388695255,10685
11294,0.10958333333333334,0.16544679139823557,3.2461826153525246,10686
2940,0.1095,0.1654395918370724,3.246041354889951,10687
11028,0.10941666666666666,0.16543471916463398,3.245945749623565,10688
10885,0.10933333333333334,0.1654312547163676,3.2458777747076515,10689
10642,0.10925,0.1654311744627765,3.2458762000756276,10690
10082,0.10916666666666666,0.1654280478657195,3.2458148540385054,10691
5937,0.10908333333333334,0.16542298379490042,3.2457154934010823,10692
5900,0.109,0.16541401936075384,3.2455396048870524,10693
11345,0.10891666666666666,0.1654040227121085,3.2453434635973712,10694
3205,0.10883333333333334,0.1654033254191066,3.2453297822173734,10695
3852,0.10875,0.16540298999925848,3.2453232010436315,10696
5613,0.10866666666666666,0.16539872865863156,3.245239590538178,10697
4000,0.10858333333333334,0.16539293746332692,3.245125963205968,10698
4905,0.1085,0.16537816857641296,3.2448361872391214,10699
873,0.10841666666666666,0.16536560568888192,3.244589694534348,10700
1559,0.10833333333333334,0.16535019197650785,3.2442872666376075,10701
2266,0.10825,0.16534770287485112,3.244238428709394,10702
6620,0.10816666666666666,0.1653445250917253,3.24417607836548,10703
458,0.10808333333333334,0.16534220438781871,3.244130544519736,10704
9537,0.108,0.16532325539664444,3.243758751962078,10705
3479,0.10791666666666666,0.16531543923390352,3.243605393342123,10706
5989,0.10783333333333334,0.1653063727334459,3.2434275022152,10707
8573,0.10775,0.16530131079239269,3.2433281833652687,10708
3284,0.10766666666666666,0.165299610665494,3.2432948256776397,10709
1207,0.10758333333333334,0.16529953606084968,3.243293361881983,10710
4887,0.1075,0.16529752075334073,3.243253820128767,10711
3154,0.10741666666666666,0.16529056717853913,3.2431173860918996,10712
3903,0.10733333333333334,0.16528838179305566,3.2430745072889406,10713
9058,0.10725,0.16528615391617243,3.243030794774801,10714
10013,0.10716666666666666,0.16528607025704922,3.243029153323837,10715
6970,0.10708333333333334,0.1652818959815479,3.2429472510974606,10716
1320,0.107,0.16527405374878135,3.2427933809652707,10717
8082,0.10691666666666666,0.16527002924029688,3.242714417273236,10718
9714,0.10683333333333334,0.16526789546647666,3.2426725511274888,10719
8101,0.10675,0.1652613484408166,3.2425440938712526,10720
4831,0.10666666666666667,0.16526007001965715,3.2425190103473467,10721
2960,0.10658333333333334,0.16524417193109248,3.242207078648446,10722
3218,0.1065,0.16523329228866224,3.2419936123985518,10723
1031,0.10641666666666667,0.16523008405435505,3.2419306645810857,10724
3774,0.10633333333333334,0.16522970852257932,3.241923296383025,10725
8478,0.10625,0.16522666855210708,3.2418636500205125,10726
11562,0.10616666666666667,0.1652252511891301,3.241835840360229,10727
1191,0.10608333333333334,0.16522440872613037,3.241819310642632,10728
6634,0.106,0.1652124060632111,3.2415838099394643,10729
230,0.10591666666666667,0.165208572657319,3.2415085958150573,10730
9315,0.10583333333333333,0.16520701925110762,3.241478116890683,10731
3026,0.10575,0.16519692517712767,3.2412800640472152,10732
11997,0.10566666666666667,0.16519470031083383,3.2412364106029914,10733
5619,0.10558333333333333,0.16519354888360496,3.2412138187895603,10734
2468,0.1055,0.16518666952712296,3.2410788409683926,10735
4654,0.10541666666666667,0.16518307594241485,3.2410083323044554,10736
7505,0.10533333333333333,0.1651704773342329,3.2407611387354294,10737
723,0.10525,0.16516891807933207,3.240730545055662,10738
8620,0.10516666666666667,0.1651687418723635,3.240727087750769,10739
4851,0.10508333333333333,0.16516387088734513,3.2406315155928254,10740
2818,0.105,0.1651559655079986,3.2404764064801683,10741
4359,0.10491666666666667,0.16514776239483997,3.2403154556203386,10742
1892,0.10483333333333333,0.1651353449527069,3.2400718166568128,10743
4585,0.10475,0.1651281211785111,3.2399300811174854,10744
10667,0.10466666666666667,0.1651246107911279,3.2398612048437334,10745
1493,0.10458333333333333,0.16511282476453476,3.239629954697911,10746
1522,0.1045,0.1651120208982966,3.2396141822759486,10747
304,0.10441666666666667,0.1651043970579091,3.2394645971560534,10748
2519,0.10433333333333333,0.1650865467055928,3.239114360666866,10749
1125,0.10425,0.16508647414505317,3.2391129369779588,10750
11173,0.10416666666666667,0.16508057703625412,3.2389972315484146,10751
10609,0.10408333333333333,0.16507907741585717,3.2389678079396234,10752
154,0.104,0.16507821873196907,3.238950959956779,10753
10942,0.10391666666666667,0.16507380792251639,3.238864416767571,10754
9048,0.10383333333333333,0.16507146598820957,3.2388184663664337,10755
3974,0.10375,0.16506217288141917,3.2386361290635817,10756
6770,0.10366666666666667,0.1650585939494417,3.2385659078966285,10757
8940,0.10358333333333333,0.1650546598036417,3.238488717184134,10758
7094,0.1035,0.165046375442991,3.238326172191305,10759
1104,0.10341666666666667,0.16504430215075544,3.2382854927368894,10760
8340,0.10333333333333333,0.16504345580909974,3.238268886917316,10761
186,0.10325,0.16504197248907312,3.238239783133266,10762
7144,0.10316666666666667,0.16503805371478383,3.2381628940206877,10763
3844,0.10308333333333333,0.16502148543981593,3.2378378127924137,10764
1231,0.103,0.1650159471497438,3.2377291476390706,10765
1677,0.10291666666666667,0.16501028556182842,3.2376180632952187,10766
5437,0.10283333333333333,0.1650095966008777,3.2376045453959215,10767
2634,0.10275,0.16500637355274725,3.2375413069207593,10768
5181,0.10266666666666667,0.1649927391973446,3.2372737912614817,10769
4127,0.10258333333333333,0.16497851455775095,3.2369946938104426,10770
3166,0.1025,0.16496260003982202,3.2366824397558727,10771
10119,0.10241666666666667,0.1649480153504489,3.2363962778744586,10772
6875,0.10233333333333333,0.16494616873207396,3.2363600459208883,10773
7700,0.10225,0.16494607120941945,3.2363581324576955,10774
5516,0.10216666666666667,0.16492529277101278,3.2359504448564147,10775
3783,0.10208333333333333,0.16492415428748397,3.2359281070074495,10776
10328,0.102,0.16491978657101947,3.2358424093330562,10777
4005,0.10191666666666667,0.16491908753700593,3.2358286937931893,10778
7149,0.10183333333333333,0.1649148589433617,3.2357457258065656,10779
7082,0.10175,0.16490937946474898,3.235638214575564,10780
11331,0.10166666666666667,0.16489513729171382,3.2353587731060465,10781
3750,0.10158333333333333,0.1648836110733974,3.2351326205817013,10782
1141,0.1015,0.16487550872934886,3.2349736468828914,10783
11393,0.10141666666666667,0.16486771461091404,3.234820720787669,10784
9297,0.10133333333333333,0.16485528152308762,3.23457677484462,10785
8786,0.10125,0.16483855154309723,3.2342485208498335,10786
9018,0.10116666666666667,0.16482541544800938,3.2339907814089788,10787
198,0.10108333333333333,0.16482407995572718,3.2339645781094335,10788
6394,0.101,0.1648203803133747,3.2338919885198343,10789
4302,0.10091666666666667,0.16481771727524339,3.2338397378354493,10790
1187,0.10083333333333333,0.16481410585684786,3.2337688792620316,10791
1113,0.10075,0.16480299899291834,3.2335509547662387,10792
9305,0.10066666666666667,0.1648003781106044,3.2334995312086585,10793
5531,0.10058333333333333,0.16479612248779626,3.233416032890757,10794
2440,0.1005,0.16479579220159263,3.2334095524427395,10795
4599,0.10041666666666667,0.16477591892337692,3.2330196247221017,10796
2051,0.10033333333333333,0.16474886968982214,3.2324888997018353,10797
5007,0.10025,0.1647483077822173,3.2324778746787355,10798
7548,0.10016666666666667,0.16474470983585648,3.2324072804361146,10799
2810,0.10008333333333333,0.16474308279858735,3.2323753568185367,10800
114,0.1,0.16474073890282911,3.232329367932345,10801
1612,0.09991666666666667,0.16473819074060156,3.232279371194083,10802
429,0.09983333333333333,0.16472834851369914,3.2320862597678355,10803
809,0.09975,0.16472722761602565,3.2320642669656503,10804
10633,0.09966666666666667,0.16472565418284946,3.2320333950981803,10805
3915,0.09958333333333333,0.1647191424306665,3.231905629932381,10806
6818,0.0995,0.16470393827740185,3.2316073137329924,10807
943,0.09941666666666667,0.16469668622037237,3.2314650232645405,10808
3495,0.09933333333333333,0.16468866786333813,3.2313076974500556,10809
2766,0.09925,0.16467170916043358,3.2309749557505802,10810
3790,0.09916666666666667,0.16465614894282607,3.2306696533178854,10811
871,0.09908333333333333,0.1646534758491575,3.2306172053367477,10812
8682,0.099,0.1646486519868959,3.2305225577604904,10813
1305,0.09891666666666667,0.16464403373354683,3.230431944375894,10814
10356,0.09883333333333333,0.16463713978390188,3.2302966802265973,10815
6327,0.09875,0.16461600866893583,3.2298820728627,10816
1256,0.09866666666666667,0.16461501177733903,3.2298625131472365,10817
2488,0.09858333333333333,0.16460943659830046,3.229753124206421,10818
1943,0.0985,0.16460934409544867,3.2297513092352768,10819
5710,0.09841666666666667,0.164608055275724,3.2297260216842716,10820
11800,0.09833333333333333,0.16460665396230834,3.2296985269276894,10821
1839,0.09825,0.1645913219214701,3.2293977014839967,10822
5267,0.09816666666666667,0.1645836582876144,3.2292473355882416,10823
11924,0.09808333333333333,0.1645826078301799,3.2292267248732305,10824
11794,0.098,0.16457600792049557,3.2290972299951646,10825
8140,0.09791666666666667,0.16457297211086017,3.229037665271207,10826
8590,0.09783333333333333,0.16456961579803264,3.2289718120487656,10827
9823,0.09775,0.1645675663256057,3.2289315999558,10828
6562,0.09766666666666667,0.1645652405461666,3.228885966524504,10829
2144,0.09758333333333333,0.16455763051163091,3.2287366522851975,10830
228,0.0975,0.16454950759557752,3.2285772749490977,10831
4245,0.09741666666666667,0.16453939369917922,3.228378833175821,10832
4221,0.09733333333333333,0.16453250540634523,3.2282436800171457,10833
1372,0.09725,0.16451578069494982,3.227915529395935,10834
2610,0.09716666666666667,0.16451343581149036,3.2278695211303488,10835
838,0.09708333333333333,0.16451214802431682,3.2278442538386685,10836
678,0.097,0.16451184036440167,3.2278382173343596,10837
6160,0.09691666666666666,0.1645105636914999,3.2278131681124966,10838
8130,0.09683333333333333,0.16450674411430274,3.2277382253168057,10839
4027,0.09675,0.16449930915306524,3.2275923461388984,10840
3053,0.09666666666666666,0.16449745674820626,3.227556000650406,10841
3523,0.09658333333333333,0.1644902666956883,3.2274149267541636,10842
3028,0.0965,0.16447915014054204,3.2271968121098302,10843
8473,0.09641666666666666,0.16447533576886725,3.227121971450117,10844
4768,0.09633333333333334,0.16446779250557902,3.2269739673096725,10845
1709,0.09625,0.16445819230884917,3.2267856046858334,10846
3394,0.09616666666666666,0.1644575990924487,3.22677396536209,10847
4280,0.09608333333333334,0.1644541451377149,3.226706196336688,10848
6619,0.096,0.16444270809581024,3.2264817935163546,10849
1490,0.09591666666666666,0.16443400667530447,3.2263110655153797,10850
3362,0.09583333333333334,0.16443362131029549,3.226303504382332,10851
6652,0.09575,0.16443311617663364,3.226293593304008,10852
2392,0.09566666666666666,0.1644263602344804,3.2261610369589633,10853
968,0.09558333333333334,0.16442320972190658,3.226099221682512,10854
8346,0.0955,0.16441876085814702,3.2260119318410516,10855
1133,0.09541666666666666,0.1644139232123162,3.225917013821409,10856
8561,0.09533333333333334,0.16440721225737087,3.2257853401570653,10857
5998,0.09525,0.1644013451728538,3.2256702238251087,10858
4312,0.09516666666666666,0.1643994217513477,3.2256324849399887,10859
10695,0.09508333333333334,0.164396529355437,3.225575734094286,10860
11582,0.095,0.16439337002049506,3.2255137457167513,10861
2077,0.09491666666666666,0.16437222399222962,3.2250988457434486,10862
2363,0.09483333333333334,0.16435868259515612,3.2248331539921127,10863
888,0.09475,0.16435726501091133,3.2248053399904446,10864
9241,0.09466666666666666,0.164356210827598,3.224784656171055,10865
5562,0.09458333333333334,0.16435182018772596,3.2246985087232964,10866
11300,0.0945,0.16435011457523552,3.2246650434044715,10867
6245,0.09441666666666666,0.16434477239660938,3.224560226095921,10868
5027,0.09433333333333334,0.16434226398721263,3.224511009336218,10869
11479,0.09425,0.16434130400715044,3.224492173851031,10870
1750,0.09416666666666666,0.16433625823301137,3.2243931722073382,10871
3550,0.09408333333333334,0.16433605781006058,3.2243892397678473,10872
3101,0.094,0.16433232160853334,3.2243159328615096,10873
3077,0.09391666666666666,0.16431554363882508,3.223986737274604,10874
5335,0.09383333333333334,0.16430947040708077,3.2238675761887836,10875
11089,0.09375,0.16430923113216045,3.2238628814463004,10876
1304,0.09366666666666666,0.16429840264967824,3.2236504189906166,10877
3339,0.09358333333333334,0.1642978938843568,3.2236404366565337,10878
2560,0.0935,0.1642859593868464,3.2234062734067974,10879
11465,0.09341666666666666,0.1642839050946321,3.2233659667461207,10880
6572,0.09333333333333334,0.1642762801303809,3.223216359575229,10881
9384,0.09325,0.16427224946542035,3.2231372750888307,10882
1028,0.09316666666666666,0.16426665017295405,3.2230274130255925,10883
8387,0.09308333333333334,0.16426145480457766,3.222925476237554,10884
4918,0.093,0.16425672162412502,3.2228326079022596,10885
9573,0.09291666666666666,0.16425335891253287,3.2227666291315726,10886
1498,0.09283333333333334,0.1642502300828978,3.22270523928967,10887
1142,0.09275,0.1642445306843702,3.222593413074934,10888
6130,0.09266666666666666,0.16424116066493258,3.2225272909191585,10889
3579,0.09258333333333334,0.16422241607437005,3.2221595088455173,10890
4006,0.0925,0.16418967435519277,3.221517093246586,10891
4013,0.09241666666666666,0.1641823502968035,3.221373390060713,10892
1774,0.09233333333333334,0.16418155373922866,3.22135776103987,10893
1048,0.09225,0.1641815139133127,3.221356979627361,10894
4012,0.09216666666666666,0.16417057701689705,3.2211423900138962,10895
3106,0.09208333333333334,0.1641676246386421,3.2210844622724317,10896
2788,0.092,0.16416562375366922,3.2210452034994868,10897
8885,0.09191666666666666,0.16416279042288834,3.2209896115533017,10898
8489,0.09183333333333334,0.16416130130893405,3.2209603940883214,10899
4594,0.09175,0.16415238282170136,3.220785407085186,10900
255,0.09166666666666666,0.16414967366549968,3.2207322515317265,10901
1935,0.09158333333333334,0.16413677290261014,3.2204791294743806,10902
2400,0.0915,0.16413644103612604,3.2204726180201355,10903
68,0.09141666666666666,0.16413569707230868,3.220458020925875,10904
7349,0.09133333333333334,0.16413403371440263,3.220425384671755,10905
5964,0.09125,0.16412647681862674,3.220277113052373,10906
2627,0.09116666666666666,0.16411919285676962,3.2201341965887007,10907
11104,0.09108333333333334,0.1641189387591794,3.220129211014937,10908
2265,0.091,0.16411111546751667,3.2199757125205184,10909
7969,0.09091666666666667,0.16410942553419,3.2199425548379703,10910
41,0.09083333333333334,0.16410164196118007,3.2197898356515067,10911
9454,0.09075,0.16409444777312768,3.2196486806130813,10912
11347,0.09066666666666667,0.1640932210261116,3.2196246109723408,10913
8471,0.09058333333333334,0.16408598153697768,3.219482567094846,10914
1194,0.0905,0.16408229749719352,3.21941028363863,10915
2074,0.09041666666666667,0.1640783004825763,3.219331859395644,10916
66,0.09033333333333333,0.16407434476049942,3.219254245341432,10917
10953,0.09025,0.16406694676808076,3.219109091517794,10918
10906,0.09016666666666667,0.16406546431071423,3.2190800046598236,10919
10822,0.09008333333333333,0.1640644425971508,3.219059957919823,10920
4865,0.09,0.164052869158749,3.2188328789041494,10921
1123,0.08991666666666667,0.16404666426102119,3.218711134438938,10922
288,0.08983333333333333,0.16403766201552106,3.218534504039555,10923
8982,0.08975,0.16403253055165654,3.21843382110311,10924
7892,0.08966666666666667,0.16402996348662685,3.2183834534785287,10925
4154,0.08958333333333333,0.16402535484731154,3.218293028728068,10926
11888,0.0895,0.164015991797466,3.2181093190932097,10927
1790,0.08941666666666667,0.16400724005822898,3.217937603803244,10928
947,0.08933333333333333,0.16399994816741534,3.2177945317678573,10929
11540,0.08925,0.16399823764014018,3.2177609700175234,10930
658,0.08916666666666667,0.16399808276211256,3.2177579312015334,10931
1067,0.08908333333333333,0.1639940465349124,3.2176787375800795,10932
945,0.089,0.16398508810857693,3.2175029669435538,10933
2562,0.08891666666666667,0.16398225989538623,3.2174474754080924,10934
11292,0.08883333333333333,0.1639803632749231,3.21741026237832,10935
5520,0.08875,0.1639792796884296,3.217389001647896,10936
1853,0.08866666666666667,0.163979200438446,3.2173874467073236,10937
11783,0.08858333333333333,0.16397044419313717,3.2172156430050762,10938
1055,0.0885,0.16396856360462378,3.2171787445333857,10939
6710,0.08841666666666667,0.16396574223750188,3.2171233873226517,10940
4463,0.08833333333333333,0.1639635794386715,3.2170809516857544,10941
9326,0.08825,0.1639617954675692,3.2170459489157737,10942
4691,0.08816666666666667,0.16395438806971055,3.2169006105508373,10943
1354,0.08808333333333333,0.16394822225508957,3.2167796329237093,10944
2637,0.088,0.16394687720885273,3.216753242168916,10945
4563,0.08791666666666667,0.16394326648424207,3.2166823972080056,10946
214,0.08783333333333333,0.16393654860952128,3.2165505877728178,10947
7447,0.08775,0.16393421073976194,3.216504717120954,10948
6271,0.08766666666666667,0.16393420952002835,3.216504693188913,10949
9319,0.08758333333333333,0.1639331039948719,3.216483002006455,10950
10315,0.0875,0.16392906129295293,3.21640368134646,10951
321,0.08741666666666667,0.16392188851854986,3.216262946458969,10952
82,0.08733333333333333,0.16392123224774785,3.216250069963447,10953
8428,0.08725,0.1639144170296009,3.2161163505816033,10954
7698,0.08716666666666667,0.16391319086214834,3.2160922923122657,10955
7087,0.08708333333333333,0.16391245040559285,3.2160777640330167,10956
3177,0.087,0.1639074542095129,3.2159797351457304,10957
348,0.08691666666666667,0.1638855605267434,3.2155501656642924,10958
8208,0.08683333333333333,0.16388543369508454,3.215547677137743,10959
2631,0.08675,0.16388075092040563,3.21545579779926,10960
1477,0.08666666666666667,0.1638742740530558,3.215328717098469,10961
7134,0.08658333333333333,0.16386912292466735,3.2152276483301288,10962
5333,0.0865,0.16385702243649594,3.214990228226612,10963
296,0.08641666666666667,0.16385357312936036,3.214922550390386,10964
2884,0.08633333333333333,0.16384414492747684,3.214737562426681,10965
2277,0.08625,0.1638439486287423,3.2147337109071787,10966
6963,0.08616666666666667,0.16384368018974235,3.214728443944854,10967
10076,0.08608333333333333,0.16384173961109458,3.2146903684245136,10968
2115,0.086,0.16382854156470825,3.214431413455526,10969
6524,0.08591666666666667,0.16381911948184555,3.214246545551268,10970
2688,0.08583333333333333,0.16381586277206406,3.214182646610805,10971
7745,0.08575,0.1638103593989988,3.214074666553752,10972
3006,0.08566666666666667,0.16379963879615916,3.2138643207726996,10973
11418,0.08558333333333333,0.16379843224397367,3.2138406473687104,10974
1009,0.0855,0.16379705701264216,3.213813664361097,10975
1356,0.08541666666666667,0.16378259860422398,3.213529980201002,10976
5071,0.08533333333333333,0.16377888108696803,3.213457039893199,10977
71,0.08525,0.16377328220347837,3.2133471858543787,10978
6334,0.08516666666666667,0.16376656697604247,3.2132154283607646,10979
207,0.08508333333333333,0.1637631336578836,3.213148064239526,10980
5400,0.085,0.1637584307377563,3.213055789633035,10981
4661,0.08491666666666667,0.16375461850146664,3.212980990871083,10982
4079,0.08483333333333333,0.16375034277499737,3.2128970981052585,10983
930,0.08475,0.16375009196429657,3.2128921770225802,10984
5342,0.08466666666666667,0.1637363146508948,3.2126218564266162,10985
2247,0.08458333333333333,0.16373392053595026,3.212574882204591,10986
728,0.0845,0.16373046301613578,3.21250704322985,10987
1730,0.08441666666666667,0.16372512372109405,3.2124022824992173,10988
293,0.08433333333333333,0.16372360483242107,3.2123724808332343,10989
5294,0.08425,0.16372293691406392,3.212359375804505,10990
1703,0.08416666666666667,0.16370042608824628,3.211917697541601,10991
1079,0.08408333333333333,0.1636972937877019,3.211856239597996,10992
4812,0.084,0.16368772749209315,3.2116685421380553,10993
4160,0.08391666666666667,0.1636851265023173,3.211617508886087,10994
9791,0.08383333333333333,0.16367479092962736,3.2114147176678554,10995
5021,0.08375,0.16366938828493163,3.2113087139724144,10996
8597,0.08366666666666667,0.16366526808776055,3.211227872800961,10997
1065,0.08358333333333333,0.16365451249049676,3.2110168404046067,10998
4846,0.0835,0.16365351825951518,3.210997332892261,10999
11038,0.08341666666666667,0.1636373923789569,3.210680931753928,11000
7526,0.08333333333333333,0.1636349592908135,3.210633192850287,11001
189,0.08325,0.16363150793087716,3.210565474736647,11002
8570,0.08316666666666667,0.16361666672167346,3.210274279755442,11003
5217,0.08308333333333333,0.16361092383164755,3.2101616002069444,11004
5603,0.083,0.1636107394092331,3.2101579817092465,11005
1594,0.08291666666666667,0.16359834461394396,3.209914787092698,11006
4103,0.08283333333333333,0.1635943170513757,3.209835763477405,11007
2252,0.08275,0.16357162840336648,3.2093905962178386,11008
3996,0.08266666666666667,0.1635708151614271,3.2093746398380008,11009
9396,0.08258333333333333,0.16356790064186238,3.20931745491065,11010
4936,0.0825,0.16355794065052232,3.209122032863119,11011
6792,0.08241666666666667,0.1635456907435422,3.208881681057276,11012
10812,0.08233333333333333,0.16354185825180936,3.20880648486925,11013
3573,0.08225,0.16349952709145094,3.2079759176779254,11014
4139,0.08216666666666667,0.16347789978743896,3.2075515747354113,11015
3003,0.08208333333333333,0.1634727512563261,3.2074505569274696,11016
8332,0.082,0.16340550798029332,3.206131196474439,11017
2867,0.08191666666666667,0.16340489581013506,3.2061191852645994,11018
8591,0.08183333333333333,0.16339844004557913,3.20599251861549,11019
2936,0.08175,0.16337818528008208,3.2055951058456573,11020
6805,0.08166666666666667,0.16337347456067206,3.205502678211771,11021
358,0.08158333333333333,0.1633607649089361,3.205253305889964,11022
1916,0.0815,0.16335946112677732,3.2052277247653898,11023
5489,0.08141666666666666,0.16334447319560508,3.2049336509958177,11024
2334,0.08133333333333333,0.16333638491476862,3.204774953227073,11025
960,0.08125,0.1633282914717165,3.20461615417205,11026
532,0.08116666666666666,0.16332554338331237,3.2045622347413554,11027
6231,0.08108333333333333,0.16330199826477174,3.204100262926489,11028
7139,0.081,0.16329617656181772,3.203986037012796,11029
11899,0.08091666666666666,0.16328953708460567,3.203855765791907,11030
2192,0.08083333333333333,0.16328355189504895,3.203738332155836,11031
3168,0.08075,0.16327853430189962,3.2036398834430493,11032
8595,0.08066666666666666,0.1632771035106026,3.2036118103097246,11033
5661,0.08058333333333334,0.16326268189540388,3.2033288480585247,11034
4222,0.0805,0.1632597260177185,3.2032708516557484,11035
113,0.08041666666666666,0.16325590311971264,3.2031958437033654,11036
6915,0.08033333333333334,0.1632484188367385,3.2030489967982487,11037
1430,0.08025,0.1632382852485453,3.2028501686581343,11038
4292,0.08016666666666666,0.1632297145600115,3.2026820057104475,11039
5456,0.08008333333333334,0.1632291467544226,3.2026708649647695,11040
10853,0.08,0.16321465418099745,3.2023865104632137,11041
1286,0.07991666666666666,0.16320642343529698,3.2022250174334554,11042
1996,0.07983333333333334,0.16320573791521784,3.202211567046507,11043
2865,0.07975,0.16319102745749425,3.201922937501497,11044
8848,0.07966666666666666,0.16318595763215213,3.201823463956279,11045
7649,0.07958333333333334,0.16317438255519945,3.2015963527910047,11046
8575,0.0795,0.16317254988387347,3.201560394488368,11047
2068,0.07941666666666666,0.16317132769876208,3.201536414355367,11048
561,0.07933333333333334,0.16316953358063935,3.2015012124937554,11049
704,0.07925,0.16315391573284602,3.201194779316248,11050
2482,0.07916666666666666,0.16315250987577468,3.2011671954100125,11051
9345,0.07908333333333334,0.16315151242441736,3.201147624711637,11052
478,0.079,0.16314673213703712,3.2010538321051816,11053
8530,0.07891666666666666,0.16314668939344587,3.201052993445801,11054
2002,0.07883333333333334,0.16311133062845604,3.200359229564117,11055
2142,0.07875,0.16311080445435105,3.200348905657425,11056
590,0.07866666666666666,0.1630824886909991,3.1997933304302095,11057
1625,0.07858333333333334,0.16308011385869495,3.1997467345471486,11058
6577,0.0785,0.16307165421955652,3.199580750466909,11059
2845,0.07841666666666666,0.16306682281255278,3.1994859548574452,11060
1083,0.07833333333333334,0.16303185348040863,3.1987998319225825,11061
11915,0.07825,0.16302211439347367,3.1986087441750684,11062
3201,0.07816666666666666,0.16301137651367945,3.198398059407997,11063
339,0.07808333333333334,0.16301098808446116,3.1983904381530266,11064
11797,0.078,0.1629958148091928,3.1980927278017033,11065
10207,0.07791666666666666,0.16299379874121422,3.1980531711275066,11066
352,0.07783333333333334,0.16298849554316808,3.19794911864538,11067
1807,0.07775,0.16298573468521785,3.1978949486672086,11068
111,0.07766666666666666,0.1629769177341487,3.1977219538751473,11069
1568,0.07758333333333334,0.16296917521604196,3.1975700402147487,11070
2020,0.0775,0.1629655757990355,3.1974994171170454,11071
2206,0.07741666666666666,0.16296424754577377,3.1974733558522015,11072
11941,0.07733333333333334,0.16294347337513831,3.197065751987543,11073
1416,0.07725,0.1629384082659429,3.1969663709764613,11074
2424,0.07716666666666666,0.16293206862257337,3.196841982706843,11075
167,0.07708333333333334,0.16292450129790217,3.196693506465143,11076
11210,0.077,0.16291312529584273,3.1964703012895685,11077
1581,0.07691666666666666,0.1629037940944418,3.1962872165436615,11078
1431,0.07683333333333334,0.16290143145753538,3.196240859942913,11079
7979,0.07675,0.16285322315527567,3.1952949790866234,11080
9085,0.07666666666666666,0.1628465966919497,3.19516496320745,11081
7825,0.07658333333333334,0.16283068340919554,3.1948527333878487,11082
2140,0.0765,0.16282948119858545,3.1948291451686615,11083
2213,0.07641666666666666,0.16282784314385815,3.194797005380758,11084
6841,0.07633333333333334,0.16282560309915828,3.1947530541255276,11085
1226,0.07625,0.16282308615604185,3.1947036699282387,11086
3079,0.07616666666666666,0.1628187622210951,3.1946188312780315,11087
377,0.07608333333333334,0.1628052649728703,3.194354005758235,11088
10639,0.076,0.16280479458916847,3.194344776498504,11089
9815,0.07591666666666666,0.1628040451163549,3.1943300713138294,11090
11577,0.07583333333333334,0.16278768342356822,3.1940090433734794,11091
2018,0.07575,0.16278185158393016,3.193894618570914,11092
7227,0.07566666666666666,0.16278062554402684,3.1938705628041877,11093
8970,0.07558333333333334,0.1627727204031604,3.1937154583706997,11094
10051,0.0755,0.16277190310567344,3.193699422418197,11095
7597,0.07541666666666667,0.16276766083261446,3.193616186031809,11096
52,0.07533333333333334,0.16275428066696265,3.1933536577545,11097
8901,0.07525,0.16275349052069155,3.1933381545279387,11098
10589,0.07516666666666667,0.1627496052249559,3.1932619222881273,11099
11645,0.07508333333333334,0.1627391650341384,3.1930570783884873,11100
977,0.075,0.16273904064109843,3.1930546377094227,11101
444,0.07491666666666667,0.16273835257224983,3.193041137313883,11102
6428,0.07483333333333334,0.16273333326234019,3.1929426549170037,11103
6999,0.07475,0.16272810562765988,3.1928400850413117,11104
3718,0.07466666666666667,0.16272765063532552,3.1928311577711534,11105
2828,0.07458333333333333,0.16269733313068438,3.1922363069694155,11106
7738,0.0745,0.16269398458906492,3.192170606223565,11107
2305,0.07441666666666667,0.16269202343879155,3.1921321270734544,11108
5983,0.07433333333333333,0.16269016345719464,3.1920956329240306,11109
4815,0.07425,0.1626865487949652,3.192024710704332,11110
1154,0.07416666666666667,0.16268268091618282,3.1919488201974957,11111
1569,0.07408333333333333,0.16268016818505807,3.191899518642405,11112
130,0.074,0.1626751085452238,3.1918002449440084,11113
1085,0.07391666666666667,0.16267120361279594,3.1917236274185097,11114
6083,0.07383333333333333,0.16266716064055725,3.191644301454623,11115
402,0.07375,0.16265797574615543,3.191464087355145,11116
5910,0.07366666666666667,0.16265179762994073,3.1913428683621206,11117
10565,0.07358333333333333,0.16258449306099781,3.1900223052989793,11118
1507,0.0735,0.16258359798503713,3.1900047432779464,11119
143,0.07341666666666667,0.1625749164539898,3.1898344055221513,11120
10100,0.07333333333333333,0.16257191865831483,3.1897755866588295,11121
6911,0.07325,0.16257034966972364,3.189744801997191,11122
1682,0.07316666666666667,0.16256039876497191,3.1895495582349227,11123
2324,0.07308333333333333,0.16255541456808084,3.1894517647801948,11124
51,0.073,0.16255214945215513,3.1893877009052796,11125
11319,0.07291666666666667,0.1625512026247073,3.1893691234836363,11126
3210,0.07283333333333333,0.16254753084045584,3.1892970804896015,11127
580,0.07275,0.16253601959873987,3.1890712218167385,11128
4517,0.07266666666666667,0.16253179717543206,3.188988374896445,11129
3895,0.07258333333333333,0.16253174387950692,3.1889873291928525,11130
6874,0.0725,0.1625295497825618,3.18894427946491,11131
2741,0.07241666666666667,0.1624987516773414,3.188339998941165,11132
4174,0.07233333333333333,0.16249420937887255,3.1882508758449,11133
6987,0.07225,0.16248120048769832,3.187995632234416,11134
474,0.07216666666666667,0.16247936602863197,3.187959638855047,11135
4981,0.07208333333333333,0.16247238342417333,3.1878226352358956,11136
8163,0.072,0.16244713322445717,3.1873272085270026,11137
10673,0.07191666666666667,0.16244570643765494,3.187299213964691,11138
6571,0.07183333333333333,0.16244030599986675,3.1871932535703493,11139
9518,0.07175,0.16243532217184986,3.187095467353156,11140
4267,0.07166666666666667,0.16243431144638612,3.187075636207496,11141
2490,0.07158333333333333,0.16241801180432724,3.1867558257461015,11142
3792,0.0715,0.1624009251455465,3.1864205734621773,11143
5407,0.07141666666666667,0.16238970142272774,3.1862003561126,11144
4910,0.07133333333333333,0.1623874875744586,3.186156918849769,11145
866,0.07125,0.1623780707359137,3.185972153842714,11146
7972,0.07116666666666667,0.16236864356561428,3.1857871861194105,11147
3840,0.07108333333333333,0.16236384561735956,3.185693046994178,11148
4487,0.071,0.1623612482276782,3.1856420843785944,11149
1200,0.07091666666666667,0.16236085882845036,3.185634444091434,11150
1272,0.07083333333333333,0.1623434227531774,3.1852923360096996,11151
4286,0.07075,0.1623390771776239,3.1852070727555515,11152
5160,0.07066666666666667,0.16232556049387808,3.184941865897091,11153
1837,0.07058333333333333,0.1623050201217065,3.184538849323051,11154
4039,0.0705,0.16228642440482474,3.184173988255899,11155
4016,0.07041666666666667,0.16228553053185119,3.1841564498383645,11156
11910,0.07033333333333333,0.1622774845133403,3.183998581286267,11157
2962,0.07025,0.1622695597266449,3.183843091387715,11158
5464,0.07016666666666667,0.16226275226743192,3.183709524241717,11159
7135,0.07008333333333333,0.16226047587114795,3.183664859742753,11160
2953,0.07,0.16225444941564376,3.1835466164397426,11161
416,0.06991666666666667,0.1622372868937117,3.183209875667295,11162
11752,0.06983333333333333,0.16223719577931625,3.183208087938625,11163
10194,0.06975,0.16223368389398685,3.183139182274126,11164
1975,0.06966666666666667,0.1622048080851945,3.1825726185607537,11165
6367,0.06958333333333333,0.16220378244417752,3.18255249476133,11166
10678,0.0695,0.16219176795230675,3.1823167619657875,11167
3480,0.06941666666666667,0.1621905595668626,3.1822930525920365,11168
7528,0.06933333333333333,0.16218705443733467,3.1822242794810824,11169
520,0.06925,0.16218380069187555,3.1821604387027227,11170
2228,0.06916666666666667,0.16216790668165296,3.181848587023811,11171
3713,0.06908333333333333,0.16212594498478683,3.181025268966493,11172
1752,0.069,0.16212052952665867,3.180919013862513,11173
3128,0.06891666666666667,0.1621162123347677,3.1808343075157945,11174
6131,0.06883333333333333,0.16211576308228365,3.180825492865522,11175
399,0.06875,0.1621055700584736,3.1806254985567346,11176
8958,0.06866666666666667,0.16209258669321105,3.1803707557826657,11177
217,0.06858333333333333,0.16207657414576118,3.180056578319843,11178
3683,0.0685,0.16207178993318064,3.1799627086982127,11179
3699,0.06841666666666667,0.1620708583192349,3.1799444297761896,11180
8405,0.06833333333333333,0.16207069900129067,3.1799413038458657,11181
1267,0.06825,0.16206672097679303,3.179863252202484,11182
3541,0.06816666666666667,0.16206247008408745,3.179779846692548,11183
9785,0.06808333333333333,0.16205573722455272,3.179647743244698,11184
6392,0.068,0.16204624440714088,3.1794614874787976,11185
2909,0.06791666666666667,0.16203117197367042,3.1791657557145734,11186
5207,0.06783333333333333,0.1620272306527883,3.1790884242219914,11187
8325,0.06775,0.161994418798454,3.178444632521772,11188
11047,0.06766666666666667,0.16199397776295624,3.178435979094613,11189
5406,0.06758333333333333,0.1619919768325055,3.1783967194294083,11190
3414,0.0675,0.16198762591722932,3.178311351406151,11191
4187,0.06741666666666667,0.1619848316671204,3.1782565262502795,11192
785,0.06733333333333333,0.16197945015259232,3.1781509371436365,11193
4901,0.06725,0.1619777367216012,3.1781173184203495,11194
9046,0.06716666666666667,0.16196276112296454,3.1778234866237973,11195
7522,0.06708333333333333,0.1619584841662389,3.1777395697194404,11196
9313,0.067,0.16195590262020682,3.177688917967407,11197
1950,0.06691666666666667,0.1619547204769282,3.177665723483449,11198
4829,0.06683333333333333,0.1619429411758548,3.1774346052970484,11199
1595,0.06675,0.161926033878041,3.177102872201608,11200
5392,0.06666666666666667,0.1619050440503145,3.1766910369929473,11201
7406,0.06658333333333333,0.161894874039041,3.176491494206343,11202
2463,0.0665,0.1618872261020561,3.1763414362941753,11203
4082,0.06641666666666667,0.1618744357824854,3.1760904812125488,11204
2057,0.06633333333333333,0.1618657608037799,3.1759202720183026,11205
5667,0.06625,0.16186093580582092,3.1758256021588407,11206
7303,0.06616666666666667,0.16185930464833267,3.175793597699633,11207
1131,0.06608333333333333,0.16179643086253342,3.1745599697235516,11208
6511,0.066,0.16179058344907485,3.1744452393516642,11209
8874,0.06591666666666667,0.1617880556064003,3.1743956412972754,11210
1130,0.06583333333333333,0.16178531841516997,3.1743419356768614,11211
666,0.06575,0.16178415488821485,3.174319106458182,11212
884,0.06566666666666666,0.16177386964299154,3.174117302700316,11213
5004,0.06558333333333333,0.16177106518659637,3.1740622772899307,11214
5805,0.0655,0.16176770955735692,3.173996437479964,11215
2949,0.06541666666666666,0.16175053795906585,3.1736595186229595,11216
4766,0.06533333333333333,0.16171329880622234,3.172928860206775,11217
4011,0.06525,0.16171209506353398,3.1729052419270536,11218
1651,0.06516666666666666,0.16171200953573908,3.1729035638114773,11219
2705,0.06508333333333334,0.16171124130352912,3.172888490554268,11220
691,0.065,0.16170857623779042,3.1728362000867936,11221
5542,0.06491666666666666,0.16169764054613917,3.172621634111608,11222
9861,0.06483333333333334,0.16166976960749327,3.172074786658482,11223
2438,0.06475,0.16164342946981095,3.1715579745988,11224
11228,0.06466666666666666,0.16161344306780742,3.170969620264146,11225
3544,0.06458333333333334,0.16161141174110022,3.170929764202912,11226
3539,0.0645,0.1615918140608578,3.1705452439086876,11227
6742,0.06441666666666666,0.16158906993301397,3.170491402186988,11228
1151,0.06433333333333334,0.1615851321460359,3.170414140032044,11229
8099,0.06425,0.16156435466619265,3.1700064712384597,11230
3728,0.06416666666666666,0.16156426448251648,3.1700047017711808,11231
1368,0.06408333333333334,0.16156033493785527,3.169927601336319,11232
11810,0.064,0.16155572395224682,3.169837130549891,11233
6879,0.06391666666666666,0.16154027556738756,3.1695340223545934,11234
8112,0.06383333333333334,0.16153620771361957,3.1694542081975907,11235
110,0.06375,0.16151596847587305,3.1690571000931413,11236
11887,0.06366666666666666,0.16150417969760897,3.168825795957609,11237
3014,0.06358333333333334,0.16149916821940793,3.168727467224406,11238
2505,0.0635,0.16149118156194572,3.168570763377864,11239
215,0.06341666666666666,0.16148083536584826,3.1683677637208825,11240
2947,0.06333333333333334,0.161479234187991,3.168336347483187,11241
7647,0.06325,0.16147278132627688,3.1682097377898826,11242
3189,0.06316666666666666,0.1614565343380713,3.167890960434195,11243
1003,0.06308333333333334,0.16145279851250802,3.16781766090458,11244
7398,0.063,0.16144235782952066,3.16761280734815,11245
7829,0.06291666666666666,0.16144175163602692,3.1676009134046934,11246
744,0.06283333333333334,0.16143530416279656,3.167474409437262,11247
7897,0.06275,0.16142682923879328,3.167308125457164,11248
3005,0.06266666666666666,0.1613888766041954,3.16656346802627,11249
3332,0.06258333333333334,0.1613888161371843,3.1665622816208963,11250
2145,0.0625,0.16138618057474852,3.1665105700290184,11251
5129,0.06241666666666667,0.16138229585808148,3.166434349150954,11252
8103,0.06233333333333333,0.16135675373540104,3.1659331947078355,11253
408,0.06225,0.16135509834220124,3.1659007147269613,11254
9491,0.06216666666666667,0.1613503702631747,3.165807946485211,11255
1326,0.06208333333333333,0.16134937662496027,3.1657884506033516,11256
6945,0.062,0.1613263140057599,3.1653359457655057,11257
7026,0.06191666666666667,0.16132631214031745,3.1653359091641935,11258
1110,0.06183333333333333,0.16131917983432262,3.165195968295431,11259
2243,0.06175,0.16130885537124431,3.164993395055525,11260
9414,0.06166666666666667,0.1613072981720606,3.16496284171041,11261
3824,0.06158333333333333,0.16129054131598192,3.1646340603878613,11262
7044,0.0615,0.16128668808596874,3.164558457300121,11263
1289,0.06141666666666667,0.16128617461310676,3.164548382600829,11264
1859,0.06133333333333333,0.16127304045951962,3.1642906812535694,11265
6967,0.06125,0.1612717480630223,3.1642653235237006,11266
11581,0.06116666666666667,0.16125839738270994,3.164003373769511,11267
11597,0.06108333333333334,0.1612467026911526,3.1637739156814915,11268
4480,0.061,0.16123906608906668,3.163624080168117,11269
6019,0.06091666666666667,0.16123811360664903,3.1636053917919784,11270
2687,0.060833333333333336,0.16123650391556055,3.1635738085186924,11271
3107,0.06075,0.1612304490620746,3.1634550080272827,11272
3936,0.06066666666666667,0.1612277521179721,3.163402092083805,11273
3444,0.060583333333333336,0.16122123080001588,3.1632741392307846,11274
9844,0.0605,0.1612132108864612,3.1631167828762736,11275
8254,0.06041666666666667,0.16119547952561086,3.162768881083492,11276
6218,0.060333333333333336,0.16117716811628338,3.162409598330925,11277
5749,0.06025,0.16117678436724095,3.1624020689043313,11278
1076,0.06016666666666667,0.16117455911848563,3.162358407955941,11279
9836,0.060083333333333336,0.16116528111631867,3.1621763670164196,11280
722,0.06,0.16115855554299174,3.162044406529117,11281
10005,0.05991666666666667,0.16115646210073797,3.1620033317171545,11282
1246,0.059833333333333336,0.16115541802655914,3.1619828462461395,11283
3589,0.05975,0.1611464845321305,3.1618075647912454,11284
11474,0.059666666666666666,0.16113319826944772,3.1615468789563383,11285
1487,0.059583333333333335,0.16111515787506225,3.1611929137078825,11286
6211,0.0595,0.16109547937635352,3.1608068076983553,11287
8871,0.059416666666666666,0.16105641311457877,3.16004030011763,11288
562,0.059333333333333335,0.16104819680947083,3.159879090422526,11289
2474,0.05925,0.1610480774801482,3.15987674909709,11290
8733,0.059166666666666666,0.16103791889605903,3.159677430519891,11291
4706,0.059083333333333335,0.16102799946187937,3.159482804232373,11292
95,0.059,0.16100733170785655,3.1590772883366913,11293
3985,0.058916666666666666,0.16098698381249055,3.158678048293188,11294
1152,0.058833333333333335,0.1609669061489289,3.158284110388072,11295
743,0.05875,0.16096606684134085,3.158267642581878,11296
3851,0.058666666666666666,0.16094506179294232,3.1578555087328457,11297
1097,0.058583333333333334,0.16090959559028112,3.1571596368483323,11298
1909,0.0585,0.1609083698712113,3.157135587376561,11299
514,0.058416666666666665,0.16090166989109173,3.157004129046082,11300
5000,0.058333333333333334,0.1608947406186538,3.156868171838709,11301
4643,0.05825,0.16088934599223462,3.1567623254675174,11302
1601,0.058166666666666665,0.16088871543753744,3.1567499535400283,11303
446,0.058083333333333334,0.16088478290851277,3.1566727945498645,11304
673,0.058,0.16087528584098412,3.156486455393689,11305
2864,0.057916666666666665,0.16086055666335408,3.156197458550878,11306
1172,0.057833333333333334,0.16085699730041272,3.1561276213421667,11307
10845,0.05775,0.16085591435084987,3.1561063731087042,11308
3872,0.057666666666666665,0.16084438184497457,3.1558800972180365,11309
11986,0.057583333333333334,0.16084252426988777,3.155843650286044,11310
3188,0.0575,0.16081829225347552,3.1553682010510165,11311
4825,0.057416666666666664,0.1608033383756951,3.1550747954330243,11312
85,0.05733333333333333,0.16080090185809573,3.155026989241028,11313
8207,0.05725,0.16079658463976465,3.154942282375596,11314
5646,0.057166666666666664,0.16078534637575367,3.154721779717587,11315
23,0.05708333333333333,0.16076999393910746,3.15442055409377,11316
4049,0.057,0.1607661644097668,3.1543454160299342,11317
1967,0.056916666666666664,0.1607656722795554,3.154335760088484,11318
2641,0.05683333333333333,0.16074388925329866,3.153908361765757,11319
3942,0.05675,0.16074213800588066,3.1538740010575066,11320
171,0.056666666666666664,0.1607368058856544,3.153769381101868,11321
6670,0.05658333333333333,0.1607290133954029,3.1536164869528434,11322
3324,0.0565,0.1607191655580959,3.1534232654464245,11323
2555,0.056416666666666664,0.1607150333925032,3.153342189446131,11324
40,0.05633333333333333,0.16071199839234918,3.1532826406047034,11325
4372,0.05625,0.16067927263433246,3.1526405381750036,11326
8047,0.05616666666666666,0.1606661225703434,3.152382524654437,11327
6093,0.05608333333333333,0.160664468987808,3.1523500802000313,11328
500,0.056,0.16065362538828218,3.152137321137316,11329
178,0.05591666666666667,0.1606510495158757,3.1520867807058095,11330
876,0.05583333333333333,0.1606302263097661,3.1516782147306204,11331
6810,0.05575,0.16062392390099722,3.1515545570301153,11332
916,0.05566666666666667,0.160616275356519,3.1514044871985964,11333
624,0.05558333333333333,0.1606037905502046,3.1511595265023384,11334
7670,0.0555,0.16059706215297112,3.151027510608002,11335
5963,0.05541666666666667,0.1605923095436218,3.150934261064029,11336
6054,0.05533333333333333,0.16057584053778823,3.1506111275660587,11337
3975,0.05525,0.1605350591615082,3.1498109682303634,11338
1103,0.05516666666666667,0.16053426449210006,3.1497953762566704,11339
287,0.05508333333333333,0.16052130703100284,3.149541141740515,11340
2185,0.055,0.16052039723228245,3.1495232908485984,11341
846,0.05491666666666667,0.16051149053177993,3.1493485351094415,11342
9318,0.05483333333333333,0.1605080203361355,3.1492804474258684,11343
197,0.05475,0.16050384318681626,3.149198488813198,11344
2136,0.05466666666666667,0.16050244975650624,3.1491711487287386,11345
8823,0.05458333333333333,0.16049292616327626,3.14898428911951,11346
1497,0.0545,0.1604926578485151,3.1489790245948894,11347
117,0.05441666666666667,0.16048071485945262,3.148744694734851,11348
3441,0.05433333333333333,0.16048056266830846,3.148741708637382,11349
8403,0.05425,0.16047157017946406,3.148565269670465,11350
3216,0.05416666666666667,0.16046926346229906,3.1485200102544777,11351
2859,0.05408333333333333,0.16045791934392528,3.1482974306593157,11352
3758,0.054,0.16043550578493937,3.1478576608401796,11353
5968,0.05391666666666667,0.16042960218605049,3.1477418280705085,11354
1911,0.05383333333333333,0.16042898921872725,3.1477298012197523,11355
3803,0.05375,0.16038193644222676,3.1468065925930517,11356
4877,0.05366666666666667,0.1603805424405453,3.1467792412978906,11357
6714,0.05358333333333333,0.16035049592047562,3.14618970740436,11358
2246,0.0535,0.16032653489871726,3.1457195752753444,11359
3082,0.05341666666666667,0.1603157103293651,3.1455071895980224,11360
697,0.05333333333333334,0.16030135615729804,3.1452255506286293,11361
8556,0.05325,0.16028299006337204,3.1448651949256607,11362
14,0.05316666666666667,0.16027933547368192,3.1447934893010365,11363
3215,0.05308333333333334,0.1602562202855404,3.1443399530235063,11364
1310,0.053,0.16024902552686301,3.1441987867891688,11365
4562,0.05291666666666667,0.16024675714446185,3.1441542795281867,11366
3857,0.052833333333333336,0.16024467788888433,3.1441134830687885,11367
9883,0.05275,0.1602296733791467,3.1438190840160294,11368
6368,0.05266666666666667,0.16021427016520054,3.1435168621058764,11369
313,0.052583333333333336,0.16020033577476503,3.143243459547818,11370
2904,0.0525,0.16017929860022317,3.1428306953612752,11371
4931,0.05241666666666667,0.16017743236516319,3.1427940785145196,11372
5883,0.052333333333333336,0.16016303184127148,3.1425115300896542,11373
1782,0.05225,0.16015030918197704,3.142261902550324,11374
4341,0.05216666666666667,0.1601318633523399,3.1418999823765277,11375
8217,0.052083333333333336,0.16011985593043346,3.1416643882987394,11376
2152,0.052,0.16011618126248117,3.1415922887244703,11377
4489,0.051916666666666667,0.1601142555079475,3.141554504063694,11378
1458,0.051833333333333335,0.1600951485723571,3.1411796125253324,11379
6057,0.05175,0.16007757387329302,3.1408347845471383,11380
5779,0.051666666666666666,0.1600730801927047,3.140746615367887,11381
1432,0.051583333333333335,0.16007132057576956,3.140712090443867,11382
5956,0.0515,0.16006247552429176,3.1405385443019807,11383
291,0.051416666666666666,0.16001121932897078,3.139532861636437,11384
10964,0.051333333333333335,0.15999298085407246,3.1391750099086924,11385
1792,0.05125,0.1599758182117371,3.1388382667738624,11386
11139,0.051166666666666666,0.15997024062240767,3.138728830541427,11387
1778,0.051083333333333335,0.15996789916017962,3.1386828894028644,11388
2132,0.051,0.15990588059377853,3.13746604143392,11389
164,0.050916666666666666,0.15990168873121122,3.137383794136909,11390
7978,0.050833333333333335,0.15988776790104933,3.137110657640987,11391
4368,0.05075,0.15988003975031986,3.136959025878656,11392
908,0.050666666666666665,0.15987382797690158,3.1368371465076237,11393
9148,0.050583333333333334,0.15985211563243143,3.13641113501132,11394
8230,0.0505,0.15983534559230264,3.1360820950083994,11395
4208,0.050416666666666665,0.1598208480944141,3.1357976438853976,11396
57,0.050333333333333334,0.15981470783444893,3.1356771676586463,11397
5059,0.05025,0.15977898091022255,3.1349761802333664,11398
1006,0.050166666666666665,0.15977649108179748,3.134927328045449,11399
3977,0.050083333333333334,0.1597659939004111,3.1347213659506785,11400
8846,0.05,0.15975649348590973,3.1345349611244755,11401
2629,0.049916666666666665,0.1597442031964343,3.134293816985683,11402
10015,0.049833333333333334,0.1596971865366933,3.1333713169952206,11403
5030,0.04975,0.15968685885721443,3.1331686806473225,11404
4708,0.049666666666666665,0.15965826405413336,3.132607630463953,11405
10519,0.04958333333333333,0.15962081466941067,3.1318728471501234,11406
480,0.0495,0.1596204974365591,3.1318666228180803,11407
7117,0.049416666666666664,0.15960567668221504,3.131575829175665,11408
6314,0.04933333333333333,0.15960246424431382,3.1315127988806237,11409
7231,0.04925,0.15958830069710525,3.1312349001052873,11410
2297,0.049166666666666664,0.1595849064376002,3.1311683023423185,11411
9890,0.04908333333333333,0.15957510123809215,3.1309759174195877,11412
1654,0.049,0.15955779148459787,3.130636287860167,11413
4620,0.048916666666666664,0.1595464460539327,3.1304136825168873,11414
320,0.04883333333333333,0.15954438566009282,3.1303732561380833,11415
3882,0.04875,0.1594945580775332,3.1293956038614943,11416
345,0.048666666666666664,0.1594944509505877,3.129393501955321,11417
9614,0.04858333333333333,0.1594789726052337,3.1290898059139494,11418
11606,0.0485,0.15947340995195078,3.128980662737243,11419
6977,0.04841666666666666,0.15946646626976949,3.1288444228006655,11420
1676,0.04833333333333333,0.15946466607069493,3.1288091016264117,11421
471,0.04825,0.15945509525555168,3.1286213154900384,11422
8223,0.04816666666666667,0.15945429356823695,3.1286055858200474,11423
2232,0.04808333333333333,0.15941907078484502,3.1279144899931923,11424
4409,0.048,0.15938854701866453,3.1273155921947016,11425
1508,0.04791666666666667,0.15938695691240592,3.1272843931895435,11426
4392,0.04783333333333333,0.1593845429429124,3.1272370294072904,11427
634,0.04775,0.1593660072926106,3.1268733468888166,11428
11215,0.04766666666666667,0.159337249684201,3.1263091023501612,11429
2444,0.04758333333333333,0.1593078536138038,3.1257323307375624,11430
6592,0.0475,0.15930043378330727,3.125586748435463,11431
1279,0.04741666666666667,0.15929069466177628,3.1253956600091253,11432
1919,0.04733333333333333,0.15929055871130005,3.125392992565046,11433
9686,0.04725,0.1592836293819349,3.1252570342407444,11434
9425,0.04716666666666667,0.15926553110934683,3.1249019333810804,11435
10494,0.04708333333333333,0.15926542486180542,3.124899848729442,11436
1816,0.047,0.1592652871498409,3.124897146723727,11437
819,0.04691666666666667,0.15926147682186137,3.1248223854041646,11438
2649,0.04683333333333333,0.15925472936638518,3.124689995573677,11439
9825,0.04675,0.15924286984439762,3.124457303396462,11440
3427,0.04666666666666667,0.15922393363216353,3.124085761570585,11441
4670,0.04658333333333333,0.1592187059227308,3.123983190228313,11442
1948,0.0465,0.15921109571225586,3.123833872536915,11443
4238,0.04641666666666667,0.15920717634914128,3.1237569718710825,11444
8459,0.04633333333333333,0.15919479803102357,3.1235141005483635,11445
328,0.04625,0.15918915619345042,3.123403403720096,11446
4559,0.04616666666666667,0.1591884772785972,3.123390082932282,11447
8700,0.04608333333333333,0.15917915459904258,3.1232071653910687,11448
8095,0.046,0.159153390464366,3.1227016549161233,11449
9090,0.04591666666666667,0.1591481291511966,3.1225984242448095,11450
4373,0.04583333333333333,0.15914749559485739,3.1225859934230815,11451
11290,0.04575,0.15914732589725214,3.1225826638365195,11452
6553,0.04566666666666667,0.15914388482857256,3.1225151476445445,11453
2157,0.04558333333333333,0.1591320641972883,3.122283218530357,11454
11208,0.0455,0.15912369629423287,3.12211903437666,11455
98,0.04541666666666667,0.15911196792675766,3.1218889155433915,11456
6173,0.04533333333333334,0.15908733466021502,3.121405593498043,11457
10367,0.04525,0.15908300958742047,3.1213207325225403,11458
9421,0.04516666666666667,0.15906118314783158,3.1208924823996336,11459
5377,0.045083333333333336,0.15904499620711185,3.120574883217964,11460
3529,0.045,0.15903756983481324,3.1204291725610847,11461
786,0.04491666666666667,0.15903524179386294,3.1203834947573896,11462
5268,0.044833333333333336,0.15903061601093307,3.1202927336371094,11463
757,0.04475,0.15902740340531982,3.1202297000515564,11464
4298,0.04466666666666667,0.15902435239657225,3.120169837110251,11465
2896,0.044583333333333336,0.15899292038962207,3.1195531189879517,11466
5145,0.0445,0.1589661824453591,3.119028501682916,11467
10262,0.04441666666666667,0.158950561319047,3.1187220041785264,11468
2985,0.044333333333333336,0.15895047055350406,3.11872022329461,11469
11614,0.04425,0.15891255674076293,3.117976327575862,11470
957,0.04416666666666667,0.1589019169330929,3.117767567052992,11471
2284,0.044083333333333335,0.158899345916667,3.1177171218992816,11472
2683,0.044,0.15887310756481107,3.1172023069491805,11473
2174,0.043916666666666666,0.15882708008260063,3.1162992153188567,11474
4285,0.043833333333333335,0.15882450713818178,3.1162487323365395,11475
739,0.04375,0.1588000025828907,3.1157679356967165,11476
10748,0.043666666666666666,0.1587940858326297,3.1156518448877817,11477
2138,0.043583333333333335,0.15878901499755627,3.1155523515309356,11478
4455,0.0435,0.1587679669601881,3.1151393742080407,11479
2540,0.043416666666666666,0.1587664350902945,3.115109317841398,11480
6932,0.043333333333333335,0.15876622559042272,3.115105207306317,11481
835,0.04325,0.1587658239544865,3.1150973269262847,11482
6703,0.043166666666666666,0.15876028862672614,3.114988719895649,11483
131,0.043083333333333335,0.15875226783587637,3.11483134632802,11484
7796,0.043,0.15874313703737541,3.114652193628128,11485
4767,0.042916666666666665,0.158730661367259,3.1144074121905367,11486
4693,0.042833333333333334,0.15871416477863193,3.1140837374987327,11487
10309,0.04275,0.15870887038864687,3.113979857836977,11488
2907,0.042666666666666665,0.15869656391763265,3.113738396204996,11489
10167,0.042583333333333334,0.15866310745580775,3.113081956851677,11490
10607,0.0425,0.1586602457188544,3.113025807556353,11491
10424,0.042416666666666665,0.15865126598697102,3.11284961889001,11492
10819,0.042333333333333334,0.1586267334209765,3.1123682726603934,11493
9274,0.04225,0.15862549548243127,3.1123439834339566,11494
4771,0.042166666666666665,0.15861186785039993,3.1120765996919477,11495
10455,0.042083333333333334,0.15859707331829626,3.111786320548349,11496
6629,0.042,0.15856652600302404,3.111186960700107,11497
2030,0.041916666666666665,0.15855169541972586,3.110895974206654,11498
3046,0.041833333333333333,0.15854295520284792,3.1107244849935034,11499
9450,0.04175,0.1585398065350562,3.1106627059129552,11500
5880,0.041666666666666664,0.15852023698694853,3.110278737591064,11501
3527,0.04158333333333333,0.15850955302594086,3.1100691107485074,11502
11186,0.0415,0.15850812398403397,3.110041071939456,11503
254,0.041416666666666664,0.1585079203674631,3.1100370768388794,11504
7292,0.04133333333333333,0.15849404808378148,3.109764892859115,11505
485,0.04125,0.1584904562064686,3.1096944176955126,11506
5639,0.041166666666666664,0.15848452488549808,3.1095780409990885,11507
6085,0.04108333333333333,0.15847175919857373,3.109327569227348,11508
5644,0.041,0.15846477249828952,3.109190485245218,11509
8115,0.040916666666666664,0.15845458343424362,3.1089905686297348,11510
2714,0.04083333333333333,0.15842639070118847,3.1084374073436005,11511
7921,0.04075,0.15842018512979014,3.108315649660528,11512
4260,0.04066666666666666,0.15840405861866205,3.1079992361499778,11513
3129,0.04058333333333333,0.15836313141570066,3.1071962155920057,11514
4929,0.0405,0.1583455345162245,3.106850952026046,11515
11768,0.04041666666666666,0.15834428663320865,3.1068264676821284,11516
10175,0.04033333333333333,0.15834156406299746,3.106773048936282,11517
169,0.04025,0.15833940806331637,3.1067307467035867,11518
4391,0.04016666666666667,0.15831438340797063,3.1062397453341504,11519
3513,0.04008333333333333,0.15830991232738895,3.106152019582993,11520
4388,0.04,0.15829902045746708,3.1059383134210448,11521
8260,0.03991666666666667,0.158229710993136,3.104578412897829,11522
10401,0.03983333333333333,0.1582293583357305,3.1045714935110897,11523
2058,0.03975,0.15822298616620387,3.1044464670553493,11524
1011,0.03966666666666667,0.15820761379611234,3.10414485032331,11525
7739,0.03958333333333333,0.15820342015035185,3.1040625680388017,11526
6784,0.0395,0.15819415537151282,3.103880786550304,11527
7660,0.03941666666666667,0.15818824192488765,3.1037647605610985,11528
4007,0.03933333333333333,0.15815322568277704,3.103077717219655,11529
8454,0.03925,0.15813246056651312,3.10267029100815,11530
7296,0.03916666666666667,0.15811581056488014,3.102343606245099,11531
6764,0.03908333333333333,0.15805623385737355,3.1011746692681355,11532
1264,0.039,0.15805535810725485,3.1011574864337894,11533
4892,0.03891666666666667,0.15805372419599598,3.101125427943715,11534
3150,0.03883333333333333,0.15805050421363415,3.1010622496211004,11535
10333,0.03875,0.15799728047797423,3.1000179624277813,11536
4235,0.03866666666666667,0.15798912810787055,3.0998580071825197,11537
6835,0.03858333333333333,0.1579818291637616,3.0997147967564853,11538
1648,0.0385,0.15795918313736887,3.099270465763019,11539
4550,0.03841666666666667,0.15793107168304682,3.098718899222859,11540
2743,0.03833333333333333,0.15792060737303515,3.098513582087679,11541
6523,0.03825,0.15789583669353743,3.0980275639033232,11542
5650,0.03816666666666667,0.1578589353159807,3.0973035328762597,11543
9862,0.03808333333333333,0.15785717231579474,3.097268941570445,11544
11813,0.038,0.1578518116615277,3.097163761756763,11545
10422,0.03791666666666667,0.15784931501619273,3.0971147758162383,11546
10046,0.03783333333333333,0.15783732229329184,3.096879470143323,11547
11008,0.03775,0.1578102080457398,3.096347469502505,11548
3700,0.03766666666666667,0.1577921775723859,3.0959936989117236,11549
4698,0.03758333333333334,0.15777775883739129,3.0957107931721812,11550
3484,0.0375,0.1577295901767815,3.094765690113065,11551
2780,0.03741666666666667,0.15772638142501832,3.094702732142636,11552
1868,0.037333333333333336,0.15769675274405562,3.0941213965468144,11553
11533,0.03725,0.15767895680740088,3.0937722277312316,11554
4509,0.03716666666666667,0.15766932924787233,3.093583328230035,11555
11902,0.037083333333333336,0.15765696692566136,3.093340770758202,11556
3583,0.037,0.1576479528119708,3.0931639074966064,11557
4690,0.03691666666666667,0.15763439469883647,3.0928978877642788,11558
4880,0.036833333333333336,0.15763395323939175,3.0928892260189507,11559
175,0.03675,0.1576064997481894,3.092350569178782,11560
1961,0.03666666666666667,0.15760234446843827,3.092269039662387,11561
9607,0.036583333333333336,0.15756932671214277,3.0916212080206966,11562
9582,0.0365,0.1575568251012432,3.0913759176066202,11563
1848,0.03641666666666667,0.1575546659356043,3.091333553255538,11564
1697,0.036333333333333336,0.15753904442595254,3.0910270482297624,11565
1954,0.03625,0.15752915249275684,3.0908329615309844,11566
4493,0.036166666666666666,0.15752072877895923,3.090667682331145,11567
613,0.036083333333333335,0.15750085134276046,3.090277673028018,11568
1069,0.036,0.15747126092642932,3.089697088211213,11569
11499,0.035916666666666666,0.15744940536356916,3.0892682666692117,11570
7958,0.035833333333333335,0.1574441587698232,3.0891653248033606,11571
4478,0.03575,0.1574247833020362,3.0887851644740882,11572
861,0.035666666666666666,0.1574217805077824,3.0887262475351847,11573
2420,0.035583333333333335,0.15740822651862058,3.088460308718123,11574
179,0.0355,0.1574049176110443,3.088395385620139,11575
11189,0.035416666666666666,0.15739478479307395,3.0881965725922846,11576
7217,0.035333333333333335,0.15738683498573153,3.088040591771093,11577
4843,0.03525,0.15736528620540924,3.087617789518658,11578
1073,0.035166666666666666,0.15736074510561518,3.0875286899411964,11579
3594,0.035083333333333334,0.15732551355439225,3.086837422083221,11580
7540,0.035,0.15732451150903073,3.086817761247296,11581
7971,0.034916666666666665,0.15731576878427858,3.086646222827788,11582
4728,0.034833333333333334,0.15726970014542893,3.085742323675163,11583
5201,0.03475,0.15725155409218478,3.0853862853255,11584
854,0.034666666666666665,0.15723883436248673,3.085136715266928,11585
1071,0.034583333333333334,0.15722078746534796,3.0847826224298562,11586
1516,0.0345,0.15718375849300856,3.084056087903182,11587
3078,0.034416666666666665,0.1571533075982534,3.0834586198934684,11588
8300,0.034333333333333334,0.15710532953815376,3.0825172565505907,11589
1254,0.03425,0.15708137526988328,3.0820472569297364,11590
6916,0.034166666666666665,0.15707539280318455,3.0819298767180507,11591
6602,0.034083333333333334,0.15704492562169028,3.0813320891510845,11592
2462,0.034,0.15698866676571618,3.0802282507587693,11593
1886,0.033916666666666664,0.15698778021188273,3.0802108559479446,11594
1763,0.03383333333333333,0.15698777866760694,3.0802108256481295,11595
3309,0.03375,0.15697785848195372,3.080016184616217,11596
2347,0.033666666666666664,0.15695728408056653,3.079612500365,11597
7850,0.03358333333333333,0.15694859722798019,3.0794420581968005,11598
2802,0.0335,0.15691048541404287,3.0786942775550377,11599
3627,0.033416666666666664,0.15690225578698921,3.078532806473935,11600
4884,0.03333333333333333,0.15689213299720844,3.078334190206265,11601
10485,0.03325,0.1568914730237506,3.078321241062036,11602
3196,0.033166666666666664,0.15686728993557802,3.0778467518334875,11603
4872,0.03308333333333333,0.15684406175386284,3.077390998542459,11604
1711,0.033,0.15684216806681894,3.077353843068436,11605
11436,0.032916666666666664,0.15684194573065963,3.0773494806762938,11606
5697,0.03283333333333333,0.156815653803782,3.0768336145466435,11607
2028,0.03275,0.15678305094052367,3.076193923398664,11608
4740,0.03266666666666666,0.15677968949921428,3.076127969551806,11609
8277,0.03258333333333333,0.1567473051643362,3.075492566084619,11610
8535,0.0325,0.15674083742916206,3.0753656645635856,11611
4589,0.03241666666666667,0.15673440219568252,3.075239400748612,11612
11011,0.03233333333333333,0.15672325433729392,3.075020671912653,11613
2366,0.03225,0.15669651305412646,3.074495989095932,11614
10849,0.03216666666666667,0.15668333568071371,3.074237439745226,11615
2589,0.03208333333333333,0.1566826423972426,3.0742238370351007,11616
10755,0.032,0.15658770469518915,3.072361092430909,11617
459,0.03191666666666667,0.15658315122824143,3.0722717502012227,11618
5660,0.03183333333333333,0.15656514219484066,3.0719184002773288,11619
4438,0.03175,0.1565641698082591,3.07189932136755,11620
6744,0.03166666666666667,0.1565570224200033,3.071759084574129,11621
4419,0.03158333333333333,0.15652823797310766,3.071194313445478,11622
1105,0.0315,0.15652682090936254,3.0711665096564214,11623
4565,0.03141666666666667,0.15651307202279835,3.0708967468150523,11624
3343,0.03133333333333333,0.15651030870515772,3.070842528575977,11625
5365,0.03125,0.15650984762595624,3.0708334818771714,11626
3576,0.031166666666666665,0.15650738793124686,3.0707852209339617,11627
451,0.031083333333333334,0.1564664100979789,3.0699812069737056,11628
754,0.031,0.15646181450054206,3.069891038114105,11629
1,0.030916666666666665,0.15643634975624113,3.06939140188933,11630
3403,0.030833333333333334,0.15641461971261403,3.068965043123073,11631
1584,0.03075,0.15641190074092884,3.0689116949829445,11632
912,0.030666666666666665,0.15639435401385002,3.06856741583486,11633
1665,0.030583333333333334,0.15638909169670046,3.06846416546474,11634
9203,0.0305,0.15633237111124904,3.067351267614791,11635
7011,0.030416666666666668,0.15633152585627824,3.0673346831167185,11636
3306,0.030333333333333334,0.15632293677747194,3.0671661593389423,11637
11998,0.03025,0.15630243428356272,3.066763885963149,11638
8445,0.030166666666666668,0.15630206041937525,3.066756550484341,11639
11156,0.030083333333333333,0.15629534994040833,3.0666248861590475,11640
3232,0.03,0.1562656415391267,3.0660419863944015,11641
5605,0.029916666666666668,0.15621278761331892,3.0650049551309966,11642
10886,0.029833333333333333,0.1560787398838954,3.062374844234256,11643
825,0.02975,0.15606129618260303,3.0620325865246993,11644
3724,0.029666666666666668,0.15605463043452028,3.061901799850837,11645
2233,0.029583333333333333,0.15604319000942254,3.061677330649869,11646
6865,0.0295,0.1559748052528184,3.060335573543746,11647
10498,0.029416666666666667,0.15597473674736997,3.0603342294185687,11648
2855,0.029333333333333333,0.15595357404373328,3.0599190022627383,11649
11676,0.02925,0.15595182121288845,3.059884610486594,11650
1245,0.029166666666666667,0.1559511311862728,3.0598710716782187,11651
2866,0.029083333333333333,0.1559475329916402,3.0598004725643455,11652
7205,0.029,0.15590710317499984,3.0590072110764175,11653
2451,0.028916666666666667,0.15588386629286555,3.0585512870770533,11654
10012,0.028833333333333332,0.15585675955481948,3.058019433778088,11655
1044,0.02875,0.15583246062843234,3.0575426717221754,11656
5465,0.028666666666666667,0.15581473271771062,3.0571948376233298,11657
8416,0.028583333333333332,0.15580262994083466,3.056957372613834,11658
4878,0.0285,0.1557949466575363,3.056806621182184,11659
9771,0.028416666666666666,0.15576020784396025,3.0561250211840476,11660
6747,0.028333333333333332,0.15575956137191552,3.0561123369469994,11661
8119,0.02825,0.15570715092482934,3.055084007048589,11662
6736,0.028166666666666666,0.15569605632059785,3.05486632309672,11663
3865,0.02808333333333333,0.15569453406499714,3.0548364553692435,11664
11110,0.028,0.15567646821997558,3.0544819907613734,11665
443,0.027916666666666666,0.15563012367004123,3.053572678038881,11666
3561,0.027833333333333335,0.1556157212184331,3.0532900917908785,11667
8087,0.02775,0.1556090150140528,3.053158511336001,11668
2172,0.027666666666666666,0.15560382369646206,3.0530566540272366,11669
1159,0.027583333333333335,0.15550310490208422,3.051080480318517,11670
6115,0.0275,0.15547731134724393,3.0505743925992723,11671
11848,0.027416666666666666,0.15544565875088662,3.0499533463574258,11672
1987,0.027333333333333334,0.15543364857460354,3.049717698236802,11673
8651,0.02725,0.15542040660394374,3.0494578814426454,11674
4410,0.027166666666666665,0.1554132067587823,3.049316615407768,11675
7041,0.027083333333333334,0.15538458692781096,3.0487550741595646,11676
5559,0.027,0.1553842762486178,3.048748978414922,11677
5040,0.026916666666666665,0.15538274199496604,3.0487188752773235,11678
9219,0.026833333333333334,0.155365646479816,3.0483834492251525,11679
7831,0.02675,0.15534322562447692,3.047943536246425,11680
1448,0.02666666666666667,0.15533994780736357,3.047879223165223,11681
6121,0.026583333333333334,0.15533046034513528,3.047693072471737,11682
188,0.0265,0.15531630692308515,3.047415372359085,11683
6277,0.026416666666666668,0.15529731835354343,3.0470428032460015,11684
4104,0.026333333333333334,0.15529317056867592,3.046961420784551,11685
4307,0.02625,0.15526196589530303,3.046349163107204,11686
1221,0.026166666666666668,0.1552289877316558,3.045702108301146,11687
10743,0.026083333333333333,0.15520470992834093,3.0452257606948105,11688
3353,0.026,0.1551962377519604,3.0450595306250534,11689
11425,0.025916666666666668,0.15518907546202884,3.044919001450288,11690
8238,0.025833333333333333,0.1551777818808509,3.0446974134305247,11691
2883,0.02575,0.15517627681411486,3.044667882960789,11692
8065,0.025666666666666667,0.15516174627713042,3.0443827835874027,11693
5784,0.025583333333333333,0.15516019858326943,3.044352416743357,11694
1024,0.0255,0.1551448571838566,3.0440514076779035,11695
2270,0.025416666666666667,0.15509728502255252,3.0431180083553855,11696
695,0.025333333333333333,0.15504070358469105,3.0420078406791946,11697
2553,0.02525,0.1549844618321601,3.0409043378685165,11698
3510,0.025166666666666667,0.15496437255446954,3.040510172086013,11699
2577,0.025083333333333332,0.1549559365439129,3.040344651615189,11700
1409,0.025,0.15495482973343738,3.040322935213866,11701
5630,0.024916666666666667,0.1549346653950503,3.0399272966875763,11702
3312,0.024833333333333332,0.15492131337403062,3.039665320627835,11703
10946,0.02475,0.15490531942047572,3.039351507990232,11704
11514,0.024666666666666667,0.15487489072995028,3.038754475643095,11705
3604,0.024583333333333332,0.15487227886662042,3.0387032290443927,11706
1242,0.0245,0.1548679892974008,3.0386190646739957,11707
2121,0.024416666666666666,0.15480100945175457,3.037304872910777,11708
5949,0.024333333333333332,0.15477659910909666,3.0368259247891003,11709
8704,0.02425,0.1547761432267265,3.0368169800557734,11710
4608,0.024166666666666666,0.15477557637714467,3.036805858067606,11711
4073,0.024083333333333335,0.15475507472567082,3.0364036012209707,11712
670,0.024,0.1547375030614351,3.0360588327882407,11713
94,0.023916666666666666,0.15472995825623231,3.035910798394377,11714
10444,0.023833333333333335,0.15467495219284108,3.0348315406752264,11715
5501,0.02375,0.15462189920793487,3.0337906037320845,11716
11097,0.023666666666666666,0.15459972981985598,3.0333556247181583,11717
8279,0.023583333333333335,0.1545742314086401,3.032855327924814,11718
7410,0.0235,0.15456174595438532,3.032610354515538,11719
10265,0.023416666666666665,0.15451230735751234,3.031640334412103,11720
6165,0.023333333333333334,0.15443269525919567,3.030078288951225,11721
5853,0.02325,0.1544214681299975,3.0298580047661234,11722
2689,0.023166666666666665,0.15437773788572565,3.028999986562696,11723
3340,0.023083333333333334,0.15436428227345161,3.0287359779694665,11724
9424,0.023,0.15425827886656257,3.0266561164399755,11725
11295,0.022916666666666665,0.15422045903115272,3.0259140646226728,11726
4402,0.022833333333333334,0.15421969146889936,3.0258990045104808,11727
1523,0.02275,0.15417176605312105,3.0249586740862915,11728
2111,0.02266666666666667,0.15414451491800943,3.0244239876152132,11729
2184,0.022583333333333334,0.15409970526755795,3.023544790701985,11730
913,0.0225,0.15409890626265224,3.0235291136627733,11731
4229,0.022416666666666668,0.15408250668501844,3.0232073423950467,11732
11625,0.022333333333333334,0.15405257306350284,3.0226200236506697,11733
1284,0.02225,0.1540458469201026,3.0224880519781734,11734
3707,0.022166666666666668,0.1540342638156993,3.022260783308748,11735
8665,0.022083333333333333,0.15396016362284284,3.020806885316449,11736
6228,0.022,0.15395892393450333,3.0207825617577955,11737
609,0.021916666666666668,0.15394739374956623,3.020556331405561,11738
6788,0.021833333333333333,0.1539130099137067,3.0198816963203186,11739
2750,0.02175,0.15388539778521582,3.019339926904773,11740
2795,0.021666666666666667,0.15386506031710875,3.0189408914514595,11741
6460,0.021583333333333333,0.15385313921584703,3.0187069910455024,11742
1047,0.0215,0.15381155479183026,3.0178910753473005,11743
3919,0.021416666666666667,0.1538061865630075,3.0177857469155365,11744
4593,0.021333333333333333,0.1538008623333598,3.0176812817785277,11745
3011,0.02125,0.15379525435433367,3.0175712492788933,11746
2872,0.021166666666666667,0.1537101840719527,3.0159021104009747,11747
5718,0.021083333333333332,0.15370993968842747,3.0158973154239948,11748
1723,0.021,0.1536798547183767,3.015307027114794,11749
1610,0.020916666666666667,0.1536760434686765,3.0152322477103874,11750
1343,0.020833333333333332,0.15366318380694788,3.0149799320868187,11751
4063,0.02075,0.15357559566360512,3.013261391002872,11752
9225,0.020666666666666667,0.15357208395356287,3.0131924887775643,11753
9881,0.020583333333333332,0.15354194775365032,3.0126011953023397,11754
3401,0.0205,0.15348738105299645,3.0115305581896967,11755
10307,0.020416666666666666,0.15347792230349105,3.011344970860088,11756
10295,0.02033333333333333,0.15346687926381977,3.011128298641214,11757
4730,0.02025,0.15344198485376384,3.0106398527762,11758
5375,0.020166666666666666,0.1534209624146762,3.010227377709571,11759
11877,0.020083333333333335,0.15337762571549085,3.009377081137991,11760
3981,0.02,0.1533345737723039,3.0085323716797676,11761
10371,0.019916666666666666,0.1532946620189507,3.0077492749585186,11762
1642,0.019833333333333335,0.1532920737182797,3.0076984906757285,11763
4216,0.01975,0.15328101386098375,3.0074814884832355,11764
4894,0.019666666666666666,0.1532704310751863,3.0072738467696025,11765
1094,0.019583333333333335,0.15324307022830072,3.0067370076761604,11766
1297,0.0195,0.15321851791597693,3.006255274009724,11767
8951,0.019416666666666665,0.15318903711737963,3.0056768399700484,11768
8771,0.019333333333333334,0.1531238037010821,3.004396914381028,11769
8906,0.01925,0.1530694662900805,3.003330776092943,11770
593,0.019166666666666665,0.15298282576965463,3.0016308280382287,11771
7468,0.019083333333333334,0.15297999420946326,3.0015752708322676,11772
7932,0.019,0.15294960175876765,3.000978949536144,11773
1451,0.018916666666666665,0.15293968667329252,3.0007844085733346,11774
698,0.018833333333333334,0.15293462145865977,3.000685025493463,11775
935,0.01875,0.15291046126096608,3.0002109853922363,11776
9588,0.018666666666666668,0.1529094963898757,3.0001920539416,11777
537,0.018583333333333334,0.15288190152943254,2.999650623337347,11778
7137,0.0185,0.15287574757144726,2.999529878345788,11779
7896,0.018416666666666668,0.15287411929117686,2.999497930339646,11780
9456,0.018333333333333333,0.1527857636768881,2.997764330934994,11781
122,0.01825,0.15276517448619878,2.9973603565072824,11782
406,0.018166666666666668,0.1527575999768834,2.9972117392977298,11783
9335,0.018083333333333333,0.15274578784118653,2.9969799768729546,11784
2518,0.018,0.15273431440681948,2.9967548600068956,11785
6750,0.017916666666666668,0.1527217257971228,2.996507862615104,11786
1243,0.017833333333333333,0.1526025437581104,2.9941694270381594,11787
335,0.01775,0.15258199461983094,2.9937662384669097,11788
2371,0.017666666666666667,0.15250988594148746,2.992351415392509,11789
1737,0.017583333333333333,0.1524947207035889,2.992053862740004,11790
1232,0.0175,0.1524912640807779,2.991986041365039,11791
1776,0.017416666666666667,0.1524862086030513,2.991886849330106,11792
7591,0.017333333333333333,0.15246235697857505,2.991418863652789,11793
2146,0.01725,0.15239714749242353,2.9901394075902115,11794
11158,0.017166666666666667,0.1523715836659995,2.9896378273043744,11795
3638,0.017083333333333332,0.15236206044595893,2.9894509750174745,11796
893,0.017,0.15231257732324718,2.9884800812857515,11797
1379,0.016916666666666667,0.15226886222887,2.9876223603339103,11798
4606,0.016833333333333332,0.15225455107307043,2.9873415653739785,11799
9056,0.01675,0.1522264875279219,2.9867909388455463,11800
268,0.016666666666666666,0.152211608572929,2.986499003265402,11801
1889,0.016583333333333332,0.15213692833694598,2.9850337244183254,11802
6418,0.0165,0.15211807323750653,2.9846637740825797,11803
1721,0.016416666666666666,0.15210978461683775,2.9845011455052073,11804
1407,0.01633333333333333,0.15205208193681372,2.9833689782678547,11805
10240,0.01625,0.1520414332803488,2.983160044125258,11806
1209,0.016166666666666666,0.151998350289923,2.9823147254983846,11807
776,0.016083333333333335,0.15199078442400585,2.9821662778784286,11808
566,0.016,0.15192984658572556,2.9809706345566216,11809
5742,0.015916666666666666,0.1518953744860861,2.980294267673794,11810
10725,0.015833333333333335,0.15187239661860097,2.979843425724373,11811
8941,0.01575,0.15176860998329209,2.977807058815113,11812
10010,0.015666666666666666,0.1517316162818277,2.9770812163279126,11813
3111,0.015583333333333333,0.15172870310588882,2.9770240577634652,11814
2485,0.0155,0.1517146589588695,2.976748501703957,11815
159,0.015416666666666667,0.1515913999340488,2.9743300727929287,11816
5297,0.015333333333333332,0.1515357803081374,2.973238776544812,11817
862,0.01525,0.15149426211049144,2.972424160254727,11818
11009,0.015166666666666667,0.15148614036594274,2.972264805904365,11819
4232,0.015083333333333334,0.15142322230815589,2.97103030928068,11820
1249,0.015,0.15140958149869588,2.9707626669882323,11821
2697,0.014916666666666667,0.1513858794480134,2.9702976160541796,11822
70,0.014833333333333334,0.15133529563368164,2.969305125977359,11823
645,0.01475,0.15132144193973446,2.9690333067413146,11824
7890,0.014666666666666666,0.15129519625315277,2.9685183478787547,11825
8224,0.014583333333333334,0.15128223400634086,2.9682640194635606,11826
4464,0.0145,0.1512721627919702,2.9680664151418066,11827
5032,0.014416666666666666,0.15114840432586052,2.965638186840773,11828
8811,0.014333333333333333,0.15111685410242623,2.965019149227774,11829
9887,0.01425,0.15109666456556764,2.9646230162896874,11830
1357,0.014166666666666666,0.15103012558443835,2.9633174745989432,11831
11846,0.014083333333333333,0.15100042856382107,2.962734798130929,11832
9194,0.014,0.15098667951356645,2.962465032077767,11833
6521,0.013916666666666667,0.15087181864630245,2.9602113809350703,11834
961,0.013833333333333333,0.15086257191083097,2.9600299534701664,11835
7305,0.01375,0.15078514273862953,2.9585107385576297,11836
7630,0.013666666666666667,0.15077599709448944,2.9583312945758955,11837
5797,0.013583333333333333,0.15072242894425564,2.9572802497260113,11838
3620,0.0135,0.15056826158380318,2.9542553774929816,11839
2543,0.013416666666666667,0.15045928712575432,2.9521172218463594,11840
1756,0.013333333333333334,0.1503503579976014,2.949979955604276,11841
11282,0.01325,0.1502796397335577,2.948592413438126,11842
4142,0.013166666666666667,0.1502337115633328,2.947691270378859,11843
9526,0.013083333333333334,0.15015266196593105,2.9461010201731073,11844
6431,0.013,0.15007639006520726,2.944604511742346,11845
6215,0.012916666666666667,0.15004588824653467,2.944006044569463,11846
1237,0.012833333333333334,0.15002216767016513,2.943540630148368,11847
5876,0.01275,0.1499317417218931,2.9417664093323053,11848
2736,0.012666666666666666,0.14989930920156042,2.941130060432527,11849
9539,0.012583333333333334,0.1497608069475442,2.938412548624819,11850
3027,0.0125,0.14973093684062316,2.9378264760815727,11851
9781,0.012416666666666666,0.1496939798652421,2.9371013541859794,11852
6214,0.012333333333333333,0.14963917817498434,2.9360261064116804,11853
5526,0.01225,0.1495772537012724,2.934811104607612,11854
9119,0.012166666666666666,0.14952588068988315,2.9338031299285063,11855
10069,0.012083333333333333,0.1494997952361369,2.9332913149470534,11856
3994,0.012,0.1493930387769294,2.931196678000503,11857
9110,0.011916666666666667,0.14931446401732004,2.929654985855949,11858
604,0.011833333333333333,0.1492260493313437,2.9279202274231144,11859
8427,0.01175,0.1491928407017309,2.927268650712441,11860
3471,0.011666666666666667,0.14919143925647546,2.9272411533691463,11861
1530,0.011583333333333333,0.14918230402406252,2.927061913672815,11862
9135,0.0115,0.14917873669251724,2.9269919201144523,11863
1241,0.011416666666666667,0.14917175584186684,2.9268549509062787,11864
2414,0.011333333333333334,0.1491455635225607,2.9263410391472413,11865
2435,0.01125,0.14903380926101994,2.9241483417976193,11866
7893,0.011166666666666667,0.14901551754275197,2.9237894453974924,11867
3161,0.011083333333333334,0.1490155030209109,2.923789160468701,11868
7023,0.011,0.14899722944733604,2.9234306200802633,11869
3843,0.010916666666666667,0.14897671657353412,2.923028143043571,11870
3503,0.010833333333333334,0.1489554338714813,2.922610561434265,11871
10380,0.01075,0.1489096761642232,2.9217127629785287,11872
1452,0.010666666666666666,0.1488784828878881,2.9211007289191873,11873
4806,0.010583333333333333,0.14885503979711603,2.9206407589610204,11874
11402,0.0105,0.1488213351249303,2.9199794495455746,11875
7534,0.010416666666666666,0.14881734146722422,2.91990109116758,11876
7210,0.010333333333333333,0.14880430474981066,2.9196453015867263,11877
5319,0.01025,0.14873871867494365,2.918358456588102,11878
10329,0.010166666666666666,0.14872399557744873,2.918069579041868,11879
5731,0.010083333333333333,0.14871629512201934,2.9179184906808917,11880
3389,0.01,0.1486981060192458,2.91756160766902,11881
1994,0.009916666666666667,0.14851137945699475,2.9138979009565613,11882
6815,0.009833333333333333,0.14848572858680473,2.9133946128107344,11883
103,0.00975,0.14840476969336608,2.911806142280635,11884
11116,0.009666666666666667,0.14837604790542133,2.9112426005647247,11885
9955,0.009583333333333333,0.14836640849163552,2.911053468474644,11886
210,0.0095,0.1483659621379563,2.9110447107009847,11887
2378,0.009416666666666667,0.1483572289055294,2.910873358527641,11888
3062,0.009333333333333334,0.14831770051855067,2.9100977837247974,11889
4769,0.00925,0.14828943563688107,2.909543206831932,11890
457,0.009166666666666667,0.14811107542337257,2.906043653776475,11891
10843,0.009083333333333334,0.1481017093418898,2.9058598846586934,11892
5149,0.009,0.14807157401314378,2.9052686082764008,11893
1815,0.008916666666666666,0.14807035226882292,2.9052446367920672,11894
10934,0.008833333333333334,0.14803002667949816,2.904453420317425,11895
2327,0.00875,0.14801910606333193,2.9042391501339715,11896
5223,0.008666666666666666,0.14798928873238754,2.9036541130925935,11897
3928,0.008583333333333333,0.14792258338714487,2.9023453072206857,11898
3642,0.0085,0.147918432872886,2.9022638712065723,11899
8439,0.008416666666666666,0.14790039138900607,2.9019098845814426,11900
3422,0.008333333333333333,0.14788166485488946,2.901542456788013,11901
5575,0.00825,0.14782017382190923,2.900335959396452,11902
550,0.008166666666666666,0.1477594074735823,2.8991436808284137,11903
3237,0.008083333333333333,0.14774755390874605,2.8989111055347223,11904
2885,0.008,0.1476703529338895,2.8973963680148795,11905
3770,0.007916666666666667,0.14739393490401118,2.89197285151406,11906
3789,0.007833333333333333,0.1473572040848597,2.8912521669630125,11907
675,0.00775,0.1473132312059388,2.890389388096792,11908
4220,0.007666666666666666,0.14723447126915956,2.8888440626456564,11909
10741,0.007583333333333333,0.1471531341073492,2.887248170223528,11910
2943,0.0075,0.14692755889048548,2.882822225536202,11911
3722,0.007416666666666667,0.14686449474027005,2.8815848624760974,11912
587,0.007333333333333333,0.14646090277390897,2.8736661037390876,11913
8429,0.00725,0.14635540045721532,2.871596073952216,11914
2978,0.007166666666666667,0.14632540830983007,2.871007606889113,11915
213,0.007083333333333333,0.14626377593044598,2.8697983361815704,11916
6201,0.007,0.1458908815869007,2.8624818864326356,11917
1855,0.0069166666666666664,0.14580813091665432,2.8608582599791186,11918
5768,0.006833333333333334,0.14576718560270546,2.8600548840707933,11919
7862,0.00675,0.14569083650704515,2.858556861021002,11920
3354,0.006666666666666667,0.1456884245483101,2.858509536691269,11921
10670,0.006583333333333333,0.14568617338914794,2.8584653673623346,11922
6789,0.0065,0.1455679781239268,2.8561462929824666,11923
9834,0.006416666666666667,0.1454972284229741,2.85475813400191,11924
1190,0.006333333333333333,0.14548656804835167,2.8545489699409288,11925
5537,0.00625,0.14541888079765816,2.8532208983921916,11926
5736,0.006166666666666667,0.1454161697630668,2.853167705983395,11927
10532,0.006083333333333333,0.14512800214584792,2.847513654300559,11928
6307,0.006,0.1450355467378491,2.8456996140547166,11929
6425,0.005916666666666666,0.14503089966241603,2.8456084351605435,11930
2422,0.005833333333333334,0.1449106410493015,2.8432488764411534,11931
9151,0.00575,0.14481550298046317,2.8413822004995293,11932
9130,0.005666666666666667,0.14471337436187723,2.8393783650465787,11933
8571,0.005583333333333333,0.14468152175016305,2.8387533943624765,11934
1260,0.0055,0.14464638668082241,2.8380640195470965,11935
5681,0.005416666666666667,0.14463460562309147,2.837832866893884,11936
1582,0.005333333333333333,0.14460023498213317,2.8371584907018805,11937
10330,0.00525,0.1444822222032446,2.8348429968323643,11938
7056,0.005166666666666667,0.14448216388145174,2.8348418525177146,11939
1070,0.005083333333333333,0.14432876428274713,2.8318320443110503,11940
1203,0.005,0.14414339928097805,2.8281950523744976,11941
1938,0.004916666666666666,0.14392017358582007,2.8238152069583617,11942
5965,0.004833333333333334,0.14391765384186253,2.8237657678065755,11943
337,0.00475,0.14387921483167845,2.8230115673440075,11944
9261,0.004666666666666667,0.1438626351260337,2.822686261837745,11945
11933,0.004583333333333333,0.143834646828796,2.8221371117263168,11946
9501,0.0045,0.14329697098246524,2.811587532793446,11947
2092,0.004416666666666667,0.14319294140159905,2.8095463991211296,11948
2114,0.004333333333333333,0.14317443465827334,2.809183283777866,11949
586,0.00425,0.14313080317471624,2.8083272033293136,11950
11477,0.004166666666666667,0.14304962447166214,2.806734419979635,11951
6470,0.004083333333333333,0.14303981370800986,2.8065419258844218,11952
243,0.004,0.1429468534008271,2.8047179791608743,11953
2384,0.003916666666666666,0.14271891577219945,2.800245682290183,11954
7418,0.003833333333333333,0.14255189886435632,2.7969686928839232,11955
9240,0.00375,0.14249644946895343,2.7958807366784115,11956
3018,0.0036666666666666666,0.14231973097490316,2.7924133953153687,11957
4404,0.0035833333333333333,0.1423118452904246,2.7922586726299103,11958
8228,0.0035,0.14227794193791482,2.791593464966554,11959
8860,0.003416666666666667,0.14210729685422835,2.7882452881939632,11960
10947,0.0033333333333333335,0.14185164376247444,2.7832291944093415,11961
3797,0.00325,0.14146777314772913,2.7756973824860345,11962
6725,0.0031666666666666666,0.1412324228707691,2.77107964423239,11963
11987,0.0030833333333333333,0.14121608357389026,2.770759055715475,11964
8323,0.003,0.1412021728077041,2.7704861166818966,11965
10149,0.002916666666666667,0.14120079308775,2.770459045604289,11966
3879,0.0028333333333333335,0.1408613066656569,2.763798082812303,11967
8157,0.00275,0.14052132009249904,2.7571273067041484,11968
11065,0.0026666666666666666,0.14007962413122144,2.7484609207400816,11969
1388,0.0025833333333333333,0.13994066929535437,2.745734528957568,11970
710,0.0025,0.13990290753759885,2.744993616664812,11971
5581,0.002416666666666667,0.13990225414374755,2.744980796617045,11972
10225,0.0023333333333333335,0.13971489879262,2.741304752623777,11973
516,0.00225,0.13963913687418028,2.739818250404734,11974
7435,0.0021666666666666666,0.1394244605976105,2.7356061506049465,11975
10549,0.0020833333333333333,0.13907982637847377,2.7288441844080684,11976
3302,0.002,0.13882532343023649,2.723850657249633,11977
1794,0.0019166666666666666,0.13850240496144908,2.7175147693748007,11978
9059,0.0018333333333333333,0.13818983275639118,2.7113818824838765,11979
3793,0.00175,0.13797711502486412,2.707208210717725,11980
3520,0.0016666666666666668,0.13744331600217016,2.696734697796037,11981
1748,0.0015833333333333333,0.13727936818924263,2.6935179261944118,11982
8642,0.0015,0.13667570168997484,2.681673564156148,11983
8086,0.0014166666666666668,0.1355763004524551,2.660102537275726,11984
5739,0.0013333333333333333,0.13532783725162603,2.6552275142168207,11985
248,0.00125,0.13531969336370547,2.655067725397944,11986
2477,0.0011666666666666668,0.13466357399114276,2.642194201029039,11987
936,0.0010833333333333333,0.1345589984269004,2.640142354778254,11988
10556,0.001,0.13428678061599125,2.6348012495329143,11989
2837,0.0009166666666666666,0.13384710609664122,2.626174525683772,11990
2085,0.0008333333333333334,0.1337871772606752,2.6249986796983062,11991
981,0.00075,0.13365957210395754,2.622494976617324,11992
2623,0.0006666666666666666,0.13356206905765186,2.620581898151473,11993
78,0.0005833333333333334,0.13354332906759647,2.620214206343069,11994
10577,0.0005,0.1313867021178981,2.577899666104763,11995
1106,0.0004166666666666667,0.13001002620168833,2.550888314670252,11996
11106,0.0003333333333333333,0.129633373047331,2.5434981144048976,11997
5498,0.00025,0.12616758208145684,2.475496853777294,11998
4276,0.00016666666666666666,0.12071215398802379,2.368457510877191,11999
2701,8.333333333333333e-05,0.10939449237906645,2.146397016074307,12000
