row_id,benchmark_score,nmf_score,svd_score,rank
1988,1.0,,3.1041507307029947,1
1946,0.9995819397993311,,3.068238046124937,2
2353,0.9991638795986622,,3.0638617506214763,3
1459,0.9987458193979933,,3.061242083636317,4
1771,0.9983277591973244,,3.035379544328235,5
1607,0.9979096989966555,,3.0323306888219155,6
2386,0.9974916387959866,,3.009648036044524,7
1363,0.9970735785953178,,3.009287392321606,8
1390,0.9966555183946488,,3.004308217602328,9
2180,0.9962374581939799,,2.9947815592196863,10
1533,0.995819397993311,,2.994453160564128,11
1844,0.9954013377926422,,2.983162664470182,12
825,0.9949832775919732,,2.9693631774081353,13
2169,0.9945652173913043,,2.9678641802366874,14
1936,0.9941471571906354,,2.967511819539631,15
1767,0.9937290969899666,,2.967093860761363,16
2104,0.9933110367892977,,2.9544195158989974,17
2281,0.9928929765886287,,2.9542460233116876,18
1761,0.9924749163879598,,2.9448533149840794,19
2052,0.992056856187291,,2.94110622014071,20
1825,0.9916387959866221,,2.938632072675341,21
1786,0.9912207357859532,,2.93830452865581,22
1754,0.9908026755852842,,2.936570741058109,23
1726,0.9903846153846154,,2.936198552742833,24
870,0.9899665551839465,,2.9284833122972587,25
1984,0.9895484949832776,,2.9274036507228374,26
518,0.9891304347826086,,2.9267087951095063,27
2110,0.9887123745819398,,2.926210594154805,28
2302,0.9882943143812709,,2.922811229017809,29
1434,0.987876254180602,,2.9220578609319205,30
908,0.9874581939799331,,2.9170752720326028,31
2023,0.9870401337792643,,2.914786251588314,32
1108,0.9866220735785953,,2.9133378913485948,33
2066,0.9862040133779264,,2.9108179328621295,34
2017,0.9857859531772575,,2.9085414842671167,35
1307,0.9853678929765887,,2.9085169475353445,36
1758,0.9849498327759197,,2.905498373039817,37
706,0.9845317725752508,,2.899403404898052,38
1933,0.9841137123745819,,2.8991094351088154,39
2036,0.9836956521739131,,2.8949299411507883,40
1939,0.9832775919732442,,2.8931968718302405,41
2083,0.9828595317725752,,2.889388546620425,42
99,0.9824414715719063,,2.8887545444395664,43
1896,0.9820234113712375,,2.888235020089384,44
1332,0.9816053511705686,,2.8866790021075537,45
2189,0.9811872909698997,,2.8781941623294824,46
2328,0.9807692307692307,,2.8779101768550297,47
2015,0.9803511705685619,,2.8770737369059067,48
729,0.979933110367893,,2.8755847541784383,49
279,0.9795150501672241,,2.875280557060028,50
2032,0.9790969899665551,,2.8752475496588246,51
1088,0.9786789297658863,,2.875138598103279,52
383,0.9782608695652174,,2.8737901406958746,53
1686,0.9778428093645485,,2.8733220666688966,54
834,0.9774247491638796,,2.873270919305109,55
1230,0.9770066889632107,,2.8727511393283556,56
230,0.9765886287625418,,2.8705240300724224,57
2171,0.9761705685618729,,2.87028086049431,58
2116,0.975752508361204,,2.867696081556377,59
2350,0.9753344481605352,,2.8658327311208738,60
2136,0.9749163879598662,,2.865144352882853,61
1783,0.9744983277591973,,2.8639891232180226,62
707,0.9740802675585284,,2.862531050280419,63
2056,0.9736622073578596,,2.8602578423329814,64
941,0.9732441471571907,,2.8602210280954203,65
1711,0.9728260869565217,,2.856879030442784,66
2185,0.9724080267558528,,2.855728836748121,67
153,0.971989966555184,,2.8556282678523233,68
1483,0.9715719063545151,,2.85508900105583,69
1836,0.9711538461538461,,2.8545755455182813,70
2073,0.9707357859531772,,2.854224125720569,71
1727,0.9703177257525084,,2.8537429770707172,72
2112,0.9698996655518395,,2.851468038770475,73
1222,0.9694816053511706,,2.8505951151259983,74
2161,0.9690635451505016,,2.8481537951009304,75
1011,0.9686454849498328,,2.8480725355409353,76
1885,0.9682274247491639,,2.8470824894009694,77
2379,0.967809364548495,,2.846547250255348,78
922,0.967391304347826,,2.8456015630905886,79
2170,0.9669732441471572,,2.8455942077585217,80
1798,0.9665551839464883,,2.844795410196718,81
1283,0.9661371237458194,,2.844330381610996,82
1072,0.9657190635451505,,2.8391865697256806,83
2044,0.9653010033444817,,2.8391613588488256,84
1818,0.9648829431438127,,2.8386984432761504,85
1098,0.9644648829431438,,2.83859670772476,86
2300,0.9640468227424749,,2.8375631273341466,87
1831,0.9636287625418061,,2.8373714833192616,88
790,0.9632107023411371,,2.837241856243979,89
2147,0.9627926421404682,,2.8360098740941444,90
2138,0.9623745819397993,,2.8359433976705306,91
2065,0.9619565217391305,,2.833657685090029,92
1388,0.9615384615384616,,2.83326112664422,93
1599,0.9611204013377926,,2.8304086191467266,94
905,0.9607023411371237,,2.8301601866547035,95
1453,0.9602842809364549,,2.8277863474740177,96
1800,0.959866220735786,,2.8274709456716436,97
1147,0.9594481605351171,,2.8266968565806083,98
795,0.9590301003344481,,2.824655339464474,99
1874,0.9586120401337793,,2.824382574325427,100
2144,0.9581939799331104,,2.8243540481666236,101
1777,0.9577759197324415,,2.8235326539259744,102
1247,0.9573578595317725,,2.8217998752130637,103
2089,0.9569397993311036,,2.820310461095041,104
1580,0.9565217391304348,,2.8187545658212754,105
1611,0.9561036789297659,,2.818745258350541,106
1119,0.955685618729097,,2.81865769876853,107
2106,0.955267558528428,,2.8167082322696433,108
2215,0.9548494983277592,,2.8165518355256847,109
1856,0.9544314381270903,,2.8158360277545835,110
865,0.9540133779264214,,2.8149871109836906,111
1125,0.9535953177257525,,2.814833049412997,112
1847,0.9531772575250836,,2.8146372762108656,113
2091,0.9527591973244147,,2.8146371657365,114
731,0.9523411371237458,,2.814444458247682,115
1572,0.9519230769230769,,2.8143110639686717,116
722,0.9515050167224081,,2.8136963552903427,117
879,0.9510869565217391,,2.8128152130170307,118
800,0.9506688963210702,,2.8127561566139208,119
1735,0.9502508361204013,,2.8118814685833464,120
1809,0.9498327759197325,,2.80845387731244,121
270,0.9494147157190636,,2.8082282393198814,122
2086,0.9489966555183946,,2.808048454456292,123
1986,0.9485785953177257,,2.807679085595358,124
1544,0.9481605351170569,,2.8071805807009,125
1730,0.947742474916388,,2.8062569395594603,126
1652,0.947324414715719,,2.8058293087140496,127
402,0.9469063545150501,,2.8056525830183667,128
1734,0.9464882943143813,,2.805570555252153,129
1529,0.9460702341137124,,2.8047712092349797,130
1721,0.9456521739130435,,2.8045429868722547,131
2026,0.9452341137123745,,2.8045225189474903,132
1126,0.9448160535117057,,2.80292508227374,133
2382,0.9443979933110368,,2.802851354221789,134
1960,0.9439799331103679,,2.8024980598006617,135
1206,0.943561872909699,,2.8023713714052563,136
2033,0.9431438127090301,,2.8015164178159973,137
708,0.9427257525083612,,2.799970304979078,138
1673,0.9423076923076923,,2.799939132668512,139
1997,0.9418896321070234,,2.799004736427118,140
370,0.9414715719063546,,2.7989990841339165,141
2219,0.9410535117056856,,2.798994465133557,142
1417,0.9406354515050167,,2.798113661029355,143
623,0.9402173913043478,,2.796735599684271,144
2063,0.939799331103679,,2.7966018623114226,145
2057,0.93938127090301,,2.7941487934034996,146
715,0.9389632107023411,,2.7929108318744045,147
1983,0.9385451505016722,,2.7924786816975598,148
1473,0.9381270903010034,,2.791774244698837,149
1860,0.9377090301003345,,2.791544128553538,150
2018,0.9372909698996655,,2.7913508783561007,151
1962,0.9368729096989966,,2.791242737735074,152
300,0.9364548494983278,,2.7912365213192363,153
1155,0.9360367892976589,,2.7907073658323776,154
2194,0.93561872909699,,2.7902728064746176,155
432,0.935200668896321,,2.7888986851246753,156
1738,0.9347826086956522,,2.7885757517326177,157
1550,0.9343645484949833,,2.7878854482320565,158
2373,0.9339464882943144,,2.78769916483091,159
1759,0.9335284280936454,,2.7860631781157252,160
1671,0.9331103678929766,,2.7858843308616508,161
1531,0.9326923076923077,,2.785502344281349,162
1665,0.9322742474916388,,2.7853870280602844,163
1298,0.9318561872909699,,2.7852258370466996,164
1678,0.931438127090301,,2.7851232778343245,165
1995,0.9310200668896321,,2.784687312506897,166
1656,0.9306020066889632,,2.784635879142067,167
1398,0.9301839464882943,,2.7843462465624524,168
1951,0.9297658862876255,,2.784283552713117,169
1220,0.9293478260869565,,2.7834615297793994,170
1012,0.9289297658862876,,2.7833662331963223,171
1024,0.9285117056856187,,2.782585865456747,172
1016,0.9280936454849499,,2.7823690146321067,173
1501,0.927675585284281,,2.782188956975721,174
1338,0.927257525083612,,2.7813533886742987,175
507,0.9268394648829431,,2.7811016132873685,176
1913,0.9264214046822743,,2.7800271354758146,177
1427,0.9260033444816054,,2.7765601231000794,178
316,0.9255852842809364,,2.7760564829698207,179
724,0.9251672240802675,,2.775674257153192,180
2080,0.9247491638795987,,2.7752716858754494,181
1065,0.9243311036789298,,2.7734050582322385,182
1702,0.9239130434782609,,2.772046754677764,183
1048,0.9234949832775919,,2.7715391515465337,184
1481,0.9230769230769231,,2.7712186554859635,185
1622,0.9226588628762542,,2.768968641547796,186
2286,0.9222408026755853,,2.768520453420203,187
1079,0.9218227424749164,,2.7683801354581834,188
697,0.9214046822742475,,2.7676970660386337,189
207,0.9209866220735786,,2.767126877234069,190
1840,0.9205685618729097,,2.765987655771828,191
1835,0.9201505016722408,,2.765980219706402,192
657,0.919732441471572,,2.764742350114493,193
158,0.919314381270903,,2.76439936909186,194
1772,0.9188963210702341,,2.7642171978716035,195
585,0.9184782608695652,,2.7634527052633904,196
1271,0.9180602006688964,,2.7634510766037064,197
676,0.9176421404682275,,2.763342424605693,198
1634,0.9172240802675585,,2.762986033705074,199
1958,0.9168060200668896,,2.762566303352679,200
2064,0.9163879598662207,,2.7614225308364664,201
1934,0.9159698996655519,,2.7610609050058192,202
181,0.9155518394648829,,2.7609261997436483,203
1755,0.915133779264214,,2.760815489387601,204
1807,0.9147157190635451,,2.7600078080315322,205
1569,0.9142976588628763,,2.75908956405261,206
1232,0.9138795986622074,,2.7582746409726027,207
1364,0.9134615384615384,,2.758178062710089,208
2119,0.9130434782608695,,2.75757791560955,209
1352,0.9126254180602007,,2.7563313322184833,210
21,0.9122073578595318,,2.7560123013038407,211
2016,0.9117892976588629,,2.754808116210505,212
1654,0.9113712374581939,,2.7545875567713547,213
2309,0.9109531772575251,,2.7542175841995027,214
1135,0.9105351170568562,,2.754043390714223,215
610,0.9101170568561873,,2.753590456913051,216
860,0.9096989966555183,,2.7535352097421497,217
1334,0.9092809364548495,,2.753280052059154,218
1145,0.9088628762541806,,2.75305474532813,219
231,0.9084448160535117,,2.752946425020079,220
1624,0.9080267558528428,,2.7522446170560153,221
500,0.907608695652174,,2.7522119153296054,222
266,0.907190635451505,,2.7512078466206566,223
2022,0.9067725752508361,,2.7506536229249208,224
626,0.9063545150501672,,2.749954981492769,225
2249,0.9059364548494984,,2.747763771874221,226
1097,0.9055183946488294,,2.7477081479771424,227
839,0.9051003344481605,,2.747152302024469,228
1725,0.9046822742474916,,2.7462088929668496,229
2329,0.9042642140468228,,2.745626692905821,230
830,0.9038461538461539,,2.745157691655509,231
1560,0.9034280936454849,,2.744976446961647,232
1173,0.903010033444816,,2.7443932519566623,233
813,0.9025919732441472,,2.7442473503307303,234
1608,0.9021739130434783,,2.7422364622627806,235
1804,0.9017558528428093,,2.739810991474864,236
2356,0.9013377926421404,,2.7392742626036997,237
880,0.9009197324414716,,2.737896516087597,238
2164,0.9005016722408027,,2.7378635744134154,239
1974,0.9000836120401338,,2.7369476030268207,240
632,0.8996655518394648,,2.7361590018676245,241
1433,0.899247491638796,,2.7351610766959884,242
2002,0.8988294314381271,,2.7340577139622972,243
2271,0.8984113712374582,,2.7338668202180516,244
1584,0.8979933110367893,,2.7328847861038468,245
47,0.8975752508361204,,2.7326199847088875,246
1972,0.8971571906354515,,2.7323936729562797,247
1291,0.8967391304347826,,2.73177728996833,248
1337,0.8963210702341137,,2.7317326137987927,249
1431,0.8959030100334449,,2.7316923343176014,250
2255,0.8954849498327759,,2.7316680498390045,251
403,0.895066889632107,,2.73124116559809,252
1039,0.8946488294314381,,2.7303920524551555,253
1124,0.8942307692307693,,2.7303066825426607,254
641,0.8938127090301003,,2.730003491774013,255
1940,0.8933946488294314,,2.7299362340730613,256
2027,0.8929765886287625,,2.72890004599916,257
1567,0.8925585284280937,,2.728683346898833,258
1254,0.8921404682274248,,2.7284038053995303,259
577,0.8917224080267558,,2.728294809034247,260
1382,0.8913043478260869,,2.728011184422076,261
2123,0.8908862876254181,,2.7278942061591436,262
1251,0.8904682274247492,,2.726338518626288,263
1500,0.8900501672240803,,2.726337381770706,264
1880,0.8896321070234113,,2.7256682169962203,265
1875,0.8892140468227425,,2.7253842104023387,266
1402,0.8887959866220736,,2.724607167199335,267
2366,0.8883779264214047,,2.7235517475722584,268
1866,0.8879598662207357,,2.7234013891645783,269
2040,0.8875418060200669,,2.723227592752368,270
526,0.887123745819398,,2.7228603516753496,271
994,0.8867056856187291,,2.7227672288622586,272
2301,0.8862876254180602,,2.722585756169066,273
2139,0.8858695652173914,,2.721872475677126,274
2245,0.8854515050167224,,2.721805515407206,275
1864,0.8850334448160535,,2.72148255108574,276
984,0.8846153846153846,,2.721445149477808,277
1492,0.8841973244147158,,2.7211789910502238,278
1568,0.8837792642140468,,2.7210873910410673,279
1512,0.8833612040133779,,2.72096022175331,280
2202,0.882943143812709,,2.7207025362341293,281
1028,0.8825250836120402,,2.720194836510899,282
2256,0.8821070234113713,,2.7198933555972444,283
798,0.8816889632107023,,2.7194862979852794,284
656,0.8812709030100334,,2.719276944964528,285
302,0.8808528428093646,,2.7192173213906887,286
1551,0.8804347826086957,,2.7189797461250897,287
1445,0.8800167224080268,,2.718510865767062,288
1732,0.8795986622073578,,2.7184488914189227,289
457,0.879180602006689,,2.718218636269336,290
864,0.8787625418060201,,2.717875749673453,291
1513,0.8783444816053512,,2.7178100395762788,292
2322,0.8779264214046822,,2.7171261824561177,293
524,0.8775083612040134,,2.716902125591224,294
2068,0.8770903010033445,,2.716280499916992,295
24,0.8766722408026756,,2.716039454483615,296
1889,0.8762541806020067,,2.715232769717286,297
1701,0.8758361204013378,,2.7143296782513207,298
1718,0.8754180602006689,,2.713948585324393,299
411,0.875,,2.713405643459883,300
768,0.8745819397993311,,2.712998205714495,301
1328,0.8741638795986622,,2.711900418423997,302
424,0.8737458193979933,,2.7114121082751352,303
1898,0.8733277591973244,,2.710805650409576,304
975,0.8729096989966555,,2.7106990153225774,305
1189,0.8724916387959866,,2.7105938744543283,306
1081,0.8720735785953178,,2.710477475097448,307
1439,0.8716555183946488,,2.7099795491693333,308
663,0.8712374581939799,,2.709513026868303,309
1904,0.870819397993311,,2.70771675301315,310
1945,0.8704013377926422,,2.707554334733411,311
1903,0.8699832775919732,,2.70723481029792,312
1226,0.8695652173913043,,2.7063113310202813,313
2030,0.8691471571906354,,2.705263579251024,314
264,0.8687290969899666,,2.704953864028638,315
1953,0.8683110367892977,,2.7045130620137194,316
129,0.8678929765886287,,2.7037663967976804,317
978,0.8674749163879598,,2.703428481176269,318
2226,0.867056856187291,,2.7033387018556216,319
1710,0.8666387959866221,,2.7027978097157908,320
388,0.8662207357859532,,2.7019990563909455,321
1116,0.8658026755852842,,2.701058653398709,322
1049,0.8653846153846154,,2.7009147640244566,323
1751,0.8649665551839465,,2.700571387033619,324
1745,0.8645484949832776,,2.7004397526203827,325
2214,0.8641304347826086,,2.70022788536669,326
1053,0.8637123745819398,,2.698547337447248,327
1202,0.8632943143812709,,2.6973532742197786,328
1162,0.862876254180602,,2.696737343719202,329
1790,0.8624581939799331,,2.696596461126073,330
1766,0.8620401337792643,,2.695675304241214,331
1760,0.8616220735785953,,2.6948050851148198,332
755,0.8612040133779264,,2.693457651778116,333
1548,0.8607859531772575,,2.6933871990188063,334
1566,0.8603678929765887,,2.693243608859479,335
1776,0.8599498327759197,,2.6932128506323543,336
1802,0.8595317725752508,,2.6917978452697926,337
248,0.8591137123745819,,2.6911917034264046,338
2324,0.8586956521739131,,2.6905619022128526,339
628,0.8582775919732442,,2.6892618197720703,340
1789,0.8578595317725752,,2.6873659104422067,341
696,0.8574414715719063,,2.687284715609936,342
466,0.8570234113712375,,2.6870657147671904,343
267,0.8566053511705686,,2.6866167121998705,344
1707,0.8561872909698997,,2.6863934596358647,345
1142,0.8557692307692307,,2.6857462681916244,346
584,0.8553511705685619,,2.685243927887617,347
670,0.854933110367893,,2.684492847871645,348
1873,0.8545150501672241,,2.684123336538363,349
285,0.8540969899665551,,2.683203379167892,350
2120,0.8536789297658863,,2.682875234909098,351
1374,0.8532608695652174,,2.6827540682415907,352
1107,0.8528428093645485,,2.682326670438914,353
1565,0.8524247491638796,,2.681696385055552,354
359,0.8520066889632107,,2.680864880923284,355
938,0.8515886287625418,,2.6805172508330934,356
1062,0.8511705685618729,,2.679181968150417,357
873,0.850752508361204,,2.678439893366497,358
2088,0.8503344481605352,,2.678197056145734,359
175,0.8499163879598662,,2.678182137873989,360
1418,0.8494983277591973,,2.678140560369601,361
219,0.8490802675585284,,2.677705580537179,362
227,0.8486622073578596,,2.677049965830079,363
2085,0.8482441471571907,,2.6766141833325143,364
313,0.8478260869565217,,2.676507069124289,365
1294,0.8474080267558528,,2.675749664597549,366
1127,0.846989966555184,,2.6754634999042275,367
2251,0.8465719063545151,,2.6747491273580124,368
986,0.8461538461538461,,2.6744313844779506,369
2122,0.8457357859531772,,2.6743158578540878,370
1595,0.8453177257525084,,2.6741956064262156,371
1224,0.8448996655518395,,2.6733725955841696,372
1723,0.8444816053511706,,2.672975965264499,373
2154,0.8440635451505016,,2.672737624451537,374
1554,0.8436454849498328,,2.672431259024895,375
1534,0.8432274247491639,,2.6722167411552227,376
2205,0.842809364548495,,2.6721629544523906,377
1698,0.842391304347826,,2.6721415576797622,378
929,0.8419732441471572,,2.672115179315363,379
2294,0.8415551839464883,,2.6705619344362597,380
1238,0.8411371237458194,,2.6704658106582944,381
1674,0.8407190635451505,,2.6703130394269228,382
752,0.8403010033444817,,2.6697900803434913,383
1209,0.8398829431438127,,2.668737217922194,384
1618,0.8394648829431438,,2.668628212518949,385
1805,0.8390468227424749,,2.668242022905338,386
208,0.8386287625418061,,2.667475295926256,387
1872,0.8382107023411371,,2.6673062770935347,388
1699,0.8377926421404682,,2.666302974550391,389
226,0.8373745819397993,,2.6661242227165016,390
1441,0.8369565217391305,,2.6659903500664295,391
1438,0.8365384615384616,,2.66523518991749,392
334,0.8361204013377926,,2.665151751527029,393
445,0.8357023411371237,,2.6643931849724227,394
1793,0.8352842809364549,,2.6630155690474004,395
590,0.834866220735786,,2.661740614179403,396
170,0.8344481605351171,,2.661590365237728,397
631,0.8340301003344481,,2.6615478532753953,398
2223,0.8336120401337793,,2.661406027725905,399
1773,0.8331939799331104,,2.661341830973622,400
1356,0.8327759197324415,,2.6611907165724324,401
2151,0.8323578595317725,,2.661155361380234,402
1442,0.8319397993311036,,2.6611226447404817,403
1787,0.8315217391304348,,2.6607579990419405,404
896,0.8311036789297659,,2.659831997639865,405
930,0.830685618729097,,2.6595908781589186,406
593,0.830267558528428,,2.6593894563527334,407
2335,0.8298494983277592,,2.659242184643051,408
1378,0.8294314381270903,,2.6592001195816932,409
1911,0.8290133779264214,,2.6591319825298143,410
779,0.8285953177257525,,2.658689547690385,411
1878,0.8281772575250836,,2.658446912043894,412
2132,0.8277591973244147,,2.6565770729979863,413
291,0.8273411371237458,,2.6564837701347614,414
1210,0.8269230769230769,,2.656232651003214,415
1273,0.8265050167224081,,2.656078634532662,416
991,0.8260869565217391,,2.6556691825155183,417
1577,0.8256688963210702,,2.654645657490856,418
647,0.8252508361204013,,2.6545936669025525,419
583,0.8248327759197325,,2.654505651636797,420
1488,0.8244147157190636,,2.654268742040052,421
2278,0.8239966555183946,,2.653983953582923,422
963,0.8235785953177257,,2.6538748360983617,423
2372,0.8231605351170569,,2.6537990161260083,424
437,0.822742474916388,,2.6529917370788083,425
415,0.822324414715719,,2.652877940849823,426
2206,0.8219063545150501,,2.65257740660612,427
2051,0.8214882943143813,,2.652572934593827,428
2384,0.8210702341137124,,2.652282264010062,429
404,0.8206521739130435,,2.6514141696203724,430
1315,0.8202341137123745,,2.651241882718818,431
856,0.8198160535117057,,2.6510441990701543,432
2360,0.8193979933110368,,2.6505640846893335,433
1748,0.8189799331103679,,2.6503528426273375,434
606,0.818561872909699,,2.650333075855159,435
1309,0.8181438127090301,,2.649924000643234,436
602,0.8177257525083612,,2.6490518912439427,437
354,0.8173076923076923,,2.6488352699487216,438
1367,0.8168896321070234,,2.648761594259444,439
1815,0.8164715719063546,,2.648271198433744,440
1694,0.8160535117056856,,2.6472367545935045,441
1646,0.8156354515050167,,2.6472272130605172,442
1057,0.8152173913043478,,2.6470919282425824,443
823,0.814799331103679,,2.646712175672826,444
2140,0.81438127090301,,2.6465295988701287,445
2062,0.8139632107023411,,2.6461671878038664,446
394,0.8135451505016722,,2.6458403043559646,447
556,0.8131270903010034,,2.645656623152959,448
449,0.8127090301003345,,2.6453543587583757,449
204,0.8122909698996655,,2.64451487451352,450
484,0.8118729096989966,,2.6439428824305264,451
286,0.8114548494983278,,2.6431520391674272,452
1466,0.8110367892976589,,2.642653235123141,453
328,0.81061872909699,,2.6424774925477093,454
651,0.810200668896321,,2.6421403224473763,455
2153,0.8097826086956522,,2.6420602669199864,456
810,0.8093645484949833,,2.641910374806415,457
2035,0.8089464882943144,,2.641345896832557,458
2149,0.8085284280936454,,2.6409744744354686,459
1601,0.8081103678929766,,2.6408355394857597,460
916,0.8076923076923077,,2.6405349211361004,461
1017,0.8072742474916388,,2.639461630029592,462
2306,0.8068561872909699,,2.6390948326399233,463
510,0.806438127090301,,2.6381520240852754,464
1823,0.8060200668896321,,2.637772311559399,465
1685,0.8056020066889632,,2.637715433958477,466
2343,0.8051839464882943,,2.637584848227923,467
727,0.8047658862876255,,2.637499117846149,468
1075,0.8043478260869565,,2.6373432431011037,469
1620,0.8039297658862876,,2.637106355555951,470
1977,0.8035117056856187,,2.6370729761860416,471
1056,0.8030936454849499,,2.6364122675947432,472
57,0.802675585284281,,2.6359548506905504,473
882,0.802257525083612,,2.635622483024703,474
198,0.8018394648829431,,2.6353392068343173,475
1586,0.8014214046822743,,2.634272517460938,476
2007,0.8010033444816054,,2.6339019508765884,477
700,0.8005852842809364,,2.633786194926866,478
2235,0.8001672240802675,,2.6332273504101744,479
2244,0.7997491638795987,,2.6317993487466538,480
886,0.7993311036789298,,2.6315971393844717,481
1511,0.7989130434782609,,2.631551829835081,482
2310,0.7984949832775919,,2.631539531795135,483
617,0.7980769230769231,,2.631433357673457,484
81,0.7976588628762542,,2.6307793572466207,485
29,0.7972408026755853,,2.6301863419123905,486
2034,0.7968227424749164,,2.630125091425151,487
726,0.7964046822742475,,2.6300493108314478,488
773,0.7959866220735786,,2.6294905340489128,489
2121,0.7955685618729097,,2.6290368579269088,490
791,0.7951505016722408,,2.628856076668049,491
665,0.794732441471572,,2.628498024076551,492
489,0.794314381270903,,2.6283700076094476,493
1440,0.7938963210702341,,2.6283474066061894,494
996,0.7934782608695652,,2.6282924744711123,495
1091,0.7930602006688964,,2.6279636401228488,496
2125,0.7926421404682275,,2.627298570981459,497
1216,0.7922240802675585,,2.6272365896929335,498
1715,0.7918060200668896,,2.6270429324347564,499
2021,0.7913879598662207,,2.6264728426920487,500
1968,0.7909698996655519,,2.626348740601041,501
578,0.7905518394648829,,2.6262734919562987,502
277,0.790133779264214,,2.625967851900116,503
2115,0.7897157190635451,,2.6254438926225245,504
2082,0.7892976588628763,,2.6251063289038665,505
2098,0.7888795986622074,,2.624997846572072,506
1879,0.7884615384615384,,2.6249033990060227,507
579,0.7880434782608695,,2.6247149449397917,508
1414,0.7876254180602007,,2.624688194190241,509
1575,0.7872073578595318,,2.6232685706373964,510
649,0.7867892976588629,,2.623146856593763,511
55,0.7863712374581939,,2.62272616630386,512
1645,0.7859531772575251,,2.621190131878581,513
1428,0.7855351170568562,,2.6210426719490028,514
1956,0.7851170568561873,,2.6209414922846777,515
310,0.7846989966555183,,2.6209265824237424,516
2240,0.7842809364548495,,2.6205489071482346,517
438,0.7838628762541806,,2.6198974833545434,518
348,0.7834448160535117,,2.619710235899393,519
1857,0.7830267558528428,,2.6190563563959417,520
1788,0.782608695652174,,2.618851904995244,521
1891,0.782190635451505,,2.6179411013550586,522
745,0.7817725752508361,,2.6179004228161262,523
1742,0.7813545150501672,,2.6175876608144084,524
1354,0.7809364548494984,,2.6168815127835816,525
2220,0.7805183946488294,,2.616451874372384,526
843,0.7801003344481605,,2.6162669392880957,527
2042,0.7796822742474916,,2.615725633222255,528
2029,0.7792642140468228,,2.615274663254531,529
1600,0.7788461538461539,,2.6152074048853424,530
538,0.7784280936454849,,2.6150766408275117,531
691,0.778010033444816,,2.6147643862269074,532
1722,0.7775919732441472,,2.6146417777025364,533
1579,0.7771739130434783,,2.6144942851422557,534
646,0.7767558528428093,,2.6143611730858956,535
2346,0.7763377926421404,,2.6143029633957697,536
1469,0.7759197324414716,,2.6136101384203525,537
1943,0.7755016722408027,,2.6135402744420437,538
287,0.7750836120401338,,2.613500183644346,539
750,0.7746655518394648,,2.6134277667747576,540
2323,0.774247491638796,,2.6133252304303287,541
1813,0.7738294314381271,,2.6122444168060825,542
1121,0.7734113712374582,,2.612139544549861,543
405,0.7729933110367893,,2.6117745028602317,544
78,0.7725752508361204,,2.6117590936784096,545
1781,0.7721571906354515,,2.6115739460241656,546
1381,0.7717391304347826,,2.611531942845217,547
1329,0.7713210702341137,,2.611444697584266,548
2179,0.7709030100334449,,2.610865410480623,549
312,0.7704849498327759,,2.6107410434241287,550
1724,0.770066889632107,,2.61052334576508,551
619,0.7696488294314381,,2.6100480401213026,552
855,0.7692307692307693,,2.609949662930054,553
1967,0.7688127090301003,,2.6099029865760035,554
2287,0.7683946488294314,,2.609845768810467,555
2284,0.7679765886287625,,2.609805699189596,556
762,0.7675585284280937,,2.608820442107126,557
1964,0.7671404682274248,,2.6087034446612676,558
2266,0.7667224080267558,,2.6082438369928242,559
1571,0.7663043478260869,,2.608211951261614,560
1259,0.7658862876254181,,2.6080515597053955,561
1422,0.7654682274247492,,2.60786480417172,562
1739,0.7650501672240803,,2.6076040297737517,563
2113,0.7646321070234113,,2.6073604810571,564
1451,0.7642140468227425,,2.607223621616724,565
385,0.7637959866220736,,2.606243827227577,566
1746,0.7633779264214047,,2.60599215248282,567
1471,0.7629598662207357,,2.605714652957736,568
660,0.7625418060200669,,2.6056407974271294,569
695,0.762123745819398,,2.605597464013149,570
1631,0.7617056856187291,,2.6050541764634936,571
1769,0.7612876254180602,,2.605022343619502,572
1077,0.7608695652173914,,2.6044440270200533,573
575,0.7604515050167224,,2.604033892086488,574
2290,0.7600334448160535,,2.6038266040406413,575
1258,0.7596153846153846,,2.603616673838042,576
2004,0.7591973244147158,,2.6034176247398446,577
335,0.7587792642140468,,2.602711556857569,578
1060,0.7583612040133779,,2.602614134123062,579
1794,0.757943143812709,,2.6025163003085536,580
940,0.7575250836120402,,2.6016921799673565,581
2236,0.7571070234113713,,2.6015422333113736,582
1541,0.7566889632107023,,2.6012939585086827,583
1747,0.7562709030100334,,2.6012475732704283,584
1170,0.7558528428093646,,2.6011296344606727,585
2212,0.7554347826086957,,2.6007424994684047,586
725,0.7550167224080268,,2.6006517965497244,587
932,0.7545986622073578,,2.6006195129591076,588
1231,0.754180602006689,,2.5998864858059028,589
1907,0.7537625418060201,,2.599638808442799,590
2199,0.7533444816053512,,2.599590971130699,591
2282,0.7529264214046822,,2.5993714016314833,592
2159,0.7525083612040134,,2.5992293963753927,593
1775,0.7520903010033445,,2.599054080718771,594
1168,0.7516722408026756,,2.598566500390779,595
1110,0.7512541806020067,,2.5984309326489385,596
2097,0.7508361204013378,,2.598082327021318,597
2208,0.7504180602006689,,2.598019668778631,598
1319,0.75,,2.597895979133131,599
1849,0.7495819397993311,,2.597396457228219,600
2094,0.7491638795986622,,2.59686666034288,601
2291,0.7487458193979933,,2.5961356569127054,602
1650,0.7483277591973244,,2.595535407252555,603
2137,0.7479096989966555,,2.5948960995239556,604
427,0.7474916387959866,,2.5947032114751907,605
1676,0.7470735785953178,,2.5938647154642775,606
974,0.7466555183946488,,2.593630510325464,607
522,0.7462374581939799,,2.593141080847843,608
75,0.745819397993311,,2.5930939532404005,609
1810,0.7454013377926422,,2.5929871824126,610
519,0.7449832775919732,,2.5927965935653323,611
1336,0.7445652173913043,,2.5915963179975865,612
1626,0.7441471571906354,,2.591428674723358,613
343,0.7437290969899666,,2.590764216602494,614
2183,0.7433110367892977,,2.59073488282982,615
1812,0.7428929765886287,,2.590731962714807,616
67,0.7424749163879598,,2.5903251670695933,617
1672,0.742056856187291,,2.5902628239869405,618
1669,0.7416387959866221,,2.5893516666493834,619
1851,0.7412207357859532,,2.588827830878432,620
1448,0.7408026755852842,,2.5878651831128963,621
1018,0.7403846153846154,,2.5878141623938085,622
247,0.7399665551839465,,2.587553428601067,623
2184,0.7395484949832776,,2.587300616584572,624
1243,0.7391304347826086,,2.5871552258610717,625
1188,0.7387123745819398,,2.587142818493448,626
1286,0.7382943143812709,,2.58708822407347,627
1212,0.737876254180602,,2.586130041379904,628
2041,0.7374581939799331,,2.585253917965628,629
2238,0.7370401337792643,,2.58522677506209,630
2173,0.7366220735785953,,2.5849011868480303,631
201,0.7362040133779264,,2.58481544993195,632
1644,0.7357859531772575,,2.584080879104335,633
2391,0.7353678929765887,,2.583485370371388,634
1965,0.7349498327759197,,2.582633989938403,635
552,0.7345317725752508,,2.5825895781715373,636
835,0.7341137123745819,,2.582467823827081,637
1423,0.7336956521739131,,2.582330964455799,638
1311,0.7332775919732442,,2.582192693363137,639
712,0.7328595317725752,,2.5817406367341538,640
1063,0.7324414715719063,,2.581054777478819,641
2230,0.7320234113712375,,2.5810395954966703,642
118,0.7316053511705686,,2.5808890435994845,643
130,0.7311872909698997,,2.5807962272847944,644
885,0.7307692307692307,,2.580592638840351,645
1743,0.7303511705685619,,2.5801633601800007,646
1303,0.729933110367893,,2.5791590712733585,647
2320,0.7295150501672241,,2.5789306520174002,648
1728,0.7290969899665551,,2.5786242639405352,649
1714,0.7286789297658863,,2.5781416538913855,650
1712,0.7282608695652174,,2.5780746665023715,651
569,0.7278428093645485,,2.5776895217465556,652
1266,0.7274247491638796,,2.577609428151715,653
2201,0.7270066889632107,,2.577532569639255,654
869,0.7265886287625418,,2.5770221895508025,655
1204,0.7261705685618729,,2.5764570431154463,656
474,0.725752508361204,,2.576404219271414,657
1325,0.7253344481605352,,2.5762915678189775,658
989,0.7249163879598662,,2.5762602320296324,659
117,0.7244983277591973,,2.575998708508109,660
1041,0.7240802675585284,,2.5758126914036117,661
2365,0.7236622073578596,,2.5757812452764943,662
1841,0.7232441471571907,,2.5755761010535037,663
222,0.7228260869565217,,2.574396830059904,664
381,0.7224080267558528,,2.5738202101600103,665
1826,0.721989966555184,,2.5736828637621767,666
2295,0.7215719063545151,,2.5730642674473674,667
2209,0.7211538461538461,,2.5721304531294633,668
1191,0.7207357859531772,,2.5720729756070893,669
1862,0.7203177257525084,,2.5716722266391105,670
643,0.7198996655518395,,2.5711212570354482,671
1894,0.7194816053511706,,2.5711050632137775,672
1636,0.7190635451505016,,2.5709843662826324,673
520,0.7186454849498328,,2.570952900000825,674
1365,0.7182274247491639,,2.570688742213227,675
2218,0.717809364548495,,2.570642344867516,676
112,0.717391304347826,,2.570387837178227,677
1318,0.7169732441471572,,2.5700039650044437,678
849,0.7165551839464883,,2.56942382879267,679
1462,0.7161371237458194,,2.5688126554194453,680
540,0.7157190635451505,,2.5686878029049494,681
1401,0.7153010033444817,,2.5683696843616257,682
1331,0.7148829431438127,,2.568274810161895,683
1133,0.7144648829431438,,2.5679752529875732,684
1009,0.7140468227424749,,2.567348633558826,685
2020,0.7136287625418061,,2.567114972603037,686
1150,0.7132107023411371,,2.5669613486526535,687
157,0.7127926421404682,,2.5669266338477956,688
1420,0.7123745819397993,,2.5668944389216755,689
1007,0.7119565217391305,,2.5659989968175747,690
608,0.7115384615384616,,2.565861581710253,691
648,0.7111204013377926,,2.565592421048245,692
1949,0.7107023411371237,,2.5651412092557773,693
1593,0.7102842809364549,,2.565049790189486,694
1596,0.709866220735786,,2.5648262308027228,695
41,0.7094481605351171,,2.56428924729193,696
1380,0.7090301003344481,,2.564054103011157,697
1343,0.7086120401337793,,2.563650341190539,698
868,0.7081939799331104,,2.563445263388394,699
1887,0.7077759197324415,,2.5631795309488297,700
1527,0.7073578595317725,,2.5624651352064713,701
2276,0.7069397993311036,,2.5619258786995434,702
429,0.7065217391304348,,2.5616267132256785,703
1520,0.7061036789297659,,2.56139824922315,704
532,0.705685618729097,,2.5613342773103485,705
2,0.705267558528428,,2.561151544081505,706
1393,0.7048494983277592,,2.5607201918661735,707
1347,0.7044314381270903,,2.560530324838281,708
2077,0.7040133779264214,,2.560321016463876,709
1993,0.7035953177257525,,2.560150302155516,710
1344,0.7031772575250836,,2.5600813866363734,711
325,0.7027591973244147,,2.5597218376904194,712
339,0.7023411371237458,,2.5593454962985156,713
995,0.7019230769230769,,2.5591827370851603,714
2361,0.7015050167224081,,2.55886897741839,715
913,0.7010869565217391,,2.558730997629511,716
1549,0.7006688963210702,,2.5579647971345305,717
1543,0.7002508361204013,,2.557867605957128,718
1744,0.6998327759197325,,2.5578259971407555,719
1213,0.6994147157190636,,2.5575982500450607,720
2242,0.6989966555183946,,2.5573401553806083,721
829,0.6985785953177257,,2.5569156349725066,722
297,0.6981605351170569,,2.5568363327580275,723
816,0.697742474916388,,2.5567154683083446,724
4,0.697324414715719,,2.5566637584262986,725
246,0.6969063545150501,,2.556241071209764,726
1095,0.6964882943143813,,2.5561437598712926,727
1589,0.6960702341137124,,2.5560629293286503,728
1330,0.6956521739130435,,2.555885977049784,729
1324,0.6952341137123745,,2.5558692589538357,730
2096,0.6948160535117057,,2.5555723418578773,731
1970,0.6943979933110368,,2.5553635744158414,732
1262,0.6939799331103679,,2.555114886090082,733
812,0.693561872909699,,2.554872027224499,734
1474,0.6931438127090301,,2.5543249485943056,735
416,0.6927257525083612,,2.554249652584459,736
1845,0.6923076923076923,,2.5537515014644887,737
1895,0.6918896321070234,,2.5521377593242254,738
1117,0.6914715719063546,,2.552105801572771,739
2207,0.6910535117056856,,2.551929858457074,740
914,0.6906354515050167,,2.5513805672484695,741
340,0.6902173913043478,,2.5513075273797017,742
1093,0.689799331103679,,2.5512609142150784,743
458,0.68938127090301,,2.5512147308671427,744
1106,0.6889632107023411,,2.5510412413938757,745
1458,0.6885451505016722,,2.5504583681218325,746
374,0.6881270903010034,,2.5501718009516643,747
492,0.6877090301003345,,2.5497279710817353,748
1321,0.6872909698996655,,2.549065344028679,749
2093,0.6868729096989966,,2.548990709067737,750
1547,0.6864548494983278,,2.5489731473741895,751
894,0.6860367892976589,,2.5488757206989248,752
396,0.68561872909699,,2.548630896644765,753
345,0.685200668896321,,2.548581335789431,754
1090,0.6847826086956522,,2.5483459135320743,755
1987,0.6843645484949833,,2.5476320492695104,756
1267,0.6839464882943144,,2.54748722410435,757
1578,0.6835284280936454,,2.5474040648447898,758
186,0.6831103678929766,,2.547364109260141,759
2313,0.6826923076923077,,2.5470509764497096,760
2264,0.6822742474916388,,2.5470395248809132,761
1087,0.6818561872909699,,2.546947468118352,762
1925,0.681438127090301,,2.5469340844209296,763
2270,0.6810200668896321,,2.5468632504226076,764
2038,0.6806020066889632,,2.546818526468177,765
1376,0.6801839464882943,,2.546066266935267,766
36,0.6797658862876255,,2.546045229901758,767
1281,0.6793478260869565,,2.545987651726173,768
1653,0.6789297658862876,,2.545771191863046,769
1410,0.6785117056856187,,2.5448877292568297,770
490,0.6780936454849499,,2.5442928953743102,771
1482,0.677675585284281,,2.5439586167719934,772
589,0.677257525083612,,2.5437718933894615,773
2389,0.6768394648829431,,2.5435885766384834,774
1435,0.6764214046822743,,2.5434392432298125,775
2190,0.6760033444816054,,2.543134152380487,776
713,0.6755852842809364,,2.5429930458415795,777
224,0.6751672240802675,,2.5427189086450297,778
788,0.6747491638795987,,2.5426874037119966,779
1573,0.6743311036789298,,2.541768774905054,780
259,0.6739130434782609,,2.5415855200519046,781
104,0.6734949832775919,,2.540624476804146,782
1658,0.6730769230769231,,2.540281725304067,783
1843,0.6726588628762542,,2.5401328892964123,784
483,0.6722408026755853,,2.539933858281398,785
1200,0.6718227424749164,,2.5397933378443147,786
360,0.6714046822742475,,2.5396572690573946,787
214,0.6709866220735786,,2.53965460172653,788
52,0.6705685618729097,,2.5393565706489665,789
1613,0.6701505016722408,,2.5393230213573106,790
1979,0.669732441471572,,2.5393113603168174,791
2217,0.669314381270903,,2.5391280878267195,792
1165,0.6688963210702341,,2.538802560579105,793
1397,0.6684782608695652,,2.5381996819624466,794
2347,0.6680602006688964,,2.5378571637734315,795
586,0.6676421404682275,,2.5378404456173365,796
372,0.6672240802675585,,2.537690362189905,797
85,0.6668060200668896,,2.5376436228282695,798
543,0.6663879598662207,,2.5376143440397145,799
1275,0.6659698996655519,,2.5375870755221386,800
431,0.6655518394648829,,2.537559280493823,801
478,0.665133779264214,,2.537485485328381,802
1197,0.6647157190635451,,2.537309915702812,803
2257,0.6642976588628763,,2.5370633862250083,804
2182,0.6638795986622074,,2.536866859269526,805
898,0.6634615384615384,,2.5364381650233647,806
193,0.6630434782608695,,2.536398235254045,807
367,0.6626254180602007,,2.53585644244725,808
2176,0.6622073578595318,,2.53564227112964,809
862,0.6617892976588629,,2.5353242239700258,810
1947,0.6613712374581939,,2.5352252728554556,811
754,0.6609531772575251,,2.535053078849525,812
1463,0.6605351170568562,,2.5349956721826232,813
2341,0.6601170568561873,,2.534615603085882,814
924,0.6596989966555183,,2.53426342942713,815
1094,0.6592809364548495,,2.534238903600714,816
2095,0.6588628762541806,,2.533798167196078,817
958,0.6584448160535117,,2.5337631540648218,818
1817,0.6580267558528428,,2.5334560520761094,819
971,0.657608695652174,,2.5333956943600167,820
1838,0.657190635451505,,2.532988898955895,821
1499,0.6567725752508361,,2.532837988262184,822
694,0.6563545150501672,,2.532603815618997,823
2101,0.6559364548494984,,2.532464024730933,824
12,0.6555183946488294,,2.53231017556286,825
1842,0.6551003344481605,,2.532236534109783,826
1837,0.6546822742474916,,2.532194384366472,827
1293,0.6542642140468228,,2.531451048062233,828
2357,0.6538461538461539,,2.5312998777969486,829
2349,0.6534280936454849,,2.5305405940636168,830
333,0.653010033444816,,2.530440366620816,831
1405,0.6525919732441472,,2.5299613254002904,832
1491,0.6521739130434783,,2.529945476202873,833
1257,0.6517558528428093,,2.529232764000138,834
2019,0.6513377926421404,,2.5289492152410347,835
1083,0.6509197324414716,,2.52865879459185,836
2317,0.6505016722408027,,2.527706944316064,837
985,0.6500836120401338,,2.5262428397260606,838
10,0.6496655518394648,,2.525967841255384,839
1906,0.649247491638796,,2.5258654915298986,840
309,0.6488294314381271,,2.5249521797017156,841
1392,0.6484113712374582,,2.524659416359959,842
2197,0.6479933110367893,,2.524538555202498,843
53,0.6475752508361204,,2.5244587187105823,844
384,0.6471571906354515,,2.5236561836476636,845
721,0.6467391304347826,,2.523477002052976,846
778,0.6463210702341137,,2.5230835291530833,847
2267,0.6459030100334449,,2.523011204787319,848
861,0.6454849498327759,,2.5223132879410683,849
553,0.645066889632107,,2.521934994655066,850
1394,0.6446488294314381,,2.5215653639599376,851
1803,0.6442307692307693,,2.521314209523588,852
2165,0.6438127090301003,,2.5213102682818835,853
571,0.6433946488294314,,2.5212341780050957,854
2191,0.6429765886287625,,2.5210393711542762,855
1164,0.6425585284280937,,2.519549958560565,856
2130,0.6421404682274248,,2.5194427016443264,857
842,0.6417224080267558,,2.519292138337302,858
142,0.6413043478260869,,2.519095404335806,859
1450,0.6408862876254181,,2.518418554228858,860
2327,0.6404682274247492,,2.5183713400690757,861
2363,0.6400501672240803,,2.5183044666620287,862
468,0.6396321070234113,,2.5181296540961124,863
1372,0.6392140468227425,,2.5180263922300803,864
2192,0.6387959866220736,,2.51773296882168,865
1574,0.6383779264214047,,2.5169524409160164,866
1886,0.6379598662207357,,2.5168135359114525,867
1795,0.6375418060200669,,2.5167351145516164,868
2258,0.637123745819398,,2.5163157356816566,869
1750,0.6367056856187291,,2.5160880572142874,870
1791,0.6362876254180602,,2.5158596554899644,871
1821,0.6358695652173914,,2.5155646537044047,872
1044,0.6354515050167224,,2.515272393676746,873
2006,0.6350334448160535,,2.514530395854266,874
1395,0.6346153846153846,,2.513501939907251,875
2146,0.6341973244147158,,2.5132289243477595,876
2193,0.6337792642140468,,2.5131678513052256,877
1340,0.6333612040133779,,2.5129245865883068,878
807,0.632943143812709,,2.512744106410603,879
1129,0.6325250836120402,,2.512189406731336,880
419,0.6321070234113713,,2.511804206746584,881
1080,0.6316889632107023,,2.511793996556963,882
1089,0.6312709030100334,,2.5114696270285255,883
173,0.6308528428093646,,2.51124602420499,884
1128,0.6304347826086957,,2.5112059268230587,885
294,0.6300167224080268,,2.511160298328015,886
35,0.6295986622073578,,2.5110944301572835,887
234,0.629180602006689,,2.5107224652853146,888
893,0.6287625418060201,,2.5102301551569797,889
1169,0.6283444816053512,,2.5098575298998687,890
1386,0.6279264214046822,,2.5094519298421494,891
1249,0.6275083612040134,,2.5088759315083657,892
2231,0.6270903010033445,,2.508324740599681,893
2124,0.6266722408026756,,2.5081245856713266,894
2334,0.6262541806020067,,2.508077852232019,895
1706,0.6258361204013378,,2.5076264867790865,896
580,0.6254180602006689,,2.507350719704721,897
850,0.625,,2.5070600553223357,898
1355,0.6245819397993311,,2.506583765303896,899
931,0.6241638795986622,,2.506507416745027,900
1655,0.6237458193979933,,2.5063394093694074,901
225,0.6233277591973244,,2.506329344869957,902
1411,0.6229096989966555,,2.5062848673945557,903
1871,0.6224916387959866,,2.5061456503981083,904
2109,0.6220735785953178,,2.50596055848486,905
871,0.6216555183946488,,2.5059271788903046,906
1270,0.6212374581939799,,2.505676582405213,907
1609,0.620819397993311,,2.5052246843414543,908
1648,0.6204013377926422,,2.5046063316673455,909
814,0.6199832775919732,,2.5041804887481725,910
982,0.6195652173913043,,2.5039407657696353,911
1472,0.6191471571906354,,2.503917722118359,912
1122,0.6187290969899666,,2.5036644146299163,913
1931,0.6183110367892977,,2.5036234025628037,914
881,0.6178929765886287,,2.5026430996021087,915
1662,0.6174749163879598,,2.5025676151534157,916
1174,0.617056856187291,,2.502256014729941,917
1043,0.6166387959866221,,2.501885074425794,918
698,0.6162207357859532,,2.5010999673170455,919
32,0.6158026755852842,,2.501013513533925,920
789,0.6153846153846154,,2.500835561600816,921
742,0.6149665551839465,,2.5006753246216333,922
1368,0.6145484949832776,,2.5005451629381152,923
122,0.6141304347826086,,2.500525554458093,924
2061,0.6137123745819398,,2.5004366677194043,925
959,0.6132943143812709,,2.500042334616205,926
371,0.612876254180602,,2.4999928356983534,927
464,0.6124581939799331,,2.4997674270890395,928
22,0.6120401337792643,,2.4997374732839654,929
693,0.6116220735785953,,2.499511017980694,930
633,0.6112040133779264,,2.4994105632906254,931
1103,0.6107859531772575,,2.498966485203239,932
1193,0.6103678929765887,,2.4988245066633916,933
1606,0.6099498327759197,,2.4982062410080013,934
900,0.6095317725752508,,2.4979906278838735,935
753,0.6091137123745819,,2.4978999709498777,936
2358,0.6086956521739131,,2.497543919152026,937
421,0.6082775919732442,,2.4974249769226757,938
395,0.6078595317725752,,2.497358359863252,939
1006,0.6074414715719063,,2.497116688693455,940
206,0.6070234113712375,,2.497024545992098,941
841,0.6066053511705686,,2.4969910828913395,942
103,0.6061872909698997,,2.496945121116886,943
801,0.6057692307692307,,2.4968640738261505,944
476,0.6053511705685619,,2.496058209234983,945
2253,0.604933110367893,,2.4958629487143744,946
1342,0.6045150501672241,,2.495589481305506,947
1992,0.6040969899665551,,2.4947167541396387,948
2010,0.6036789297658863,,2.4946122952656995,949
561,0.6032608695652174,,2.493509799089278,950
899,0.6028428093645485,,2.493467998717519,951
1416,0.6024247491638796,,2.4927016573150103,952
2069,0.6020066889632107,,2.492479022228828,953
822,0.6015886287625418,,2.4919253950150555,954
237,0.6011705685618729,,2.491644786975709,955
1564,0.600752508361204,,2.4909764162807977,956
1868,0.6003344481605352,,2.490961696549641,957
1998,0.5999163879598662,,2.490695617247864,958
1552,0.5994983277591973,,2.4896339369134717,959
1242,0.5990802675585284,,2.4891139050154343,960
1457,0.5986622073578596,,2.488624652644922,961
815,0.5982441471571907,,2.488385772842362,962
2252,0.5978260869565217,,2.4882853887752003,963
435,0.5974080267558528,,2.487803502592597,964
1587,0.596989966555184,,2.487604902414741,965
953,0.5965719063545151,,2.4875333550367515,966
216,0.5961538461538461,,2.487305313731781,967
1503,0.5957357859531772,,2.4860852345466373,968
189,0.5953177257525084,,2.4858709278088393,969
1590,0.5948996655518395,,2.4857779297669302,970
50,0.5944816053511706,,2.4853135039199725,971
1178,0.5940635451505016,,2.485170088065629,972
1236,0.5936454849498328,,2.4850444650304624,973
889,0.5932274247491639,,2.485011265379907,974
1310,0.592809364548495,,2.48473406787718,975
1223,0.592391304347826,,2.4843891087215355,976
771,0.5919732441471572,,2.483493540587868,977
1493,0.5915551839464883,,2.4833915716633475,978
23,0.5911371237458194,,2.4831020505445025,979
2166,0.5907190635451505,,2.483101279859176,980
2269,0.5903010033444817,,2.4826877821210456,981
1101,0.5898829431438127,,2.481905336358435,982
2340,0.5894648829431438,,2.4813420723451585,983
2383,0.5890468227424749,,2.4811921790127824,984
487,0.5886287625418061,,2.4811527426505817,985
1741,0.5882107023411371,,2.4808770198821306,986
853,0.5877926421404682,,2.480613646872372,987
1780,0.5873745819397993,,2.4805682257926285,988
560,0.5869565217391305,,2.480490935601448,989
1801,0.5865384615384616,,2.4803799852938164,990
165,0.5861204013377926,,2.479985933530268,991
188,0.5857023411371237,,2.479838573831822,992
1252,0.5852842809364549,,2.4795915285911136,993
955,0.584866220735786,,2.479236038664389,994
1545,0.5844481605351171,,2.479175499397673,995
851,0.5840301003344481,,2.4780188291870013,996
1981,0.5836120401337793,,2.4775907873699463,997
863,0.5831939799331104,,2.4768652886521085,998
1957,0.5827759197324415,,2.476764319641023,999
332,0.5823578595317725,,2.4764288724628325,1000
1814,0.5819397993311036,,2.4764284431873635,1001
76,0.5815217391304348,,2.4762476449589848,1002
169,0.5811036789297659,,2.476067159656479,1003
215,0.580685618729097,,2.4756920035680485,1004
1437,0.580267558528428,,2.4754106824035045,1005
673,0.5798494983277592,,2.4746998594060954,1006
323,0.5794314381270903,,2.474682894570246,1007
349,0.5790133779264214,,2.4746472040763496,1008
2047,0.5785953177257525,,2.47439306122227,1009
759,0.5781772575250836,,2.4741798278156932,1010
1909,0.5777591973244147,,2.473998590791676,1011
747,0.5773411371237458,,2.473883051400224,1012
1279,0.5769230769230769,,2.473397981110295,1013
321,0.5765050167224081,,2.4733129649424073,1014
79,0.5760869565217391,,2.4730864829549155,1015
709,0.5756688963210702,,2.472933029454554,1016
301,0.5752508361204013,,2.4729153887056547,1017
1349,0.5748327759197325,,2.4728344376784954,1018
107,0.5744147157190636,,2.4723711761587053,1019
952,0.5739966555183946,,2.4716486478951687,1020
1942,0.5735785953177257,,2.4714025258480463,1021
2054,0.5731605351170569,,2.4712875672252212,1022
1245,0.572742474916388,,2.4712320898730806,1023
681,0.572324414715719,,2.4708525219759667,1024
1050,0.5719063545150501,,2.470628106026494,1025
1085,0.5714882943143813,,2.4704916657856004,1026
1832,0.5710702341137124,,2.470430634311803,1027
1265,0.5706521739130435,,2.4704031532504818,1028
2321,0.5702341137123745,,2.4702701675243524,1029
1625,0.5698160535117057,,2.4700674704481664,1030
1407,0.5693979933110368,,2.469510465109028,1031
1350,0.5689799331103679,,2.4692870187935227,1032
1922,0.568561872909699,,2.469272719949002,1033
1930,0.5681438127090301,,2.4671802506620066,1034
1664,0.5677257525083612,,2.4671022576523938,1035
308,0.5673076923076923,,2.467099859482183,1036
1509,0.5668896321070234,,2.4670722747070877,1037
987,0.5664715719063546,,2.4669627392020708,1038
2279,0.5660535117056856,,2.466674863740917,1039
2355,0.5656354515050167,,2.4657449311904687,1040
1539,0.5652173913043478,,2.4651129202994806,1041
102,0.564799331103679,,2.46433977236304,1042
926,0.56438127090301,,2.4643097945661556,1043
1192,0.5639632107023411,,2.4642008538413314,1044
836,0.5635451505016722,,2.464046204611911,1045
1558,0.5631270903010034,,2.464039638256821,1046
191,0.5627090301003345,,2.463609182563567,1047
872,0.5622909698996655,,2.4633290443641704,1048
897,0.5618729096989966,,2.463197980040978,1049
2283,0.5614548494983278,,2.463006056579223,1050
1153,0.5610367892976589,,2.462433046144374,1051
1638,0.56061872909699,,2.4619545453924334,1052
848,0.560200668896321,,2.4616491912088834,1053
1689,0.5597826086956522,,2.460642845388078,1054
2100,0.5593645484949833,,2.4605626366631004,1055
1538,0.5589464882943144,,2.4605527149721027,1056
950,0.5585284280936454,,2.4599223711167904,1057
1675,0.5581103678929766,,2.4597641031078648,1058
1228,0.5576923076923077,,2.4597488415710886,1059
1156,0.5572742474916388,,2.459477435258406,1060
2345,0.5568561872909699,,2.4592725270925646,1061
534,0.556438127090301,,2.4591705844786786,1062
171,0.5560200668896321,,2.458930652107775,1063
531,0.5556020066889632,,2.4588613207867813,1064
368,0.5551839464882943,,2.4588155416722888,1065
1764,0.5547658862876255,,2.4585504627283297,1066
1444,0.5543478260869565,,2.458250593266737,1067
1661,0.5539297658862876,,2.4582353305695617,1068
1640,0.5535117056856187,,2.4579925598711547,1069
40,0.5530936454849499,,2.4578949760766444,1070
180,0.552675585284281,,2.4576945217339317,1071
303,0.552257525083612,,2.4574795232170294,1072
172,0.5518394648829431,,2.4569910761020264,1073
362,0.5514214046822743,,2.4567898270809,1074
199,0.5510033444816054,,2.456692427821401,1075
644,0.5505852842809364,,2.4560341516754174,1076
43,0.5501672240802675,,2.455904459243024,1077
1425,0.5497491638795987,,2.4557486399486557,1078
743,0.5493311036789298,,2.4549927837951566,1079
1,0.5489130434782609,,2.454572184648718,1080
2263,0.5484949832775919,,2.454162449857403,1081
1465,0.5480769230769231,,2.4534040746872243,1082
832,0.5476588628762542,,2.4529738774584953,1083
811,0.5472408026755853,,2.452540488490038,1084
1167,0.5468227424749164,,2.4524538913118064,1085
933,0.5464046822742475,,2.4520633377087657,1086
482,0.5459866220735786,,2.4515042413358477,1087
1377,0.5455685618729097,,2.451364154992676,1088
1637,0.5451505016722408,,2.451264571998258,1089
1651,0.544732441471572,,2.4505786125603644,1090
877,0.544314381270903,,2.4504976312763707,1091
1585,0.5438963210702341,,2.4501807181564663,1092
1924,0.5434782608695652,,2.450165972750589,1093
351,0.5430602006688964,,2.4498182966162836,1094
2196,0.5426421404682275,,2.4498125512253903,1095
818,0.5422240802675585,,2.449512889013293,1096
2039,0.5418060200668896,,2.449366845270438,1097
261,0.5413879598662207,,2.4492806795227193,1098
1195,0.5409698996655519,,2.4478592834795996,1099
782,0.5405518394648829,,2.4478144750626147,1100
327,0.540133779264214,,2.447731726599265,1101
95,0.5397157190635451,,2.446818850653982,1102
2074,0.5392976588628763,,2.4467975599740277,1103
13,0.5388795986622074,,2.4453096394629066,1104
1436,0.5384615384615384,,2.4449422920343964,1105
1996,0.5380434782608695,,2.4447866995053307,1106
185,0.5376254180602007,,2.4442364726240315,1107
422,0.5372073578595318,,2.444222335353396,1108
1923,0.5367892976588629,,2.444049666902591,1109
1452,0.5363712374581939,,2.4438041756262114,1110
892,0.5359531772575251,,2.443633078988242,1111
1490,0.5355351170568562,,2.443517832034706,1112
981,0.5351170568561873,,2.443514554264347,1113
2381,0.5346989966555183,,2.443239327796572,1114
2013,0.5342809364548495,,2.443177557274221,1115
1729,0.5338628762541806,,2.4430316565407337,1116
1708,0.5334448160535117,,2.4427882828383964,1117
1464,0.5330267558528428,,2.4424297373115196,1118
1246,0.532608695652174,,2.4421154352691956,1119
2211,0.532190635451505,,2.441438371210742,1120
957,0.5317725752508361,,2.441058557905822,1121
1927,0.5313545150501672,,2.440765731362903,1122
1973,0.5309364548494984,,2.440334110696757,1123
1253,0.5305183946488294,,2.440277277200277,1124
1570,0.5301003344481605,,2.4399475597330342,1125
2058,0.5296822742474916,,2.4394487108966834,1126
244,0.5292642140468228,,2.4393241264210492,1127
809,0.5288461538461539,,2.439069298080507,1128
390,0.5284280936454849,,2.4388656157541755,1129
949,0.528010033444816,,2.4386575199581424,1130
1659,0.5275919732441472,,2.438137643709439,1131
1901,0.5271739130434783,,2.4377406442950145,1132
2385,0.5267558528428093,,2.4377288004078865,1133
2376,0.5263377926421404,,2.4374555839495127,1134
272,0.5259197324414716,,2.437153644220796,1135
539,0.5255016722408027,,2.437071261931276,1136
1537,0.5250836120401338,,2.4370475958928037,1137
1619,0.5246655518394648,,2.436954921896183,1138
1668,0.524247491638796,,2.436339608045729,1139
639,0.5238294314381271,,2.4361009363517927,1140
598,0.5234113712374582,,2.4357658107654228,1141
587,0.5229933110367893,,2.4352808732767035,1142
288,0.5225752508361204,,2.43524296665865,1143
1184,0.5221571906354515,,2.4349490687524256,1144
508,0.5217391304347826,,2.4341633658111284,1145
1327,0.5213210702341137,,2.433761737485103,1146
968,0.5209030100334449,,2.4336597894211516,1147
2114,0.5204849498327759,,2.433546402926944,1148
1302,0.520066889632107,,2.4333322587715465,1149
274,0.5196488294314381,,2.432882295104236,1150
174,0.5192307692307693,,2.4327053869075272,1151
511,0.5188127090301003,,2.432343087121179,1152
797,0.5183946488294314,,2.432158037595624,1153
28,0.5179765886287625,,2.4320415163720095,1154
469,0.5175585284280937,,2.431933364155621,1155
2111,0.5171404682274248,,2.4317977604283336,1156
1148,0.5167224080267558,,2.4316226593187373,1157
804,0.5163043478260869,,2.4315386938325716,1158
2222,0.5158862876254181,,2.4309668767675015,1159
1486,0.5154682274247492,,2.430805278476385,1160
751,0.5150501672240803,,2.4305772460091233,1161
1362,0.5146321070234113,,2.430018266181934,1162
1306,0.5142140468227425,,2.4298586964338105,1163
66,0.5137959866220736,,2.429770475313791,1164
176,0.5133779264214047,,2.4297113104687718,1165
766,0.5129598662207357,,2.4295116251589093,1166
1424,0.5125418060200669,,2.4294755542133455,1167
2008,0.512123745819398,,2.4291503926822653,1168
2167,0.5117056856187291,,2.4286020066121843,1169
2043,0.5112876254180602,,2.428243255858391,1170
1641,0.5108695652173914,,2.4281970217035145,1171
2001,0.5104515050167224,,2.428184989459385,1172
295,0.5100334448160535,,2.4277667907950278,1173
2158,0.5096153846153846,,2.4276728311665496,1174
1861,0.5091973244147158,,2.4275233396252704,1175
1443,0.5087792642140468,,2.426251661784146,1176
875,0.5083612040133779,,2.4260251973737725,1177
1360,0.507943143812709,,2.425649443877648,1178
1074,0.5075250836120402,,2.4254800588692875,1179
1180,0.5071070234113713,,2.425421325317254,1180
937,0.5066889632107023,,2.4249924539007224,1181
845,0.5062709030100334,,2.424906701536413,1182
1966,0.5058528428093646,,2.424415939210784,1183
1498,0.5054347826086957,,2.423991931223325,1184
2133,0.5050167224080268,,2.423853358461861,1185
159,0.5045986622073578,,2.4236601504398387,1186
17,0.504180602006689,,2.423566192303804,1187
125,0.5037625418060201,,2.4229870794311794,1188
2118,0.5033444816053512,,2.422462379048185,1189
1581,0.5029264214046822,,2.421920728982471,1190
1248,0.5025083612040134,,2.421744331049887,1191
744,0.5020903010033445,,2.421634331672538,1192
1326,0.5016722408026756,,2.421401286118629,1193
1893,0.5012541806020067,,2.421346094087817,1194
980,0.5008361204013378,,2.420871115197448,1195
2155,0.5004180602006689,,2.4208303206045154,1196
1317,0.5,,2.420265866398721,1197
213,0.4995819397993311,,2.4198150480383736,1198
1779,0.4991638795986622,,2.419743312498097,1199
460,0.4987458193979933,,2.4192423322349854,1200
802,0.4983277591973244,,2.4187454407191638,1201
1013,0.4979096989966555,,2.4184906251714393,1202
936,0.4974916387959866,,2.4183274858517048,1203
917,0.4970735785953177,,2.4181821208181495,1204
1908,0.49665551839464883,,2.417379545979372,1205
956,0.4962374581939799,,2.4171809519534517,1206
976,0.49581939799331104,,2.417086883845597,1207
2246,0.4954013377926421,,2.4169800770083043,1208
1914,0.49498327759197325,,2.416513297047469,1209
414,0.4945652173913043,,2.416199750641425,1210
1134,0.49414715719063546,,2.416152920424185,1211
1141,0.49372909698996653,,2.4160026264732766,1212
495,0.49331103678929766,,2.415999552070915,1213
467,0.49289297658862874,,2.415697668758632,1214
2141,0.49247491638795987,,2.415521773606886,1215
337,0.49205685618729095,,2.4152600840784473,1216
2102,0.4916387959866221,,2.4152294427977363,1217
1892,0.49122073578595316,,2.414300686783185,1218
878,0.4908026755852843,,2.4140619599868933,1219
1207,0.49038461538461536,,2.4140438610801462,1220
827,0.4899665551839465,,2.4137825297253825,1221
1487,0.48954849498327757,,2.4136450947673196,1222
582,0.4891304347826087,,2.413621532990934,1223
1305,0.4887123745819398,,2.4136188539054078,1224
2296,0.4882943143812709,,2.413228638488044,1225
1850,0.487876254180602,,2.4129958274390435,1226
11,0.4874581939799331,,2.4124210613400936,1227
594,0.4870401337792642,,2.411830467502003,1228
2175,0.4866220735785953,,2.410528513497048,1229
1770,0.4862040133779264,,2.4095642981052974,1230
1146,0.48578595317725753,,2.409237488360067,1231
1692,0.4853678929765886,,2.408971418501818,1232
668,0.48494983277591974,,2.4089193187818707,1233
521,0.4845317725752508,,2.4088493280960743,1234
1736,0.48411371237458195,,2.408426577528786,1235
1261,0.483695652173913,,2.4083838683778316,1236
3,0.48327759197324416,,2.4082819774722353,1237
614,0.48285953177257523,,2.4080962718945726,1238
604,0.48244147157190637,,2.4073603749679147,1239
485,0.48202341137123744,,2.4069556572962107,1240
1478,0.4816053511705686,,2.4066461584235386,1241
2342,0.48118729096989965,,2.4059250858967838,1242
1753,0.4807692307692308,,2.4056393850085023,1243
2075,0.48035117056856186,,2.4052897574708596,1244
9,0.479933110367893,,2.405013327178155,1245
2387,0.47951505016722407,,2.4049948397444174,1246
2239,0.4790969899665552,,2.4047580548282568,1247
1256,0.4786789297658863,,2.4045366926407694,1248
278,0.4782608695652174,,2.4044774678211125,1249
1366,0.4778428093645485,,2.4042257111204526,1250
967,0.4774247491638796,,2.4041482947889654,1251
1700,0.4770066889632107,,2.4040355005840093,1252
627,0.4765886287625418,,2.403985823873138,1253
2079,0.4761705685618729,,2.4035642780838185,1254
912,0.47575250836120403,,2.4033577456146062,1255
1031,0.4753344481605351,,2.40316070909268,1256
1345,0.47491638795986624,,2.402926491451965,1257
96,0.4744983277591973,,2.402862087251112,1258
902,0.47408026755852845,,2.402350781278429,1259
783,0.4736622073578595,,2.4022337192390553,1260
2293,0.47324414715719065,,2.401814667224488,1261
1952,0.47282608695652173,,2.401797503013637,1262
1391,0.47240802675585286,,2.4017602418883204,1263
2260,0.47198996655518394,,2.401604000611098,1264
1301,0.47157190635451507,,2.401103548427344,1265
1234,0.47115384615384615,,2.400876703147921,1266
1320,0.4707357859531773,,2.4002112475760917,1267
1026,0.47031772575250835,,2.3996505473721093,1268
620,0.4698996655518395,,2.3996386902386457,1269
2160,0.46948160535117056,,2.3995993448138493,1270
1233,0.4690635451505017,,2.3988306394382786,1271
891,0.46864548494983277,,2.3988203512013158,1272
2388,0.4682274247491639,,2.3987891356439133,1273
705,0.467809364548495,,2.398536393918217,1274
1182,0.4673913043478261,,2.398241674238848,1275
481,0.4669732441471572,,2.3967943034782526,1276
1921,0.4665551839464883,,2.3966623509837333,1277
1749,0.4661371237458194,,2.396282446318201,1278
413,0.4657190635451505,,2.396052217073013,1279
2378,0.4653010033444816,,2.3958753598351805,1280
223,0.46488294314381273,,2.395301627283502,1281
1941,0.4644648829431438,,2.3949914287764735,1282
238,0.46404682274247494,,2.3947663871903577,1283
1833,0.463628762541806,,2.394661986959957,1284
794,0.46321070234113715,,2.3944361072886107,1285
1582,0.4627926421404682,,2.3942960024831277,1286
407,0.46237458193979936,,2.3929526725928945,1287
992,0.46195652173913043,,2.3929521211207114,1288
1185,0.46153846153846156,,2.3926948655521554,1289
452,0.46112040133779264,,2.3924321002849105,1290
1697,0.46070234113712377,,2.391982492522696,1291
1621,0.46028428093645485,,2.3918759561304532,1292
1284,0.459866220735786,,2.391204263256145,1293
2134,0.45944816053511706,,2.3911401005530823,1294
88,0.4590301003344482,,2.3909632095174036,1295
1816,0.45861204013377926,,2.3907968791321808,1296
168,0.45819397993311034,,2.3907154009513203,1297
2331,0.45777591973244147,,2.390555952195856,1298
890,0.45735785953177255,,2.390433765689082,1299
471,0.4569397993311037,,2.3903131295750963,1300
655,0.45652173913043476,,2.388737973320125,1301
1341,0.4561036789297659,,2.388318002771259,1302
386,0.45568561872909696,,2.3880224558615892,1303
2000,0.4552675585284281,,2.3879567954918204,1304
1666,0.45484949832775917,,2.3879238205231643,1305
784,0.4544314381270903,,2.3878610571764924,1306
2227,0.4540133779264214,,2.3877037728064288,1307
1827,0.4535953177257525,,2.387379413934648,1308
1829,0.4531772575250836,,2.3870737361591456,1309
515,0.4527591973244147,,2.386790466479379,1310
331,0.4523411371237458,,2.386648472890118,1311
448,0.4519230769230769,,2.3864929265069605,1312
939,0.451505016722408,,2.386462802053365,1313
145,0.45108695652173914,,2.3857197797029484,1314
260,0.4506688963210702,,2.3849430578988087,1315
2060,0.45025083612040134,,2.384800968616491,1316
1720,0.4498327759197324,,2.384354315215423,1317
1614,0.44941471571906355,,2.3843030285862388,1318
14,0.4489966555183946,,2.384136390545327,1319
564,0.44857859531772576,,2.384020715556253,1320
2299,0.44816053511705684,,2.383806060806908,1321
1400,0.44774247491638797,,2.3837174811441297,1322
1528,0.44732441471571904,,2.3835643774674486,1323
1426,0.4469063545150502,,2.383189833895636,1324
1241,0.44648829431438125,,2.382747353568666,1325
1282,0.4460702341137124,,2.3826086693200765,1326
392,0.44565217391304346,,2.3824537848173604,1327
299,0.4452341137123746,,2.382399349126162,1328
1623,0.44481605351170567,,2.3812173373131102,1329
1663,0.4443979933110368,,2.3808297677709693,1330
273,0.4439799331103679,,2.3803298712693715,1331
1591,0.443561872909699,,2.380304711379882,1332
2142,0.4431438127090301,,2.3801128904961155,1333
1144,0.4427257525083612,,2.3800509349087444,1334
1811,0.4423076923076923,,2.379792329527966,1335
2225,0.4418896321070234,,2.379660648702825,1336
83,0.4414715719063545,,2.3796033041312605,1337
49,0.44105351170568563,,2.378882211036237,1338
1073,0.4406354515050167,,2.3785360145587964,1339
2305,0.44021739130434784,,2.378326924323583,1340
1859,0.4397993311036789,,2.3782893834827212,1341
972,0.43938127090301005,,2.3781805318307447,1342
453,0.4389632107023411,,2.3779711631072464,1343
1680,0.43854515050167225,,2.3776255866296863,1344
250,0.43812709030100333,,2.377572675301163,1345
2204,0.43770903010033446,,2.3773952734394532,1346
2024,0.43729096989966554,,2.3767112228657714,1347
131,0.43687290969899667,,2.3764989926839637,1348
690,0.43645484949832775,,2.376114838982504,1349
820,0.4360367892976589,,2.375972394657468,1350
1446,0.43561872909698995,,2.3757251835424102,1351
1740,0.4352006688963211,,2.3754792029646095,1352
61,0.43478260869565216,,2.375418874186808,1353
637,0.4343645484949833,,2.375178297865346,1354
200,0.43394648829431437,,2.3750904132146555,1355
358,0.4335284280936455,,2.3748506901820954,1356
2326,0.4331103678929766,,2.374759033143579,1357
1863,0.4326923076923077,,2.3746762144991926,1358
1092,0.4322742474916388,,2.374534182074921,1359
338,0.4318561872909699,,2.374122971998294,1360
2289,0.431438127090301,,2.373692862338494,1361
516,0.4310200668896321,,2.3735727320426006,1362
1055,0.4306020066889632,,2.3730387993498523,1363
2288,0.43018394648829433,,2.372742846276572,1364
497,0.4297658862876254,,2.3722700707421955,1365
1359,0.42934782608695654,,2.3712592421756726,1366
1225,0.4289297658862876,,2.3710428568255573,1367
738,0.42851170568561875,,2.3709209021566546,1368
1902,0.4280936454849498,,2.370804496390818,1369
1198,0.42767558528428096,,2.370673180340842,1370
588,0.42725752508361203,,2.370229182528729,1371
1752,0.42683946488294316,,2.370193132292654,1372
1432,0.42642140468227424,,2.369895250273298,1373
739,0.4260033444816054,,2.3695864422125674,1374
2315,0.42558528428093645,,2.3694373894547414,1375
1870,0.4251672240802676,,2.369395041746681,1376
364,0.42474916387959866,,2.3692101722881724,1377
1477,0.4243311036789298,,2.3691317680330544,1378
1867,0.42391304347826086,,2.3690257574951183,1379
1335,0.423494983277592,,2.368929960894213,1380
2003,0.4230769230769231,,2.3688758876506664,1381
1954,0.4226588628762542,,2.3684454436603555,1382
1137,0.4222408026755853,,2.3680136301395307,1383
425,0.4218227424749164,,2.3676513859144754,1384
417,0.4214046822742475,,2.367288494374825,1385
888,0.4209866220735786,,2.3669623435919345,1386
1054,0.4205685618729097,,2.366784323907736,1387
154,0.42015050167224083,,2.3662592902739483,1388
1929,0.4197324414715719,,2.3660930968054705,1389
1071,0.41931438127090304,,2.366015102784701,1390
195,0.4188963210702341,,2.3659112796239925,1391
1304,0.41847826086956524,,2.365904437237087,1392
2297,0.4180602006688963,,2.365774919733061,1393
1175,0.41764214046822745,,2.365746636256935,1394
1682,0.41722408026755853,,2.3654982341209045,1395
59,0.41680602006688966,,2.364197074521737,1396
1255,0.41638795986622074,,2.3640178191227204,1397
1140,0.4159698996655518,,2.3639603381617373,1398
366,0.41555183946488294,,2.363749678254542,1399
2105,0.415133779264214,,2.3628296401638265,1400
2172,0.41471571906354515,,2.3622372182104554,1401
591,0.41429765886287623,,2.361851853131213,1402
1806,0.41387959866220736,,2.361773782824386,1403
218,0.41346153846153844,,2.36165640807603,1404
1917,0.41304347826086957,,2.3616049412210907,1405
2274,0.41262541806020064,,2.361288458631857,1406
2362,0.4122073578595318,,2.3612755016550917,1407
1994,0.41178929765886285,,2.3610309162846077,1408
1629,0.411371237458194,,2.3610192328323563,1409
2232,0.41095317725752506,,2.3608618409307227,1410
711,0.4105351170568562,,2.3604431001410973,1411
1268,0.41011705685618727,,2.3603742212945287,1412
1025,0.4096989966555184,,2.359982971251291,1413
1196,0.4092809364548495,,2.359675570253428,1414
1323,0.4088628762541806,,2.3589424587377774,1415
1756,0.4084448160535117,,2.358899508872538,1416
1628,0.4080267558528428,,2.358871925827709,1417
397,0.4076086956521739,,2.358809709189659,1418
1132,0.407190635451505,,2.358751298128945,1419
1717,0.4067725752508361,,2.3587017292763766,1420
1536,0.40635451505016723,,2.3583210195739466,1421
2380,0.4059364548494983,,2.3581021519324796,1422
1695,0.40551839464882944,,2.357806328348847,1423
1389,0.4051003344481605,,2.357264996954053,1424
1999,0.40468227424749165,,2.3570795816516834,1425
1176,0.4042642140468227,,2.3566505954313737,1426
1190,0.40384615384615385,,2.356470090706554,1427
2198,0.40342809364548493,,2.3561217523730074,1428
1086,0.40301003344481606,,2.355519915947845,1429
1820,0.40259197324414714,,2.355033356814872,1430
609,0.40217391304347827,,2.354974425564215,1431
1285,0.40175585284280935,,2.354864358912469,1432
63,0.4013377926421405,,2.354841940534306,1433
1976,0.40091973244147155,,2.3545332742115472,1434
70,0.4005016722408027,,2.3542791309555104,1435
1687,0.40008361204013376,,2.3540249117825316,1436
1008,0.3996655518394649,,2.3535570467118077,1437
280,0.39924749163879597,,2.353433363370589,1438
544,0.3988294314381271,,2.353327048183903,1439
1615,0.3984113712374582,,2.3529948028735475,1440
151,0.3979933110367893,,2.351528784862179,1441
654,0.3975752508361204,,2.3513800183969753,1442
2078,0.3971571906354515,,2.351229622323912,1443
1429,0.3967391304347826,,2.3509455128828405,1444
322,0.3963210702341137,,2.3509174099540693,1445
973,0.3959030100334448,,2.3506453712562974,1446
241,0.39548494983277593,,2.35051859877486,1447
965,0.395066889632107,,2.3500535910372866,1448
1808,0.39464882943143814,,2.349426196378376,1449
730,0.3942307692307692,,2.3491949828647383,1450
2364,0.39381270903010035,,2.3487188323213988,1451
1920,0.3933946488294314,,2.3485663688553653,1452
1489,0.39297658862876256,,2.3482427471853815,1453
319,0.39255852842809363,,2.348202747212967,1454
15,0.39214046822742477,,2.3479999414068726,1455
535,0.39172240802675584,,2.3477334097272444,1456
1485,0.391304347826087,,2.3476681594733777,1457
907,0.39088628762541805,,2.3475280426985514,1458
2367,0.3904682274247492,,2.346391527900087,1459
134,0.39005016722408026,,2.3458676947466146,1460
824,0.3896321070234114,,2.345771126212625,1461
1848,0.38921404682274247,,2.345184510182347,1462
1557,0.3887959866220736,,2.3448821169547016,1463
781,0.3883779264214047,,2.3448303898864116,1464
197,0.3879598662207358,,2.3448014580508043,1465
785,0.3875418060200669,,2.344223605324791,1466
831,0.387123745819398,,2.343946602634847,1467
545,0.3867056856187291,,2.3436508899860695,1468
161,0.3862876254180602,,2.343326379653672,1469
228,0.3858695652173913,,2.342953356847944,1470
1630,0.38545150501672243,,2.3428152889844194,1471
1603,0.3850334448160535,,2.34274534677634,1472
254,0.38461538461538464,,2.3427453152292212,1473
139,0.3841973244147157,,2.3424642341710284,1474
2307,0.38377926421404684,,2.342109688668236,1475
178,0.3833612040133779,,2.3417166454218736,1476
1001,0.38294314381270905,,2.3414135653800714,1477
796,0.38252508361204013,,2.3409987489753012,1478
701,0.38210702341137126,,2.3405536616574345,1479
501,0.38168896321070234,,2.339585757383852,1480
1237,0.38127090301003347,,2.3394877866270347,1481
2298,0.38085284280936454,,2.3394179137840547,1482
2259,0.3804347826086957,,2.3392013209965468,1483
123,0.38001672240802675,,2.338892710997538,1484
2332,0.3795986622073579,,2.338819427307629,1485
1076,0.37918060200668896,,2.3384557758589652,1486
674,0.3787625418060201,,2.338357285469804,1487
190,0.37834448160535117,,2.3381983523189844,1488
944,0.3779264214046823,,2.3379247085771087,1489
687,0.3775083612040134,,2.337471689987679,1490
2273,0.3770903010033445,,2.3368789209523464,1491
2304,0.3766722408026756,,2.336855040477587,1492
1269,0.3762541806020067,,2.336437530117515,1493
703,0.3758361204013378,,2.3361482892475087,1494
1502,0.3754180602006689,,2.3359790086379135,1495
258,0.375,,2.335830812076724,1496
935,0.3745819397993311,,2.335124485809348,1497
1003,0.3741638795986622,,2.334681625906553,1498
1643,0.3737458193979933,,2.3344668412855296,1499
378,0.3733277591973244,,2.3334776779599586,1500
1067,0.3729096989966555,,2.333437212577954,1501
1131,0.3724916387959866,,2.3331853688270012,1502
1496,0.3720735785953177,,2.3329458621885637,1503
1948,0.37165551839464883,,2.332540558809668,1504
566,0.3712374581939799,,2.332198053163266,1505
465,0.37081939799331104,,2.331951474839099,1506
2162,0.3704013377926421,,2.3315847480045098,1507
350,0.36998327759197325,,2.331412797800474,1508
1505,0.3695652173913043,,2.3313225889782148,1509
1519,0.36914715719063546,,2.3307382899389575,1510
1154,0.36872909698996653,,2.330497243175233,1511
1201,0.36831103678929766,,2.330331392265036,1512
1250,0.36789297658862874,,2.3302153170754676,1513
636,0.36747491638795987,,2.3300152488906227,1514
1217,0.36705685618729095,,2.3288413429518164,1515
1172,0.3666387959866221,,2.328798038826978,1516
1396,0.36622073578595316,,2.328605425522369,1517
686,0.3658026755852843,,2.3283082851429358,1518
805,0.36538461538461536,,2.3281190926520394,1519
876,0.3649665551839465,,2.328091208995862,1520
491,0.36454849498327757,,2.3277075238116,1521
1058,0.3641304347826087,,2.3275689309269687,1522
895,0.3637123745819398,,2.3272196441182147,1523
1912,0.3632943143812709,,2.3271188262992597,1524
541,0.362876254180602,,2.3271144755836537,1525
1187,0.3624581939799331,,2.327022433522096,1526
514,0.3620401337792642,,2.326948092349201,1527
1612,0.3616220735785953,,2.326867336293534,1528
1430,0.3612040133779264,,2.3268612278298644,1529
601,0.36078595317725753,,2.3268300084385913,1530
462,0.3603678929765886,,2.3266130464178976,1531
1479,0.35994983277591974,,2.3264473971106994,1532
1525,0.3595317725752508,,2.3262527724458213,1533
408,0.35911371237458195,,2.324569977405679,1534
777,0.358695652173913,,2.324197810333156,1535
764,0.35827759197324416,,2.3239527460850358,1536
572,0.35785953177257523,,2.3236613116280114,1537
1109,0.35744147157190637,,2.3236540128042815,1538
1244,0.35702341137123744,,2.323645857946937,1539
494,0.3566053511705686,,2.3235762606398023,1540
2314,0.35618729096989965,,2.3228924085508473,1541
719,0.3557692307692308,,2.322445697130194,1542
336,0.35535117056856186,,2.3224386454139943,1543
1408,0.354933110367893,,2.321793774240789,1544
1834,0.35451505016722407,,2.3216649947799457,1545
212,0.3540969899665552,,2.3215638577574,1546
2272,0.3536789297658863,,2.32054325254153,1547
1855,0.3532608695652174,,2.320540062049923,1548
1888,0.3528428093645485,,2.3201610104798447,1549
2241,0.3524247491638796,,2.319571794593288,1550
1594,0.3520066889632107,,2.319511188856197,1551
1339,0.3515886287625418,,2.3194093996305,1552
379,0.3511705685618729,,2.319051158475533,1553
2012,0.35075250836120403,,2.318544795343742,1554
1563,0.3503344481605351,,2.317644114527014,1555
1693,0.34991638795986624,,2.317277740042995,1556
48,0.3494983277591973,,2.317192263651899,1557
720,0.34908026755852845,,2.3171341646912342,1558
1151,0.3486622073578595,,2.316880453865293,1559
499,0.34824414715719065,,2.3167641418664853,1560
2187,0.34782608695652173,,2.3161732771784993,1561
26,0.34740802675585286,,2.314481486435862,1562
921,0.34698996655518394,,2.3143921370093903,1563
64,0.34657190635451507,,2.3143119107264734,1564
629,0.34615384615384615,,2.3142515273522415,1565
740,0.3457357859531773,,2.3141071617024656,1566
2031,0.34531772575250835,,2.313865562203367,1567
910,0.3448996655518395,,2.313694901955419,1568
1561,0.34448160535117056,,2.313554562982465,1569
2181,0.3440635451505017,,2.3128044159683725,1570
537,0.34364548494983277,,2.3124565794226433,1571
1211,0.3432274247491639,,2.3120456631948,1572
574,0.342809364548495,,2.311995901056948,1573
1015,0.3423913043478261,,2.3110442504567286,1574
1021,0.3419732441471572,,2.310787408321432,1575
2237,0.3415551839464883,,2.3105947578520363,1576
393,0.3411371237458194,,2.310090383371624,1577
710,0.3407190635451505,,2.3097194316455845,1578
203,0.3403010033444816,,2.3082919161526863,1579
2050,0.33988294314381273,,2.307670042441776,1580
1978,0.3394648829431438,,2.3074532176922626,1581
1014,0.33904682274247494,,2.307401135528998,1582
612,0.338628762541806,,2.307164777204749,1583
1353,0.33821070234113715,,2.3069158328732065,1584
73,0.3377926421404682,,2.3068069506327262,1585
1461,0.33737458193979936,,2.3061418590659386,1586
141,0.33695652173913043,,2.3048825013928687,1587
653,0.33653846153846156,,2.304861625477425,1588
548,0.33612040133779264,,2.3046694760157784,1589
18,0.33570234113712377,,2.3043762616395718,1590
1517,0.33528428093645485,,2.303441745723774,1591
1765,0.334866220735786,,2.302610111067138,1592
946,0.33444816053511706,,2.3011848850652776,1593
135,0.3340301003344482,,2.3011794198218403,1594
2337,0.33361204013377926,,2.3010269929595717,1595
2233,0.33319397993311034,,2.300618503156378,1596
1670,0.33277591973244147,,2.300265118204558,1597
2370,0.33235785953177255,,2.299895137792545,1598
844,0.3319397993311037,,2.2998935940241076,1599
2081,0.33152173913043476,,2.2992388375186126,1600
903,0.3311036789297659,,2.299164492476574,1601
1937,0.33068561872909696,,2.298804525279679,1602
1040,0.3302675585284281,,2.297780095850989,1603
1597,0.32984949832775917,,2.297435632008351,1604
34,0.3294314381270903,,2.297156206557107,1605
163,0.3290133779264214,,2.296849822505498,1606
1642,0.3285953177257525,,2.296651477601625,1607
1865,0.3281772575250836,,2.2957344556835437,1608
1506,0.3277591973244147,,2.294822496458682,1609
205,0.3273411371237458,,2.2943307070264582,1610
7,0.3269230769230769,,2.2942247755016036,1611
271,0.326505016722408,,2.2940102260276234,1612
1562,0.32608695652173914,,2.2936842340199886,1613
642,0.3256688963210702,,2.2933558802498935,1614
31,0.32525083612040134,,2.2930207375892038,1615
2371,0.3248327759197324,,2.292844234433436,1616
2248,0.32441471571906355,,2.292152266331389,1617
2076,0.3239966555183946,,2.2919761283596842,1618
6,0.32357859531772576,,2.2915495078000374,1619
770,0.32316053511705684,,2.291514364178776,1620
1935,0.32274247491638797,,2.2905165538028793,1621
1114,0.32232441471571904,,2.2901961277221257,1622
318,0.3219063545150502,,2.2897970789397646,1623
1264,0.32148829431438125,,2.289509585763352,1624
883,0.3210702341137124,,2.28930783323995,1625
2084,0.32065217391304346,,2.2886890750673246,1626
87,0.3202341137123746,,2.2883916238603335,1627
147,0.31981605351170567,,2.2880037328023044,1628
2005,0.3193979933110368,,2.287533862682577,1629
92,0.3189799331103679,,2.287280961716031,1630
945,0.318561872909699,,2.287085323516702,1631
840,0.3181438127090301,,2.286782990776483,1632
1553,0.3177257525083612,,2.286393024213202,1633
757,0.3173076923076923,,2.286100495666824,1634
1308,0.3168896321070234,,2.2860188812715116,1635
1683,0.3164715719063545,,2.2857479377717222,1636
661,0.31605351170568563,,2.2855761259662035,1637
1413,0.3156354515050167,,2.28556922912669,1638
1975,0.31521739130434784,,2.2854035666160586,1639
479,0.3147993311036789,,2.2852749314951972,1640
2234,0.31438127090301005,,2.2852419512228055,1641
387,0.3139632107023411,,2.2851718385322672,1642
306,0.31354515050167225,,2.284464511232104,1643
1704,0.31312709030100333,,2.284359413758241,1644
1205,0.31270903010033446,,2.2843544497184225,1645
506,0.31229096989966554,,2.284272017226003,1646
969,0.31187290969899667,,2.283977629236014,1647
2261,0.31145484949832775,,2.2837238649177105,1648
1292,0.3110367892976589,,2.283228060782924,1649
19,0.31061872909698995,,2.283225931330186,1650
1295,0.3102006688963211,,2.282426309338711,1651
761,0.30978260869565216,,2.2823018133708084,1652
1635,0.3093645484949833,,2.282232312142634,1653
320,0.30894648829431437,,2.2820004364081767,1654
269,0.3085284280936455,,2.281926432462401,1655
376,0.3081103678929766,,2.2817199538147874,1656
734,0.3076923076923077,,2.281428785897657,1657
1737,0.3072742474916388,,2.2811148371728387,1658
2354,0.3068561872909699,,2.280297202286067,1659
1883,0.306438127090301,,2.280282618099571,1660
1299,0.3060200668896321,,2.2802253331990534,1661
1161,0.3056020066889632,,2.279597703776451,1662
187,0.30518394648829433,,2.27918655290071,1663
1839,0.3047658862876254,,2.2789703263728116,1664
611,0.30434782608695654,,2.2789306975215267,1665
847,0.3039297658862876,,2.2787819334752917,1666
547,0.30351170568561875,,2.2787309654320786,1667
84,0.3030936454849498,,2.2785869265111454,1668
817,0.30267558528428096,,2.2784396950825974,1669
1351,0.30225752508361203,,2.2780162829540385,1670
97,0.30183946488294316,,2.2779700933398863,1671
1082,0.30142140468227424,,2.2779658563812304,1672
5,0.3010033444816054,,2.276716412607105,1673
1660,0.30058528428093645,,2.2766847330204847,1674
1854,0.3001672240802676,,2.276471762170241,1675
251,0.29974916387959866,,2.276447047933153,1676
1971,0.2993311036789298,,2.276436226145693,1677
317,0.29891304347826086,,2.276340379876184,1678
2045,0.298494983277592,,2.276178224709096,1679
1046,0.2980769230769231,,2.2758408247791775,1680
1199,0.2976588628762542,,2.275089961285023,1681
326,0.2972408026755853,,2.2746750947875145,1682
2250,0.2968227424749164,,2.274292444625524,1683
352,0.2964046822742475,,2.2735955537411257,1684
2195,0.2959866220735786,,2.2729419771110324,1685
1290,0.2955685618729097,,2.2725674909811184,1686
245,0.29515050167224083,,2.2725080918590645,1687
961,0.2947324414715719,,2.2724828115355717,1688
305,0.29431438127090304,,2.2723665196605003,1689
821,0.2938963210702341,,2.2723144257524335,1690
1709,0.29347826086956524,,2.272256533194945,1691
1105,0.2930602006688963,,2.2722346959438595,1692
1123,0.29264214046822745,,2.271196616338005,1693
2108,0.29222408026755853,,2.2705100296883343,1694
133,0.29180602006688966,,2.269819785870996,1695
718,0.29138795986622074,,2.2684021882455756,1696
2216,0.2909698996655518,,2.2683879731465124,1697
1523,0.29055183946488294,,2.2682597557296504,1698
2067,0.290133779264214,,2.267905225925976,1699
486,0.28971571906354515,,2.2678545356832482,1700
1045,0.28929765886287623,,2.267726384541233,1701
1166,0.28887959866220736,,2.2669916094363955,1702
355,0.28846153846153844,,2.265665052649309,1703
2143,0.28804347826086957,,2.26517789397546,1704
1828,0.28762541806020064,,2.264840008483737,1705
2070,0.2872073578595318,,2.263926662042157,1706
854,0.28678929765886285,,2.263448912467951,1707
915,0.286371237458194,,2.263313953986988,1708
1229,0.28595317725752506,,2.2631731572868095,1709
1289,0.2855351170568562,,2.2624023111599576,1710
1792,0.28511705685618727,,2.2623841676339462,1711
184,0.2846989966555184,,2.2623553384962287,1712
283,0.2842809364548495,,2.2619612545374332,1713
866,0.2838628762541806,,2.26187418383919,1714
803,0.2834448160535117,,2.261694010384858,1715
192,0.2830267558528428,,2.261410202386564,1716
1118,0.2826086956521739,,2.2599696133096847,1717
1830,0.282190635451505,,2.2599578828695526,1718
256,0.2817725752508361,,2.259223764223821,1719
42,0.28135451505016723,,2.2589134457506495,1720
1084,0.2809364548494983,,2.258844464963932,1721
1961,0.28051839464882944,,2.2585066527083244,1722
1456,0.2801003344481605,,2.2581550800806496,1723
37,0.27968227424749165,,2.257749618445288,1724
239,0.2792642140468227,,2.257166688233858,1725
1504,0.27884615384615385,,2.2565348954052196,1726
2303,0.27842809364548493,,2.256165726316496,1727
1143,0.27801003344481606,,2.2561558740298358,1728
252,0.27759197324414714,,2.255736017441328,1729
502,0.27717391304347827,,2.255643450354569,1730
666,0.27675585284280935,,2.254865391915814,1731
867,0.2763377926421405,,2.254821660181481,1732
993,0.27591973244147155,,2.2543571113943517,1733
2262,0.2755016722408027,,2.2542127125050544,1734
1555,0.27508361204013376,,2.253924335655708,1735
1214,0.2746655518394649,,2.253889745010419,1736
1361,0.27424749163879597,,2.2537459211059283,1737
2092,0.2738294314381271,,2.2535109748571465,1738
1383,0.2734113712374582,,2.252740603063448,1739
1763,0.2729933110367893,,2.2524577571647635,1740
1592,0.2725752508361204,,2.251984070087889,1741
1384,0.2721571906354515,,2.2510624729076025,1742
2377,0.2717391304347826,,2.2509385921515017,1743
1186,0.2713210702341137,,2.2508237487567766,1744
243,0.2709030100334448,,2.2501257659700427,1745
983,0.27048494983277593,,2.24925075617186,1746
1526,0.270066889632107,,2.2490954138245214,1747
998,0.26964882943143814,,2.2483150535834056,1748
528,0.2692307692307692,,2.2473635574916373,1749
741,0.26881270903010035,,2.247331397404324,1750
2312,0.2683946488294314,,2.2472461968105018,1751
1218,0.26797658862876256,,2.246582850124596,1752
138,0.26755852842809363,,2.246090661495282,1753
1905,0.26714046822742477,,2.245758234289722,1754
2107,0.26672240802675584,,2.24575408775955,1755
493,0.266304347826087,,2.2456704272644936,1756
765,0.26588628762541805,,2.245204618119979,1757
943,0.2654682274247492,,2.245019277100779,1758
954,0.26505016722408026,,2.2446533551412675,1759
979,0.2646321070234114,,2.2440911664995125,1760
2308,0.26421404682274247,,2.243309604881969,1761
289,0.2637959866220736,,2.243305599008546,1762
2352,0.2633779264214047,,2.2431506493604365,1763
389,0.2629598662207358,,2.2427546768752964,1764
149,0.2625418060200669,,2.2424592270217594,1765
329,0.262123745819398,,2.2423767820808598,1766
671,0.2617056856187291,,2.242055391289962,1767
1910,0.2612876254180602,,2.2416055899967806,1768
1955,0.2608695652173913,,2.241491483595045,1769
1667,0.26045150501672243,,2.2411204037012475,1770
1530,0.2600334448160535,,2.240503170376376,1771
2203,0.25961538461538464,,2.2404346441708873,1772
344,0.2591973244147157,,2.239860240972507,1773
1019,0.25877926421404684,,2.239786218672766,1774
2126,0.2583612040133779,,2.2396813668782425,1775
90,0.25794314381270905,,2.239474390432515,1776
136,0.25752508361204013,,2.2389725472978412,1777
211,0.25710702341137126,,2.2389168322765656,1778
1705,0.25668896321070234,,2.238118123202678,1779
1387,0.25627090301003347,,2.237840776954695,1780
347,0.25585284280936454,,2.237768447450507,1781
2339,0.2554347826086957,,2.237379111121952,1782
1278,0.25501672240802675,,2.237135761492607,1783
1297,0.2545986622073579,,2.2368982833082884,1784
2053,0.25418060200668896,,2.236863393328042,1785
1171,0.2537625418060201,,2.236004994627759,1786
1604,0.25334448160535117,,2.2359415019967672,1787
625,0.2529264214046823,,2.23525206712709,1788
477,0.2525083612040134,,2.2345878044205176,1789
1484,0.2520903010033445,,2.2345744502821323,1790
1373,0.2516722408026756,,2.2342736573758963,1791
1858,0.2512541806020067,,2.2338505114002287,1792
650,0.2508361204013378,,2.2333639223902355,1793
990,0.2504180602006689,,2.2333349955582853,1794
808,0.25,,2.232962913427394,1795
2178,0.2495819397993311,,2.232751645701086,1796
2316,0.2491638795986622,,2.2322665424355725,1797
2336,0.2487458193979933,,2.2319489453026713,1798
1460,0.24832775919732442,,2.231601363242828,1799
2127,0.24790969899665552,,2.2312482204003685,1800
1716,0.24749163879598662,,2.2310249629933327,1801
1602,0.24707357859531773,,2.230889556789119,1802
704,0.24665551839464883,,2.2308364622904953,1803
925,0.24623745819397994,,2.2308363453692723,1804
74,0.24581939799331104,,2.230333178490939,1805
1899,0.24540133779264214,,2.2297009705560353,1806
1932,0.24498327759197325,,2.229362460030863,1807
33,0.24456521739130435,,2.2285190754480073,1808
1852,0.24414715719063546,,2.227823250188961,1809
1370,0.24372909698996656,,2.227593572963386,1810
0,0.24331103678929766,,2.227288086847273,1811
1159,0.24289297658862877,,2.2272710242581852,1812
942,0.24247491638795987,,2.226458784740479,1813
948,0.24205685618729098,,2.226129258081796,1814
1240,0.24163879598662208,,2.225874206946669,1815
799,0.24122073578595318,,2.2257451935228985,1816
2268,0.2408026755852843,,2.2253957300250775,1817
114,0.2403846153846154,,2.225230268631416,1818
1616,0.2399665551839465,,2.224739746172258,1819
1524,0.2395484949832776,,2.2233746830526253,1820
292,0.2391304347826087,,2.2228508858402694,1821
2375,0.2387123745819398,,2.222707100414329,1822
1969,0.2382943143812709,,2.222702728432992,1823
567,0.23787625418060201,,2.222229056927729,1824
859,0.23745819397993312,,2.221909433932532,1825
2055,0.23704013377926422,,2.221496099108404,1826
315,0.23662207357859533,,2.221405684433717,1827
71,0.23620401337792643,,2.2213352879364967,1828
1412,0.23578595317725753,,2.221284495931524,1829
62,0.23536789297658864,,2.221209638287577,1830
1649,0.23494983277591974,,2.221197814315149,1831
409,0.23453177257525085,,2.2210158794057833,1832
400,0.23411371237458195,,2.2209679628263683,1833
1419,0.23369565217391305,,2.220840985227669,1834
1357,0.23327759197324416,,2.220562362962498,1835
505,0.23285953177257526,,2.220533707766986,1836
621,0.23244147157190637,,2.2203797675489763,1837
1111,0.23202341137123747,,2.2200913048837694,1838
1508,0.23160535117056857,,2.2190462905306534,1839
2011,0.23118729096989968,,2.218776737076765,1840
1296,0.23076923076923078,,2.2184078998378327,1841
562,0.23035117056856189,,2.21838314824466,1842
375,0.229933110367893,,2.217509352401261,1843
1514,0.2295150501672241,,2.217099590044103,1844
1475,0.22909698996655517,,2.216870680009678,1845
1029,0.22867892976588627,,2.2168075601864525,1846
249,0.22826086956521738,,2.2163191172098093,1847
576,0.22784280936454848,,2.215889092763344,1848
1406,0.22742474916387959,,2.215884909463362,1849
236,0.2270066889632107,,2.215616096932611,1850
2359,0.2265886287625418,,2.215520456833037,1851
1010,0.2261705685618729,,2.2152586982176135,1852
115,0.225752508361204,,2.2147857682147314,1853
1371,0.2253344481605351,,2.2144328815772614,1854
1926,0.2249163879598662,,2.2143719560674,1855
1944,0.2244983277591973,,2.2142109917776436,1856
39,0.22408026755852842,,2.213980157142161,1857
2117,0.22366220735785952,,2.213253314068184,1858
1928,0.22324414715719063,,2.212803556876328,1859
1518,0.22282608695652173,,2.212286017867165,1860
1276,0.22240802675585283,,2.2118662000832527,1861
265,0.22198996655518394,,2.211564966016163,1862
664,0.22157190635451504,,2.2115564932538065,1863
282,0.22115384615384615,,2.211411935783596,1864
573,0.22073578595317725,,2.2113709951012455,1865
1918,0.22031772575250835,,2.211167572825162,1866
1069,0.21989966555183946,,2.2102832227734606,1867
2351,0.21948160535117056,,2.210247835108461,1868
551,0.21906354515050167,,2.2102290867619683,1869
857,0.21864548494983277,,2.210054013313103,1870
1778,0.21822742474916387,,2.209850492507092,1871
1846,0.21780936454849498,,2.209509585501358,1872
988,0.21739130434782608,,2.2092478053407913,1873
1774,0.21697324414715718,,2.2082546734736397,1874
874,0.2165551839464883,,2.2080749042677934,1875
1404,0.2161371237458194,,2.207997828249989,1876
962,0.2157190635451505,,2.207605588362126,1877
667,0.2153010033444816,,2.2073688912270524,1878
433,0.2148829431438127,,2.206958719231414,1879
1989,0.2144648829431438,,2.206707277043695,1880
1096,0.2140468227424749,,2.2063609140536755,1881
1535,0.21362876254180602,,2.205796181302435,1882
1516,0.21321070234113712,,2.205615337622297,1883
1657,0.21279264214046822,,2.205472833835504,1884
1061,0.21237458193979933,,2.2051509848939777,1885
767,0.21195652173913043,,2.2051349633031245,1886
615,0.21153846153846154,,2.205094261166954,1887
276,0.21112040133779264,,2.2042253139287715,1888
1757,0.21070234113712374,,2.2027819008855585,1889
1130,0.21028428093645485,,2.2024841531413712,1890
418,0.20986622073578595,,2.2022636271615643,1891
1691,0.20944816053511706,,2.2020215125265716,1892
1897,0.20903010033444816,,2.2020117919343245,1893
622,0.20861204013377926,,2.20199467780903,1894
152,0.20819397993311037,,2.201813752150419,1895
2275,0.20777591973244147,,2.201447769420994,1896
679,0.20735785953177258,,2.2014359259105802,1897
1799,0.20693979933110368,,2.201325120571434,1898
1515,0.20652173913043478,,2.2002740134903265,1899
1684,0.2061036789297659,,2.200207094489219,1900
410,0.205685618729097,,2.200203515751443,1901
1314,0.2052675585284281,,2.2000210095952855,1902
2037,0.2048494983277592,,2.1997143335746037,1903
54,0.2044314381270903,,2.19963225811662,1904
108,0.2040133779264214,,2.1995442949812776,1905
1990,0.2035953177257525,,2.1992315970488283,1906
1274,0.20317725752508362,,2.1990907396651496,1907
529,0.20275919732441472,,2.1984617655748244,1908
923,0.20234113712374582,,2.1982233993957134,1909
450,0.20192307692307693,,2.1970939595226966,1910
2150,0.20150501672240803,,2.1968979564571494,1911
2048,0.20108695652173914,,2.195997051938458,1912
2049,0.20066889632107024,,2.195865600969235,1913
1522,0.20025083612040134,,2.195392139249541,1914
714,0.19983277591973245,,2.1945591437302507,1915
373,0.19941471571906355,,2.1937744672211483,1916
461,0.19899665551839466,,2.1936440033587323,1917
164,0.19857859531772576,,2.1935248639903446,1918
793,0.19816053511705686,,2.193302491102304,1919
999,0.19774247491638797,,2.192446845390955,1920
1784,0.19732441471571907,,2.192298549914878,1921
436,0.19690635451505017,,2.1912505116823895,1922
517,0.19648829431438128,,2.1908222694270174,1923
1300,0.19607023411371238,,2.1908209650635815,1924
140,0.1956521739130435,,2.1906391664663194,1925
557,0.1952341137123746,,2.190080367201271,1926
760,0.1948160535117057,,2.1894758605702567,1927
756,0.1943979933110368,,2.1893502634483792,1928
960,0.1939799331103679,,2.1892235306935848,1929
772,0.193561872909699,,2.188898835795063,1930
46,0.1931438127090301,,2.188809074328599,1931
1598,0.19272575250836121,,2.188128083450603,1932
455,0.19230769230769232,,2.187959715774694,1933
143,0.19188963210702342,,2.1873281385320493,1934
1163,0.19147157190635453,,2.187074366353256,1935
2014,0.19105351170568563,,2.186802598702354,1936
911,0.19063545150501673,,2.186162201487988,1937
605,0.19021739130434784,,2.1858431924250565,1938
166,0.18979933110367894,,2.1857722873255487,1939
2338,0.18938127090301005,,2.185641933029384,1940
774,0.18896321070234115,,2.183282764273439,1941
1409,0.18854515050167225,,2.1829309413632707,1942
1938,0.18812709030100336,,2.1820793854699003,1943
1610,0.18770903010033446,,2.181941556384602,1944
733,0.18729096989966554,,2.1817482869350036,1945
2059,0.18687290969899664,,2.1813087380501055,1946
2254,0.18645484949832775,,2.1808803595887847,1947
901,0.18603678929765885,,2.1803777687133343,1948
2188,0.18561872909698995,,2.179546429149862,1949
1051,0.18520066889632106,,2.1793827934137977,1950
110,0.18478260869565216,,2.1776282595282406,1951
1219,0.18436454849498327,,2.1774511274822226,1952
1160,0.18394648829431437,,2.1773964306432734,1953
749,0.18352842809364547,,2.177028182836781,1954
113,0.18311036789297658,,2.176785542152572,1955
1495,0.18269230769230768,,2.1763956489053418,1956
2210,0.18227424749163879,,2.175888953208796,1957
592,0.1818561872909699,,2.1755079650607128,1958
737,0.181438127090301,,2.1754808343178764,1959
792,0.1810200668896321,,2.174303184550457,1960
1112,0.1806020066889632,,2.1737585237111654,1961
1421,0.1801839464882943,,2.1736473016388413,1962
91,0.1797658862876254,,2.1736296847825196,1963
1138,0.1793478260869565,,2.172893270181808,1964
677,0.17892976588628762,,2.172327301731998,1965
2186,0.17851170568561872,,2.1708220108191196,1966
758,0.17809364548494983,,2.1703709580701576,1967
1617,0.17767558528428093,,2.1698878838096176,1968
603,0.17725752508361203,,2.169827838142221,1969
1467,0.17683946488294314,,2.168915045411151,1970
109,0.17642140468227424,,2.1673299553729226,1971
1032,0.17600334448160534,,2.167143728735672,1972
488,0.17558528428093645,,2.166565057715795,1973
341,0.17516722408026755,,2.166163071027493,1974
2087,0.17474916387959866,,2.165917848668939,1975
906,0.17433110367892976,,2.1658212874138787,1976
1066,0.17391304347826086,,2.165648588807246,1977
2128,0.17349498327759197,,2.1633413605876113,1978
1677,0.17307692307692307,,2.163201863930164,1979
451,0.17265886287625418,,2.162965891032282,1980
2390,0.17224080267558528,,2.162158924213333,1981
748,0.17182274247491638,,2.161894285117938,1982
2374,0.1714046822742475,,2.1617017784719286,1983
1272,0.1709866220735786,,2.16169883680122,1984
68,0.1705685618729097,,2.161338404820185,1985
420,0.1701505016722408,,2.160566974685972,1986
1038,0.1697324414715719,,2.1601447984946764,1987
1681,0.169314381270903,,2.16008249033729,1988
65,0.1688963210702341,,2.159173736732081,1989
1348,0.16847826086956522,,2.1586314982973853,1990
2369,0.16806020066889632,,2.158314212522546,1991
45,0.16764214046822742,,2.157920124900798,1992
662,0.16722408026755853,,2.1565774013524757,1993
1819,0.16680602006688963,,2.156506728005905,1994
2247,0.16638795986622074,,2.156197818058088,1995
94,0.16596989966555184,,2.156120439585219,1996
1115,0.16555183946488294,,2.155696552338681,1997
2072,0.16513377926421405,,2.155048480376869,1998
2131,0.16471571906354515,,2.1532367911863437,1999
1762,0.16429765886287626,,2.1530033519017437,2000
634,0.16387959866220736,,2.152560806942329,2001
1982,0.16346153846153846,,2.1522264961259974,2002
229,0.16304347826086957,,2.150232342573792,2003
630,0.16262541806020067,,2.148726363794111,2004
1605,0.16220735785953178,,2.1477565039150734,2005
56,0.16178929765886288,,2.1474288414566827,2006
58,0.16137123745819398,,2.1468064406320018,2007
155,0.1609531772575251,,2.146741688975396,2008
127,0.1605351170568562,,2.1454208171275466,2009
1022,0.1601170568561873,,2.14451211301235,2010
600,0.1596989966555184,,2.144048527687318,2011
1047,0.1592809364548495,,2.143323888689572,2012
2224,0.1588628762541806,,2.143003698624611,2013
1497,0.1584448160535117,,2.1425054540942523,2014
60,0.15802675585284282,,2.1418304641634878,2015
377,0.15760869565217392,,2.141514821814484,2016
2311,0.15719063545150502,,2.1413858544258204,2017
2156,0.15677257525083613,,2.1413321367330242,2018
1731,0.15635451505016723,,2.1413265998025954,2019
652,0.15593645484949833,,2.138936486217266,2020
746,0.15551839464882944,,2.1371183661861908,2021
2090,0.15510033444816054,,2.136379035064129,2022
1454,0.15468227424749165,,2.1353006858882364,2023
546,0.15426421404682275,,2.1350195646758796,2024
1215,0.15384615384615385,,2.1347676257660377,2025
1824,0.15342809364548496,,2.1346729453439424,2026
2135,0.15301003344481606,,2.134477628121595,2027
1881,0.15259197324414717,,2.132551096628667,2028
1900,0.15217391304347827,,2.1322756545180392,2029
217,0.15175585284280937,,2.1321607187573335,2030
1068,0.15133779264214048,,2.131241637853643,2031
1916,0.15091973244147158,,2.1311897992045377,2032
27,0.1505016722408027,,2.1304465851256142,2033
30,0.1500836120401338,,2.1296521391434866,2034
684,0.1496655518394649,,2.1287236589527816,2035
1869,0.149247491638796,,2.12798303482063,2036
116,0.1488294314381271,,2.1266628408246655,2037
780,0.1484113712374582,,2.1266558498978463,2038
884,0.1479933110367893,,2.126542005273898,2039
1113,0.14757525083612041,,2.126066418840692,2040
2009,0.14715719063545152,,2.1253555724696644,2041
2200,0.14673913043478262,,2.124243885014309,2042
1280,0.14632107023411373,,2.1240787025924974,2043
391,0.14590301003344483,,2.123979675985885,2044
645,0.1454849498327759,,2.123714942255882,2045
2129,0.145066889632107,,2.1235112109767966,2046
430,0.14464882943143811,,2.1223978129667693,2047
428,0.14423076923076922,,2.121858071721209,2048
253,0.14381270903010032,,2.121525591095577,2049
233,0.14339464882943143,,2.1211092737907724,2050
2174,0.14297658862876253,,2.121062063113988,2051
2265,0.14255852842809363,,2.1197977983593534,2052
16,0.14214046822742474,,2.119592365341355,2053
1152,0.14172240802675584,,2.1191590191370895,2054
242,0.14130434782608695,,2.1182911396254354,2055
357,0.14088628762541805,,2.1178969640617495,2056
156,0.14046822742474915,,2.1164368209413835,2057
1139,0.14005016722408026,,2.1142435566579683,2058
680,0.13963210702341136,,2.1141392170986664,2059
1052,0.13921404682274247,,2.1138915655981205,2060
658,0.13879598662207357,,2.1138815713549306,2061
1239,0.13837792642140467,,2.1138077016973766,2062
1796,0.13795986622073578,,2.112970884581254,2063
232,0.13754180602006688,,2.1123150471102465,2064
595,0.13712374581939799,,2.11221148294087,2065
2148,0.1367056856187291,,2.112088560971545,2066
997,0.1362876254180602,,2.1109163301966976,2067
263,0.1358695652173913,,2.1091672256313467,2068
177,0.1354515050167224,,2.1079427014060395,2069
769,0.1350334448160535,,2.10785348959636,2070
446,0.1346153846153846,,2.107256005858418,2071
1020,0.1341973244147157,,2.107240953111618,2072
1510,0.13377926421404682,,2.106405794295864,2073
678,0.13336120401337792,,2.102240037420975,2074
498,0.13294314381270902,,2.101685072179717,2075
296,0.13252508361204013,,2.1016377116045146,2076
2163,0.13210702341137123,,2.101524352140471,2077
966,0.13168896321070234,,2.100879001319199,2078
182,0.13127090301003344,,2.1007891836248587,2079
1985,0.13085284280936454,,2.1003167941328735,2080
202,0.13043478260869565,,2.100189752883333,2081
1158,0.13001672240802675,,2.100011899975421,2082
1884,0.12959866220735786,,2.099278028260612,2083
1915,0.12918060200668896,,2.099187476809893,2084
220,0.12876254180602006,,2.0990240899438803,2085
977,0.12834448160535117,,2.0984129691482973,2086
311,0.12792642140468227,,2.0973554056004056,2087
1403,0.12750836120401338,,2.097269555824857,2088
126,0.12709030100334448,,2.0968021422769705,2089
613,0.12667224080267558,,2.096163209057229,2090
2213,0.1262541806020067,,2.096089448257599,2091
728,0.1258361204013378,,2.0957034743432263,2092
2277,0.1254180602006689,,2.095314443167534,2093
314,0.125,,2.0947723852972198,2094
1713,0.1245819397993311,,2.0944511476055854,2095
2330,0.12416387959866221,,2.0913887062866863,2096
1005,0.12374581939799331,,2.090812082619668,2097
775,0.12332775919732442,,2.0898184295726874,2098
1890,0.12290969899665552,,2.089789766607069,2099
669,0.12249163879598662,,2.0884102921313703,2100
846,0.12207357859531773,,2.087312889906334,2101
2228,0.12165551839464883,,2.086959061874835,2102
2325,0.12123745819397994,,2.086914923659631,2103
82,0.12081939799331104,,2.0856831280926915,2104
1647,0.12040133779264214,,2.085379219448373,2105
1287,0.11998327759197325,,2.0853676390374023,2106
167,0.11956521739130435,,2.084941247127742,2107
597,0.11914715719063546,,2.084586946678278,2108
444,0.11872909698996656,,2.0827731297909446,2109
2046,0.11831103678929766,,2.081890680710947,2110
928,0.11789297658862877,,2.081836004325841,2111
513,0.11747491638795987,,2.0817267798702557,2112
1034,0.11705685618729098,,2.079603739261077,2113
618,0.11663879598662208,,2.078514238339771,2114
2243,0.11622073578595318,,2.0784106180014974,2115
1639,0.11580267558528429,,2.077826505290176,2116
1853,0.11538461538461539,,2.076795609725265,2117
290,0.1149665551839465,,2.075575828471895,2118
262,0.11454849498327759,,2.0750319235840498,2119
536,0.11413043478260869,,2.0742514161862844,2120
1480,0.11371237458193979,,2.0740810024007788,2121
98,0.1132943143812709,,2.07405274416592,2122
692,0.112876254180602,,2.0738565072559774,2123
93,0.1124581939799331,,2.07200367411954,2124
1181,0.11204013377926421,,2.0703365433059178,2125
44,0.11162207357859531,,2.0690310225023847,2126
1877,0.11120401337792642,,2.0682540470564597,2127
732,0.11078595317725752,,2.0674117788249293,2128
550,0.11036789297658862,,2.0661768501377202,2129
324,0.10994983277591973,,2.065242312727121,2130
970,0.10953177257525083,,2.0649731505520696,2131
1033,0.10911371237458194,,2.0640556125907756,2132
1042,0.10869565217391304,,2.0638973412855823,2133
463,0.10827759197324414,,2.063131667016033,2134
689,0.10785953177257525,,2.061552452584616,2135
787,0.10744147157190635,,2.061325529171087,2136
72,0.10702341137123746,,2.060253430230746,2137
1588,0.10660535117056856,,2.057777962277865,2138
406,0.10618729096989966,,2.056032008910311,2139
530,0.10576923076923077,,2.0548851422914907,2140
826,0.10535117056856187,,2.0541364329673724,2141
1078,0.10493311036789298,,2.053804653695801,2142
20,0.10451505016722408,,2.053627572512144,2143
1183,0.10409698996655518,,2.0533553486723974,2144
1104,0.10367892976588629,,2.0532701168528726,2145
833,0.10326086956521739,,2.052885844276055,2146
559,0.1028428093645485,,2.051989052212649,2147
523,0.1024247491638796,,2.05193532047591,2148
581,0.1020066889632107,,2.051891490693673,2149
434,0.10158862876254181,,2.051808809918245,2150
473,0.10117056856187291,,2.051183052588479,2151
361,0.10075250836120402,,2.0483415667374203,2152
353,0.10033444816053512,,2.0476895164150872,2153
1521,0.09991638795986622,,2.047296382038183,2154
1633,0.09949832775919733,,2.046912960936635,2155
1221,0.09908026755852843,,2.0464275545583055,2156
1235,0.09866220735785954,,2.045762051332271,2157
920,0.09824414715719064,,2.045371718281104,2158
806,0.09782608695652174,,2.043626025321415,2159
401,0.09740802675585285,,2.043331503755754,2160
763,0.09698996655518395,,2.04219674511717,2161
132,0.09657190635451506,,2.0412677156705867,2162
235,0.09615384615384616,,2.0404306963034378,2163
599,0.09573578595317726,,2.039772312450892,2164
2348,0.09531772575250837,,2.0393785331148475,2165
426,0.09489966555183947,,2.038770490984255,2166
342,0.09448160535117058,,2.0385217217647136,2167
2292,0.09406354515050168,,2.038376999337547,2168
1980,0.09364548494983277,,2.0380586233349063,2169
635,0.09322742474916387,,2.0378811407604562,2170
1399,0.09280936454849498,,2.0374146005419314,2171
80,0.09239130434782608,,2.0348241255151596,2172
439,0.09197324414715718,,2.034689670860661,2173
1346,0.09155518394648829,,2.0346716417862503,2174
1540,0.09113712374581939,,2.033979942114663,2175
298,0.0907190635451505,,2.033271079201996,2176
25,0.0903010033444816,,2.0308337077802743,2177
240,0.0898829431438127,,2.0298820256384897,2178
672,0.08946488294314381,,2.0265346044219426,2179
1037,0.08904682274247491,,2.0260608110587435,2180
819,0.08862876254180602,,2.0254479888293426,2181
1470,0.08821070234113712,,2.0253429511526053,2182
1583,0.08779264214046822,,2.0241992558633126,2183
1447,0.08737458193979933,,2.023744924133251,2184
496,0.08695652173913043,,2.0235223904947137,2185
275,0.08653846153846154,,2.0226484430146074,2186
909,0.08612040133779264,,2.0222306961721657,2187
1782,0.08570234113712374,,2.022193105135627,2188
1385,0.08528428093645485,,2.021987263103813,2189
503,0.08486622073578595,,2.0219013397277514,2190
106,0.08444816053511706,,2.0216623540081744,2191
1556,0.08403010033444816,,2.0213623777917293,2192
382,0.08361204013377926,,2.021296991847008,2193
1157,0.08319397993311037,,2.013556664960451,2194
616,0.08277591973244147,,2.013464447346435,2195
542,0.08235785953177258,,2.0124941622795154,2196
1690,0.08193979933110368,,2.0123279845775315,2197
1000,0.08152173913043478,,2.0121028495829036,2198
77,0.08110367892976589,,2.008790012533363,2199
887,0.08068561872909699,,2.0057719090093733,2200
1559,0.0802675585284281,,2.0032367802605306,2201
1100,0.0798494983277592,,2.003194134111951,2202
2177,0.0794314381270903,,2.0023623469097673,2203
918,0.07901337792642141,,2.001481872580117,2204
1919,0.07859531772575251,,2.00114595452269,2205
723,0.07817725752508362,,2.000631919145452,2206
1468,0.07775919732441472,,2.0003181540424246,2207
441,0.07734113712374582,,1.9992592341843844,2208
1208,0.07692307692307693,,1.999155761063964,2209
281,0.07650501672240803,,1.997720756142552,2210
2318,0.07608695652173914,,1.9953462590761302,2211
699,0.07566889632107024,,1.9952529419781484,2212
1102,0.07525083612040134,,1.9951368210339444,2213
934,0.07483277591973245,,1.9937920533160332,2214
565,0.07441471571906355,,1.9931576597768377,2215
1149,0.07399665551839466,,1.9921801540097224,2216
1277,0.07357859531772576,,1.992152902128802,2217
904,0.07316053511705686,,1.9916025086534528,2218
563,0.07274247491638795,,1.9912502236707061,2219
1070,0.07232441471571906,,1.9887003240121617,2220
1733,0.07190635451505016,,1.9884779658762026,2221
1542,0.07148829431438126,,1.9867730858285688,2222
1260,0.07107023411371237,,1.9846448437435846,2223
735,0.07065217391304347,,1.9841273383015594,2224
1449,0.07023411371237458,,1.9837550973318148,2225
2025,0.06981605351170568,,1.9835517664775155,2226
2368,0.06939799331103678,,1.9830582629130147,2227
736,0.06897993311036789,,1.9827772464915385,2228
702,0.06856187290969899,,1.9816073175681372,2229
183,0.0681438127090301,,1.9815496712399265,2230
504,0.0677257525083612,,1.9812707623085837,2231
221,0.0673076923076923,,1.980493492828255,2232
2145,0.06688963210702341,,1.979523213876588,2233
2333,0.06647157190635451,,1.978527983603078,2234
683,0.06605351170568562,,1.9765871720767978,2235
1035,0.06563545150501672,,1.975501828110116,2236
1476,0.06521739130434782,,1.9749828860669771,2237
179,0.06479933110367893,,1.9746537359596013,2238
525,0.06438127090301003,,1.9730089925188825,2239
398,0.06396321070234114,,1.971431692888445,2240
717,0.06354515050167224,,1.968144329997948,2241
1494,0.06312709030100334,,1.9672153158410461,2242
1991,0.06270903010033445,,1.9659967998786032,2243
1358,0.06229096989966555,,1.9647806625289976,2244
1963,0.061872909698996656,,1.9625931896951954,2245
2344,0.06145484949832776,,1.962445270436102,2246
346,0.061036789297658864,,1.957612025548446,2247
209,0.06061872909698997,,1.9573249410443407,2248
1576,0.06020066889632107,,1.9568287734454508,2249
2168,0.059782608695652176,,1.955357714848066,2250
2319,0.05936454849498328,,1.9552125721370948,2251
440,0.058946488294314384,,1.953632681465085,2252
304,0.05852842809364549,,1.951380684713095,2253
210,0.05811036789297659,,1.9511477519207754,2254
2028,0.057692307692307696,,1.9508495201853338,2255
1632,0.05727424749163879,,1.9498023468397707,2256
1227,0.056856187290969896,,1.949754031264761,2257
624,0.056438127090301,,1.9491394580359998,2258
120,0.056020066889632104,,1.9477403688099304,2259
554,0.05560200668896321,,1.9475461993665526,2260
412,0.05518394648829431,,1.9475142384019322,2261
549,0.054765886287625416,,1.946500823107796,2262
1703,0.05434782608695652,,1.946042678858179,2263
399,0.053929765886287624,,1.9444863420934761,2264
527,0.05351170568561873,,1.9443010482673508,2265
2099,0.05309364548494983,,1.9425748573390755,2266
293,0.052675585284280936,,1.9405405016136512,2267
86,0.05225752508361204,,1.9387455097451964,2268
194,0.051839464882943144,,1.9368403041652564,2269
1263,0.05142140468227425,,1.933448630235788,2270
1768,0.05100334448160535,,1.9328189426484588,2271
1027,0.050585284280936456,,1.9319365421294934,2272
144,0.05016722408026756,,1.9307687121021824,2273
640,0.049749163879598664,,1.930119915935865,2274
2103,0.04933110367892977,,1.9293052852594854,2275
2229,0.04891304347826087,,1.9265544847924556,2276
1719,0.048494983277591976,,1.9244358215436639,2277
369,0.04807692307692308,,1.9240839905323452,2278
512,0.047658862876254184,,1.9238433182100456,2279
659,0.04724080267558529,,1.9238152199712244,2280
947,0.046822742474916385,,1.921810007196133,2281
257,0.04640468227424749,,1.9186923381438021,2282
568,0.04598662207357859,,1.9177137113658445,2283
1313,0.045568561872909696,,1.9141847392445956,2284
852,0.0451505016722408,,1.9138111658065837,2285
1785,0.044732441471571904,,1.9125081245175128,2286
2280,0.04431438127090301,,1.9114674015324584,2287
951,0.04389632107023411,,1.9110691728884577,2288
1288,0.043478260869565216,,1.9096927604615614,2289
533,0.04306020066889632,,1.9085870568434904,2290
1177,0.042642140468227424,,1.90717902236049,2291
1415,0.04222408026755853,,1.9026185092043293,2292
2157,0.04180602006688963,,1.902549638028769,2293
919,0.041387959866220736,,1.8994150196584374,2294
1064,0.04096989966555184,,1.8993098797757886,2295
2071,0.040551839464882944,,1.8986000208565068,2296
607,0.04013377926421405,,1.8973518527913378,2297
716,0.03971571906354515,,1.896934254366685,2298
675,0.039297658862876256,,1.8965161728045,2299
69,0.03887959866220736,,1.8937967484448075,2300
268,0.038461538461538464,,1.893728914760923,2301
454,0.03804347826086957,,1.892920488755466,2302
365,0.03762541806020067,,1.8897701083604697,2303
685,0.037207357859531776,,1.8896785288513722,2304
124,0.03678929765886288,,1.8893895779448724,2305
356,0.036371237458193977,,1.8874083285975045,2306
128,0.03595317725752508,,1.884179132493789,2307
2152,0.035535117056856184,,1.8788718681814245,2308
255,0.03511705685618729,,1.8787917170041404,2309
509,0.03469899665551839,,1.8781652030980664,2310
1312,0.034280936454849496,,1.8767724556546128,2311
472,0.0338628762541806,,1.8757410745464944,2312
927,0.033444816053511704,,1.8752477076114393,2313
1882,0.03302675585284281,,1.869861057935592,2314
828,0.03260869565217391,,1.869242506817624,2315
8,0.032190635451505016,,1.8659100356674256,2316
1627,0.03177257525083612,,1.8629333209340402,2317
1120,0.031354515050167224,,1.8627777454716417,2318
148,0.030936454849498328,,1.8601439899825791,2319
442,0.030518394648829432,,1.8595681798106853,2320
1679,0.030100334448160536,,1.8546411694062288,2321
1136,0.02968227424749164,,1.852281396460827,2322
1876,0.029264214046822744,,1.8507488217179568,2323
137,0.028846153846153848,,1.8504795039764697,2324
1507,0.028428093645484948,,1.849652698224419,2325
150,0.028010033444816052,,1.8495520549837254,2326
1036,0.027591973244147156,,1.8493030849269825,2327
1059,0.02717391304347826,,1.8458831454918325,2328
363,0.026755852842809364,,1.842994624100832,2329
196,0.026337792642140468,,1.8427962663524813,2330
100,0.025919732441471572,,1.8395295560738425,2331
51,0.025501672240802676,,1.8378813297422647,2332
330,0.02508361204013378,,1.8265207751165682,2333
558,0.024665551839464884,,1.8253566349099895,2334
570,0.024247491638795988,,1.8252484528660953,2335
1316,0.023829431438127092,,1.8231600569539737,2336
1379,0.023411371237458192,,1.8149827346363714,2337
838,0.022993311036789296,,1.80887387071341,2338
964,0.0225752508361204,,1.8072074218381797,2339
443,0.022157190635451504,,1.8016767857676632,2340
423,0.021739130434782608,,1.8002066383345503,2341
1696,0.021321070234113712,,1.7948243192998097,2342
480,0.020903010033444816,,1.7922139890673063,2343
380,0.02048494983277592,,1.7884522431510066,2344
38,0.020066889632107024,,1.786896702435421,2345
1375,0.019648829431438128,,1.7867568157008993,2346
638,0.019230769230769232,,1.786106012109567,2347
1797,0.018812709030100336,,1.781867980797078,2348
1004,0.01839464882943144,,1.777884743107519,2349
688,0.01797658862876254,,1.7770821352502106,2350
2221,0.017558528428093644,,1.7767630371946268,2351
89,0.017140468227424748,,1.7739311986409751,2352
146,0.016722408026755852,,1.7736985390443456,2353
1950,0.016304347826086956,,1.7721138443829947,2354
1179,0.01588628762541806,,1.7671947372644958,2355
1369,0.015468227424749164,,1.7650173353652858,2356
1822,0.015050167224080268,,1.760894505701356,2357
162,0.014632107023411372,,1.7606132735051307,2358
119,0.014214046822742474,,1.7578224379959786,2359
121,0.013795986622073578,,1.755352675769439,2360
1023,0.013377926421404682,,1.745858443869451,2361
1030,0.012959866220735786,,1.7419696530178357,2362
447,0.01254180602006689,,1.7401382854158407,2363
459,0.012123745819397994,,1.7384633154043017,2364
858,0.011705685618729096,,1.7370773053563469,2365
1194,0.0112876254180602,,1.7367545633062644,2366
837,0.010869565217391304,,1.7340279160754755,2367
596,0.010451505016722408,,1.73173432364013,2368
284,0.010033444816053512,,1.7300116109379897,2369
1546,0.009615384615384616,,1.718603061617625,2370
160,0.00919732441471572,,1.7160377115702858,2371
101,0.008779264214046822,,1.7146381074621677,2372
307,0.008361204013377926,,1.7127092557049912,2373
470,0.00794314381270903,,1.7045044583899052,2374
1333,0.007525083612040134,,1.7016395397523145,2375
1959,0.007107023411371237,,1.6983238906585705,2376
786,0.006688963210702341,,1.6802151119716078,2377
682,0.006270903010033445,,1.675802556688268,2378
1532,0.005852842809364548,,1.6734988826743324,2379
105,0.005434782608695652,,1.6668242645891198,2380
555,0.005016722408026756,,1.6476679427301806,2381
456,0.00459866220735786,,1.6456211798596696,2382
1688,0.004180602006688963,,1.6408530582362875,2383
111,0.003762541806020067,,1.6242084693397674,2384
1099,0.0033444816053511705,,1.6212137960477944,2385
1002,0.002926421404682274,,1.6203721484309521,2386
1455,0.002508361204013378,,1.6189903571148059,2387
475,0.0020903010033444815,,1.588759061130201,2388
2285,0.0016722408026755853,,1.564143665241256,2389
1322,0.001254180602006689,,1.5312406507227834,2390
776,0.0008361204013377926,,1.5162217439544565,2391
1203,0.0004180602006688963,,1.4095855226539447,2392
